Date,Minimum_CVaR,Mean_CVaR_lambda_0.005,Mean_CVaR_lambda_0.01,Mean_CVaR_lambda_0.03,Mean_CVaR_lambda_0.05,Mean_CVaR_lambda_0.1,Mean_CVaR_lambda_0.5
2010-04-12,0.001558338753638866,-0.005543798455181048,-0.005739169435653668,0.0005185645066485556,0.0011759432085023391,0.0013729786822769263,0.0015201371815110054
2010-04-13,0.0019429932583778786,-0.0028316050583102603,-0.002771240297966715,0.0011525885513610223,0.0016731062924646434,0.0018244236272328962,0.0019169698720500339
2010-04-14,-8.289498259250738e-05,0.0030170940909450827,0.003952383959471062,0.00015175262507560738,2.87992365077816e-05,-1.9750038847354823e-05,-6.10954651489859e-05
2010-04-15,0.0023569848279636485,0.005485293727277574,0.004604913835942748,0.0025361944585435836,0.002568064721425456,0.0024630028359020617,0.0023914238719833225
2010-04-16,0.0003041889328108116,-0.021205487280134827,-0.0218473281992575,-0.0023591209756280707,-0.0007365718058447435,-0.00021700743686070556,0.00021280778061139038
2010-04-19,-0.002451709799302093,-0.0008090285909879702,-0.0010615721689667401,-0.0020069925054299054,-0.0020007678352353953,-0.0021465800608451158,-0.0023174533818812737
2010-04-20,0.002236179057335974,0.0027890018590548404,0.0035010326638094114,0.001923884922768515,0.0019488937036116205,0.002173961491405585,0.0021506799825929956
2010-04-21,0.003507271541674628,0.007626040537707324,0.006760020552892376,0.004064607409292265,0.003911424205147673,0.003658350850942016,0.0035841640207932013
2010-04-22,-0.0017320964269257333,-0.004184856454427233,-0.0035235786945450043,-0.002054017660820251,-0.001809422504199798,-0.0017749439863594674,-0.0017115695203101522
2010-04-23,0.00011784249314339412,0.01207087039521193,0.011539585780943495,0.0013901927564328176,0.0007027704338795626,0.00044474366596736203,0.00016798748485991055
2010-04-26,-0.00015521106622296,-0.0038872906661941986,-0.00358095835014538,-0.0005239653851393244,-0.00032290894111797197,-0.00020927657328706495,-0.00016545420300650981
2010-04-27,0.004436865043432325,0.016674033160166912,0.01252685342384563,0.006604121491696757,0.00550273617886754,0.00475588389454118,0.004574449790129886
2010-04-28,-0.00360025651684015,-0.0027915877162512093,-0.0019464539648376133,-0.0033887774293824835,-0.003548856694543745,-0.003563435181247576,-0.0036082818285406715
2010-04-29,0.0034875097598039417,-0.00026243351354082733,0.0010115801422763138,0.0028438518422413406,0.003344202814959507,0.0034999708463121504,0.0035252959313827326
2010-04-30,0.004023538919930347,0.009450488590757589,0.007794276784319543,0.004471183414969326,0.0036642849271990574,0.0036942703412776723,0.0037846890373560704
2010-05-03,-0.00033519692244265986,0.003207374693799947,0.003207374742933089,0.00032794382093093155,6.971081947582114e-05,-7.830332805192075e-05,-0.0001903988869024209
2010-05-04,-9.8790343039723e-05,-0.00743109466462244,-0.0074310948660080145,-0.00046979468046715045,-7.014117283710153e-05,-0.00032895814800493195,-0.00015213407954428604
2010-05-05,0.00043532615211017145,0.001915152658951147,0.0019151525040461692,0.0014526900337781257,0.0012046826852545323,0.0007176675359892304,0.0006886643123322767
2010-05-06,0.0044210419894807895,0.029542111682655303,0.02954211100505222,0.008447053796551307,0.0062350680219520616,0.0048328923553091485,0.004574724950211717
2010-05-07,-0.00412912720130354,-0.0018567071037006722,-0.001856707123911172,-0.0034030931079241933,-0.00400681639485756,-0.004199506336129866,-0.004287437627360613
2010-05-10,0.0002458159010627625,-0.005918635052979182,-0.005918634498907838,-0.0006775425973454263,-0.0001299176958781123,0.0005244152243191191,0.00043336530696902464
2010-05-11,0.0026835336031516555,0.026282248660447927,0.026282248226022764,0.006193512264742296,0.004628729361910278,0.003550464438623946,0.0029509839901846746
2010-05-12,0.001554682278187336,0.006132917630899959,0.006132917655527814,0.0015531969156237224,0.001711204538076494,0.0018540458503439883,0.0016313108094583306
2010-05-13,-0.0006941142755473306,-0.006919307716036549,-0.006919307703375344,-0.0010920569290381321,-0.0009650998770784902,-0.0009730539714050135,-0.000782891440673672
2010-05-14,0.0016647552210140582,-0.0015759357661579987,-0.0015759358927328604,0.0017202421059321349,0.001885874770638729,0.001663934656666255,0.0017050285354085482
2010-05-17,-0.002923699294302695,-0.008390812603895514,-0.00839081253874352,-0.0030055603181654567,-0.0024574752787761556,-0.0025484218461812036,-0.0026660872126539337
2010-05-18,0.004040406331735413,0.0010891190738522294,0.0010891189385147104,0.003550995026840198,0.0037482866535651915,0.003740926816442336,0.003910428494469764
2010-05-19,-0.0026736881555083913,-0.02393506286136249,-0.023935062627726378,-0.005482583769704341,-0.004082725915128038,-0.003397290892709459,-0.0028502056475510074
2010-05-20,0.0003405368778277573,-0.006773565414719074,-0.006773565665071146,0.0004529548622538293,0.00024762147334778106,-0.00019584842723818774,0.0002744068280791101
2010-05-21,0.002862610142252864,-0.00535216796088378,-0.005352167666378027,0.0008825949386994658,0.0017221419606148203,0.0025178603078839235,0.002637448375917728
2010-05-24,0.0009111009630067279,0.014060016488657956,0.01406001621285835,0.002638337968459137,0.0019009624665926594,0.0013768084738177144,0.0010204491554681727
2010-05-25,0.0025389959058084166,0.004450567345973155,0.004450567256248483,0.0027408256467196246,0.0027483273457995505,0.002636330894807415,0.0026084818141214328
2010-05-26,-0.0023417108807241016,0.009458082860134276,0.009458082717104466,-0.00014977953755068718,-0.0015723882487648222,-0.002205958538955999,-0.0023273302398583162
2010-05-27,-0.0020228985469130656,0.001857020500312112,0.0018570208347021833,-0.0022111155452605447,-0.0023472763257061935,-0.0018675779795543912,-0.0020017858960637014
2010-05-28,0.0028541272728068723,0.0016007650856826316,0.0016007649674132374,0.0024512333285489074,0.002787757403147406,0.0028103548738835915,0.002833814839089621
2010-06-01,-0.00021750379818863408,0.008664253294772717,0.008664253297040236,0.0018154382515231937,0.0012217421932627648,0.0006305642663428923,-1.020385697125814e-05
2010-06-02,-0.00134563560568135,-0.0010841871261112468,-0.0010841871290205862,-0.0022316449888220014,-0.0015448430107359856,-0.0012241358777168587,-0.0012168375477711324
2010-06-03,-0.0012048125882524463,-0.01519452089384532,-0.015194520895089214,-0.005024219863059343,-0.0027435808919974436,-0.001974599962587198,-0.0013242331974879784
2010-06-04,0.006257142410299732,0.010427292008390321,0.010427292013345246,0.009262740872620467,0.007865289186074875,0.006937669455489459,0.006305705103918147
2010-06-07,0.0023419193881764055,0.019296882071784704,0.01929688207445701,0.006945286706179887,0.004244408905311969,0.0029380605143207728,0.002383966682651728
2010-06-08,-0.0022595094291019135,-0.004033236249726513,-0.004033236251074657,-0.0018741558000728853,-0.002774570792089981,-0.0025998713693791142,-0.0023844815993931956
2010-06-09,-0.0005031141098484904,-0.0036363838120982983,-0.0036363838120502257,-0.0008716159124235734,-0.00110321353288112,-0.0009287670209510157,-0.0006834849694145051
2010-06-10,-0.003964114248505846,-0.013188423763202173,-0.01318842376729712,-0.007358836143543157,-0.005786496697363974,-0.004579712731800578,-0.004030177444013572
2010-06-11,0.006139290217781701,0.008741707193207215,0.008741707193425263,0.006951803459435579,0.006692135406004995,0.006429745908846707,0.006269663710309459
2010-06-14,-0.0006856549740753559,-0.0034164124205777746,-0.003416412420967463,-0.001162691426036977,-0.0011754659059671768,-0.0009539626474519558,-0.00076684888028411
2010-06-15,0.002309038413405906,0.011622068623666548,0.011622068621672144,0.002418522415799984,0.0024156952011054056,0.002620457781648433,0.0024456255615610267
2010-06-16,0.002035890622994696,-0.0054549635844339806,-0.005454963584645256,0.00027157712044512117,0.0013732433268160982,0.0016730800542863467,0.001980724875730644
2010-06-17,0.00538142060153457,0.013047450099367808,0.013047450100239333,0.006430456190868128,0.0061372819248486365,0.005893276132342695,0.005478383060324221
2010-06-18,-0.0004017732140226826,0.007629206670658917,0.007629206670837885,0.0006627767992741784,0.0001342360331517689,4.599740284372267e-05,-0.0003250129031036053
2010-06-21,-0.0025418317454823924,-0.01986487343539156,-0.019864873436871378,-0.004973274759717317,-0.004236080827784816,-0.0033737585979538576,-0.0027880388361822828
2010-06-22,0.003517030159057022,0.008804697759331015,0.008804697761570557,0.004831261175223034,0.004657148508830478,0.003845391138605825,0.0035987374876089717
2010-06-23,0.0014060265883049095,-0.004116920644656297,-0.00411692064455671,0.0017183027592180267,0.001640650416146805,0.0016592389149594489,0.001503736142113965
2010-06-24,-0.0022169726133449696,0.002893808282317556,0.0028938082839793378,-0.0011235009693161269,-0.0018809907893885258,-0.0023360147000576204,-0.0023263840608545028
2010-06-25,0.00310264275436678,0.01203626584937112,0.012036265849164618,0.0051090968076297205,0.003316897999539048,0.0030075558335516117,0.0029941647724431864
2010-06-28,0.003586028717630141,-0.013603826723881607,-0.013603826723855628,0.0009059912879516574,0.002524463556081713,0.0030934415195471576,0.0034961001992870333
2010-06-29,-0.0016843942909354759,0.0014865002047168563,0.0014865002084567536,0.000977305169474585,-0.0005350314332823736,-0.0012929297741006707,-0.0017178120921488294
2010-06-30,0.0001499546557612863,0.0033809159163484814,0.003380915917203131,0.0014697987734866302,0.000456884391110135,6.671507633893015e-05,3.1868202653884126e-05
2010-07-01,-0.0035294935084388968,-0.038132802249726816,-0.038132801800942584,-0.00978558675828134,-0.0064133733712092855,-0.004761211782780883,-0.003848023940273504
2010-07-02,-0.000641848709735382,0.012388900690184279,0.012388900466706598,0.0007530929878896142,7.561350082418983e-05,-4.46938188516377e-05,-0.0004923463831143504
2010-07-06,0.0014921342216160927,-0.016710235151492836,-0.016710234914450783,-0.0031944756497198634,-0.0008884441937460075,0.0007313750883908288,0.0012773043517779747
2010-07-07,0.0030318961007016476,0.010471214474021773,0.010471214390159078,0.0026644254850001214,0.0021094534362746664,0.0031626461877605205,0.0031587304703801777
2010-07-08,-0.000948178047352366,-0.004416922259218636,-0.004416922214557917,-0.0022305856739149865,-0.0017820085571988997,-0.0012668992173573423,-0.001037761207367316
2010-07-09,-0.0003866080230960911,0.009811462629611079,0.009811462504650592,0.0011865627343519147,0.0001865063678694323,5.6725865225537575e-05,-0.00020994511218941359
2010-07-12,0.0004777225491354731,-0.008617812328074237,-0.008617812225416022,-0.0007873737920558455,-0.00017302303512478634,0.0003278139958327042,0.0004847291339813431
2010-07-13,-0.000543313211831431,0.008692724597686663,0.008692724499725468,0.00014638921364373836,-0.0005088716165329021,-0.00028928505586434117,-0.0004552912188396929
2010-07-14,0.003885826054608854,-0.0005069073865154872,-0.0005069073233838761,0.0030806040189648165,0.00334088864332327,0.0037661524030669913,0.0038869184053766936
2010-07-15,0.00406083746683894,-0.0005917133812419761,-0.0005917133150257214,0.0031069843984528056,0.0034467731455316564,0.003624579944716322,0.0039138505098694765
2010-07-16,-0.0004204018633275908,-0.013194664160532943,-0.01319466405004821,-0.0009293612382634819,-1.4690848980425386e-05,-0.0009212161962712795,-0.00067265601251143
2010-07-19,-0.0013871449937991054,-0.008056868318197852,-0.008056868227709346,-0.003039295269836484,-0.0023297421444288258,-0.0015741500531982755,-0.0013919660652997878
2010-07-20,0.003385482174050436,0.007949521664811776,0.007949521632084178,0.003509787218609395,0.0033530069153591135,0.0035480085267605155,0.0034554691420085604
2010-07-21,0.002627674732015972,-0.006858148660683239,-0.0068581485196350656,0.0018175815761036773,0.002610229566401001,0.00222418132280211,0.002444152259629462
2010-07-22,0.0003634505536773691,0.00871818860222806,0.008718188518550996,0.00016770549204903062,-0.0003202438890075321,0.0005118396328882557,0.00047791162781907204
2010-07-23,-0.0018337548546282223,-0.006589117477035056,-0.006589117421572865,-0.0029229338115427383,-0.0023970486502171706,-0.0018428443550387863,-0.0017975221237379602
2010-07-26,0.00024563663029919525,-0.004909981158776722,-0.004909981056384738,-7.96292262779108e-05,1.6431419249451906e-05,9.410884490557159e-05,0.0002553968707015297
2010-07-27,-0.004185551753814187,-0.01739953744063716,-0.017399537287498323,-0.0065852138733867305,-0.005383966298836307,-0.004569622601123036,-0.004257050554064112
2010-07-28,0.002375637773535999,0.002378615434381892,0.002378615421502195,0.003485822477039102,0.003172593162334314,0.002245280216270018,0.0022852108018498463
2010-07-29,0.0017055432590407094,0.004482353152289509,0.004482353091755487,0.001994027903522433,0.001966305912732169,0.0014813853589787929,0.001553646456364799
2010-07-30,0.005269433687200564,0.010499579478459697,0.010499579456652475,0.0068496291770148154,0.0059869679639494855,0.005194847289432758,0.005229209328214912
2010-08-02,0.00040147367471110584,0.00043296435191786387,0.002856066476274899,-0.00022217371939770025,-0.00032077862772494914,0.00017492647596961675,0.0003773326738727434
2010-08-03,0.003335510062061342,0.003894728618077492,0.0028711153211355978,0.003478601331009079,0.0035026142439582575,0.003227371017032965,0.0032938847415884265
2010-08-04,-0.0013938180395564048,0.006293675060727422,0.0063533248885483395,-0.001385559479249343,-0.0016112057136591362,-0.0013140269024489726,-0.0013063969213663595
2010-08-05,0.0032308225685071523,0.00222757139629981,0.0011255196675648005,0.0030387745016517975,0.0032357229386934527,0.003211791993542157,0.0032289710621555834
2010-08-06,0.004936156861656826,0.007351623834186194,0.006471441104147546,0.005745410131538398,0.005619599482088455,0.005121144097934627,0.005020289213540252
2010-08-09,0.00014749216046805458,-0.0037338325314059118,-0.0026320241051681625,-0.0002757774306821892,-0.000253048734446204,-0.00011438097795279933,0.00013943117776138436
2010-08-10,0.0027196948984664626,0.002810918454654532,0.0018839981410916362,0.003260703343317628,0.0032051648922144516,0.0028593859598529114,0.0027139799368371964
2010-08-11,-0.00035728814653679386,-0.0033127240992364415,-0.004888674617591238,0.0010958855537521739,0.000859649847510191,-0.0004715094940753728,-0.00040640302670869044
2010-08-12,-0.002042852535741435,0.012186810545674387,0.010425270326110958,-0.0002483195258863313,-0.0006888704224680131,-0.0014876773831773438,-0.0018823727503330945
2010-08-13,0.0028001386180753762,-0.00025257876649265043,-0.00023496316795967864,0.003232501504307317,0.003254531299875074,0.002836248067671354,0.002734361706873356
2010-08-16,0.00617763787636072,0.008337590625977498,0.007699924948345815,0.006988752330614689,0.006874943539496359,0.006291724550579358,0.006264140090278536
2010-08-17,-0.0018968135703476552,0.00016701447174072293,0.00174081237523116,-0.0021733959110508128,-0.0023529358724633243,-0.0019331796852309902,-0.0018860351194780467
2010-08-18,2.152198569760344e-05,0.003924853617020663,0.003717037450830407,0.00028410083640495465,0.00018723172737122873,0.00030506025197185593,0.00011812908440389513
2010-08-19,0.0015745976831618158,0.0014140589501254741,-0.00048357836515544594,0.0020349542936464182,0.0021955850456352177,0.001672364158489481,0.0015460622713199257
2010-08-20,-0.0023945244304245383,-0.0034886466570560604,-0.0034704711020827617,-0.002686936672150586,-0.0025482026675544,-0.00215654517006314,-0.0023437930223897396
2010-08-23,-0.00017032628781543657,-0.0015837496000490336,-0.0018359589519783004,0.0004314738982631461,0.0003346640358870001,-6.494901928666419e-05,-0.00019011247126077269
2010-08-24,0.0037785726420125343,0.004842226054480481,0.004232501684252821,0.005709479157401942,0.005222842242165626,0.0037762568457364587,0.0037508640822863093
2010-08-25,-0.001740421188052399,0.008308408066220352,0.008824843991964704,-0.0007144797070399722,-0.0013406365051782387,-0.0014725492942341267,-0.0015747302320697765
2010-08-26,0.0020642408195392647,-0.0032959914620327435,-0.003482582123851663,0.002024005773528126,0.002064895974366099,0.0015712467708062228,0.0018644934609892694
2010-08-27,-0.00693641761277608,0.00041338502179777414,0.001515115627742425,-0.007174887299647659,-0.007333302262294894,-0.0069052591642772,-0.006897779876411048
2010-08-30,0.004671312363458524,-0.0008263653615240285,-0.0013057404919141202,0.004891960780495586,0.004909178668174308,0.004516798003604272,0.004571213922626605
2010-08-31,0.0034288287152848262,0.0096766035348399,0.009534590120964692,0.005263361917104303,0.004787065505134747,0.0038446479718996507,0.0035670519023172087
2010-09-01,-0.0013345293370951028,-0.003194621420257282,-0.003194621416672372,-0.005574932739741856,-0.00398068054598677,-0.0017295310073242032,-0.0013084302484817067
2010-09-02,-0.001188527051973809,0.004930548623147013,0.004930548610738716,-0.0014175002260735647,-0.001588923273896814,-0.0010408337277100221,-0.001047479978432686
2010-09-03,-0.0024286401919765277,-0.0035162343737978885,-0.003516234371620408,-0.0048973670028705785,-0.0041583039409873734,-0.002616721052640547,-0.0023947899771572523
2010-09-07,0.0055189788415543894,0.006893125990691029,0.006893125989917426,0.007636903147432594,0.006209496309661278,0.005464767609600685,0.005433741344201604
2010-09-08,-0.000723114547306225,8.151700534875239e-05,8.151699918590438e-05,-0.0022736285497662045,-0.0017821697083698629,-0.0007584956139374821,-0.0006641970734271307
2010-09-09,-0.005738517266987708,-0.009371701851790482,-0.009371701860408255,-0.009446169412877792,-0.00735060930926934,-0.005736962584973582,-0.005672603654500841
2010-09-10,-0.0010469711027799589,0.0013985340718771777,0.0013985340681772485,-0.0011740738330086042,-0.001338320849814556,-0.0011014786892391548,-0.0010224347840589454
2010-09-13,0.005249882979180276,-0.0009036441853196298,-0.0009036441680843055,0.0036860467576413924,0.004225630272016723,0.004880936992428531,0.00513618221895884
2010-09-14,0.005643283036695923,0.01973354580953779,0.019733545782612882,0.00865350429923839,0.006842319882183423,0.0061930790378541545,0.005873170481081935
2010-09-15,-0.00198571941726422,-0.0006450105129670591,-0.0006450105214824697,-0.0031692774015900094,-0.0023028400279844208,-0.0018960676368648954,-0.0019065837731684354
2010-09-16,-0.001574217094316377,0.005567167967563735,0.005567167945341955,-0.001921186055060975,-0.001749580507657944,-0.0011466790712223451,-0.0013554701878436548
2010-09-17,0.0021267521164609615,-0.0007221081579283917,-0.0007221081509514171,0.0018242907678780451,0.0017725148260887558,0.0019795826223434343,0.002069620924618265
2010-09-20,0.004458367248754591,0.0026497657710478073,0.0026497657863304713,0.004276455295566528,0.0036821670684161756,0.004215350795385042,0.004419137841171761
2010-09-21,0.0068671850691304215,0.009129489581799044,0.00912948957206372,0.008168368964941664,0.007674079769954156,0.007200725223366566,0.006940168039907713
2010-09-22,0.0006964116679812893,0.0015077756416694843,0.0015077756402059883,0.0012636599144812966,0.0005987970047032221,0.0004889883000605,0.0006043140120290946
2010-09-23,0.0008121639968339256,0.0007924414070574759,0.0007924413955879839,-0.0001010530481878602,0.00012045201256882798,0.000710644159408691,0.0007744450348372567
2010-09-24,-0.0004583403526547958,0.003087881081587529,0.0030878810793655287,-0.0017638885466427778,-0.0016585769551094032,-0.0005777518142594529,-0.0003722345113290615
2010-09-27,0.004846982153624557,0.00023678884475053508,0.0002367888548167052,0.005497456579086846,0.005225582022664543,0.004835608618927623,0.004765308184375261
2010-09-28,0.0031599966174185035,0.00891727621747651,0.008917276211448444,0.005026168525813501,0.004165469171673486,0.003444521787674848,0.0032574903883189066
2010-09-29,-0.0012613145104387602,0.0007821546750597097,0.0007821546661459511,-0.0019134471629176364,-0.0016599191813060354,-0.001437842318828153,-0.0013013998536044458
2010-09-30,-0.0006996624954205277,-0.00031256965230586076,-0.0003125696506469655,-0.00028303011585528726,-0.00029950230591824223,-0.0006714836839457616,-0.0006940594674045286
2010-10-01,0.001010327068323047,0.007817996804293292,0.007763946500011887,0.0019258505631332135,0.0013393696681343048,0.0011729086588283533,0.001038853219079039
2010-10-04,0.0010193668465079408,-0.003490783766821881,-0.00324927633219807,0.0019837747461532995,0.0012520592559188692,0.0006617337837639958,0.0009581447604460891
2010-10-05,0.004159400849600203,0.01969483611120504,0.01962160782503508,0.005222010776492425,0.0048575200781597605,0.004875079010036476,0.00432964132249003
2010-10-06,0.004328908282182464,0.006259959011633676,0.006035523462780912,0.005753812385879575,0.004892772928461575,0.004255007541101197,0.004319765468384418
2010-10-07,0.0002391293870458444,-0.01092483474593009,-0.010663557626526043,-0.0015875322512617362,-0.0005246556723117468,-7.68122965622009e-06,0.0001608688363039512
2010-10-08,0.0025504085236842666,0.009894980387391561,0.00975823333766046,0.002510353556449907,0.002288902539530513,0.0023332635698740667,0.002598523606902381
2010-10-11,0.0012274535940264286,0.004784973464884157,0.00468978249415497,0.0017583581340572252,0.0015601318191493796,0.0014927172721144188,0.001253002513548429
2010-10-12,-0.0017410263486126176,-0.002494418239926577,-0.0023119434056597665,-0.0022681444373913173,-0.001941653890643158,-0.0017405876477691873,-0.0017240025395037772
2010-10-13,0.002231772786714048,0.015989697656584978,0.01588145515888617,0.003949606258036198,0.0031219155899404605,0.002887439230190525,0.0023483945795708117
2010-10-14,-0.004467710157726179,0.00507192241654586,0.00492585027806669,-0.0033914854590966215,-0.003921229693419126,-0.004092676510183635,-0.0043943265985110225
2010-10-15,-0.0019928570880446417,-0.007940685150927052,-0.007814320022515142,-0.004997072914042722,-0.00296862317187796,-0.0017105635367462568,-0.0019847566228529123
2010-10-18,0.003495150080875975,0.004488376244947689,0.0046485762011829745,0.005065411665385877,0.004028953168195626,0.0033020894211861496,0.0034946736812087043
2010-10-19,-0.0011559644742652475,-0.03105449960018325,-0.030693952368865185,-0.0051970727863952515,-0.002990317619128602,-0.002120688724195019,-0.0014097534061288108
2010-10-20,0.001626803345627037,0.009299874784461926,0.00954669200782754,0.0027562697744871745,0.001959960757916379,0.001669683387873988,0.0016944184262015494
2010-10-21,-0.005226180673887915,-0.014087770332630867,-0.013829238196372051,-0.006842784439716865,-0.005850923473201486,-0.0052959207778019435,-0.005269002349681751
2010-10-22,0.0015934014051408596,0.002008144778027132,0.0019785954635533898,0.0008243437864769998,0.001262609461174069,0.0015919134798538792,0.0016051688986762347
2010-10-25,0.0013329590338835295,0.008633395611980399,0.008496016706111664,0.0020924914635813696,0.0017582349313884915,0.0017024013414066452,0.0014021127142525014
2010-10-26,-0.004245396343660612,0.00022926081597773873,8.121087112211711e-05,-0.004945633684381612,-0.0045167804777341836,-0.004073399288447521,-0.004203394298785357
2010-10-27,-0.0048045252360885415,-0.01039120231899282,-0.010325091566337319,-0.006565118443523477,-0.005481316305080974,-0.004885410862030204,-0.004823339227511547
2010-10-28,0.005421939492494143,0.013279811331632141,0.012892476193130165,0.006668974825541962,0.006043125115225756,0.005659092244782116,0.005476426010149638
2010-10-29,0.003740737728295418,0.010515007361052486,0.010313394564390288,0.0053167286697100025,0.004484539041867297,0.004008456057214893,0.003777202208915087
2010-11-01,-0.0015944683726633047,-0.005278215758548366,-0.004319510218565359,-0.0018297998342213795,-0.0018287227854000276,-0.0018548013843049382,-0.0016241301731101387
2010-11-02,0.004277279447478577,0.004320856065644918,0.004501617711228256,0.003854208642616319,0.004104336748561144,0.0043187905994528375,0.0042766361456854085
2010-11-03,0.0026541130483035413,-0.006943906186833382,-0.006457381542420704,0.000671634833521173,0.0015817138554745647,0.002137726867246892,0.0025970802071062504
2010-11-04,0.011056829914063426,0.03389823824981719,0.03313707948036915,0.014095042520963164,0.012508313904024071,0.011839390732867772,0.011151151599970044
2010-11-05,-0.002875194270220538,0.0025730067384697186,0.003144886825377169,-0.001965188853837563,-0.002505566540776716,-0.0027037439197947766,-0.002853687966759
2010-11-08,0.0007590670623709439,0.01026538969182833,0.009162295112805419,0.0019021595233006394,0.001421511680420151,0.0011326433620320042,0.000794467786695785
2010-11-09,-0.00806430241006062,-0.015894922781780507,-0.017604100572783388,-0.0111831062382306,-0.009440284580778058,-0.008357514313515724,-0.008089983938676215
2010-11-10,0.0031978763874815908,0.012169106864388102,0.012187339879529357,0.0049811175425285015,0.004013104487905483,0.00333714494872428,0.003193577973155337
2010-11-11,-0.0017061594654699253,0.0030603187992617187,0.002314467854939606,-0.0009093863911521227,-0.0012631242875033033,-0.0014960650483197835,-0.0016831508310327647
2010-11-12,-0.010556195662501211,-0.028839177065322463,-0.02752821063071731,-0.012235903145137561,-0.011268774675743276,-0.010788947023611106,-0.010574926385939043
2010-11-15,-0.010375452991864043,-0.00949962038492691,-0.009503662122851031,-0.011478394810366943,-0.010960581571947126,-0.010392162189733711,-0.010365230523967317
2010-11-16,0.0014127224263187355,-0.010949984657275813,-0.01254741051896624,0.0009653230465194174,0.0014188314584908657,0.0010949364640104875,0.0013630092066467814
2010-11-17,-0.0017338665057778924,-0.0045048204344052545,-0.003690307020064454,-0.002224260467333816,-0.0019170126377426877,-0.0015888669603653094,-0.0017127406368480091
2010-11-18,0.0024227116236370527,0.013115442483218942,0.012834957353608845,0.0019852187583775383,0.002171994552185641,0.0027351073008270443,0.0024696617605168836
2010-11-19,0.0012683590531834543,0.000832770182687792,0.0011329735013048126,0.0019579887563903053,0.0017541217226098027,0.0015604349555611297,0.001292789988119214
2010-11-22,0.004423442319195781,0.009682290535093951,0.009205830619090527,0.005604213665407309,0.005156899360816203,0.004688890616009189,0.004426895380607698
2010-11-23,-0.0008849242844979344,0.006967395595869341,0.00597067877077162,0.001855163427941342,0.0003826913982121205,-0.0008413903031303516,-0.0008873957677619781
2010-11-24,-0.00525881094402314,-0.0017112638936365165,-0.0003211121298695163,-0.006755271827356468,-0.006011932186356428,-0.005049139652610668,-0.005235441565657584
2010-11-26,0.0017058179564513054,-0.007974304096986295,-0.007573617317745973,0.0010536198337596225,0.001184777462661435,0.001007237266057448,0.0016282876229400944
2010-11-29,0.002034833482887244,0.003004987563891781,0.002763124334763001,0.0021454056301395408,0.00205874340041845,0.0020182186647872413,0.002037368136587281
2010-11-30,0.0013726565022158521,0.014306072507245915,0.013035970211869419,0.003777034073580765,0.0025584803518177157,0.00188513373658461,0.0014445331946346673
2010-12-01,-0.006200726130885736,-0.0002953277692742118,0.00019016688341499943,-0.007918090565184888,-0.006110667271792103,-0.005949005688754783,-0.006174209538293396
2010-12-02,-0.0008616087372761427,-0.0013296493410326349,1.3676269839946187e-05,-0.0012463055064113604,-0.0008993601627313996,-0.0008754010233206211,-0.0008642442597912581
2010-12-03,0.0021911630691280326,0.021227887871988926,0.01948359052109505,0.004934381574204227,0.0036814657522536987,0.002815748254510142,0.002237599186715178
2010-12-06,0.004844330404886854,0.007532362068886522,0.007091326553463118,0.006281528915148105,0.005419016649098607,0.005014078262727262,0.0048532751683281194
2010-12-07,-0.012570813692934335,-0.018762134990270796,-0.01709655102012131,-0.015206275815163983,-0.013514777821246104,-0.012578303473803398,-0.012567015415595462
2010-12-08,-0.006866127103216768,-0.012527521712914491,-0.012707981897966514,-0.009556727254792508,-0.007684034738229872,-0.0072073536042061015,-0.00688562387757663
2010-12-09,0.0015468585654667688,0.004303003633351343,0.0032371783420579447,0.0020349169795019773,0.0020155822011929114,0.0017516475326795344,0.0015562559855197833
2010-12-10,-0.00544822607107498,0.00029554957856392505,0.0007936404438184663,-0.005137203337655438,-0.004837924053822662,-0.004960245271262487,-0.005419239160035949
2010-12-13,0.0019041537558879273,0.004726381894046394,0.004480587913657352,0.0033834676305652955,0.0022823921169017325,0.0017618113509305644,0.0019000439782936862
2010-12-14,-0.0066901511792458734,0.000955454766095043,9.303308709540659e-05,-0.00707551912873694,-0.006274853141647774,-0.006169170131453461,-0.006653727411120025
2010-12-15,-0.004538698657289952,-0.010867938075248329,-0.010761711243296834,-0.006196299038908282,-0.005349499685943004,-0.004905913441522025,-0.004561228769311754
2010-12-16,0.004729691032140604,-0.0066072710437763416,-0.005947473737787035,0.002540262268572846,0.003824321368050665,0.0044075993124070845,0.004700787295612852
2010-12-17,0.00668525548555321,0.0029145758676971667,0.00334463098987392,0.0071162508674484926,0.006498714017590501,0.006388244172491175,0.0066683320463449824
2010-12-20,0.0008691592455272179,0.006780951436787586,0.007197103358239421,0.0021556622024867522,0.0012599664516035336,0.0009670224628421931,0.0008814489581849827
2010-12-21,0.0024910743964152715,0.001554338783830378,0.002279070279279871,0.0024189926787197003,0.0024348923111789933,0.00243834980604829,0.0024875625391631573
2010-12-22,-0.0016387569870970342,-0.0019953019339150613,-0.0012075106740675468,-0.001788143490394356,-0.0018652139076678065,-0.001731585811814873,-0.0016390246746111892
2010-12-23,-0.0026710794385155223,-0.0028878147415095645,-0.0030229377989453576,-0.0030222730242462914,-0.002834515123106729,-0.002736717871247407,-0.0026689425136642297
2010-12-27,0.0029972325043436943,0.0026734041340015224,0.003473997367826831,0.0038029764447375936,0.003110359232518123,0.003009811695145137,0.0029956778459683253
2010-12-28,-0.006103971139850173,0.01629385926729854,0.01527553575391627,-0.002858585767769095,-0.004388992266376124,-0.005293693595359028,-0.006040076216064061
2010-12-29,0.008741822189734405,0.003570948031026422,0.003441649008995684,0.008427403151612278,0.008372850409283483,0.00848685059007015,0.008721578183223944
2010-12-30,-0.0020908714798615335,-0.0049379703817861165,-0.004312373823105675,-0.002242162543149684,-0.002173032229000671,-0.0019645869346375244,-0.0020867916999505187
2010-12-31,0.00476035589286683,0.012333083676440149,0.011153958584033674,0.006190551300327751,0.005067075444264546,0.00460881729182705,0.004763756311958689
2011-01-03,-0.0011013841706871697,-0.0007135310953703122,-0.0006464255233603611,-0.0013375229216379125,-0.0010635959444816878,-0.0011171450264197968,-0.0010828145364267794
2011-01-04,0.00030211856409367854,-0.02270646289065814,-0.022693865163194382,-0.003493775370741803,-0.0011782129387959417,-0.0005514654530422991,-0.0001915075173667402
2011-01-05,-0.006645127151167607,-0.0015812756604055567,-0.0015628071529315557,-0.00668791098345356,-0.006319657440559845,-0.006538242605278133,-0.006613041861293079
2011-01-06,0.0035882319635163196,-0.005053347852530421,-0.005068753313269059,0.00235192386627725,0.0032219986710280146,0.00345624687253121,0.0034942192719829013
2011-01-07,0.003976030646518192,-0.0014381923937519803,-0.0014317853181777807,0.0035653196064300285,0.0035618955741776315,0.0037501278086238266,0.0039051179762190635
2011-01-10,0.0031080917605228464,0.0032271876597684823,0.003215040868014274,0.003039113878324562,0.0029910179993710706,0.0029785652965488296,0.003114435566106133
2011-01-11,-0.0016217193841263633,0.004337754915289871,0.004314604501207908,-0.0009908291466919072,-0.0011823340534453664,-0.001400618502959694,-0.001546274051922647
2011-01-12,-0.0007969387213326851,0.004098471104309942,0.004098794523186067,-0.00034949228235114926,-0.00040858430021362135,-0.0005896193944414652,-0.0007040348848426081
2011-01-13,0.004035571425677897,-0.007795489812613687,-0.007756459008824934,0.0023523202545669974,0.003028423299886507,0.0034096032142130195,0.003795510615011155
2011-01-14,-0.001726405295418676,-0.006891881732967842,-0.006843421795168281,-0.0031213625774856313,-0.0022709381683696517,-0.002133802951785446,-0.0018925641510812996
2011-01-18,-0.0011537626404217738,0.006173458114988595,0.006182314826174595,-3.9550938886301346e-05,-0.0005964736319249431,-0.000801005769621832,-0.0010213963792734537
2011-01-19,0.0005802552996145849,-0.0008413349386672264,-0.000886062361483364,0.0007053069010913848,0.00043970648864410933,0.0005086470699091628,0.00047564334981453626
2011-01-20,-0.007785903916360248,-0.015155446598879796,-0.015100535687464833,-0.009004322943492737,-0.008365081719651446,-0.008143617537490044,-0.00801448797122728
2011-01-21,0.00228345897333071,-0.000898321799657209,-0.0008924305196745808,0.0018091935885891086,0.0017615629272633715,0.001900324137919407,0.002103748955132545
2011-01-24,0.0009419697884403,-0.0031083966348156578,-0.0030786862786353897,6.08033829614385e-05,0.0008817779692225081,0.0009521783813062346,0.0009220415544086702
2011-01-25,0.0035346634181432357,0.0007216756707657535,0.0007618427623123925,0.0034806719969873168,0.0033997824132383503,0.0035334749036357582,0.0035278376713701043
2011-01-26,-0.0027035939113452256,0.006830130367823761,0.006810701249632345,-0.0019504077089144145,-0.0022319561722524695,-0.002549436989582432,-0.002573981899164135
2011-01-27,0.0015765006047043784,-0.016548363166351998,-0.016429071717276478,-0.0013649151501436974,6.48075598164155e-05,0.0006349991826488655,0.0011674994531605254
2011-01-28,0.0017046852632085496,0.011153198230220873,0.011047522317753966,0.003961951482776005,0.002093680720089086,0.001909624931049958,0.0018224712717069824
2011-01-31,-0.0016729675723978765,0.00015631164719831503,0.0002050378500975114,-0.0020173766718538655,-0.0018671810449774062,-0.0019160631091138525,-0.0017910350307241973
2011-02-01,-0.0009962190662068382,0.005762177406195557,0.005993562480200776,0.00016713413351698847,-0.00018510841201535566,-0.00038134206712625573,-0.0007248365238246013
2011-02-02,-0.0016384556533399763,-0.0018840715421473142,-0.002015194721310287,-0.001915981689820545,-0.001896183042909283,-0.0019226255681660254,-0.0018189863757387403
2011-02-03,-0.0032719399472531663,0.010265663134597425,0.01078685870459073,-0.0014454740328245785,-0.0019075978758722467,-0.002248895105889104,-0.002791239016476932
2011-02-04,-0.0038452305387493,-0.0050333349555753415,-0.004875933597018656,-0.003400572671129365,-0.003446004027095828,-0.003557470009221686,-0.0037051663038442095
2011-02-07,0.00023859080443044967,0.00298925321758281,0.0025180961206903163,0.0004799329128544194,0.00043843036676660674,0.00041478040097953084,0.0003340292274385259
2011-02-08,-0.003360913772482599,0.009092802512163267,0.009423247518058453,-0.001851233247828321,-0.002305308153724095,-0.0026350582907557207,-0.0030625522879936806
2011-02-09,0.0033434604140316626,-0.0001676170584595793,-0.00022703486873421053,0.002691196612547575,0.0028016279299407643,0.0029780982626279595,0.0031643480675522806
2011-02-10,-0.0023245126759671164,5.410724919929777e-05,-0.00022911706317652047,-0.0020595289419589324,-0.002093640640752459,-0.002136883555558522,-0.0022137446790250204
2011-02-11,0.003838785192887162,-0.0008774538147572342,-0.0013929438182063159,0.003362941483226134,0.0035334896718752784,0.003689468535162499,0.003804299701463787
2011-02-14,0.0009426431414507608,0.003393782811327961,0.0036196855219763346,0.0012487194417378777,0.001138144474632119,0.0010694518348561832,0.0009869281165113541
2011-02-15,0.0014699953366235086,0.004278246382848128,0.004839598762501396,0.0022060173732267874,0.002077990904547189,0.002022718380156885,0.0017811445504805068
2011-02-16,-0.00018079207052990043,0.0013411948362667125,0.0012796918001103386,-4.505343670913042e-05,-0.0001294390159100045,-0.00016151532924735257,-0.0001910424886889528
2011-02-17,0.003391872473405222,0.005245994306982693,0.005538431906906727,0.0035743553371396786,0.0035166179492862604,0.0034753643245784005,0.0034312498645472367
2011-02-18,0.00015563790186212678,0.003089898276586789,0.0030317948692393237,0.0004461090744183327,0.00039217907368604976,0.0003023202655023649,0.0002160158863762085
2011-02-22,0.0038517733180771785,0.0020381155156981023,0.002778628934376748,0.0030076834477452685,0.0031877560836528485,0.003325006314228718,0.0036010303235529673
2011-02-23,-0.0012304651213957962,0.0039034337448036194,0.004744586259864958,-0.0008970780063393136,-0.0011206451200274081,-0.001354053960353263,-0.0014007356636431822
2011-02-24,0.00166462853137328,-0.007528040308692252,-0.0075217346880851466,0.0010612224450463614,0.0012996302360270828,0.001491255210671616,0.001639970293981774
2011-02-25,0.004747133636725742,0.010313380181998344,0.009691085060629767,0.004804518137217162,0.004652233542312256,0.0046217202686353875,0.004631742046744103
2011-02-28,0.0006052888247705113,0.008638949917220362,0.007537814130914144,0.0009197977022199488,0.0008374813259532932,0.0007414151461506702,0.0006528380348600482
2011-03-01,0.0007847909445755086,-0.0007386289282425018,0.004182207419792139,0.0013709058520650075,0.0010629938414850049,0.0007785391410024545,0.0005479367385119449
2011-03-02,-0.0032310529896963924,-0.0038823552137238204,-0.0030226007214509965,-0.0026135346583285868,-0.002927628516393055,-0.003073118404934072,-0.0032536314066183847
2011-03-03,-0.00374578791561897,-0.002921038646705121,-0.005747421002524122,-0.003489303029472257,-0.0036579251770426646,-0.0036288728010377413,-0.0036488081255950933
2011-03-04,0.0051594145883240294,0.002091046869356017,0.004033663187278824,0.004911448275549901,0.0049916328865291515,0.004993078389964545,0.0050789295817286195
2011-03-07,-0.0027555999374915263,-0.0010287892719791358,-6.153019446286656e-06,-0.0026815419398877882,-0.002632503767409644,-0.002683806510693665,-0.002782609005396841
2011-03-08,-0.001863751739498709,0.003582592879346924,0.0018682812002239757,-0.0014531402198886267,-0.0015597632433765884,-0.0015878775886600804,-0.0017243237823157953
2011-03-09,0.00345081689448401,-0.00015931339334185335,-1.5747949300592978e-05,0.0024700226177938323,0.002842078544733617,0.003017492129431698,0.0033464872800870182
2011-03-10,0.003184352086346376,-0.013083600651624838,-0.012717765056610153,0.000687062586924192,0.00182954478346109,0.002409526633656789,0.0031901176386659458
2011-03-11,-0.001187274247924086,0.005817864860852895,0.005109876735449603,-0.00015483301167695807,-0.0005259849901465552,-0.0007010026156104576,-0.0010380312629491018
2011-03-14,0.001225759231374246,-0.0008427494865362872,0.0006730756585680009,0.001265571840222135,0.0012194643362894997,0.001178902922890357,0.001181344127599404
2011-03-15,-0.001050917798759543,-0.013689831949931786,-0.01506955990115666,-0.003170925693964377,-0.002024406975998816,-0.0014206836331357442,-0.0008063695623515832
2011-03-16,0.0037768419970307665,-0.005640624816470097,-0.0041389140154913795,0.0016811394293159143,0.00250582893909157,0.0028502149235201113,0.003508639561357052
2011-03-17,0.000698162113097478,0.006210158810008748,0.005973189006633239,0.0011942200472128128,0.0007721400117386423,0.0005452609517213602,0.0004155545062254351
2011-03-18,0.0006699405288623783,0.010168680163312516,0.010183261947263267,0.0015386371638530516,0.0011986843863012187,0.0009676868842696251,0.0006432557814959328
2011-03-21,-0.001192449017473396,0.0075230981271845465,0.006978750892359109,0.000611713733432051,-0.00016135943513695405,-0.0005156126916476822,-0.0010751792666390259
2011-03-22,0.00044724930515394057,-0.0027867294202771342,-0.0021927142685992385,9.880857232791307e-05,0.00018470949731463904,0.00022289898412219955,0.00034489550597105456
2011-03-23,-3.13923777559566e-05,0.0017799500324671147,0.0038643099077562137,0.0012909190316854335,0.0007391144947963557,0.0004523981224724416,3.745621973449964e-05
2011-03-24,-0.0026721120119296282,-0.0035194177833082207,-0.004766368087480544,-0.002244175593358322,-0.00251328336563883,-0.0025546718396873835,-0.0026193618498545623
2011-03-25,-0.001621071319350853,0.003058556211418484,0.00228643864217859,-0.0012274884814793552,-0.0014171340593571724,-0.0015086323580150163,-0.001628317451780159
2011-03-28,-0.0007914662900802005,-0.003711645618312831,-0.004117206871158352,-0.0012786857878646085,-0.0009475990218136277,-0.0007859546096373737,-0.0006777975019747196
2011-03-29,-0.001291109872255336,-5.08710380486832e-07,-0.0006619606966705716,-0.000994660571114081,-0.0012153964536022466,-0.0012835699226290131,-0.001326343880660108
2011-03-30,0.003196628018856007,0.007495067052841309,0.006339656333515409,0.003377226621099405,0.0033341961525186203,0.0033240160998349033,0.0032695134237077372
2011-03-31,-0.0009128859807908674,0.008402280666623296,0.008451833155693533,-5.817561824694728e-05,-0.0005496432416012276,-0.0008267739824987519,-0.0010711479100387056
2011-04-01,0.0013010235789552294,-0.003175583697895279,-0.0033782556520414175,0.0003121677533264311,0.0007275357406981708,0.0008904931216584533,0.0012028030752671004
2011-04-04,0.0027038754074022453,0.0032892148026040235,0.0034608020227129277,0.0024386250433885426,0.0025046248100297763,0.0024852886263395657,0.0026663445100505445
2011-04-05,-0.003013485198769872,0.01215635392536174,0.012635205269933003,5.25005976712567e-05,-0.0014896466502485328,-0.0019903687695526084,-0.002738974309368758
2011-04-06,-0.002440633285673899,0.0018809802305002066,0.0019392097951929088,-0.0014371707369910114,-0.001994456548085277,-0.0021867954791385813,-0.0023703991576127237
2011-04-07,0.0002543856223258256,-0.002012852546411259,-0.0016273908960520167,0.00020463712844875914,0.00021503073398343453,0.0002033614327137112,0.00024321322500342468
2011-04-08,-0.0014032265805032917,0.004370044268515727,0.0048586899455762556,-0.0005028635074435517,-0.0012149736448472392,-0.0014645556072911958,-0.0013841788033078783
2011-04-11,-0.0002571507215126667,-0.005238964777367072,-0.005485571904838782,-0.0012763270438160834,-0.0005709753969307396,-0.00034491154338944785,-0.0002969353527986218
2011-04-12,0.0022827194300860665,-0.005903736759524825,-0.0060779886770833125,0.0005032067500225779,0.0016377505329967512,0.002010441577080524,0.0021933006431944513
2011-04-13,0.0042776834562556765,0.0011762699221691264,0.0012914331294022752,0.004080949998663375,0.0041354919935066015,0.004155258559731756,0.004242188444523842
2011-04-14,-0.0022317781718635965,0.013701318594786738,0.01366943567656076,0.0002407138557634081,-0.001007975911050396,-0.001410982758357382,-0.0020179893146573535
2011-04-15,0.005937477068987951,0.009647795757041333,0.009512247955969944,0.0058153710943904535,0.005903902252314408,0.005924397893501077,0.005936231640681022
2011-04-18,0.0010578635492886068,0.0024314833188130436,0.0029116741958536974,0.0014286622684818173,0.0013468315732565461,0.0013131514069808503,0.0011207409560367587
2011-04-19,0.0018048557316272529,0.0018791185942057531,0.0016301240937537376,0.0018547315471764136,0.001836311008910796,0.0018393664642537555,0.0018091436052274368
2011-04-20,-0.0002852736184714155,0.005781300976285486,0.005533221095814778,0.0017941278031119445,0.0005663115720273559,0.00022846377589647027,-0.00015807722954219727
2011-04-21,0.001641169791169128,0.002864064550176515,0.002702165214859553,0.0019818285172756855,0.0017442305837309657,0.0016825645093907493,0.001650000645659233
2011-04-25,0.0025287334265942096,0.0022879351964879557,0.002102949478139493,0.0023062095890895584,0.002481344787775397,0.002550153106943398,0.002521697250644106
2011-04-26,0.0035402209495476455,-0.00038616016023629296,-0.0007749066057272103,0.0026701488772802318,0.0031284171686103424,0.0032995756138489707,0.0034706806440536475
2011-04-27,-0.0002619746859960914,0.016345352855561934,0.016729088951916715,0.0033006449126555815,0.0014978887605832103,0.0009181701011342636,4.053168484485781e-05
2011-04-28,0.0028005376439825813,0.006398339266975306,0.006102818076383354,0.0028874895223989228,0.0029661962501776884,0.0029879869667825965,0.0028411444797062924
2011-04-29,0.002949716406687175,0.011425173264802524,0.01216099899671863,0.0048456470226554416,0.0038585527393799612,0.0035145572043802087,0.0031070044105254713
2011-05-02,-0.0013725259211662122,-0.012420689499633708,-0.011556451179896232,-0.0036075653937469587,-0.0025132898138785498,-0.002004680765317901,-0.0015477761320045191
2011-05-03,0.0011921096273530551,-0.003681565731061265,-0.003989370157950312,-0.00018321526271647404,0.0005900752444616408,0.00085608818494598,0.001126615606007686
2011-05-04,0.0005287452884334964,-0.014075220572931424,-0.01354923747149106,-0.00266214756362515,-0.000999730374823038,-0.0002606277438516047,0.0003253950496961977
2011-05-05,-0.00039076953418593074,-0.027949737023728494,-0.02622167864755831,-0.005310793243880396,-0.002532257937673421,-0.0010089620852761216,-0.0006136827141645096
2011-05-06,0.0018996482375257528,0.012056398521771206,0.010697879249652154,0.0038837592797118514,0.0031691381285634534,0.002697774291744892,0.0021132719499112884
2011-05-09,0.0030118673627492765,0.014024173238857518,0.013457276782352423,0.004978392569539247,0.0037484848653925873,0.003176263711754057,0.0030723540491162105
2011-05-10,-0.0022617953099658417,0.003913444664377597,0.004664409783732282,-0.000667941214377965,-0.0015901961079037852,-0.0018001309963066037,-0.00215138860362607
2011-05-11,0.0007133137372694609,-0.009237783689900247,-0.009320300562275063,-0.0013776273078925927,-6.83041897718839e-05,0.0004098897862914175,0.0006391748148035781
2011-05-12,-0.0010365026929100019,0.00038233813424093377,0.0004624050709973737,-0.0006165144610499329,-0.0007828189740060054,-0.0007997448723670031,-0.000981601110020991
2011-05-13,0.0011618851916272988,-0.006678297212968531,-0.006930418922441284,-0.0009061835455572709,-6.931039022384233e-06,0.00031246037403942495,0.0009511823870593794
2011-05-16,0.0005196535835181315,-0.0016818667953406585,-0.0014801608530207178,-0.00018865731367623262,1.4862964821116265e-06,0.00015777138297590199,0.0004265070127154047
2011-05-17,0.002356983376472277,-0.004206606655786205,-0.003959112389364194,0.0008009012935230597,0.0015384394902453469,0.0018732294886403267,0.0022426778337063524
2011-05-18,-0.002748050044648398,0.006062609466058522,0.006297991708030359,-0.000694496221753993,-0.001837511641113343,-0.00226778237450298,-0.0026361833630502707
2011-05-19,0.0007457053579467132,0.00046823680743535157,0.0007113139603285301,0.0010221460784907155,0.0009818283421816343,0.0009686259218277815,0.0007924440351694262
2011-05-20,0.00203224007176539,0.01183570843521764,0.010284582147401355,0.003498582769079883,0.0028060897450854494,0.0022855126277065985,0.0021334438652076404
2011-05-23,-0.0008061139395284522,0.0019128409267439306,0.0011478029511999832,-0.00042869794556688046,-0.000508732791060118,-0.0006981237608371105,-0.000760253119656773
2011-05-24,0.0007119011540031028,0.0050745946127588315,0.004944964099654614,0.0014307532507946696,0.0008858541657605912,0.0006095147135056767,0.0006983138999203664
2011-05-25,0.0006945775221964823,7.838323761855115e-05,0.0003627410584139401,0.00036196634671781247,0.0002892941971857077,0.0004104461106584356,0.000624074806398589
2011-05-26,0.004234527202876537,-0.0019324566757422668,-0.0009752481471605456,0.003256906672251425,0.003594623212687331,0.003934421727421089,0.00413868940139861
2011-05-27,0.0013154607029894905,0.009850237551525698,0.009587372058119437,0.003269517057334914,0.0023550753977807926,0.001911875082265313,0.001469459098824677
2011-05-31,0.0026167474596217044,0.00011030495165909038,0.0011066737273388583,0.00242721228672238,0.002488972669852929,0.0026769002146402876,0.002630170393122633
2011-06-01,0.003369974572326573,-0.0023152434106918918,-0.002985429925255745,0.0031562141313310477,0.0031481075432455707,0.0031733803927014304,0.003430548192490779
2011-06-02,-0.004179049372339594,-0.0033253025039087225,-0.0034217958416848937,-0.0047090313856325006,-0.004394596354863833,-0.004343616422562091,-0.004229691361481991
2011-06-03,0.0016736619158850274,0.0047054376897655015,0.004687342215247359,0.002418078463237494,0.001677135552430542,0.0014418716838286993,0.0016571199275448034
2011-06-06,-0.0014539924986308739,-0.00041396557554529423,-0.0007648369856633197,-0.0010674013797712378,-0.0010907055702069623,-0.0012229953428514184,-0.0013874567471872101
2011-06-07,0.0012910183824281773,0.001011192155209839,0.0012424243114061984,0.0013077667999461529,0.0010199750890240722,0.00101459010366578,0.0012344636195011915
2011-06-08,0.0003633678435821519,-0.003893670807599614,-0.003867203499192007,-0.00029220064439150484,-0.0003128719118263845,-0.00015027085276486662,0.0002867417558576335
2011-06-09,-0.0021687881343578352,0.002948375044512286,0.0026114729375805723,-0.0016056453304527096,-0.0016297216204437248,-0.0019549228570481247,-0.002180922782113792
2011-06-10,-0.0004571624801520402,-0.010874844367918413,-0.011220700602964873,-0.0018548606107846588,-0.0013296467245325072,-0.0008970508251693321,-0.0004398516966721555
2011-06-13,-0.0028658245975202723,-0.008079197448378705,-0.00778790655564221,-0.003407520522881069,-0.00323654908582105,-0.0029776719976341015,-0.0028730110359613814
2011-06-14,-0.0034546907931281012,0.007221553450824425,0.007407229474992727,-0.0022104069894655076,-0.002502051687117146,-0.002942369777217624,-0.003447421709684706
2011-06-15,0.005460785248590838,0.000562971597815709,0.0001590287343991026,0.005643344742010115,0.0054876870086204566,0.005594275184959141,0.005602856121571298
2011-06-16,-0.0005826757472083832,0.00012504947225533414,0.0003109916338344121,0.00022606997030005793,-0.0005468631461750251,-0.0006683542349988914,-0.0006826652652535126
2011-06-17,0.0009486593798826437,0.00689876757871688,0.0069623762889328145,0.0016395503207269346,0.0014429104974289508,0.001260941527935211,0.0010673709066972847
2011-06-20,3.251882948029916e-06,0.0020822744594928277,0.002325522115005807,0.0002027621007061331,0.0002406366166494145,0.00026298631319754406,7.405923416170523e-05
2011-06-21,0.0016744075981229845,0.005250437822035936,0.005313481186138613,0.0019827342303038176,0.0022419393864361314,0.002164053833143109,0.0016895479609047026
2011-06-22,-0.0014606134754123756,0.0009404522372384871,0.0008446084770163953,-0.0007659978449406912,-0.0012578061561483445,-0.0015328959966467437,-0.0015159609044431699
2011-06-23,0.0032917396002549726,-0.01789852407134329,-0.017955495665806565,-3.452523597313739e-05,0.0018183020456932208,0.002996593935044256,0.003376230977414574
2011-06-24,-2.672049625029871e-05,-0.012190733233174544,-0.011890517889082797,-0.001621054208043704,-0.0013599520853341263,-0.0006980762207765556,-2.2387537024215476e-06
2011-06-27,-0.0019908430690518397,-0.0025915747101225017,-0.0024227250280494106,-0.0022685950546981193,-0.00191090508283831,-0.00179463138167546,-0.00202045409717011
2011-06-28,-0.004479548698511526,0.004135633449530607,0.004239547371369667,-0.003927870672699285,-0.003949997555916407,-0.004260532874354017,-0.0045460946158562
2011-06-29,-0.0019378269210262866,0.006959830164294578,0.007046716443110057,-0.0013016916757843111,-0.001505308542921746,-0.001850583819884899,-0.0019475693949350115
2011-06-30,-0.001480818801219308,-0.0065992496722963034,-0.0063678445446215814,-0.0023481088275453255,-0.001579587827279516,-0.0012227067093857347,-0.0014139745939980575
2011-07-01,-0.0005119886233287962,-0.0007837677429476386,-0.001294676420222629,-0.0009071423034843207,-0.0006385789162531852,-0.0005721979791830645,-0.00047918052672313305
2011-07-05,0.006625694830886708,0.015650443870820707,0.015881605712012137,0.007799217340570985,0.0071482201267063505,0.00693148513879871,0.006664844435755768
2011-07-06,0.002177973641893427,0.008345324416844324,0.008370608270062307,0.0030684082934862023,0.0026742506923358444,0.00254201271906207,0.0023799920274565345
2011-07-07,-0.0006313780986367812,0.0045692457070887205,0.0043390802606884105,-0.0003640898883379151,-0.0005562281403369562,-0.0006802830538872318,-0.0008223716107430556
2011-07-08,0.007479925063950121,0.005022163729825557,0.005204781173392625,0.0074038430799068244,0.007331084415307387,0.007382919087445039,0.007438600175692089
2011-07-11,0.003327092423957456,0.001811217497444506,0.002364002981720459,0.0037012444711579384,0.003392439421377791,0.0033727834263448386,0.003331609845226513
2011-07-12,0.0008981976264395009,0.006622844643997761,0.006713763658412031,0.0014539849492882784,0.0010187016617131395,0.0009099075694232184,0.0007697608970584913
2011-07-13,0.003372131729329597,0.003991081096433646,0.004381097335159012,0.0036654088271381724,0.003581436716519004,0.003467010788802183,0.003327702018643741
2011-07-14,-0.004894904169318037,-0.0005068370300913561,-0.00026263640043244774,-0.004258327654253824,-0.004493848511900822,-0.004605181635778388,-0.0047458584920447855
2011-07-15,0.004354732579514353,0.0060194278098451015,0.005881366007450373,0.004463901668847248,0.00434874263151519,0.004319031359859116,0.004289209632056812
2011-07-18,-0.000493695099238356,0.004715245908859078,0.005039390588407633,0.00044787395396661545,7.189539579677273e-05,-7.37872433019815e-05,-0.00025516822301430153
2011-07-19,0.004098633918575123,-0.004940250797577206,-0.005514590519661966,0.0025718752821497493,0.003282989661819391,0.0035324942517545033,0.0038525758193919124
2011-07-20,-0.0029372397397656735,0.00839352631296375,0.008424959735022108,-0.0016036853711270949,-0.002230319609992648,-0.002467527074777154,-0.0027603307746357775
2011-07-21,-0.003524951442577695,-0.00353160308006073,-0.003853603313790477,-0.003695871989979338,-0.003471944842003749,-0.0034371302701685646,-0.003387075893575453
2011-07-22,0.004435899950163247,0.0074309692435508,0.007501514705672507,0.00498071425938984,0.004720973477276624,0.004613125664927997,0.004484394038616113
2011-07-25,-0.0025592374792711148,0.003283122389379667,0.003638324043792718,-0.001368103803959575,-0.0018466564826580267,-0.0020480963145922404,-0.002295156249155439
2011-07-26,0.003802585950532622,0.0026034958032352673,0.0026136883490006646,0.0035990694957364067,0.0036219949856595157,0.003641730423491918,0.0036646868383667375
2011-07-27,-0.004481956863826131,-0.010033697032385547,-0.009533222833137955,-0.004895097362805356,-0.004800922111537487,-0.004734469342186909,-0.004669057089150441
2011-07-28,0.0016826500056872362,0.0008671975292482426,0.0008640187781676634,0.0016865959076859394,0.001732938174093368,0.0017508111333188747,0.001772582931876654
2011-07-29,0.00872292705421951,0.004629026622622767,0.0047507072422250385,0.008503631574124482,0.008591503930999167,0.008699981757791297,0.00882411425510865
2011-08-01,0.0022713305952724028,-0.005503957995336428,-0.0055827631690955615,0.0011742450500171753,0.0015604275042415683,0.0018607055680985862,0.0020997981144936784
2011-08-02,0.004915683890887479,0.014888097146507295,0.014506142311928816,0.0077217775577793635,0.0065783447067946366,0.0054707458262455155,0.004980842255165818
2011-08-03,0.0008657637784874606,-0.0014491016334508,-0.0015020183078824356,0.0009827917948994624,0.001189135484236603,0.0012195750063517252,0.0012208216693418983
2011-08-04,0.001574136003644755,-0.01204864715337628,-0.012333218232600585,0.0012618055677910966,0.0009337640129911673,0.0008992047036222584,0.0013695422021695602
2011-08-05,-0.008370711107507423,0.002135020873283544,0.0019333280988749202,-0.006908096499868566,-0.007170609135868755,-0.007699765226515942,-0.008170947554478336
2011-08-08,0.004068881742306685,0.01569402102931261,0.014950911202971318,0.007975597217997787,0.006261441288680114,0.004738670223370711,0.004278463660021714
2011-08-09,0.011579854825181757,0.019680129366408616,0.020145296727266615,0.011682406705006754,0.011816474699811286,0.012137395782524596,0.012072955637347782
2011-08-10,0.007689206343871824,0.02720663970952053,0.02685616531735402,0.011864232151811427,0.009985296096030716,0.008431513712057859,0.007722580075130381
2011-08-11,-0.007227209049432082,-0.012099669616251196,-0.011675681080616895,-0.010275806608855409,-0.009050227841583491,-0.007892865225045731,-0.007508283005243421
2011-08-12,0.004740659891370846,-0.003945239873579198,-0.0039186780154104595,0.004070632012944886,0.004258308668625865,0.004414726533685798,0.004623051422292246
2011-08-15,0.0011558086186871375,0.014435440537608146,0.014591800631278629,0.002585866407001536,0.00222323880980424,0.001904400587919186,0.0014969252766456886
2011-08-16,0.0029549595520852456,0.010106522357470782,0.010011697541315812,0.00456731796026677,0.003896674410636125,0.003324001236927998,0.0030452910502094532
2011-08-17,0.006324058321848014,0.002867793045578937,0.002867491296560498,0.005185235167387114,0.005453223245632133,0.0058269405153719145,0.0060781912410832195
2011-08-18,0.0001308579569905266,0.009794463388749897,0.009406121282418356,0.0027623917052339575,0.0017258120911245456,0.0008231059394094853,0.00046401231178849756
2011-08-19,-3.700558420227651e-05,0.00823349522819905,0.008048164316637685,0.0014638843004264324,0.000751272879039977,6.156108741062205e-05,-0.00030202072812146596
2011-08-22,0.001051233125322515,0.02252216719983635,0.0223813816541949,0.004778276047336494,0.00371076033711093,0.0025435060574234836,0.0016844646576656963
2011-08-23,-0.0023637799177730345,-0.029445717297377216,-0.02909752460504711,-0.008310159599357991,-0.006251828232736845,-0.004283327444989604,-0.0031331349581709134
2011-08-24,-0.010604246346899826,-0.02744477300650927,-0.027168451043415698,-0.014089621442623934,-0.012952620609940513,-0.011741381228527192,-0.010996036510415585
2011-08-25,0.002890058588875366,0.0008931707151043078,0.0007549385774070494,0.0030629225054492615,0.0027938049407219,0.0025864263475945393,0.002610962456950805
2011-08-26,0.007518579870453346,0.027204413319092957,0.027099941890391444,0.01072661984206924,0.009953475682949575,0.008967317178355971,0.008159410321653349
2011-08-29,-0.0033003702208694863,-0.01268415721802918,-0.012363117192649709,-0.005334845746832295,-0.0045010799078542,-0.0037188126002646316,-0.0033635620833503133
2011-08-30,0.008179608891121681,0.026047276819427312,0.02588079123097997,0.01146947357823036,0.010407073438482461,0.009285319994695618,0.008540064835802275
2011-08-31,-0.0015717705580586827,-0.0050360767573925935,-0.004922097573729967,-0.002616299290023494,-0.002182444429441155,-0.0017535082933360924,-0.0015759101503350914
2011-09-01,0.0047854770233553,0.0008439899476053725,0.000843989919461885,0.0026734712080338507,0.004147704821325204,0.0044043317721640385,0.004611999455282678
2011-09-02,0.006296331361607566,0.03019064771668578,0.030190647575018215,0.015594404189271716,0.00934807422104611,0.007416580788499605,0.006795376750744264
2011-09-06,-0.0006814584218156616,-0.0018555533027196924,-0.0018555533067902141,3.147179832940772e-05,-0.00011565410705849377,-0.0006285182168010994,-0.0006722655513510256
2011-09-07,-0.0036064767735906056,-0.0318206246204189,-0.03182062445034173,-0.013261216307766333,-0.006977037407536413,-0.0049684663239742966,-0.004260774847621218
2011-09-08,0.005330021248407757,0.02671106656551059,0.026711066462741462,0.012579845334725448,0.007881125265990274,0.006543561413678178,0.006021635517057478
2011-09-09,-3.0759237518940274e-05,-0.006105278197663044,-0.006105278245232326,-0.002484953019731173,-0.0007119329306642941,-0.0005122292393174854,-0.0002744664461251656
2011-09-12,-0.003991959738449902,-0.022302151852426122,-0.02230215177999162,-0.011255982312884827,-0.006065162207885444,-0.004980762664238969,-0.0044591785719801935
2011-09-13,0.00047143440163566197,0.010584678406030612,0.010584678378904089,0.0034590014420381454,0.0018443647145343078,0.0014009712862297352,0.0010851401922582493
2011-09-14,0.0016124800623014135,-0.007449236124676739,-0.007449236083801769,-0.002519873312610388,0.0005352219259016078,0.0013709886800408189,0.0016367419329579302
2011-09-15,-0.004464890519258913,-0.015856964635273196,-0.015856964553853325,-0.00896685243655393,-0.0059788859636080716,-0.004891089935663229,-0.00462177554672516
2011-09-16,0.0025733315468778883,0.009346358590129,0.009346358581767245,0.005214893605880455,0.0036900635199386134,0.003137136942117147,0.0029557950523146914
2011-09-19,0.004179328069886301,-0.015451918635039696,-0.015451918626845584,-0.0039037561906911655,0.002120264301116226,0.0033009287244527563,0.003884609479129386
2011-09-20,0.0017861836613395354,0.014251925741009197,0.014251925692863932,0.006459341505187677,0.003242624217365986,0.002456266394835982,0.002134442637506506
2011-09-21,-0.0004963555804173847,-0.01245876925223921,-0.012458769316463503,-0.006359826889702602,-0.0018378152028207806,-0.0012385454257851647,-0.0008691834693024258
2011-09-22,5.348971554064441e-05,-0.026153542135587737,-0.0261535421084369,-0.00836728562124911,-0.002855952025676567,-0.001470649792442713,-0.000630566677006672
2011-09-23,-0.008999672343881548,-0.0547175380917696,-0.054717537908774316,-0.025916040278257446,-0.01435858596440398,-0.011034670410168146,-0.009826231686252629
2011-09-26,-0.0025608677418585968,-0.013892372787547624,-0.013892372712161483,-0.006610243794171189,-0.003863791280584339,-0.0029957235934983117,-0.002739927847130952
2011-09-27,-0.002308465856270092,0.01935526724539849,0.019355267202386228,0.004994830720272958,5.6732836793749186e-05,-0.0012347814899030807,-0.0018464134646841712
2011-09-28,-0.004679405605643283,-0.027454420248554712,-0.027454420219013675,-0.0129042510091546,-0.007051428737499865,-0.005769484714402973,-0.0051196388943677285
2011-09-29,-0.0002788136857873047,0.009473791545060894,0.00947379154636896,0.004430770665431405,0.00048324036089386624,-0.00017385316318652144,-0.0004006462707628611
2011-09-30,-0.00022915308087734232,0.0022828193458563906,0.0022828192749084764,0.002376407541852643,0.0009548286363734171,5.7148709744936355e-05,1.628495841554667e-05
2011-10-03,0.004362374453724449,0.018347521086299556,0.016352085632297397,0.006660354870624774,0.004577905860577047,0.004454910655800726,0.00416085843354308
2011-10-04,-0.004081258450752578,-0.020626287087283868,-0.018912443843509652,-0.008250445547527518,-0.005580560176932314,-0.00487850813721491,-0.004025650486040977
2011-10-05,0.0015922066678997204,0.011545339568823643,0.010937980946998938,0.007445907570738708,0.003968387726801081,0.0026139166467651354,0.0021624849884136488
2011-10-06,-0.000789996114069158,0.006459292231801861,0.0070812777056556975,-0.00046059546284460406,-0.00043691408827628564,-0.0004583908163394712,-0.0006451587950927484
2011-10-07,-0.004753847150579471,-0.008162581930631907,-0.008758805170664075,-0.004996403417102502,-0.004782542983533311,-0.004711459175307131,-0.0048446622003356365
2011-10-10,0.00042903976073449535,0.025694256724000164,0.026412955760088508,0.010873980114734838,0.004492246325721538,0.0024071748301579543,0.001441087121276885
2011-10-11,0.0010456639436338122,-0.007166032561099045,-0.007551249215794975,-0.00041494599954272626,0.001059283360121288,0.0005071483628427131,0.0008286520961899857
2011-10-12,0.0015727896820483256,0.007156004691497575,0.007431996175186528,0.0008539890957919294,0.0016182629770244983,0.002200913391405823,0.0018334483237814059
2011-10-13,0.002569252773257258,-0.0058801389457917574,-0.005899360513817342,0.0019739166597720903,0.0019275847043243033,0.0020442056017904164,0.002499420807979824
2011-10-14,1.3002592764266296e-05,0.006777515875202145,0.007272389095001275,0.002272581369159754,0.001197330043415601,0.00036617390687077034,0.00015442089664108316
2011-10-17,0.0017718600717231414,-0.004773554544504455,-0.005292733734052257,-0.0013263954556621549,3.867721121153522e-05,0.0011444554824184827,0.0014979746596583965
2011-10-18,0.0007245532024180434,-0.004796450577797429,-0.0035865385455819965,0.0010435191668134447,0.0010250844348576038,0.000750300339235066,0.0008025051850748532
2011-10-19,-0.0023062648096027205,-0.012172523879474428,-0.01215272415418378,-0.005742893156582607,-0.0033217746136174897,-0.0026072602647485565,-0.002559903510145678
2011-10-20,-0.0016861368893376083,-0.013135615833106407,-0.012545807418090638,-0.004792866844928634,-0.0029079341482284304,-0.0020630952073533715,-0.0019974671703486546
2011-10-21,0.0022470296028960224,0.011092095801920054,0.011791298081146984,0.00457431381713147,0.0036471002532787455,0.0030615518548637866,0.0026786751509069173
2011-10-24,0.0059816082478130195,0.009403209406896984,0.009907022442041669,0.008389048092388274,0.006156071215366543,0.006476852328499483,0.006255849450914619
2011-10-25,0.0040510810958027665,0.028381517357806585,0.026902192843161643,0.01050219299100652,0.0064394535428045074,0.004757009270952572,0.0040310191909369575
2011-10-26,-0.003884465778936974,0.010930597226390004,0.010817697329440046,-0.00044408342095425546,-0.0016810722912019571,-0.0026600648426393647,-0.003363788326870676
2011-10-27,-0.002487772238239705,0.0128435438485075,0.013939049648790558,0.002459207845097122,0.0004539315344183059,-0.0012330422595754342,-0.0019359481758396413
2011-10-28,0.003741177129173545,0.000412810759800708,0.00046615121975723817,0.0035640691991445372,0.003613735019879938,0.003585144029706111,0.003763992927491966
2011-10-31,0.005072707172357527,-0.01344180428913122,-0.013369256022154885,0.0006718719453540078,0.0018669910707775905,0.0036098678015914487,0.004443641443820701
2011-11-01,0.0015549440642648182,-0.0034035891886389225,-0.003403589702449361,-0.0003756417969544845,0.0012424047002181915,0.001176309207098214,0.0015836533635202876
2011-11-02,0.0018131218747399203,0.0110366174833747,0.011036617600567178,0.005103359875732405,0.003879965684433717,0.0026958937626213597,0.0019423364071926574
2011-11-03,0.0014324497835713768,0.01551848532477429,0.015518485259322423,0.008544891525053444,0.005520283785028113,0.0027886618771211236,0.0016724905797578238
2011-11-04,0.0011262597885541847,-0.00539788431842958,-0.00539788434651145,-0.0023613427699701317,-0.0011187396213487855,0.0005652333193910675,0.0009884664835315693
2011-11-07,0.0014905410332581859,0.021543535736002317,0.021543535290502236,0.010274830490118125,0.0058808849341038805,0.0030069680951649858,0.0018860800577884529
2011-11-08,-0.0020315846641018043,-0.006002754504178864,-0.006002754161811841,-0.0041856696365459856,-0.0043511461611143165,-0.0025949460529139934,-0.0021692709798090126
2011-11-09,-0.0022674451051288846,-0.012489490238417722,-0.01248949081425721,-0.008920831398704698,-0.00687925939404499,-0.0032704355390692497,-0.0023145809889574265
2011-11-10,-0.003167081321801102,-0.004852743103976431,-0.004852743016880545,-0.005230946427436933,-0.005238222207335164,-0.003382371214251889,-0.0032252414973327204
2011-11-11,0.0022305395742157064,0.01758472819274237,0.017584728307210362,0.009737455735775669,0.0066525604188065746,0.0034514075554201717,0.002477750159712633
2011-11-14,0.0016865346961709715,-0.005884283796666612,-0.005884283991149042,-0.0011734640407017327,-0.00021732581660582895,0.0009758862764832621,0.0016320031233076904
2011-11-15,-0.0008178376248227925,0.0016166472058980474,0.0016166473021093086,0.0014249362950593536,0.0005211761667618386,-0.0005988988911805881,-0.0007919762477086589
2011-11-16,-0.0015651708282687915,-0.010551027236517463,-0.01055102720962442,-0.007193420808075834,-0.005475693607755461,-0.0026425881278946406,-0.0017504910436757504
2011-11-17,-0.002561910324563099,-0.024930820546776977,-0.024930820375752782,-0.014564725403146572,-0.010702149304630093,-0.004893427860654054,-0.002948308242716524
2011-11-18,-0.002859814002210803,0.0034599944586726217,0.003459994487058582,0.0001786511741361796,0.00014607582606851466,-0.002194687472646395,-0.0027693526404658497
2011-11-21,-0.0032360340561075063,-0.024654199338608573,-0.02465419928812307,-0.013677788527877821,-0.01003444884052962,-0.005231979927905361,-0.003635267262844466
2011-11-22,0.0008180975051297334,0.00938331253594038,0.009383312262690735,0.005112298075655941,0.00291843231367106,0.0013758644827541744,0.0010070294177888517
2011-11-23,-0.0035857517765710556,-0.00578990789920486,-0.005789908323154069,-0.006102415528814631,-0.005835626004359606,-0.0039036132943697233,-0.0035226852838557976
2011-11-25,-0.005014900558125146,-0.007322850155523364,-0.007322849961267086,-0.007585188690418909,-0.006752920486058023,-0.005222670219780623,-0.0050862167231244815
2011-11-28,0.008263238510373583,0.02003753077738657,0.02003753080332049,0.015509398039590616,0.012057350528615673,0.009179500854594513,0.00847914396491345
2011-11-29,0.00015217974430603576,0.0011863779751841719,0.0011863779218783677,-0.0013119172519451272,-0.001393655129594551,7.87853851429432e-05,8.846621322478043e-05
2011-11-30,0.0033600408678200466,0.02231000919671522,0.022310009565554623,0.013665522567224642,0.010100055602894287,0.005173327675885853,0.0036616191739138326
2011-12-01,0.0011742315474974063,-0.006455057733810721,-0.00465572165124184,6.035494284994947e-05,0.0008354708120172916,0.0011635313222497778,0.0012492987138119638
2011-12-02,0.004202453874913248,-0.0002223645345391656,0.0004658098975485192,0.003964096980503484,0.005018608620357412,0.003910704743542492,0.00410382155846345
2011-12-05,0.0011345736939241124,0.0006754148936443105,-0.007222505004395807,-0.0015698258272532906,7.893212014731255e-05,0.0005229137266073991,0.001042501954701347
2011-12-06,-0.00048120343473045946,0.0006253569024972094,0.002923556280614692,-0.0005727394592595081,-0.00041512429894063896,-0.00021206858110423,-0.00039450504644544804
2011-12-07,0.0021624512015039343,0.00970834225262962,0.008456193454780436,0.0029015167069839087,0.0027848344176721884,0.0026453038165992204,0.0023877471487467883
2011-12-08,-0.00045178778431309574,-0.021860388975003975,-0.021008597598619172,-0.009308072868452477,-0.005614411691769461,-0.00216726134980616,-0.0007508873901356239
2011-12-09,-0.0010641706925118566,0.015491687483227379,0.008881119606993337,0.0015999390048466733,2.7730138035808594e-05,-0.000422915984989114,-0.0009052213010278809
2011-12-12,-0.0010218792728678983,-0.020622467566980718,-0.02360246723032766,-0.009990716855003634,-0.006016862000408296,-0.002892517940743411,-0.0013958407740377599
2011-12-13,0.0006326837957988385,-0.01504367673760132,-0.018484615857768727,-0.008291599904725278,-0.004057767240565946,-0.0012400013397663168,4.322542459878065e-05
2011-12-14,-0.0006058368655184054,-0.0074147439014567995,-0.021351259074155693,-0.010346348552680129,-0.005640615227769374,-0.0025775389518221115,-0.0006107929721408389
2011-12-15,-8.143742087995953e-05,0.010302454341749367,0.00336865846141432,-0.0017472097471500359,-0.0004498382780079302,-0.00014836309684373994,2.850045527802436e-05
2011-12-16,0.00532742311686385,0.013555747703357213,0.016258430249186162,0.011112692378381528,0.008526777375739814,0.00617060689959259,0.005523775489717941
2011-12-19,0.001067825947193679,-0.006683150750621092,-0.004525698605247874,-0.0002611783863057937,0.0009809049296349848,0.0007546786799159655,0.0010790514290903719
2011-12-20,-1.4604592912470515e-05,0.025085891455042253,0.019407034942163115,0.007646813185357537,0.0037581907036934314,0.001291484730802761,5.445680182458723e-05
2011-12-21,-0.0021726944568412065,0.00011699289793520862,0.0006242844528108193,-0.006092106363006722,-0.003340471076176188,-0.002236565201999663,-0.0021750466624834708
2011-12-22,0.0020982119262036303,0.007698410982587278,0.0003909375810315918,0.0018603675312902634,0.0018966235527140274,0.0017180771062632605,0.001982429166196731
2011-12-23,-0.0007503004710710526,0.0035488318155088017,0.0026592093434691932,0.0007864244441044832,-0.00014786304105629533,-0.0004404305422005539,-0.0007123342503649877
2011-12-27,0.001404661408939134,0.00036896857950519113,-0.004188951070259961,0.00011170720778097554,0.0008774632500485602,0.0008195917264171015,0.0012104868902929056
2011-12-28,0.001053079655860989,-0.015931728967972014,-0.02036549071380367,-0.0070864225416577,-0.0035725086083402413,-0.0007994550194112549,0.0006918732224403534
2011-12-29,0.002659192644420605,0.004815829455303122,0.0002728540171306193,0.002107323712865483,0.0018011172974901068,0.0022722810277153727,0.0025720986245039157
2011-12-30,0.0024818438492915096,0.00024133420066729805,0.005412384837646833,0.003405709499338938,0.003567265454106572,0.0029973187635794485,0.002684885963933903
2012-01-03,-0.000941769022200889,0.00844867721040199,0.0190635509370507,0.011687856527049956,0.003948670957564238,0.0013681833203023075,-0.0005739443836646485
2012-01-04,-0.001970484184872001,-0.0170971141103472,-0.0029044505190891634,0.00015636343249525453,-0.0005037150669934265,-0.0012482014106175443,-0.001854442870411921
2012-01-05,-0.00080776329797283,0.009392894905467353,0.007838873022265158,0.0048589756778176785,0.0017169127560499042,0.0007952310696430764,-0.00013581705928444876
2012-01-06,0.0015772950275954045,-0.0032744581691465102,-0.002976137447276317,0.0021532928413157126,0.001538499550961081,0.0017161118201616254,0.0016166807086941404
2012-01-09,0.00021682339609241374,-0.003457335936034478,-0.004010731168969883,-0.00312232789014133,-0.0008761612380764339,-0.0004085115372171044,1.4015036586156882e-05
2012-01-10,0.0006720913911921755,0.011103300280013162,0.012266129458097685,0.006870896140360072,0.0027385331873306384,0.0016367585067540436,0.0008784419228318185
2012-01-11,0.0037003264596016106,0.007035114893634509,0.006337002657328394,0.006114634719333267,0.004189560809383819,0.004065031980746037,0.003853701848373303
2012-01-12,-0.0016195776876706258,-0.007326766181111388,0.0002632039490511051,0.002584445240115585,-1.5467709116867567e-06,-0.000625168462975001,-0.001149223028707791
2012-01-13,0.0020338848589263048,0.002231130479981136,-0.0034987920191006383,-0.0011597110781952358,0.0005057662790624029,0.0013191329129418339,0.0018610292643823634
2012-01-17,0.0018858514378234936,0.00822065144058337,0.00804234511059243,0.0073401628426637,0.003471179304639138,0.0027445117499049765,0.0021145298071358898
2012-01-18,-0.0005157804227428064,0.006964790948866151,0.0073965648975640175,0.004498188491976807,0.0020200388920985635,0.0009116262142916387,-8.819818611449648e-06
2012-01-19,-0.0032408696828644112,0.003879865245671077,0.000513086416372488,-0.0016031557362109483,-0.0022092324779200423,-0.0027068158717651336,-0.003085251724705085
2012-01-20,-0.0020625595746509573,0.006217143011871595,0.005068443392228783,-0.0017783171065964831,-0.0012268279889294798,-0.001679331983820198,-0.0019111658914613416
2012-01-23,0.00013201906814885866,0.00484324713667128,0.005558056795415656,0.0008011877941789258,0.0005141696830059939,0.00010457748077818962,-4.2249932593163564e-05
2012-01-24,0.0010698855988537925,0.0076449536278320185,-0.0014587188739442203,-0.002463767095777336,-0.000375478478133906,0.00029171829051666265,0.0008457758421447359
2012-01-25,0.00728375929271774,0.012864909254700407,0.02096456728929308,0.013396375264495441,0.010165401358549264,0.008672273917859297,0.007637340897274969
2012-01-26,0.004234449431844922,0.007002247351037383,0.00511010174684956,0.003464849692208949,0.003363636622919053,0.0036816338826834993,0.004008629860162483
2012-01-27,0.0015344463437356737,0.0003233535208710947,0.006130431665810843,0.005116703602518147,0.0030430105298142607,0.002371467518073267,0.001718138577251338
2012-01-30,0.000794769236391879,-0.007436095840811285,-0.005731369174431289,0.0013129107222529246,0.0004930788658581431,0.0008795712995339766,0.0009829487941739323
2012-01-31,0.0034509828020190536,0.004886009416992021,0.006172448908854156,0.005871458554856712,0.003768099562017291,0.0036129830851114875,0.0035307217560800463
2012-02-01,-0.0009166938930417201,0.009886375266396907,0.007430349743971831,0.0010838785298044051,0.0003344598189636283,-0.00048341752990943565,-0.0008127796598520476
2012-02-02,0.0015583903991736037,0.002246912122591427,0.004145754469326635,0.0037138020801654736,0.003019986297908561,0.0019845336037340733,0.0017338784563378784
2012-02-03,-0.0031512523838269635,0.013930943588564393,0.004053409575299982,-0.004922293810479039,-0.004377618034296371,-0.003490675286158873,-0.0034473296345112203
2012-02-06,0.0019982561376630237,-0.0031584585664294895,-0.0030404701815178736,0.001365820561685549,0.0013746575187703058,0.0013973745017406003,0.001657362694984732
2012-02-07,-0.003260193030350189,-0.0025349585777758588,0.002479532836860976,0.001662842625799632,-0.00010943198961776979,-0.002221219272372288,-0.002793154831898681
2012-02-08,0.0009937584211523465,0.0017473136604528872,-0.000795559205449492,0.0005829941916644099,0.0007258297244623346,0.0007865903382318074,0.0008620903653904222
2012-02-09,-0.0007085334432812562,-0.00729351907275555,-0.00601987253948677,0.00010573707977279412,0.0001993656182353032,-0.00039076140923033353,-0.0005697501574533081
2012-02-10,0.0004678382474074816,-0.0092637896224389,-0.008106406454463366,-0.0014791795302647737,-0.00034455296616209274,0.0002976387023252425,0.00046855017716418423
2012-02-13,0.0011000870542754448,0.01015666038770302,0.007866795758007417,0.005310779979573299,0.0035282790431545585,0.0016686266642620406,0.0013360709926235614
2012-02-14,0.001419997095465586,-0.010213930494314849,-0.007953324752329793,0.0014500767807152926,0.0017322772069159331,0.0014795828258420407,0.0014754440977227112
2012-02-15,-0.00044601279368261526,-0.005966046087061638,-0.0025382110211356057,-0.0020924877075094717,-0.0013860820299271825,-0.0008314103441203757,-0.0006893299609430636
2012-02-16,-0.0008217135157786437,0.010543527870585878,0.00728783530285515,0.004028092343094425,0.0021395174111777937,7.98039808065365e-05,-0.00039447687061200387
2012-02-17,-0.0011295099659858199,0.0008027562646137909,-0.0005448144325796989,-0.002451732234665993,-0.002104869608665849,-0.0014024445964283538,-0.0012415012122585223
2012-02-21,-7.001323884903154e-05,-0.015557595002779423,-0.004780247258606374,0.0037452562369133524,0.0025513603909750326,0.00036730761329839545,-1.2164999634523e-05
2012-02-22,0.003695231693468415,-0.008471751423314355,-0.0026566306690308794,0.003999929456145246,0.0034902199394182265,0.002972155102164642,0.0032239699478870953
2012-02-23,0.0023203645519844773,0.012487730436871125,0.008888419834668815,0.0034333400505635048,0.0028937942874580624,0.002567461291818729,0.002458723997221357
2012-02-24,0.0016499955202835537,0.0012983763483966904,-0.0004422625224672627,0.001930981935435172,0.001506791736834101,0.0012658826316815919,0.0014416979387426032
2012-02-27,0.0017917901155286575,-0.0016207795618630172,-0.0020513065402855135,0.0019681775097486476,0.0020463684206322164,0.0020274443707786194,0.001987646853685021
2012-02-28,0.001641471038906328,-0.005844071051628874,-0.0010399554152670243,0.006176806405143065,0.00506104250839412,0.002849274203210017,0.0022228354312110454
2012-02-29,-0.0034819378746259178,-0.0040822976125939325,-0.018701547993759227,-0.018234253903926967,-0.013053845619310112,-0.006184788370770855,-0.004779861702712718
2012-03-01,-0.00033376311325172825,0.006066363250959439,0.006066363250971207,0.0038986225001693686,0.0006859240041554582,0.00020187399342042056,-0.0002871214828206181
2012-03-02,0.0013615261542163637,-0.0014668193360197757,-0.0014668193360934945,0.0020132436260276165,0.0018286976933221677,0.001337394507949563,0.0013981979730219862
2012-03-05,-0.003617321537404572,0.010119463739630463,0.010119463737519485,-0.006930567546157396,-0.007079596836100932,-0.003962446332473113,-0.0037092825030696774
2012-03-06,-0.0020583303999666125,-0.013249348972691255,-0.013249348972674935,-0.005206891062478847,-0.0034144961628627124,-0.002500655678640329,-0.0020377640687156973
2012-03-07,0.0003728719835731642,0.005403556264239384,0.005403556264256482,0.002936071405186258,0.0011952775741610466,0.0007494337383664451,0.0004002816475487947
2012-03-08,0.0012876369687939704,-0.005211592819949873,-0.005211592818249344,0.0032944779002967994,0.0022896746854363936,0.0017894464528760423,0.001326966251074202
2012-03-09,0.00041854392067253166,0.004911257596644347,0.00491125759649802,0.004100262063294391,0.002632258351651151,0.0006818126620380394,0.0004381766889918204
2012-03-12,-0.0004977697160949424,0.007331446919974782,0.007331446918737328,-0.0010404849127697569,-0.0009626187270506126,-0.0005676065387439921,-0.00046210509150179657
2012-03-13,-0.0016979133760529619,0.02021706436028836,0.020217064358677206,0.0004948725052398295,-0.001049525609571722,-0.0011653815744063767,-0.0016269062040111804
2012-03-14,-0.008253672380965416,-0.002695401393716157,-0.0026954013944103794,-0.009518159114453306,-0.010375899388359588,-0.00785491313865705,-0.00812333273078858
2012-03-15,-0.0003185659660731588,-0.0014305099662526022,-0.0014305099655476106,0.003543045505705056,0.0013499343936962394,-1.2708570741093439e-05,-0.00031652500527135086
2012-03-16,-0.0008365940605944422,0.0057304915389975175,0.005730491538401772,0.000937291915996008,1.8222306641391128e-06,-0.0009039777520306602,-0.0009142841494236276
2012-03-19,-0.0022263006940462793,0.00696441108459922,0.006964411083969724,0.0005272259550417324,-0.0008855398465910103,-0.0017578576410676172,-0.0021921144159361416
2012-03-20,-0.00015330371812094512,-0.0014147965997667322,-0.001414796600123558,-6.257232853890127e-05,0.0005964599062637799,-0.00010299938263746977,-8.687582576982766e-05
2012-03-21,0.0025512259322140185,-0.0014167171956602775,-0.0014167171953605173,0.003277647899482039,0.0034263676875727622,0.0024549183419801945,0.002523368802231918
2012-03-22,0.0007839999824954536,-0.013713718203588354,-0.013713718202478575,-0.0017706727043468318,0.00027155952131430183,0.000689861850686091,0.0008775559667550947
2012-03-23,0.002301861991132137,0.006233015356756022,0.006233015356645444,0.005403149837367005,0.003665331351703216,0.0023014311393594333,0.0022709576173920443
2012-03-26,0.0030938022713662416,0.011719918876380131,0.011719918876498037,0.010619584398652515,0.006641605077282842,0.003997828078385668,0.0031577199999042183
2012-03-27,0.0038084957151514054,0.00015846697658661313,0.0001584669764236324,0.0012305923899913473,0.003082867102066178,0.0035666014686499548,0.003784786700819387
2012-03-28,-0.002686033320991932,-0.0015824109787082596,-0.0015824109792931251,-0.004436164902005046,-0.003495763056744705,-0.0028367829768441988,-0.0026830900052879914
2012-03-29,0.0020556928150821108,0.0004754086614744413,0.0004754086612335229,0.00021027265097739445,0.0012590896932735962,0.0018207251685200543,0.0020451592718646605
2012-03-30,-0.0033840302638958875,0.008236808171583565,0.008236808170584142,-0.004087724679341931,-0.0059294257443387455,-0.003322145616563854,-0.0034642305634143833
2012-04-02,0.0027997292379851046,0.007070175634171338,0.007070175633789644,0.00710743464611574,0.0054396960226457125,0.0032021801932868854,0.002821460455989744
2012-04-03,-0.005489415896385741,-0.0039000704387061047,-0.0039000704386153995,-0.010037039295199501,-0.009315191251281774,-0.005844933959355703,-0.005508888986351712
2012-04-04,0.0008381582473133697,-0.010963119123198473,-0.010963119122116005,-0.008974770580040481,-0.003959846590582461,-0.00041803769176895766,0.0005426700920116989
2012-04-05,0.0024424273297767307,-0.003800675709571655,-0.003800675709312862,0.004603052651765971,0.004135361582881636,0.0027953425549018807,0.0026608731459749624
2012-04-09,0.004554126953066451,-0.010650170793410019,-0.010650170792420255,0.0021543880350018974,0.004499185064157141,0.004124192223070811,0.004623025279877568
2012-04-10,0.000742596851816657,-0.021529465996861785,-0.021529465995959618,-0.0034129760199381742,-0.0016187085143051227,1.6164277154340212e-05,0.0009199453122508139
2012-04-11,-0.00042308650238609413,0.012807930353107011,0.012807930352333408,0.0014943810203309482,-0.0004277809433695934,-0.00015899703083099848,-0.0004403303380823287
2012-04-12,0.002324216095886955,0.013780672240264913,0.013780672239302794,0.008448977648208844,0.004737883075673244,0.002838171297502079,0.0023837664042865025
2012-04-13,0.0017840927707297727,-0.004157963905075612,-0.004157963904085515,-0.005728113468641327,-0.001706839778680358,0.0006363497763084425,0.001474303405103461
2012-04-16,-0.00024435819835799677,0.013650443033741855,0.0136504430334623,-0.0015219819965758274,-0.0028918684676638717,-0.0010074875215708712,-0.0004954277360045278
2012-04-17,0.0013963815117850054,0.00855489350244798,0.00855489350217642,0.00699381230302043,0.00552532815051765,0.0025982433238982416,0.001637948834204872
2012-04-18,0.0006756304741828423,-0.00675471866015831,-0.006754718659738312,-0.0033761399741172315,-0.0014100152183910142,0.0003665898450824212,0.0007133678658006737
2012-04-19,-0.00016419747515294958,-1.0242917625191694e-12,-9.74664793318425e-13,-0.002828475823786092,-0.0023147015917616143,-0.000901595170152758,-0.0003994444370551964
2012-04-20,0.000596668800196154,0.01217768211247039,0.012177682111982557,0.0019520693637931075,-0.00021942427187449098,0.00015825275067782307,0.00041256557363156254
2012-04-23,0.0001686239350342511,-0.010312325513660459,-0.010312325512918719,-0.004217589781845943,-0.0019284227288878242,-0.0005310070643747,3.4889479600508366e-05
2012-04-24,-0.0009222152054511046,0.014998426592124359,0.014998426591467329,0.0005995621090493231,-0.002285015996694062,-0.0013814314522373472,-0.001151284509562145
2012-04-25,0.0022806827465797763,0.011510288956242176,0.011510288956070092,0.009490733964647724,0.007220518735471693,0.004022549748204263,0.0028104153194636883
2012-04-26,0.002817664182185986,0.002460560504447429,0.002460560504208509,0.006107891502728835,0.004450847928326951,0.0030281008609480686,0.0028889125079027966
2012-04-27,0.0008059512834481808,0.006902828379499848,0.006902828379408366,0.003988604177784794,0.002680105421058343,0.0012782643350908174,0.000940767770459594
2012-04-30,0.0010147373687112715,-0.0025900045927759185,-0.0025900045927023108,-0.0015732816563402974,-0.00144743268039349,0.0002794979706881584,0.0008527420622661541
2012-05-01,-0.0006440879230746877,0.010844877269277298,0.010844875725800174,-0.0004921341760464326,-0.0015165697134472689,-0.0008968684026229301,-0.0006193766768006759
2012-05-02,0.0017787146759593586,-0.001510837454319236,-0.0015108377686240404,0.0012763459358391405,0.002375257783706841,0.002233708472371143,0.0017931148902272653
2012-05-03,-0.0009435782860560682,-0.003481176246652451,-0.0034811769461332576,-0.006606766607757164,-0.004569748859024059,-0.0018899737237726422,-0.001258266031715971
2012-05-04,0.0006482028204468637,-0.008807689741523794,-0.008807688500202193,-0.005495159049920373,-0.004262835908368623,-0.0009542524160088828,-5.620180100307515e-06
2012-05-07,0.00027298249017437826,0.007047704583516001,0.007047703572437003,0.0005688460491026781,0.0006170394906133136,0.0003107662779475717,0.00025457131912554054
2012-05-08,0.0010756267747560333,-0.0018255459819596087,-0.0018255478184077134,-0.00540366020048344,-0.002549635419424101,6.917628130320708e-06,0.0008932444458205069
2012-05-09,-0.0009978250856648163,-0.003200789960179362,-0.0032007906410456144,-0.003940696352556561,-0.0030334952565579387,-0.0012442584761896969,-0.0010028186187933663
2012-05-10,-0.0011181327705217514,0.0007643475017562462,0.0007643476207976896,-0.0007837787386816286,-0.0014462573724914884,-0.001290787013435879,-0.0011373080863716911
2012-05-11,0.002476336220861297,0.0021391846481852994,0.002139183625924357,0.00040634545541640144,0.0013866850533583719,0.0022091900567560163,0.002390487276885178
2012-05-14,-0.00025275820722814313,-0.01265423528000531,-0.01265423546153377,-0.004511545893160274,-0.002262888898246107,-0.0009618892749687635,-0.0003430961813116751
2012-05-15,-0.001436812459374992,-0.005250316005742883,-0.0052503165333751545,-0.003409135619122816,-0.0023505121989696454,-0.001880197872233591,-0.001453443371808305
2012-05-16,-0.0025817209396817864,-0.011021475679134918,-0.011021474750719684,-0.003137080209409171,-0.0016011724479165768,-0.0026589729541436347,-0.0025133892356729026
2012-05-17,-0.0023162470897294396,-0.0291947809344143,-0.02919477568023865,0.0014039126848452987,-0.0010350318396844527,-0.0028333442310167767,-0.0024773470045702517
2012-05-18,-0.0007962003487683722,-0.012126102643238768,-0.012126100116874428,-0.0019552420367829892,-0.0028067272798398823,-0.0014707232905039058,-0.0011342106861234047
2012-05-21,0.0024081206531270105,0.021767792500773986,0.02176779018246,0.010194310156539155,0.007528418082237254,0.0039829586807760275,0.0028943485900176924
2012-05-22,-0.0017650477929629371,0.001922127292761644,0.0019221252980314851,-0.008123661026288587,-0.0064596678937663965,-0.0022600908078628246,-0.0017941593985626447
2012-05-23,0.001071148306839298,0.0014386819401257522,0.0014386814698739148,0.0019690647965435737,0.002319189235442387,0.001444795159604162,0.0011902631763858196
2012-05-24,-0.0012145427406154985,0.0044701256877794915,0.0044701250644951784,-0.0028188370403283702,-0.002531889239430485,-0.0019327973730741688,-0.0014189625958047625
2012-05-25,0.0009045513504433167,-0.003973127860256942,-0.003973126569086882,0.0025763457034171378,0.0026409753605156627,0.0012760249128456191,0.0009667849802537098
2012-05-29,0.0030125304211512383,0.014200921956675439,0.01420091930819778,0.0015148099371624646,0.0015255424676581253,0.003017564403196449,0.003065518201499362
2012-05-30,0.0036153599184640672,-0.02375677923222863,-0.023756776160680282,0.003622408639202046,0.003999935252894549,0.0036908960744914676,0.003566223244592326
2012-05-31,-0.0008978793246564587,0.007574471752245682,0.007574470736554595,0.0027719300571293903,0.003718041143135231,-0.00040516140776991616,-0.0007071208725694111
2012-06-01,0.0008323490756010354,-0.02447212090097617,-0.024472120771905748,0.0028306721786215405,0.003815839726603487,0.0009687000939517798,0.0008188987743691367
2012-06-04,-0.003345575343844165,-0.0068865003455192975,-0.00688650034536642,-0.0043392959989275726,-0.0024552122595102865,-0.002816352942551892,-0.003343163847779995
2012-06-05,8.477610599322283e-05,0.020637350398682974,0.020637350302907365,-0.001057889001159551,-0.002786938189478505,0.00022239770485033006,9.903101581354434e-05
2012-06-06,0.0007436731290610954,0.022160899116372645,0.022160899005853274,-0.00011281774602711625,-0.0002483437672391453,0.0011503169959197201,0.0007578619938539699
2012-06-07,0.0024654154487282476,-0.00712122481057631,-0.007121224789199521,-0.0028847723586389318,-0.0018472891117191637,0.0015656288891765513,0.002471523831941713
2012-06-08,0.0021619747738597095,0.014185671342134443,0.014185671303254876,0.00543170765074219,0.0041969730079238765,0.002618056015756265,0.0021664178427915903
2012-06-11,-0.001440293924823477,-0.02247391078976957,-0.02247391071892335,-0.00655213961663903,-0.004739547302695879,-0.0019307393251253302,-0.0014436223850566865
2012-06-12,-0.0005076189609907189,0.00948561233458367,0.009485612287910783,0.0006213953182250265,0.001062551408735013,-6.981024124619317e-05,-0.0004941993233826825
2012-06-13,0.00187822437494356,-0.005096258020225175,-0.00509625798264024,0.0024635107365000852,0.0022396939456967857,0.001840476079861153,0.0018725876025296184
2012-06-14,0.0013976625629248396,0.0145670606796513,0.014567060636984985,0.003990079699292881,0.002749617570123597,0.0009192928195009831,0.0014050882390823638
2012-06-15,0.004068565275620939,0.006153258127947536,0.006153258126592176,0.006743633253915027,0.006556152454362252,0.004592374986748249,0.004070917506161065
2012-06-18,7.25878119451906e-05,0.008311250390671043,0.008311250381254354,0.006610837868886943,0.0056218082779364575,0.0009675105931361561,7.340901075281181e-05
2012-06-19,0.000715378379610776,0.004043341330120631,0.004043341288955782,-0.0036439575663412827,-0.002397631451302118,0.0006758382141007768,0.0007245963398676558
2012-06-20,-0.0006297680521317739,-0.0004645755607486368,-0.0004645755487807657,0.001985268875836832,0.0021512637080753905,-0.0003345670722424421,-0.0006150340543081834
2012-06-21,-0.0030416385984766148,-0.016271471003189375,-0.016271470952897382,-0.007991552024473547,-0.008416599074597464,-0.004037634569996618,-0.003048222939058376
2012-06-22,-4.210970510276635e-05,0.0001573265711776184,0.00015732654032474258,-0.004261819553206259,-0.002248381920968101,0.0001719899460275176,-3.3704960225033886e-05
2012-06-25,0.0020936508071558446,-0.005097528379445548,-0.005097528332002166,0.0024549136168412478,0.0014186704145469076,0.0011383689698643007,0.0020759597050503675
2012-06-26,-0.001313263360653405,0.0033519854201393695,0.0033519854011039296,-0.0003303004384713759,-0.0006199638162837084,-0.0012265174508783172,-0.0013150670170608558
2012-06-27,0.003319916981961546,0.003977278509861959,0.003977278504414761,0.0030517574557069604,0.0034331974279553368,0.0030649422692583528,0.00332516477721434
2012-06-28,0.0015549360044837535,0.010933030843782054,0.010933030816867584,0.0011281939584941725,-0.0016108393564648882,0.0008309758133455691,0.0015571237535403348
2012-06-29,0.0024717985010596077,0.025548675113132857,0.025548675019465783,0.007777628457388053,0.007539544346924387,0.0035868622237489323,0.0024705216824885134
2012-07-02,0.0034257832756166007,0.01100395016628064,0.011003950155118236,0.008583417746329092,0.007587380067384686,0.0036923916576614424,0.003446735398705325
2012-07-03,0.00024407801957981867,0.005895756680388331,0.00589575667748532,0.001182557193841749,0.00043777260558997,0.0005610473897801338,4.000912501811449e-05
2012-07-05,0.0015338818118084685,-0.0061618455745448,-0.006161845565445412,-0.0010762829590654777,0.0006503354103071235,0.0013623883104447732,0.001494825047592352
2012-07-06,0.0009552870432492089,0.0024196764929569348,0.002419676482265931,0.002226116814030288,0.0011403211637133204,0.00035251066888775107,0.0011428949186373938
2012-07-09,0.0020518724789124754,0.0010561866457365898,0.0010561866503409068,0.004298623046735894,0.004104911728413541,0.001739815120125776,0.0018919195223259244
2012-07-10,-0.0016612092272493273,-0.010699359157111732,-0.010699359146423393,-0.0051171622145183004,-0.004076163512616193,-0.0021582033173559445,-0.0015936446197741816
2012-07-11,0.0004943348366517331,0.0010661634792623609,0.0010661634802959785,0.0009302733773233207,-8.528090054527038e-05,-0.0003303739323150534,0.00042965809824546675
2012-07-12,0.0005992662215557054,0.0030434044379776815,0.003043404432319985,0.0029698913626845513,0.0017054298972654092,6.688472156923808e-05,0.0005504882986513415
2012-07-13,0.001496793606698077,0.012287582031858646,0.012287582019408605,0.005654695628617423,0.004994848447849032,0.002133836141881895,0.0014249804144046418
2012-07-16,0.0003655556955350914,0.0019481178748739225,0.0019481178738975924,0.002500292891500111,0.0019935552382359667,0.00040330162497559385,0.00020794089519826642
2012-07-17,0.00011725312702437485,0.009572243457995677,0.009572243436359651,-0.00018196209355680892,-0.001153771214942867,-0.0001450409547223419,0.00016254472668753017
2012-07-18,0.00240608587235025,-0.005925675260799013,-0.005925675244836337,-0.0007159598883467178,0.002015827061680353,0.002695038644383363,0.002368298966013649
2012-07-19,0.00012122574612916104,-0.010432489260065902,-0.010432489237347742,-0.003375944767617489,-0.0005769897053755635,0.0005793685170532026,3.798677521293925e-05
2012-07-20,0.0006378211782895882,-0.0052709208624571735,-0.00527092085084957,0.0024167331619471266,0.0019675653847646135,0.0001744928746940655,0.000579690148875045
2012-07-23,-0.00033448909597877385,-0.007267262885362946,-0.007267262878699499,-0.0016676405997489985,-0.001609756294765563,-0.0007667627826865031,-0.0001591262242197633
2012-07-24,-0.001104936729374062,-0.003355218694590212,-0.003355218686851291,0.0019443509756917887,0.0015987227299669726,-0.000767679101021046,-0.001120156522464999
2012-07-25,-0.00011470154606685323,-0.00045905916039223893,-0.0004590591523057075,0.0018079772864785237,0.0006487876051735064,-0.00033736659481353737,-0.00020578717672459224
2012-07-26,0.0018878519678491301,0.008879380414929194,0.008879380403342685,0.0009222931595127548,0.0005666554314338601,0.0017506064964225576,0.0019875722020465947
2012-07-27,-0.0017068364634215127,0.00955978488032816,0.009559784863035325,-0.0022970774720323384,-0.001897828047322081,-0.0007581709329442798,-0.0017239764360601484
2012-07-30,0.0021438721986613007,0.004659398710595619,0.004659398706259976,0.004756571724434666,0.004224332248340845,0.002053505088191132,0.002084277063519213
2012-07-31,-0.00017632711088544362,-0.0014956941426342851,-0.0014956941433762472,-0.0002943373325199339,0.0002345833974382039,0.00039676116979858733,-9.373318516359141e-05
2012-08-01,-0.0007209894745939804,-0.004795040668978068,-0.004795040724111743,-0.005292544158840062,-0.004788318684605164,-0.0019028232168000203,-0.0008064474492949225
2012-08-02,-0.00030346023986982384,0.002860696432902099,0.002860696347032343,0.0031093623257616443,0.0023365887398600904,0.00019669340198569252,-0.00034375401478980994
2012-08-03,-0.0005345751455382297,0.007806510270359945,0.007806509830796005,-0.00322418947037717,-0.0020327605435740415,-0.0001479093680852861,-0.00022383502967160407
2012-08-06,0.0005198229748450967,-0.0010426581331234308,-0.0010426580180118439,0.0003347576359749027,0.0016484458538199576,0.0012129230256392454,0.0004721780294645317
2012-08-07,-0.003333230978969426,-0.011780697201405066,-0.011780697040761567,-0.010841295746238933,-0.0075421425330526315,-0.0030996672200620523,-0.003272620620191846
2012-08-08,-0.000512482533765346,-0.006790216303181995,-0.006790216152566475,-0.00516413965948237,-0.004098096495663173,-0.0008843676934885414,-0.0005277790546235339
2012-08-09,-8.417862744669602e-05,-0.003190468503188826,-0.0031904683575109116,-0.0012737639772021359,-0.0003398880443870045,-8.54949887003631e-05,-0.00021804989688700704
2012-08-10,0.0014228233479507413,0.0013716401528902633,0.0013716402193970634,0.0030475911160214864,0.0029676541259706646,0.0017873518745505912,0.0015794149960932646
2012-08-13,-0.000562739702009929,-0.0007609430477902857,-0.000760943164337391,-0.0019155734680086356,-0.0011228989782402499,-0.00029181828842306246,-0.0004228341507622746
2012-08-14,-0.0025753496768630146,-0.0021324068343557823,-0.0021324070993085087,-0.007792725385038501,-0.007275390116417979,-0.002985866622356337,-0.002580094067114347
2012-08-15,-0.004152775160489841,0.004579299422244221,0.004579299045920582,-0.004204990582679535,-0.004853689778467785,-0.0037434059125258656,-0.004219691189832453
2012-08-16,8.255012767444114e-05,0.00759742817446174,0.007597427850406069,7.570481160179554e-05,0.0004872193215601506,0.0008274781627739536,0.0002346870691438685
2012-08-17,0.0008773936466497378,0.0003020833409996815,0.0003020834365849989,0.0024953201738613373,0.0031966238087250964,0.0012985233903901605,0.0008880786373697269
2012-08-20,0.000875973970594579,-0.002864735119907591,-0.002864734935157154,0.00012199809381718829,0.0007914223089577899,0.0008213603790978574,0.0007709002143618804
2012-08-21,0.0013546407426052731,0.0021169260536471057,0.002116926206947145,0.004005081650192421,0.002569547748181078,0.0008928403893928571,0.0010394335464485316
2012-08-22,0.004752820622029086,-0.0006036487379805777,-0.000603648254192457,0.008529341456559703,0.009224696536645371,0.00551048481605898,0.004629318501202295
2012-08-23,0.0004438775960506902,-0.0030193543117119637,-0.003019354010737385,0.0015431442068796208,0.00041777540210286013,0.0003893318883891883,0.00025886240289541007
2012-08-24,0.0011317210215409101,0.003331419726473994,0.0033314196022784515,0.0010538074466037717,0.0014889174117040938,0.0013659416968268001,0.0013936045530977825
2012-08-27,0.0012324996600256988,0.003018284442871888,0.003018284392438897,0.0035311832321103243,0.003486370538343442,0.0016071809080873134,0.0013267510791792336
2012-08-28,-4.4409120888322384e-05,0.0034607517259823695,0.0034607516767108937,0.002740683641950792,0.0020520499991727448,0.0001729081660244436,-8.665748085601166e-05
2012-08-29,0.00011093238810722106,-0.00030012611432339575,-0.0003001262814927852,-0.0028762841017022645,-0.002582316031820908,-0.0003333836911968424,9.25499184267764e-05
2012-08-30,0.0007108073748651744,-0.0022496159805480698,-0.0022496158179386994,0.001308103543727901,4.191868419156641e-05,-6.844884116330441e-05,0.000439476386177029
2012-08-31,0.00541455366802035,0.00315697334897469,0.003156973850193978,0.010502781865966648,0.010466439489499324,0.0061548846136658675,0.005307434791031351
2012-09-04,-0.0014687270644164752,0.007043116810112604,0.00537315570932817,0.001406184375221775,0.0005359138649709827,-0.0014402312016279506,-0.0014962570709369238
2012-09-05,-0.00027375990202838096,-0.0017856858599463177,-0.0018173302981845385,-0.002893398406638048,-0.0024712815766094742,-0.0003365882420633959,-0.00028942435875034533
2012-09-06,-0.0012391023043514249,0.008944792044048855,0.006162386010611254,-0.0005380232105229865,-0.0008282623600792682,-0.0001769663430593038,-0.0011597737811582798
2012-09-07,0.0016519297987498405,0.0008864329914402003,0.004849556940930366,-0.0001633394367409613,-0.000256327095032427,0.001817536845760248,0.0014358962698934885
2012-09-10,-0.0005413944921477398,-0.00782413931924264,-0.0069738824682793465,-0.00418753678725392,-0.0032386047267340956,-0.0017355991757552758,-0.0008530159485216071
2012-09-11,0.0012329382942299905,0.002975934122127377,0.0025361980486164892,-0.0019332712521358264,-0.0012103951454801587,0.0006203263289576988,0.0009590856843995077
2012-09-12,-0.0018153431678760157,0.002076498436895724,0.0007532600530053557,-0.004353367482023307,-0.003962615068283215,-0.0018502913027134138,-0.001894180319816141
2012-09-13,0.004753308565780046,0.012287310600229917,0.012967497220843338,0.006163140721491045,0.005279044443134762,0.005542450451962111,0.004709175271125465
2012-09-14,-0.005438185125988815,0.005557321874098742,0.003034996969938586,-0.007958706458214726,-0.008262599844408691,-0.0045808748409605915,-0.005299935934234723
2012-09-17,0.0005775934511811354,-0.002908849810372094,-0.00315396575286897,0.0035893199457528446,0.003642850719323354,0.0007524403743723873,0.0007555455509089537
2012-09-18,0.001580535988118248,-0.009480442991065319,-0.004948879010349128,0.0003640379491360868,0.001231838420889586,0.001980725246473858,0.0016623114945619744
2012-09-19,0.0009274849269109708,-0.0055961682812610825,-0.0036319751263288458,0.0016376489930054472,0.0019124516663593383,0.0012517345742895092,0.0010270546809070247
2012-09-20,-0.0011522285256811982,-0.01480792344778048,-0.010891777623466603,-0.003376100956230199,-0.002401748364133538,-0.0010635969968066927,-0.0011286194037007924
2012-09-21,0.0008785706288989559,0.00015022690950838857,0.0008034970997763402,0.0008674553060197265,0.0006381503679093736,0.0010436931409048,0.0009395715364972634
2012-09-24,0.0007860153515852897,-0.0037112924339675057,-0.003346134166151815,0.0007363892063028121,0.001001049726612857,0.000180910094768727,0.0006300754340933246
2012-09-25,-0.0012086463848963724,-0.014748123869989471,-0.010347458057855974,-0.002592043494970997,-0.0021555407543981664,-0.0016586933483506705,-0.0012687078367258353
2012-09-26,0.0005919246343462081,-0.0001543854623716756,-0.0006650636782683517,0.0026283506519189093,0.0019962343748616274,0.00015289614767866055,0.0005551567886599162
2012-09-27,0.0027887578552114878,0.004321453025326605,0.005904518408481829,0.0019961289401311255,0.0026328277314022763,0.003489643544897447,0.0028568369937886917
2012-09-28,-0.0017449913502914915,-0.0015366494903288341,-0.0016408398369252009,-0.00200385336008313,-0.002321069933522213,-0.0021893782871360568,-0.0018614486143837539
2012-10-01,0.000731029051870058,-0.0032568171860867245,-0.001550410413091896,0.0004332208689428185,0.0006974098224543646,0.0006310387953027963,0.000672040817512487
2012-10-02,0.0004155020351765959,0.0038775314794681215,0.0024874338476157387,0.0011139158370121471,0.0005412684435259774,0.00050537120377947,0.00041740361818387584
2012-10-03,0.0015144659098935698,0.0019157655207213686,0.0016737306087879489,0.002353405879570225,0.002166272994838625,0.001985973021241705,0.001498259685958292
2012-10-04,-0.0005755417603683366,0.0027847388595747535,0.0011449401582683816,-0.00261914016993392,-0.000989916108851463,-0.0006946459473602395,-0.0006458508211185654
2012-10-05,-0.003103987893734228,-0.0017323220859251087,-0.0038201038367741136,-0.007328766757196736,-0.0045279474095543115,-0.0036490626882443866,-0.0032442183826807414
2012-10-08,0.001253041335796956,-0.002639108045448091,-0.0011842592641509997,-1.565603965114626e-05,0.0001529876375101491,0.0005068419847040762,0.0011623071017943243
2012-10-09,-0.0027393048740304016,-0.004741172512281344,-0.004509637921796039,-0.006421022664346521,-0.004746955396627506,-0.0038485901733633643,-0.002817500972611797
2012-10-10,0.0003824163753696208,0.0019363351232530857,0.002297709445088225,0.0020026324543642726,0.0004894816203262486,0.00029461494591309645,0.000440167748417597
2012-10-11,0.002361668166291686,0.00074667880755519,0.0018843321002794955,0.0024494857054429,0.0015919811532651984,0.001723790429893679,0.0022904245969816994
2012-10-12,0.0003186796595628927,-0.0051577796305493084,-0.004346957888208491,-0.0012465109555778175,-0.00022922705511840835,0.00017277661493264596,0.0003288047983689424
2012-10-15,0.0020070224768986566,-0.0004291192336068894,-0.0019159656163667549,-0.000244232412076828,0.0012318895507157368,0.001699252117379313,0.0019356553440186275
2012-10-16,-0.0011204208744993727,0.006227506685889672,0.0033704071218074727,0.00019998031643697622,0.0001841898422074717,-0.0002221879645278868,-0.0011040381832152502
2012-10-17,-0.0029954384147583557,-0.0012962381042377347,-0.002164673731472666,-0.0040353495008652596,-0.0034745597104739456,-0.0032575157811554067,-0.003147849268532399
2012-10-18,-0.0015535461315340227,0.004079403935244308,0.0015735325133279243,-0.004448963190796795,-0.0033853239586445483,-0.0025842929355885946,-0.0017325732116446613
2012-10-19,-0.0002342826893456662,-0.009347171609195626,-0.006348225527372575,-0.004111855714525103,-0.002715302235422268,-0.001657060575694147,-0.00033381022686229667
2012-10-22,-0.0019666716641560944,-0.0014204687737833233,-0.0014889982228522003,-0.0013572036772918628,-0.0010907196763449978,-0.001311292978548817,-0.001903829660992784
2012-10-23,0.0009008042901881286,-0.011253651874902237,-0.007853306723089815,-0.0010050356642015146,-4.270873096789973e-05,0.00045150097903778885,0.0010234095528576237
2012-10-24,-0.001794743974443791,-0.0018897975077590834,-0.0032330518734396962,-0.00558179272722803,-0.002740600096918122,-0.0020002707053993207,-0.0018169518614454816
2012-10-25,-0.0015939173003287621,0.0013055711638736422,0.0011084465482560368,-0.0009947232283368246,-0.0013904600525186384,-0.0015268507693240174,-0.0016763418750079806
2012-10-26,0.0032194974933263953,-0.005283904641353643,-0.0018403850057460147,0.0049669748409213454,0.004005026845079751,0.003508128124628307,0.003341479609122011
2012-10-31,0.0028132334823522953,0.007912757883621557,0.007302933791911492,0.0035860665772549094,0.0023569788586734752,0.002366145511272677,0.002710442174131522
2012-11-01,-0.0006713047434886432,0.004815071192709741,-0.0005374548539471835,-0.0004975565445070051,-4.7076177234872674e-05,-0.00019203223466646158,-0.0005318966654368484
2012-11-02,-0.0005907182577038483,0.006647451514393943,-0.001068127433751509,-0.002865539524264049,-0.0028316373727981237,-0.0014527159487828234,-0.0006790766669729775
2012-11-05,0.001191659737027173,-0.006603555025374019,-0.0012876114626994006,0.0023716542729821377,0.002293735105362016,0.0016988198735479187,0.0013865907789321064
2012-11-06,-0.00179047394841636,0.004328455865068914,0.0037830602377912914,-0.0006520750687817323,-0.0009062337598919612,-0.001598509104664081,-0.002025646726154351
2012-11-07,0.0017411573539127811,-0.004463542006947874,0.002491760080564509,0.0028825361842395036,0.0008728847010104346,0.0012566841773040682,0.00173727825083958
2012-11-08,0.0009553588383512945,-0.01190458805038952,-0.0005589408945833041,0.0019342968194069332,0.0009286675971442726,0.0006159881951899315,0.0008336247002593833
2012-11-09,-0.0003732555075748323,-0.002660124725392121,-0.0013160696358038848,0.00042542746284524036,0.00021567425025392772,-8.284076603870538e-05,-0.0002379153274519874
2012-11-12,0.0005355548271270827,-0.002353558951438184,-0.001261148224649622,-0.00012379677405116585,0.00027114285484985956,0.0003944633785002427,0.0004956368196415983
2012-11-13,-0.0001971614547541245,-0.0007861250153446964,2.5145804150472628e-05,-8.823440566640972e-05,-0.000721847445311119,-0.0005745374497857503,-0.0003288984080210833
2012-11-14,-0.002361126716603157,-0.018728489723684683,-0.009474836809986842,-0.006308506450194873,-0.0031141305789125218,-0.002393403383586512,-0.0022742138145495083
2012-11-15,-0.000553220026135226,-0.004651104585785548,-0.004282373027478359,-0.00338509516109331,-0.0015803800211200425,-0.0008901367112046366,-0.0006246966292404732
2012-11-16,0.0016042780974230286,0.006123150891107709,0.002660980525192036,0.0017240440514725286,0.001474881765516134,0.0015242688668211102,0.0015722995039719745
2012-11-19,0.00395400243110311,0.012331659893480396,0.007450141964652879,0.0058892030244044324,0.005619325093867422,0.004646616017502492,0.004064040127845336
2012-11-20,-0.0025494638262172353,0.0074357602128209965,0.0006114722906627179,-0.0029708618671624443,-0.0028034811655669456,-0.0025130629949240424,-0.002562840317279269
2012-11-21,-0.0008805654038762656,-0.0017274551243930958,-0.000837039276963436,-0.00023562621160289066,-0.000474853982444956,-0.0007765694251079536,-0.0008752545779284748
2012-11-23,0.0016159241487418985,0.007393404849231011,0.0062410019894518776,0.005489605701852307,0.00360705093879643,0.0023197983269378497,0.0016787113420622113
2012-11-26,0.0009791992253682658,0.0020300173019220935,0.002071728479823731,0.0032914227633873416,0.00187042583660757,0.0014244045833473606,0.0012410715961799212
2012-11-27,0.001391942348392794,-0.005610010535823551,-0.002833314474398607,-0.0007511407236538981,0.0006583101865282881,0.001212122963083706,0.0014583450268306208
2012-11-28,0.0014039871697009154,-0.0012536753346704677,-0.0037752638426663543,-0.000974128434790944,0.0006661313334759278,0.0012292051122009262,0.00141281549952188
2012-11-29,0.0023282543649529863,0.005491764498958496,0.003726929874562135,0.002953855835849284,0.002683462362493172,0.002489145304404472,0.0023756700840185108
2012-11-30,0.00035501768844503623,0.002028749934266161,-0.001080048868040362,-0.0017774375262277209,-0.0007172875318773864,-4.14372147590214e-05,0.00026674327952691534
2012-12-03,0.0009942798993498592,0.0032910472419294123,0.002464756893432174,0.0008582265498713326,0.001019473070426935,0.0010264882672463838,0.0011102981372235199
2012-12-04,0.000962189365804722,0.002573584643295712,0.0035397294464887263,0.0024249842702841473,0.0008937410929956702,0.0008104602143561568,0.0009857862834359299
2012-12-05,0.001073877786094135,-0.0024612911609430688,-0.0019580449066862737,-0.003640517238010288,-0.0005406449487966869,-2.5397512086744456e-06,0.0005384248002824332
2012-12-06,0.0011144773224462945,0.007577136757932701,0.005840256031153901,0.004689206129223189,0.0018035926098900479,0.0014354159784677467,0.0012351298596915417
2012-12-07,-0.0020627666708843417,0.0005649233148870003,-0.0026277765101071493,-0.004971494934026599,-0.0029927095316718555,-0.002584479893399605,-0.0024305828655288853
2012-12-10,0.0008667174826118007,0.0007094681638750711,0.0019067044518099596,0.002996389345776951,0.0014473920839943588,0.0011290165931567842,0.0009722612850411316
2012-12-11,-0.0004178177168668862,3.5963757194723556e-05,-0.0021829463221262335,-0.00019392375790494576,0.00023087634255336553,0.00015115319187986032,-0.00017703352558529062
2012-12-12,-0.0016600414079247505,-0.004868505901709619,-0.006939905736576546,-0.0067359369878083886,-0.0023923293363642406,-0.0019095764773999768,-0.0017787156681927652
2012-12-13,-0.0027522966926505354,-0.0056801190184234684,-0.003713195648809786,-0.0036773417442566014,-0.0031372253159065444,-0.003025796266497238,-0.002826302495782862
2012-12-14,0.0008863091457032013,0.0016715022478270836,0.0033340887209023506,0.0012756025800575443,0.00029941287043144804,0.00032502870857009647,0.0006569738518835688
2012-12-17,-0.0012647504572623758,0.0004049405631765257,-0.004243403387766298,-0.002989810680005256,-0.0010544716327417492,-0.0009960327575717631,-0.0012312290109951496
2012-12-18,-0.0014484708086175413,0.005466851972747433,0.000741749066064834,9.228335136013399e-05,-0.0011316566264987227,-0.0012446740850895477,-0.001315270603797214
2012-12-19,3.437622009783148e-05,-0.0002797715598689132,0.0007669796684972585,9.673654363262507e-05,4.353557205427627e-05,0.0001265178239391318,0.00017371687881939657
2012-12-20,0.0018592160887391795,0.010092343649519053,0.006882295931218918,0.0022169939028811037,0.0010275840962865601,0.001161653532075313,0.0015941579962321928
2012-12-21,0.00012069544996085035,0.0012501937969564558,0.004039055383882495,0.002556058763959701,0.0001965397986969375,4.632289112516119e-06,8.503812740623395e-05
2012-12-24,-0.0019783717772982046,0.0005976614855787155,-0.0001791025737329921,-0.000961815178932901,-0.0017711023170106088,-0.001792034176145707,-0.0019237718433693374
2012-12-26,0.0017493082009332195,-0.002787104525687867,-0.0009071471598945946,-0.0013256653518309847,0.0009156727409593834,0.0012344936218715574,0.0015687648545725796
2012-12-27,0.0018047716352411758,0.0036003502575452373,0.003451115373018121,0.002201633670930292,0.0017479170790735132,0.0017524411842553267,0.0018010022811922877
2012-12-28,-0.00014436697976694113,-0.0036863832009589315,-0.0008646922138255686,-0.001138305345455004,-0.00042985926739258495,-0.00022097630515049982,-7.704041512224258e-05
2012-12-31,-0.0007490937170321343,0.004006581679033561,-0.0023772115958712314,-0.0007077842129477041,6.133429194221662e-05,-9.099605241402742e-05,-0.0006097521326238198
2013-01-02,0.0015421290178749825,0.0022951547233525105,0.00029831794779555665,0.0033224817199675183,0.0028529653370652497,0.0026249711053092373,0.002001690323497618
2013-01-03,-0.004423222840700847,-0.00534167259419327,-0.007247612715797436,-0.008613128289500893,-0.004865992010383402,-0.004740240907143756,-0.004441417880449383
2013-01-04,0.0005779203490712259,0.0043643080886688335,0.0034346700462235535,0.0018523067775835234,4.616629298936914e-05,6.964727519642722e-05,0.00046744539006193797
2013-01-07,0.0005263155401897812,0.0015427273579937673,0.0006357866343678076,0.0002474538965933082,0.00032311952742025696,0.00045342282741378526,0.0005473859611242471
2013-01-08,0.001170123359008013,0.001331824528146619,0.0026735049755508555,0.0028827767317292086,0.0014108350989374685,0.0012869067406191537,0.0011335618494652255
2013-01-09,0.0010669719446025905,0.00138760889831957,0.0008613743102994231,0.0009499206195286991,0.0011754541418877995,0.0011863535568870098,0.0011508138466185258
2013-01-10,-0.0007925302455660255,-0.0004241405388383246,0.0001223204771296782,0.0009397890619895488,-0.000345349461695621,-0.000558643571508588,-0.0007895886091282556
2013-01-11,0.002466042884820885,0.0030586000903567445,0.003133328331887064,0.003886194707016344,0.0021556050000790528,0.002422824644981336,0.002559160162509677
2013-01-14,-0.0006239202353238715,0.0006734618920458679,0.00036091016544426147,-0.0013174513229268214,-0.0007079103611056237,-0.0009211156471161663,-0.0008215190035369968
2013-01-15,0.001476490920669038,0.004693855142066328,0.004831546562203304,0.002835399239916603,0.0015292747944357643,0.001280356279418804,0.0013782667631283552
2013-01-16,0.00032772369928402156,7.371186831717225e-05,0.00042721226121766875,0.001586976816054353,0.0007509644561491946,0.0006770875989492442,0.0004540951766367485
2013-01-17,-0.0012941943248208077,-0.0019358308667886126,-0.0025867522778995067,-0.002698252064531226,-0.0012029029660368673,-0.001268692028829621,-0.0013349980870633882
2013-01-18,0.0023488631727144327,0.005595071475574809,0.005240929306755238,0.0040715617668489745,0.0018587451330589477,0.001867753386951776,0.0021687693872420866
2013-01-22,0.001020121691983844,0.0039045295764115195,0.00356738469946416,0.002757034132415237,0.0011308984053923776,0.0009172719696473042,0.0009558510018992106
2013-01-23,7.227522994379676e-05,-0.0007527449588916602,-0.0010595490469886837,0.00021894984556181107,0.00041159282799396735,0.0004052998108283745,0.0002299269945698068
2013-01-24,-0.00047252307285394757,-7.251202302971382e-05,-0.0016164504975881844,-0.004932795105561882,-0.002211976597012111,-0.0018448455217384696,-0.0009065108189754145
2013-01-25,-0.003918346136966733,-0.0016977806307623133,-0.0038136219536655247,-0.004541054471482009,-0.0036699429438213915,-0.0038186422831879563,-0.0038409100061844725
2013-01-28,-0.0014748030023939984,0.00025734840220370536,-0.00056315169327259,-0.0008243940200541866,-0.001190296337208685,-0.0012711099505567924,-0.0013890829814564576
2013-01-29,-0.0011790267719521408,-0.0002629843194843495,-0.0006266127561521673,-0.0015001009331624404,-0.0009762459968832848,-0.0012735074572218785,-0.0012965777055073957
2013-01-30,-0.0019146100050151382,-0.006607856975274995,-0.004566235028039545,-0.0028860723718684422,-0.0014390203425036496,-0.0016834798516067728,-0.0020133423849181264
2013-01-31,-0.0005831066755952463,-0.001904086854907061,-0.0012802523212485095,-0.0001305546220309317,-0.0008856397556320506,-0.0006949460028039534,-0.0005868592418405427
2013-02-01,-0.00034623677184730806,0.005859939294102778,-8.826156298247234e-05,-0.0017291539198316386,-0.00019085387403927623,-3.6332664405946957e-06,-0.00030527035065341934
2013-02-04,0.0013824259444907838,-0.0023303800717243695,0.002681879222415917,0.0016322610558865414,0.00018622785090816052,0.0007965881263576335,0.0012286447688605318
2013-02-05,-0.0007233436748257382,-0.0023356733560716547,-0.00394288749491456,-0.001533146508962524,0.0002875093129592887,-0.00020529363491195163,-0.0006139088411711846
2013-02-06,0.001393040511997734,0.0035118626703389832,0.004733423928488634,0.004092920211728357,0.0017675810834307804,0.0011791691146796346,0.0013030480180582504
2013-02-07,-0.00034925404189412035,-0.004228581586093849,-0.0035492530522384103,-0.0021703847864267267,-0.0006352425376694448,-0.0002690682210426676,-0.0002902616406957881
2013-02-08,0.0010694177872425659,0.009225106273581085,0.006304657239736056,0.006182902251209876,0.003095082444306785,0.0014044383427949114,0.0011722167269121453
2013-02-11,-0.0007077306980540765,0.0014511236863359311,-0.0008263165307529352,-0.000794981772602843,-0.000933118794468224,-0.0009636703828368454,-0.0006940483122277463
2013-02-12,0.0003659938326663337,0.007533821842266031,0.0038873449228713497,5.272884350637774e-05,-0.0005859781343388049,-2.0112253919735146e-05,0.0002294894963854599
2013-02-13,-0.0016085996041593775,-0.0005751117705978803,-0.0033004005052027496,-0.0034416671334668303,-0.001895904993225006,-0.0015083518131427942,-0.0015464539669637345
2013-02-14,0.0025551758707060834,-0.004172310959998482,-0.000468144508096624,0.002552523712758825,0.0025468174906386754,0.002283568724482654,0.0025269519381934114
2013-02-15,-0.0007132257415541909,0.00043318604385311765,-0.002597307934512405,-0.003058384861282626,-0.0020090810323338815,-0.0012770747746163602,-0.0007560797686725351
2013-02-19,-0.00020899659511997015,0.007943551188484665,0.0029599315652883984,0.001190603261467249,0.00034855652768350787,-0.00010780199349147424,-0.00019415428762215026
2013-02-20,1.3452465447150175e-05,-0.0064479884969163015,-0.0060339100263876455,-0.005529263295746989,-0.0030566310137248864,-0.0010957539128820803,-5.371302941403755e-05
2013-02-21,0.0009295993339062392,-0.007499275791175264,-0.0018763827602017447,-0.0010664838090652662,-0.00011609454766348115,0.0007224456789445277,0.0008620402178607378
2013-02-22,0.0021958770132652905,0.010026240028303102,0.0064148188363670755,0.005235604205039213,0.003385068207411246,0.002398829953481618,0.002217866238604982
2013-02-25,0.002651454861778202,-0.018990200314860317,-0.004614583200392208,0.0019010315172405257,0.0027654829981909046,0.0029038064003690245,0.002811675697290905
2013-02-26,0.000679502823343503,0.006892494955973438,0.003829122066677293,0.0008057916580732627,0.000734348118774486,0.0009085710213037057,0.0006396643688457715
2013-02-27,0.0010044445355823495,0.007282419004985385,0.0021351968910561236,0.0019024263620806003,0.001400335889582438,0.0008146888242497319,0.0009755640791966336
2013-02-28,0.0005768255405287359,-0.0010122910015178954,-0.0012901389319190937,-0.0006070758687506395,-7.836087834534045e-05,0.00025609866103804,0.0005780210841332956
2013-03-01,0.002316633396202583,0.003328895500887663,0.004239223163045258,0.004048155336679349,0.00244985963521005,0.0023296407487403137,0.00239317083569901
2013-03-04,-0.0011350170394001102,0.007501662919183749,0.001990838923345839,0.0002949389846469419,-0.000876140896985178,-0.0010331341252514115,-0.0011067808120397427
2013-03-05,0.0005713214162696989,0.007875085473822319,0.0032807157934098274,0.003914677332117256,0.0014783632709700623,0.0012121782813008242,0.0008722055854877286
2013-03-06,-0.002122373949279499,-0.002983441601933534,-0.005570100026537128,-0.0051352012736984864,-0.002373797448239956,-0.0021680465527662562,-0.002256266202623647
2013-03-07,-0.0017415621760428213,-0.004701970050329796,-0.005971651206823525,-0.0043713029730413355,-0.001985166822064288,-0.0017639966791909156,-0.001750692402930576
2013-03-08,-0.0024850824953569495,0.0017178245216800114,-0.0034169017812996083,-0.004088629896432994,-0.002731597818552145,-0.0026244333551087573,-0.0026172624112775766
2013-03-11,0.00030184173318925644,0.0008573291470068689,0.0008996920468056224,0.0014306778242894058,0.0004987473450424051,0.00039971669381855257,0.00032977948310053407
2013-03-12,0.0014287898152340883,-0.0037127669095435856,0.0008770527873342981,0.0020509077386690056,0.0014155562819304635,0.0014202157303868645,0.0013617797204894533
2013-03-13,-0.0004043935257908027,0.0010035881775689592,0.00014187288660938435,-0.0007444837127300596,-0.0006666048306741557,-0.0006535030707549572,-0.0004998434017932096
2013-03-14,0.0017626227435045827,0.00630000950228915,0.0023657499713425345,0.000958007610214473,0.0015278176979045544,0.0015578346692683986,0.001665184061684144
2013-03-15,0.0020417274196606883,0.00227651694698916,0.0032874844040282625,0.002223834302830463,0.0019280420755798389,0.0018833295160574082,0.001979939416986598
2013-03-18,0.0017376541364360065,-0.005536369841483535,-1.7409875680440834e-05,0.0021752394509113593,0.0020384276936298296,0.002091305317057701,0.0018434411949750373
2013-03-19,0.0011738872786211108,-0.004853921555145746,6.737395157574433e-05,0.0017708915896135213,0.0013538806482844556,0.0013366360308153524,0.0012314948202598597
2013-03-20,-0.0008604589619434222,0.003156027134311845,-0.002942200901187797,-0.003106301400015332,-0.0010311224110326478,-0.0008989613136642927,-0.0008667093492220612
2013-03-21,0.0005183835840774087,-0.003002846284461902,0.0023419454497797254,0.001492439489432229,0.0002583853836457539,0.00024531433991814566,0.00034498072293387416
2013-03-22,0.0004513502326475294,0.005260911326632867,0.0033482904809125635,0.003525818800564462,0.0009985112578723143,0.000715687401311671,0.0006376935240064441
2013-03-25,-0.00025036616131046685,0.00014395788855825487,-0.00031535258065218397,-0.001341181984213069,-0.000373131067957333,-0.00033610801979766514,-0.0002567106043350753
2013-03-26,0.0017216149615277843,0.008625671330843243,0.00547266204994723,0.0036956273209589607,0.0017087009749781057,0.0015064316354365115,0.0016679308841835994
2013-03-27,0.002125429785652999,0.0018527092884883523,0.004670005017032297,0.004948055434036425,0.002555687178565691,0.002328799450168395,0.002227217114205926
2013-03-28,-0.0004517706918704123,0.0034144797389168424,-0.00018359533252532145,-0.0013168578488523819,-0.0005951938921769928,-0.0005557600614504166,-0.0004585810477449881
2013-04-01,0.001821644123009003,0.004626198681407567,0.005149218308313719,0.002848566032633615,0.0015336362868900721,0.0015978168055557074,0.0018197933185286619
2013-04-02,-0.00102146945372672,0.0005088073973695817,-0.0008060924802890668,-0.0004267376762753239,-0.0010046955474024566,-0.0011099630313504694,-0.001016524046578371
2013-04-03,0.0018842918594477176,0.0009995066365398042,0.002359415298848644,0.0008789635839412391,0.0013200380769380349,0.0015476970151122593,0.001887075122587678
2013-04-04,0.002526977849649281,0.014686871228850151,0.013693872599288115,0.009286295694870494,0.0026281847033475803,0.0023236102016190863,0.002534429960924678
2013-04-05,0.0018070241386221042,0.010789299443866307,0.012883515668778767,0.010325001868884076,0.002327621125314483,0.0019158558862037989,0.0018063508393666439
2013-04-08,-0.0012910409106278165,0.00227700783298479,4.3008515728582e-05,-0.0012073214409240585,-0.0013282378477325052,-0.001367721911527342,-0.0012886513768008978
2013-04-09,0.0015799303239825147,-0.0008064127182242364,-0.0009497239192338691,0.0007796748799491215,0.001891578608188782,0.0018516667523607033,0.0015756880822208608
2013-04-10,-0.000546479932966748,-0.001040587381164304,-0.004050355533957606,-0.002118049782526721,-0.00037790028097262063,-0.000475142136472928,-0.0005425928819704495
2013-04-11,0.0007580009173269175,0.004453579616089387,0.0038748857075761034,0.0022369162923374653,0.0007469516234190898,0.0006938850443478639,0.0007651800961605559
2013-04-12,0.0034046572786912144,0.0068890319783276865,0.007276443448069658,0.004911862587505311,0.002258292305627796,0.0023281073762211335,0.0034107353009944497
2013-04-15,-0.0021237498398691823,-0.010125755904968559,-0.007948758111210541,-0.009642675183831662,-0.004833913545346569,-0.004028161316203316,-0.002122578249531104
2013-04-16,0.001272500546459776,0.007490447671381073,0.004268723725399326,0.0030042592947012725,0.0016909017951900474,0.0014784470498083735,0.0012735912781391967
2013-04-17,-0.0005754089907714643,-0.004378542137038033,-0.0019915937720302868,-0.0034437898058259364,-0.0013140764330873411,-0.0009244833814798792,-0.0005749606324418899
2013-04-18,-0.0007879923120855947,-6.782941546534804e-05,0.0006794836880428257,-0.001638212481864132,-0.0012014999085008249,-0.0010046229415875407,-0.0007937611324685401
2013-04-19,0.0002442849555732707,0.00899904109414762,0.006663025698277147,0.005773483721114525,0.0012510046289475607,0.0007995505902178568,0.0002501634457450219
2013-04-22,0.0015793380719428818,-0.0005993140511153516,6.168289014940598e-05,0.003337836178400222,0.002488524519134394,0.0022125268955965893,0.0015771392320471644
2013-04-23,0.0014192715546039736,0.0022797270045769036,0.0008737692068185865,0.0012195381138015993,0.0013842489912143652,0.00132198596005062,0.0014283213632020342
2013-04-24,0.0008800338034540278,0.002293028964365895,0.002521929575146409,0.0022221564892968004,0.0010639156037897113,0.0009807236928338625,0.0008742337844163117
2013-04-25,0.0005201781156602969,-0.003708209331233614,-0.0032590887810565183,-0.000408154770233371,0.001115484101490205,0.001034639929588188,0.0005135250454082474
2013-04-26,0.0017234091583773203,0.0012234034987435027,0.002728753940848927,0.0028573219436922592,0.0015616198190295805,0.0015406888401243712,0.0017278693145190704
2013-04-29,0.0009518855474925925,0.0041162350828241046,0.0026233743859556125,0.0026504493316323874,0.0014763957467529565,0.0012802917281613535,0.0009473939589963454
2013-04-30,0.0011541431413628622,0.007686135999663168,0.00611871002057951,0.004671361131852958,0.0016833408332732613,0.0014449290861162645,0.0011557646835607116
2013-05-01,0.000943518526451248,-0.0005436762484816171,0.0013509589941358424,0.0024794786769495314,0.001006822325929857,0.0010572601882083976,0.0009652917191591559
2013-05-02,0.0027356089596235478,0.0033306242983215384,0.00251405529091131,0.00433674018380259,0.002949561737209727,0.002856713095135577,0.0027062084831011024
2013-05-03,-0.004063046078678245,-0.007300492596170605,-0.010165915130512904,-0.007830365708018538,-0.003820551770228442,-0.003940443024803786,-0.004066873390580983
2013-05-06,-0.0003886578711403965,0.002086058999412721,0.0012929626688809037,0.0008232719991718707,-0.0002458828132100299,-0.0003103095045168258,-0.00038135337963318694
2013-05-07,-0.0009632395074523625,0.0017534228851425748,0.0007760022950975554,-0.001214741144140108,-0.0010942329538567996,-0.0011211782751922028,-0.0008960693104370643
2013-05-08,0.0021782960429952425,0.0009462749976585361,0.001055672891462578,0.0024499053320583553,0.002258808934693546,0.002224884265739302,0.0021730724237829513
2013-05-09,-0.0011576879117922712,-0.004965229199958787,-0.0045536204878345865,-0.002880690725461932,-0.001082607438237404,-0.0011135741051049308,-0.0011547438821742917
2013-05-10,-0.004817644708655311,-0.0020825890369120525,-0.003578189640544349,-0.0029819992938132645,-0.0042651395432316,-0.004550291612067658,-0.004738707725215896
2013-05-13,-0.002312154996013671,-0.0001839293416326937,-0.0014658576665403933,-0.0027034123250675446,-0.002052915452274484,-0.0021941374488331222,-0.002250343997778348
2013-05-14,-0.0016588902051751786,-0.002053785389069196,-0.0035540279524207685,-0.0030930114748956017,-0.001633607279337923,-0.001730764448852229,-0.0015685756460779299
2013-05-15,0.001887592756469214,0.008650629713830016,0.008319395042472255,0.005636419376132906,0.0019108452320422131,0.0018003335843601587,0.0019640295982523703
2013-05-16,0.003499078396892452,0.0008960657568140018,0.0024999048312714933,0.0039238092017601645,0.003423161810407249,0.003528450100604541,0.0034502881834792554
2013-05-17,-0.002661471321329323,-0.0015873513195623357,-0.0034697870766408068,-0.002266501549102906,-0.0023989650695427356,-0.0025953256033590666,-0.002608027868126639
2013-05-20,-0.0001653294000097949,0.0009546246110534451,0.0005920805688257591,-0.0006373311944262161,-0.0002462947460255549,-0.00019722250335363345,-0.0002067468364292946
2013-05-21,0.002262932908899895,0.006517810498751775,0.006745099068315108,0.005208062501222743,0.0022115319737991967,0.0022191925033667736,0.0022931175578857488
2013-05-22,-0.007382913785550782,-0.020637864271851658,-0.019662972790110422,-0.014382318786029136,-0.0076097610333273336,-0.007486991438838797,-0.00740992443232158
2013-05-23,-0.00037071035827695997,-0.00957725589314451,-0.007154003534491693,-0.0016752296805849776,-0.00020368242464197106,-0.00028632731959143953,-0.00038556741727868715
2013-05-24,-0.00042018430213752733,-0.0009894313135451194,-0.000584944642767149,3.937865275660535e-05,-0.0003191764828274213,-0.00037681884165452484,-0.00039119608084658974
2013-05-28,-0.007933001506422399,-0.015235960123664793,-0.01697069941061291,-0.01194991493390285,-0.00763577004856375,-0.007818960141432796,-0.007923521667760891
2013-05-29,0.0008484907467682934,-0.00845634658859118,-0.0051037455508422536,0.0002934869816952901,0.0010557760357159385,0.0009815332235794116,0.0008691429863092459
2013-05-30,0.0009979474473884586,-0.006599894308175203,-0.005878948065841771,-0.0009922297588452755,0.0012079262513156053,0.0011342881627762758,0.0010143573866814304
2013-05-31,-0.006662947995813684,-0.009361094747352472,-0.00832573574405071,-0.00710599400006473,-0.006275779400595649,-0.006417725302451438,-0.006634207185551411
2013-06-03,0.000858854523093866,0.0018537824907338685,0.002939447494730185,0.004004187130887793,0.0015776438066084086,0.0008965532592359882,0.0008508119739287778
2013-06-04,-0.0019393434054784109,-0.005357578057863521,-0.006582489590614804,-0.007015820275683371,-0.003158990379433013,-0.0021396723478201984,-0.0019573636865113375
2013-06-05,-0.0005783058220402149,-0.012917231179586097,-0.004499787239572672,-0.0006639057404705939,-0.0012472151352060923,-0.0006206460964838234,-0.0005915684870330118
2013-06-06,0.0036284229213794372,0.0050871526294555824,0.0032611752022544405,0.002923952751996861,0.0033083671906339873,0.0034138076780665383,0.0036080613590039334
2013-06-07,-0.0037398364808017837,0.013394481612661657,0.003400574271283263,-0.0013480426876276708,-0.001871109484422373,-0.003345148193464209,-0.0036967969794236
2013-06-10,-0.0021617603760055726,0.00022490437114752737,-0.0013381775310231658,-0.0020572630519744006,-0.0018618454019909692,-0.0020729028755065437,-0.0021522145577885787
2013-06-11,-0.0010699354881456014,-0.010041725826901882,-0.0032034685392788864,9.507157299371016e-05,-0.0014577421581853933,-0.0011348418718634123,-0.0010808123399432823
2013-06-12,-0.003256379679505872,-0.011597308051239041,-0.01245349473709545,-0.012326176971955816,-0.005747792261614149,-0.0037640890254209136,-0.0033042087292924904
2013-06-13,0.009186591789507315,0.012932532378007178,0.013797025763883752,0.014468160774514738,0.010066270120453247,0.009158749937895116,0.009184088057632822
2013-06-14,0.0007548268703148064,-0.006387367204475414,-0.00511488652299108,-0.004568833190568999,-0.0008201712192746902,0.000487432873848892,0.0007291329475929142
2013-06-17,-0.0009076542778538865,0.009543888371147391,0.004843160061447804,0.00237000620448935,0.0006306253949026619,-0.0005637103395723653,-0.0008723245726994788
2013-06-18,0.0009684355710448678,0.00815844083425965,0.005762282667009844,0.004596221928829802,0.0021226153255746727,0.0011472512961998582,0.000987541728615815
2013-06-19,-0.013987729281259464,-0.011541558946719155,-0.011163154431681588,-0.011191026592732967,-0.013234751069264972,-0.013809283250780013,-0.013972604931238197
2013-06-20,-0.007542674482109435,-0.02413173770612942,-0.021718655692561817,-0.020523478408514095,-0.0108922625918898,-0.007959889418685195,-0.007576273125708077
2013-06-21,-0.008712562315690953,-0.004941001665522138,-0.008718655211945592,-0.009386070252818568,-0.008533707645934419,-0.008845058899610403,-0.008735619500897629
2013-06-24,-0.006099948424652668,-0.009831005471677812,-0.00547119008131669,-0.003863651352478903,-0.005673699186074299,-0.005907934588607944,-0.006087439924866045
2013-06-25,0.004225660731814962,0.007502839571323472,0.002335854568958018,0.00012586184288898572,0.003095285319683949,0.0038521169463876515,0.004202934095243416
2013-06-26,0.005725069939983118,0.009094552953450297,0.008283621042541656,0.007974280119226185,0.006142372839703647,0.005704820260497012,0.005727860629282766
2013-06-27,0.005180562154713186,0.00455502964018506,0.0063168449765165224,0.007253912171764965,0.005388024360549082,0.00513766956768591,0.005174994760143381
2013-06-28,-0.002901174104058435,0.0012477045859546898,0.0029909614614527236,0.003034436523650097,-0.0013151597961287287,-0.0024919098194874367,-0.002859544149039883
2013-07-01,0.0023466166820558243,0.006173371228365809,0.006173371218596957,0.004334811672038086,0.00294741182293623,0.002402935004436779,0.002347781218334344
2013-07-02,-0.0008012580063904151,0.000418233224394271,0.0004182331922475413,-0.00032715304305608317,-0.00025683697751133217,-0.0005249680285033254,-0.0007826154060567303
2013-07-03,-0.00040927434569681953,0.00404252368033986,0.00404252373095737,0.0002592159629501989,-0.00021039573580328153,-0.00057085704218518,-0.00041546661602342994
2013-07-05,-0.01309797380357447,0.007635892602560146,0.00763589263181208,-0.009313086214783883,-0.00986720682049036,-0.010615407442699398,-0.012967724280263382
2013-07-08,0.008386752810845888,0.0009641420534549638,0.0009641420242154641,0.005635167930185148,0.006134511635980999,0.007343335766496706,0.008318907675953113
2013-07-09,0.0016681019814077658,0.00605678556955791,0.006056785534066078,0.0042313134829892185,0.003142610545821878,0.0024470070802873334,0.0017101730688613426
2013-07-10,-0.0008356676570029364,0.0057463907082657695,0.005746390752878305,-0.001073468072189776,-0.0010169729040593323,-0.001166965054112179,-0.000850318190466326
2013-07-11,0.011117219862716965,0.01986121586762346,0.019861215897831963,0.0151118320751924,0.012913381662752021,0.011354064992199486,0.011137537901553252
2013-07-12,-0.000742061267506644,0.0044019319036485705,0.004401931959765015,0.0013592221042448838,0.000380273474970938,-0.0005050813146938449,-0.0007234300650450498
2013-07-15,0.0035261823862424713,0.002257575384941868,0.0022575753508460306,0.003848510113759973,0.003442725233665289,0.003453018005360242,0.00351949844514432
2013-07-16,-0.0007416637735339071,-0.0013250516491157827,-0.0013250516394236467,6.226295360733936e-05,-0.0004069423727232069,-0.0008586274125296223,-0.0007434842262744601
2013-07-17,0.005234251940191337,0.0025207973195504607,0.002520797311209133,0.0022526948649883582,0.0037168707460777384,0.00465929456020131,0.005200944896558424
2013-07-18,-0.0005777832342868106,-0.002514458782930773,-0.0025144588674398394,-0.004796706950187635,-0.00272403473189764,-0.0007677610080806252,-0.0006040700667766519
2013-07-19,0.0031534384475910837,-0.010349159227030724,-0.010349159338288172,0.0030448272118128727,0.0025461596927789376,0.003233234130061602,0.0031442647650126165
2013-07-22,0.00031912665192534995,0.0029493526889152744,0.0029493526906823053,0.0021113969553927525,0.0010735047949415044,0.00048302984560355533,0.0003291171626387257
2013-07-23,-0.0016814382130332373,-0.007351808319167152,-0.007351808383659009,-0.004868353717421892,-0.0030122130213594556,-0.0017323749573379121,-0.0016906693717785304
2013-07-24,-0.007036861494963409,0.003232073929489321,0.0032320740671549775,-0.004886444155017378,-0.0052728005872487715,-0.006343923124484507,-0.006988571644058417
2013-07-25,0.0003415612129107348,0.006308620021492128,0.006308620039386259,0.002695317387269691,0.001963460656153826,0.0009737065359674002,0.0003835207559865772
2013-07-26,0.0007734273458976926,0.005335555938982495,0.005335556003154274,0.004687571072959251,0.0023935156046936967,0.0009233100204655287,0.0007877333062369374
2013-07-29,-0.0021484608177151365,-0.0018573381908850717,-0.001857338150380694,-0.00435502814165345,-0.0028405718509778577,-0.0022398745917230345,-0.002151822506161194
2013-07-30,0.00031090368884401087,0.0053167881311897425,0.0053167881891045266,0.001792289185282181,0.0009975737164531484,0.00023454028303215857,0.0003131242000105061
2013-07-31,0.0014202875235629353,0.0018507366163089678,0.00185073667137714,0.0023150551138100273,0.0015000867364767245,0.0011755099284784798,0.0014072363396901988
2013-08-01,-0.007609345924657562,0.010162732496327154,0.010162732452005496,-0.0017189390640981461,-0.0025113007634977036,-0.004285523776204059,-0.007260855053525472
2013-08-02,0.007300996206168087,0.005617845929593024,0.005617845952174516,0.006789569278156549,0.006965720258548247,0.006988281869678481,0.007228880553107553
2013-08-05,-0.003621463520594115,0.0006495614126449389,0.0006495613965591396,-0.0033299696434502257,-0.002813507416301597,-0.002782538187818151,-0.0035587346026224598
2013-08-06,-0.000530117551196474,-0.005972447068970488,-0.005972447047431162,-0.0022572307346300224,-0.0018430592766444098,-0.0013163644128146856,-0.0006066752586121327
2013-08-07,0.0010420379332423124,-0.0018285761636622766,-0.0018285761370085973,0.0016142431508703314,0.0017509193869480466,0.0012831345861661347,0.0010505939980647305
2013-08-08,0.0018570428390849436,0.0049727530023850885,0.004972753002919772,0.0036992117097833788,0.0029562039502861737,0.0022129733460567458,0.0018798314888774925
2013-08-09,0.00024778199979968996,-0.004036556544899095,-0.0040365565483524435,-0.0014154133643838884,-0.0009359771170733833,-0.0003468607911630839,0.00019946412851790107
2013-08-12,-0.0015466116326257051,0.002353116430911628,0.002353116414234746,-0.0023575360028922354,-0.001758702538939505,-0.0012770653697573575,-0.0015548657511056385
2013-08-13,-0.005361998995420447,0.005608427682463724,0.005608427681903283,-0.003351328044338464,-0.004331487524399713,-0.004775031859036161,-0.005328215451587792
2013-08-14,-0.0004220933427453444,-0.0037613797420498196,-0.0037613797351190303,-0.0019656648477096583,-0.0012704471900387704,-0.0007667950063413587,-0.0004710763011204211
2013-08-15,-0.00603240964519125,-0.01692484249906545,-0.016924842492557657,-0.014758572229227718,-0.011408210078786118,-0.007787888333120052,-0.006178554382795465
2013-08-16,-0.0036764497234529347,-0.00039729417047640325,-0.0003972941604888369,-0.002415868382641184,-0.0028782628291829093,-0.0033879611606806304,-0.0036766813495476836
2013-08-19,-0.005143009115038066,-0.001722545317694335,-0.001722545298369127,-0.005798534311153514,-0.004958927194777196,-0.004612532268347569,-0.005137253543357034
2013-08-20,0.006566616322185581,0.00437973383087642,0.004379733805466746,0.005877822715427916,0.005516018499313935,0.005736589051127838,0.006489505202130097
2013-08-21,-0.005432154786453203,-0.003435553798470603,-0.0034355537976452633,-0.007213489170468712,-0.006491884140133131,-0.005632894287970869,-0.005479311455376168
2013-08-22,0.002091597820199631,0.00981190716496716,0.009811907153765453,0.009781125599256812,0.0058892309502958096,0.0026624031260404912,0.0021420589646492516
2013-08-23,0.005030701127372028,0.006696356824005711,0.006696356842163409,0.007523439100589835,0.006439090578866047,0.005246125614547736,0.00501834954690028
2013-08-26,0.0010265684074404202,0.0005216397150689112,0.0005216397238496651,0.0012440438202538928,0.0011040961128880866,0.0008380310859377182,0.000964660777450943
2013-08-27,0.00032035694074306065,-0.02046651209334016,-0.020466512051086627,-0.005775512946361805,-0.0033800023894624553,-0.001484333299737961,0.00018500024043355268
2013-08-28,-0.0011031450017630062,0.0038591666596607954,0.0038591666517449053,-0.0012162138451485838,-0.0015594202227852128,-0.0012547441769222845,-0.0011207374308314089
2013-08-29,0.002027652467327057,0.0070265980043506815,0.007026598000439366,0.006023974258647424,0.003878691956757274,0.0020864402283851113,0.0019794423337298195
2013-08-30,-0.0016780043634192499,-0.006450622927820837,-0.006450622897588798,-0.003399860891567408,-0.0030499349083144,-0.002390967097662511,-0.0017157982786101256
2013-09-03,-0.004692836544702428,0.005697385783755227,0.005697385820623957,-0.002058120127751639,-0.0019877602978064512,-0.0031108911234626335,-0.004675770641738075
2013-09-04,1.656071257327696e-05,0.010671931745263263,0.010671931799979939,0.005589497811445465,0.0016315232474268804,0.0008722258202253919,2.6050859853743447e-05
2013-09-05,-0.006102264125164236,0.001694605204496158,0.0016946052472213147,-0.0042812336926357775,-0.004442601708936622,-0.005159445650122163,-0.00609198488631757
2013-09-06,0.004816846088675941,0.0011713592547577534,0.0011713592275075513,0.002562199292876377,0.00427752764528222,0.00455414332745252,0.004813906298706483
2013-09-09,0.0029323742719349344,0.011698823420520199,0.01169882343530726,0.007335205675005785,0.005238370773706924,0.004275910623858348,0.0029469198916116657
2013-09-10,-0.001271354864533114,0.004882665511779516,0.0048826655171338995,0.0005840607384746122,-0.0009833612097637223,-0.0012307058213225641,-0.0012706239501019123
2013-09-11,0.003302209596897976,-0.0019182067575613804,-0.0019182068042224998,0.0024132180150451266,0.0026209596157154014,0.0028914531983024183,0.0032976288789536845
2013-09-12,-0.0003772366327741139,-0.0006400719263657262,-0.0006400718785826154,-0.0010311353889955743,-0.000260915407883866,-0.0002668206510700877,-0.0003760883096713963
2013-09-13,0.0005879589042521172,0.0006404818653718003,0.0006404818342344853,0.0019509701847773009,0.0010242992127953432,0.0008393165559843485,0.0005906055286679646
2013-09-16,0.0028804018981281043,-0.0026901054475253483,-0.002690105489966288,-0.003664627417360733,0.0008305873428893218,0.0015966289770985576,0.002866620183938906
2013-09-17,0.002776487688649354,0.006679686984874866,0.006679686987099975,0.007135975938190153,0.003632674301582872,0.0032554391715633457,0.0027817120568836007
2013-09-18,0.01146004162524572,0.011994187793562983,0.011994187777414789,0.012098642075290655,0.012114561340908825,0.01187677101993434,0.01146444897099319
2013-09-19,-0.0028255060877522276,0.0023957750063456906,0.0023957750541632183,-0.0009639559007242893,-0.0015468186712144227,-0.002046406045791538,-0.0028170548473204216
2013-09-20,-5.604488684674003e-05,-0.003431918097359099,-0.003431918088090069,-0.0004058972013073481,-0.0006596544321240128,-0.0003485064345372102,-5.929023520367949e-05
2013-09-23,0.002068217750627266,-0.0020253081087564517,-0.0020253081296540687,0.0013271247970196853,0.0015866233999692891,0.0018588746737207007,0.0020658130721538104
2013-09-24,0.0015035146803659138,3.246292124003958e-11,9.601874850773129e-12,0.003925822498075382,0.0021303833674246597,0.0019409733990398692,0.0015080430468004113
2013-09-25,0.0008401936440491919,-0.0034248439885606885,-0.0034248440166111394,-0.001309935471766166,0.00046446171469693986,0.0006783613861940374,0.0008382811484488606
2013-09-26,-0.0008761870184669229,0.007764636444714812,0.0077646364982113525,0.0019010692126906203,0.0011391096088932962,0.000317932148652611,-0.0008631990427543368
2013-09-27,0.00038521672494984394,-0.001263261293281026,-0.0012632612774593488,-6.295037950787563e-05,0.00030969533532276827,0.00040606423175248985,0.00038535519248505956
2013-09-30,-7.934915373841722e-05,-0.002403180733278276,-0.0024031807358838586,-0.0022369690254312458,7.804883359607828e-06,6.98010023731932e-05,-7.789199615026998e-05
2013-10-01,0.000513425850554583,0.010739306840294116,0.010142317933423683,0.004602286561859348,0.001918969561135242,0.0015140559343713722,0.0008712357194204934
2013-10-02,0.0013323468119157411,-0.001863112825580493,-0.0003767063551682881,0.0002927634269860313,0.000894367498604387,0.000988026988766988,0.0011084387605462265
2013-10-03,0.00012766630164806614,-0.011101234205789567,-0.01167584282041989,-0.007365568119419907,-0.0030176395907347553,-0.0017995890012906246,4.1442011530667955e-05
2013-10-04,-0.0004572604222056187,0.007852688261509755,0.00863824572466454,0.0047612735726760835,0.0011519842680460801,0.0005383438010406749,-0.0003774964748795018
2013-10-07,-0.0006947870535050082,-0.009661020239507545,-0.008312653451678753,-0.0034621706715283196,-0.0023933688919015594,-0.0018196330819286732,-0.0009962197280005691
2013-10-08,-0.0017710406315701865,-0.01805029763225341,-0.019303639107798087,-0.010478254578296209,-0.006408902874239009,-0.004715968897476941,-0.002052840876502593
2013-10-09,-0.001209540363916739,-0.003479755395885742,-0.0031083880717185375,-0.0045692800146730495,-0.0018916578413165075,-0.0015876829899790224,-0.0010456512841630072
2013-10-10,0.0018442253312516144,0.022353769364189535,0.02117436452385446,0.013375694462469223,0.005969782528003842,0.004292723734323323,0.001888139746369255
2013-10-11,0.0019060582170715712,0.010541372507688385,0.007887186437669946,0.004450571991176044,0.003606067505377286,0.003020462866814455,0.0021334155540422284
2013-10-14,-0.001069932783561156,0.006241786448734299,0.007067876661724037,0.000679181527520889,5.667662783648275e-05,-0.00031366537526134053,-0.0009283133401128962
2013-10-15,-0.00034346163899412474,-0.00626033034753648,-0.003885221002954853,-0.0030844415852562257,-0.0015631582686109757,-0.0010177363375649673,-0.0003153934104089817
2013-10-16,0.005525102356719991,0.011759337114829682,0.011323880816800136,0.012155010316657666,0.007380967017282858,0.006601216508070218,0.005539007088622316
2013-10-17,0.005203471249809688,0.0069381680612752294,0.005722206182450895,0.007166013134326521,0.005796703984598306,0.0056384787595757935,0.005433182107939194
2013-10-18,0.0020028550124924216,0.014285037066817718,0.016205403987999745,0.009399634623214137,0.004975138140583368,0.0039014528760283884,0.0020861712827009438
2013-10-21,-0.0009657704142186363,0.0005183001191975123,0.0021912862320621063,-0.00019237423409235177,0.0001543136471999773,-0.00026274243099899675,-0.0009314993492354207
2013-10-22,0.005179627646951568,0.001923716047628643,0.0014573329197296037,0.005816644957822303,0.005365472480000744,0.005260137675831,0.0052206415124289585
2013-10-23,0.0005164160839326026,-0.004975852890177657,-0.006064241943555815,-0.0019959031627468926,-0.0009407360033968359,-0.00025134177375507605,0.0007911110776059882
2013-10-24,-0.0008020902130898566,0.004773826369350198,0.004392869869893845,0.0009934134815310358,0.00016415370586586597,-0.00019228088545852895,-0.0007395392861795358
2013-10-25,0.001765620322435657,0.004658126799818252,0.0071677725543546345,0.005461285936065652,0.003455399975790474,0.0027977070423113037,0.0017645876007383876
2013-10-28,-0.000548868714122297,-3.436287401969995e-05,0.0002415798488222265,-0.0010067628012178087,-0.0004102686772696762,-0.0005129400586156851,-0.0006259984084053816
2013-10-29,0.001367479581648734,0.002164363541234282,0.0016882884514981544,0.002029410566527723,0.0018127639071841006,0.0016311004012501407,0.0014645364850138787
2013-10-30,-0.0027919974931382985,-0.006026807796957634,-0.0009631804352711049,-0.003475755058515162,-0.002390154065747385,-0.0025633148485804114,-0.0029276099283727097
2013-10-31,-0.0009090359813951343,-0.003690553335105262,-0.0022895499847214174,-0.0006411438927360624,-0.0016220552343294559,-0.0012535164084578332,-0.0007266853142351426
2013-11-01,-0.004053412766580222,-0.00078590759866215,0.0002414078227865879,-0.0037331517653803603,-0.003628089132509338,-0.0033889205550746704,-0.003871058231440516
2013-11-04,0.0017649615474757407,0.0037118759857510675,0.0014491817038464472,0.0018315462517655146,0.002041492645503462,0.0020722129056249816,0.0018437703926925675
2013-11-05,-0.0035103257778142938,5.450079913593697e-05,0.001084845942034951,-0.005487998625383184,-0.005005627599291129,-0.003468164649402583,-0.0034606052767047757
2013-11-06,0.002727993158506248,-0.0011559950938364594,-0.00024064089071318406,0.0015856396277624807,0.0023578810121034355,0.0029247890429202617,0.0027207968213176503
2013-11-07,0.00030076251191157866,-0.018359313269264654,-0.01879505658338354,-0.005904148683360422,-0.004182913061628657,-0.0019784137588931827,0.00018058801059361862
2013-11-08,-0.0063034707559673775,0.014561281062733356,0.013507048648542241,-0.00204290320592182,-0.003077677012409019,-0.0041158060016345255,-0.006200923124522695
2013-11-11,-0.0015074564301694737,-0.00090704994850066,-0.0015750407483112738,-0.0019573550342727453,-0.0013348087406930276,-0.0009627848288914498,-0.0016050162503506993
2013-11-12,-0.0009416571951058605,0.0014061679725678733,0.0015775254214560608,0.001772490291506168,0.0006434102794850016,-0.0008303439515824351,-0.0008371176446992923
2013-11-13,0.0046446304455789456,0.011542454425760296,0.012115256956964027,0.007509386831525244,0.006619387649440256,0.0054991409912474865,0.004729311982890394
2013-11-14,0.004109515250767748,0.0021814952541805432,0.0031117881573212713,0.004886756126333047,0.004889089224735077,0.0044033857449179425,0.004085363678201892
2013-11-15,0.00010320879830549856,0.00233728819860346,0.001909545516295852,0.002657858437297378,0.0018908475422041437,0.00048712234704662016,0.00015788469208910527
2013-11-18,0.00043211422115674303,-0.009149405849765757,-0.009766505063170006,-0.0015739017942568712,-0.00033949948054146084,0.00027040072170714247,0.0003829885636104091
2013-11-19,-0.002630348166205221,-0.0036329793764642293,-0.002886859286948096,-0.004594499626625281,-0.004109100455062076,-0.002992161641224289,-0.0026306784159760843
2013-11-20,-0.003805736331039533,-0.0019496318615933594,-0.002412254568140093,-0.008546590572271695,-0.007169820361985879,-0.004248432549788461,-0.0038297988263106264
2013-11-21,0.0025240324202577824,0.011937080766481811,0.0101572704295958,0.006127681741805002,0.0048684439022401715,0.0031968719376196386,0.0024826392770302963
2013-11-22,0.0024125096403762036,0.005285151882277406,0.005386478545951867,0.006850526366345644,0.005567479697654809,0.003146103469135797,0.002424987294399772
2013-11-25,0.0010982336992901853,0.0021242976476660846,0.0023815314350426053,0.001597514987866644,0.0011005904526151244,0.0008271044845951092,0.0011475149509858618
2013-11-26,0.0019297732914953514,0.00572309907557611,0.005225951745263524,0.0031869682295517787,0.0025936377289421664,0.0020750809504022083,0.0019914547955039996
2013-11-27,-0.0010312719027205652,0.0066554558689033705,0.006971665385224757,0.0021578631474201693,0.000958316798744141,-0.00038487136616249806,-0.0009472883584343839
2013-11-29,0.0004231874274567282,0.0047427928115748585,0.005984534572233358,0.0017701299558585681,0.0008542831108857563,0.00036996974677916405,0.0005057888005399747
2013-12-02,-0.0028414716714966204,-0.002916255671112089,-0.002916255672809842,-0.004899409752757489,-0.004361655706897505,-0.0036500147709934705,-0.003177785739319816
2013-12-03,0.000978424979888315,-0.0008186725188982225,-0.0008186724763266096,0.0002324696800872772,0.00015059750465762356,0.0004883326858065029,0.0006581959693068296
2013-12-04,-0.0033232104981605337,0.0009362967236918873,0.00093629668041606,-0.0037612947607099656,-0.0034945506807760873,-0.0031002002973484766,-0.0032633552336663874
2013-12-05,-0.0019831435161123956,-0.0012866214176361357,-0.001286621424482215,-0.0026872165356854882,-0.0028258407518971795,-0.0024697316931912017,-0.0022096425928063157
2013-12-06,0.002134566884975486,0.00726179075729072,0.007261790734900853,0.007163703907226093,0.005526532465600864,0.0032168919335930912,0.00264921017829578
2013-12-09,0.0017456861211242458,0.00406937067483959,0.004069370682590279,0.002968024199180741,0.002312445848131839,0.0019026197428380076,0.0018925791595794106
2013-12-10,0.002576245076138406,-0.0006945550019286095,-0.0006945549332851852,0.0019112250897275196,0.0019249525962066194,0.002258580205165117,0.0023693144591581117
2013-12-11,-0.004068408417115199,-0.01286354117721622,-0.01286354114435262,-0.010288230635641882,-0.008223839224253071,-0.006048489290521264,-0.00499612734718613
2013-12-12,-0.0029503485005136776,-0.002582798924152474,-0.002582798938484232,-0.0032641535001372013,-0.003127026009494327,-0.0028369041104259196,-0.002821825853111526
2013-12-13,0.0010690657033680662,-0.001294839548127702,-0.0012948395330288909,0.001599419571525873,0.00130255669132473,0.0008978777390804549,0.0010520834671825519
2013-12-16,0.0005199228191989924,0.005539442065185085,0.005539441998570593,0.0017892553099558839,0.0016265876743095653,0.0012865065878662207,0.0008569103851789883
2013-12-17,0.0015488410119322005,-0.00199279364466598,-0.0019927936104634503,0.0004518759646887638,0.0008857158983572866,0.0014729674366067425,0.0015445600525041403
2013-12-18,-0.000719842981490193,0.011626883923876674,0.011626883820621048,0.005872040682248558,0.004076657108247783,0.0013564816338738073,0.0002761745428376816
2013-12-19,-0.0028788997952423623,-0.0027862231240123325,-0.002786223099891627,-0.0016285801499558161,-0.002455344399721726,-0.00342905328820009,-0.00314554143958945
2013-12-20,0.00311248788309082,0.010183417031262243,0.010183417054004051,0.011304786762704078,0.007737515728151623,0.004341996076909993,0.0035743901242764053
2013-12-23,-0.0011251246298991102,0.01052024423040221,0.010520244159593295,0.0024462636698390217,0.0010029641424982305,9.935827998641678e-05,-0.0005637388381701802
2013-12-24,-0.0022655514789964304,0.0004576171916126359,0.0004576171335934909,-0.0026599418222987836,-0.0023920637961681868,-0.0022948232743329466,-0.0022944150251981155
2013-12-26,0.00011478551122556802,0.0033164627766699706,0.00331646274753572,0.0007665067400570713,0.0008248639994878904,0.000619943439387427,0.0003560107944171609
2013-12-27,-0.00036502692231776823,-0.0025075664783733576,-0.002507566496056546,-0.002043556509234601,-0.0012907372255769323,-0.000784265640056292,-0.0005727631189733629
2013-12-30,0.0015013976215689784,-0.0014856419653722641,-0.001485641929305781,0.0022972644837806477,0.0020606208906184253,0.0016270457519225179,0.0016257749992403259
2013-12-31,-0.0022271733279800587,0.006522794027347123,0.006522793982421504,0.0007394843450261313,-0.00043649058586758827,-0.0014243318102263869,-0.001823916607622933
2014-01-02,0.0009649375077247502,-0.007844605068595079,-0.00784460506336615,-0.0032758903600840217,-0.00012006130315223018,0.0005479730321877874,0.001437826119754737
2014-01-03,-0.001207495041560036,-0.0072190559280002065,-0.007219055924223339,-0.003242475921791832,-0.002303309009445975,-0.0016303516271345408,-0.0011740013733140264
2014-01-06,0.0019015423886312721,-0.003693473614321152,-0.003693473610417497,-0.00011081600724272,0.0007757560648939954,0.0011615622067238096,0.0017235200718943577
2014-01-07,0.0019030132245982934,0.00926791483469791,0.009267914831200263,0.005926042670844289,0.00393407271040469,0.0032236588856879855,0.002303961212563932
2014-01-08,-0.0038118342634370084,0.0021810339407224433,0.0021810339382000166,-0.00020960500311695274,-0.002631724699348803,-0.003063812144573852,-0.0032418357495449523
2014-01-09,0.0013834419379568086,-0.0033214075601262216,-0.0033214075555850764,0.0011743089353422054,0.0010218474652692322,0.0014004581999287335,0.00167589007857738
2014-01-10,0.006819519440981914,0.0032174889603420187,0.003217488964624149,0.007020023308728085,0.006794214564638468,0.006781731657597545,0.006647325534573589
2014-01-13,0.0001031556964963265,-0.014776445802464289,-0.014776445792536674,-0.0058096698311495,-0.0027310484614277986,-0.00174559346991221,-0.0004640091920555811
2014-01-14,-0.0006263571131629453,0.01906741306606685,0.0190674130537698,0.007509397991343869,0.003066956730862991,0.0015417711464487116,0.00013012353276065092
2014-01-15,0.0006557298720304416,0.008214646493371447,0.008214646488690303,0.003774964147680304,0.001905139666034783,0.001330252763152906,0.0008618652904630597
2014-01-16,0.0016243311572912145,0.00011277019859523563,0.00011277020174804697,0.0028748652715420153,0.0019436121476257284,0.0018113167925790652,0.0017029008039004534
2014-01-17,0.0011251815070216775,-0.005657111950109539,-0.0056571119451998,-0.0011213989303097138,-0.00011131717167867095,0.00032401555674033133,0.0008424298539271291
2014-01-21,0.00019049567545703638,0.007624115198176851,0.007624115194584835,0.004035022705055846,0.001524181383533607,0.00082362940675762,0.0003871878063641532
2014-01-22,-0.0016342672293825355,0.0025968943285243906,0.0025968943259804256,0.00012672386682499592,-0.0011226450282851852,-0.0015047838778253775,-0.0017893867390861296
2014-01-23,0.003557231258241478,-0.0033787548134046608,-0.0033787548049615257,0.003872403636505428,0.0033487708352515355,0.0032862902401067373,0.0034479704986527526
2014-01-24,-0.0006934589084979237,-0.019665293009136997,-0.019665292996069783,-0.008123959748922438,-0.003747229246757855,-0.002741110785657863,-0.001564519008266485
2014-01-27,-0.0033034945179406527,-0.009683999889872008,-0.009683999888301598,-0.0079352276961836,-0.005023230987399652,-0.004183031214563648,-0.003338716707291578
2014-01-28,0.0023073113115215094,-0.0005820528826968596,-0.0005820528809138414,0.0015051503637515395,0.0012595722648411911,0.0016973528172974373,0.002090612791310731
2014-01-29,0.001523709098976589,-0.010716730508927963,-0.010716730499112925,-0.0019534304083913545,-3.97009124738501e-05,0.0005706810485515135,0.0011163145943093866
2014-01-30,0.000957125124400493,0.01848574196418995,0.018485741952637857,0.00778626213002398,0.004645620207837986,0.0033011805373734937,0.001883724450785218
2014-01-31,0.0020186283102732183,-0.002659004180250446,-0.0026590041755242266,0.0012580491672813388,0.001702791069200682,0.001762040744985205,0.0019752492555924483
2014-02-03,0.0006298555085866298,-0.02295105309046852,-0.01121199163627451,-0.006531255388737667,-0.0033400550201165835,-0.0021000415593565025,-0.0002721132320939734
2014-02-04,-0.0007158408958263252,0.007355664124490957,0.001210862863656459,-0.0012054981533189402,-0.00019294438302708272,-0.00028678780456037334,-0.0008085029564537383
2014-02-05,-0.002551011250600088,-0.0025911424429438945,-0.0048402118268520145,-0.005645974640680396,-0.0034996315348057028,-0.003057586775191079,-0.002821611341137009
2014-02-06,0.0009550238527955557,0.012752587879389488,0.007017227190604602,0.004780949716300054,0.0027186101355898273,0.0020893394429195578,0.0012526343704470921
2014-02-07,0.004821443134801928,0.017838234245751927,0.012184175497507388,0.009612263340689209,0.007007441221465793,0.00604762109344259,0.005063651120569723
2014-02-10,0.0005818908966102043,0.005727468551406156,0.0047673918886519395,0.00414972843289485,0.0020025396055638467,0.0014333787948768162,0.0011010508963289478
2014-02-11,-0.00117667784879405,0.011389517625702616,0.005749247221812137,0.0034557684056286675,0.0006532001411017063,-0.00012517344192253255,-0.0009910864849286272
2014-02-12,-0.0016322255187507517,0.0019143148059210802,-0.0003837405137977479,-0.00140003980364245,-0.0012240315326269569,-0.0013666488724981551,-0.0016463746630578369
2014-02-13,0.0046172569817122255,0.007418243648828371,0.006851792688831182,0.006485699995775418,0.005483268364554705,0.005109421867618424,0.004739097215224142
2014-02-14,0.0004273823804370469,0.002008317358168199,0.0015421549177461191,0.001563488984827499,0.0005798158804559694,0.0004861965631608456,0.0003173378006318117
2014-02-18,0.002879535859142468,0.004899088824276143,0.0040458832014764745,0.0034750373319181183,0.0029393180441086297,0.002654117456395655,0.002454653688015229
2014-02-19,-0.0023854873896079765,-0.00686972553211751,-0.006014972890044046,-0.005651437071963361,-0.0037018210343644498,-0.003242236304969115,-0.0028276316542921176
2014-02-20,0.0005076553793268435,0.004686013325805316,0.0023879002136879546,0.00152492981459873,0.0008658406831147936,0.0007392830637014125,0.0005676779384415909
2014-02-21,0.0007286861820052781,-0.0013326937252700066,0.0007876948230249869,0.0016655439148778317,0.0006448332867996509,0.0005960661732571371,0.0008012586195844662
2014-02-24,0.0005505231213915884,0.005337617296119701,0.0028021632854853262,0.0017820987794268106,0.001056086532653877,0.000836755447712445,0.0005484535352411335
2014-02-25,0.002188841425524224,-0.0011063058691598293,0.0021099104365762678,0.003468478401371433,0.0022852874929109035,0.0022189908795755553,0.0023934748750977786
2014-02-26,0.0020781119617261368,-0.0008856645907421301,0.001113385981417414,0.0019832713973468863,0.0018752347123360824,0.0019797334287063872,0.0021845967647602382
2014-02-27,0.0016247259761572597,0.0064878884927466185,0.006156994832211327,0.005948181209965764,0.003075859419311655,0.002460276271189832,0.0020634042792087026
2014-02-28,-0.00020411209686310716,-0.001105846284987555,-0.0005686440502143952,-0.0001321421681879098,-0.0006191938526485252,-0.0005329343333951853,-0.0004546864739105594
2014-03-03,0.0031724440114264674,-0.007416341288423278,-0.003648216458839504,-0.0009266213873186935,0.0008323021500917793,0.0015248351127259419,0.0021302411987853542
2014-03-04,-0.0033500370856612838,0.012713275888899034,0.005214539655610473,-8.811951507647908e-05,-0.001171563126897479,-0.0018248575765617003,-0.0027024768512721176
2014-03-05,0.0001292848070406638,0.002753128582827502,0.0025912727515402523,0.0024047917414498077,0.0015777115977846368,0.0012094462401939232,0.000789445008259726
2014-03-06,-0.0024812344565923183,-0.0008784755370695452,-0.0032523197791699543,-0.004850043372181756,-0.003288213692354658,-0.0029775153259090636,-0.003131639293526778
2014-03-07,-0.003909444196708578,-0.004946192591185228,-0.005298637493032943,-0.005351307631306423,-0.0041843186016786715,-0.003932066751156205,-0.004010665399560853
2014-03-10,0.00026358319787012086,0.0008837974578057572,0.001023721781311604,0.0010714752517206882,0.000902669080959706,0.0008494998520092167,0.0008126043573173369
2014-03-11,-1.306780106191674e-05,-0.004304037538658156,-0.002479794419370296,-0.0011797222373575167,-0.0007926589936605444,-0.0005525475237588839,-0.00021064085318067693
2014-03-12,0.0029228130556595566,0.003768236400725211,0.004611128813496457,0.005088650916562187,0.003802171601739568,0.0034528929673434128,0.003353423519683041
2014-03-13,0.0019525857930118296,-0.014134197528601011,-0.006833541044113933,-0.0014458635286175303,-0.00016077395349867185,0.0005880053071356528,0.0015901661824189173
2014-03-14,-0.00019182439218035086,-0.006832354325501999,-0.00493736948225465,-0.003435012065095888,-0.001896604925042067,-0.0013285289507076747,-0.0008661695592847574
2014-03-17,-0.002132859110221541,0.008796593189106527,0.004382531663984723,0.0012532505062092802,0.00011703251215622323,-0.00046565252130059687,-0.0011787815418026204
2014-03-18,0.0033534406921078563,0.012073781489454483,0.009806165310630499,0.007996083878903493,0.005411968930754352,0.004476155166004414,0.003740955207832908
2014-03-19,-0.007691506991886254,-0.005412677751969075,-0.006041337891951715,-0.006490481478398702,-0.007787991892849289,-0.008090487793541712,-0.008029876756117993
2014-03-20,0.0009662131062069257,0.0027767625421522,0.0015662291076461443,0.0008095946422830291,0.0012273387214785103,0.001312338504297239,0.0012852110130390226
2014-03-21,0.0005004292805281807,-0.012033145605455098,-0.005967200093687008,-0.0012821086525602876,-0.001390717239162953,-0.0010601632416662454,-0.00021353390825407104
2014-03-24,-0.0003119899177373986,-0.008764324031205084,-0.004480954835369699,-0.0012504108316955254,-0.0017232953565726739,-0.0015271436006725203,-0.0007760622549796148
2014-03-25,0.0007631688119302815,0.0032873467591054695,0.0013636922610811286,5.6755367196181794e-05,0.0006057120740303734,0.0006677714595182405,0.000509045721613921
2014-03-26,0.0018675137104939843,-0.012879638557971695,-0.007257695576768253,-0.0030504452467665644,-0.0008128804679046198,0.0001940938353217625,0.0012785158815105113
2014-03-27,0.0005730042218794473,-0.0056085982176656834,-0.00267753313236041,-0.00048551795933271524,-0.000564414267053559,-0.0004678787462932821,-0.00020113073934846515
2014-03-28,-0.0016489638165189113,0.001956739239221683,-0.00015237433797632427,-0.0015153725444146948,-0.0015517292696751728,-0.0016086725988946338,-0.0016961724463299133
2014-03-31,0.0011199689684031622,0.007122504738569235,0.0044731577047325555,0.0026551417910969377,0.0023817843948341633,0.002065647368375778,0.0014708961641973772
2014-04-01,-0.0007408359225674621,0.017565731569641585,0.009174335885997698,0.004215630868004361,0.0022991121299531514,0.0021103539407023586,0.0009003269984784179
2014-04-02,-0.0028543159388628725,0.0025782036971064848,-5.001166587570438e-05,-0.0010799908242579148,-0.0017963755422226724,-0.0022783778118895537,-0.002693043581938448
2014-04-03,0.0006477205041890421,-0.007938395012036081,-0.004070993118146737,-0.0015436450943995261,-0.0008093628009309128,-0.0009252031300361896,-0.0002886809860144224
2014-04-04,0.002858034479918059,-0.02659735678005415,-0.0160613914345471,-0.009635629063417306,-0.0035480608811034875,-0.001193336910551679,0.00131476497880878
2014-04-07,-9.01249583828978e-05,-0.009493982436846737,-0.004477890921449568,-0.00258157405188586,-0.0017682599501678276,-0.001100023188749466,-0.00026549542189879816
2014-04-08,0.0026379020892914884,0.009234262468506227,0.0069918682538985255,0.005402537568292232,0.0035463926485748143,0.0029171715533597986,0.002426768754454356
2014-04-09,0.0016492113167811961,0.017141579109852367,0.009948076778411474,0.006121299881620024,0.004297752234988073,0.0036698983880447678,0.002285263776026225
2014-04-10,-0.00033058210808722954,-0.03097243764100599,-0.018051133020791865,-0.011296086248537618,-0.006405554407350467,-0.00430606525835997,-0.0017310784889684738
2014-04-11,-0.0006357901480052996,-0.01163352417556296,-0.005121633619046384,-0.0020933347839996452,-0.0015294049522096564,-0.0014474625034489597,-0.0008446658415113273
2014-04-14,0.0008717294905864481,0.007846970708232481,0.004347929384364013,0.002919905193555117,0.0017074010710471654,0.0010337196287335537,0.0006020710122001116
2014-04-15,0.0016532497635952659,0.0033032805975572455,0.004280846287900264,0.005139919310272134,0.003434280020888414,0.0021028388210597715,0.0016937928129359126
2014-04-16,0.0004204078156688773,0.013286041101652213,0.009285282073892898,0.007286091833103248,0.003879360358367334,0.0020716130916447195,0.0008454052829864889
2014-04-17,-0.003727757183779934,0.0002321351337168931,-0.003462704391129501,-0.004838851701300051,-0.00414821919282049,-0.0038328305084764924,-0.00398443221845135
2014-04-21,0.00018406860536535063,0.007424631253298619,0.00472501407912862,0.003097555563786658,0.0018364506255739155,0.0013925612548917332,0.0007579167614635285
2014-04-22,0.0005083535124339456,0.007945420629395405,0.00645342214898692,0.005392443441303518,0.002735752077530851,0.0014967799632743528,0.0009105379803020508
2014-04-23,0.0012248577869384825,-0.008796823384457308,-0.004086190031229342,-0.0012824795547221601,-2.6332476620982703e-05,0.0001592253774731489,0.00084087286849166
2014-04-24,0.0007046638499788038,0.00956655094061265,0.007050253537711937,0.005036351963269681,0.002395449751334544,0.0015108574371185401,0.0008486859270224745
2014-04-25,-0.000599904847487176,-0.01598345121894551,-0.010299478730737888,-0.006927549526981713,-0.0037237483679616323,-0.002452124759108165,-0.0011085412022678875
2014-04-28,-0.0008710011872486989,0.003248483016824455,0.000574900423855107,-0.000538701022053889,-0.0002922320302093384,-0.0001920266204500365,-0.0005585272652889328
2014-04-29,0.001629278014631641,0.007979606959687136,0.0049152983596236766,0.0032182931688167216,0.0025622146240378285,0.0024159609344798216,0.001866127481832569
2014-04-30,0.0017445072156401231,0.002638750478940688,0.0031343097827296607,0.0033851388553247652,0.0029548113897759354,0.0025804065684562616,0.002211941784243443
2014-05-01,0.001417123958292299,0.0029754189024071565,0.0056704676033803025,0.005997466312293254,0.0039342653943628125,0.002440747066629001,0.002090088347063368
2014-05-02,0.001321767521011763,-0.001825473995382687,0.0009645545286471879,0.0020309490772623118,0.0012308590528324892,0.0006910580406456202,0.0011009537781800915
2014-05-05,-0.00026428420312474277,0.00525759373938528,0.0012920974994190537,-0.0008165362679216637,-0.00012247733567216645,0.000584440712448453,0.00015269104282666923
2014-05-06,-0.0002863022590630093,-0.012961646659629622,-0.007042114422485257,-0.004032596919498865,-0.002873605486248376,-0.0020890004474303225,-0.0009613943598295593
2014-05-07,0.0012902861608969918,-0.002879932251542372,-0.003118414837968486,-0.0013201940720494187,0.00023654427025698865,0.0007717247261551652,0.0008535563714213712
2014-05-08,0.0003830051844586624,-0.0009240907984614521,-0.0021075660890705894,-0.0025483160234960334,-0.0008286287067501563,0.0004902591695914449,0.0005396374720809671
2014-05-09,-0.00044454268135429853,0.0037003420777226292,0.0012651112607360293,-5.9011032553568654e-05,1.8691999572606477e-06,0.0002150588120917174,3.143011753947711e-05
2014-05-12,-0.00012396752494936436,0.016474399898546155,0.009292170879291906,0.005323461070798841,0.0031074430244109053,0.0017380935595485703,0.000540276690274899
2014-05-13,0.003243905695306637,0.0006801333203669824,0.0034379252713911956,0.004462655371674673,0.003654589524482166,0.0029906847855059038,0.0030602998203614895
2014-05-14,0.0028712039339551243,-0.005210228539422879,0.00035822423842213347,0.002427157490960008,0.0021323685585723506,0.0019114351616347225,0.002437843342101065
2014-05-15,0.000915943110573858,-0.007855861999640723,-0.0023048490975867697,-0.0005590895392849626,-0.00012648988256636073,0.0003488269317546422,0.0010001082656267979
2014-05-16,-0.0005655025625177501,0.006541062986855639,0.003226728620545183,0.0014169767230203245,0.0004437030405306519,-4.977514721782317e-05,-0.00032432071419463693
2014-05-19,-0.0001428465882339358,0.006954634744093191,0.0018980134956023686,-0.0005772952634087725,-2.145845416989811e-05,0.000629502364247525,0.00024576599577086355
2014-05-20,0.001251930708681348,-0.003622977944928163,-0.0015842215847431396,-0.001439507593943845,-0.0003050771928903018,0.0007672297857619359,0.0010792505067511726
2014-05-21,6.188464094836199e-05,0.009545093202502297,0.0040604681448270785,0.0018814432615630317,0.001567769649236439,0.0012478735479630743,0.0003646756820865349
2014-05-22,-0.00021163507744503818,0.004390237316468815,0.0023733410060189364,0.001232628352587195,0.0005860053400870147,0.00022141877541725918,-4.110295712711487e-05
2014-05-23,0.0021338795661152155,0.007284294199115804,0.006616827723193941,0.005671613952939802,0.0040919029080817015,0.002984289961353026,0.0024149710358181142
2014-05-27,0.0007529817243312475,0.012461371000852539,0.010182025787381033,0.008003865096269713,0.004896801907180892,0.002833282862312325,0.0019125431037840812
2014-05-28,0.003605210838224737,-0.0030769541647309717,0.002223727782246554,0.004648142263596,0.004013597876486141,0.0032782260420394227,0.003472668483954333
2014-05-29,-3.311354638602104e-05,0.006393153639225657,0.0023294577563277574,0.0006098079761407416,0.0006447171234116311,0.0007102073164504397,0.00023501987479135344
2014-05-30,-0.0006940522971946583,0.00010960287358785514,-7.901174924318521e-05,0.00017519009468314195,-5.4081286042895194e-05,-0.0003071130137810574,-0.00029339856316290547
2014-06-02,-0.0035641231512532068,-0.0009858753467433257,-0.0024317788565509924,-0.003648288709404479,-0.003497925489450937,-0.0033391358174011954,-0.003650430944042715
2014-06-03,-0.003470604064741978,-0.0004383530873707242,-0.0030860053943135846,-0.005842449169497277,-0.005360406718148747,-0.003631154999218844,-0.003520005554710881
2014-06-04,-0.0003975613468271133,0.0037290093069974883,0.0028451387595780364,0.0016971100545646323,0.0012621249307549487,0.0002705992535529944,-5.4482515795539754e-05
2014-06-05,0.002244816096879765,0.008413659088745806,0.006658315069132392,0.0045727455393882455,0.004126809419253474,0.0031563267005885187,0.002604426593341813
2014-06-06,0.0007684054505807669,0.005742171984069566,0.004484573378238821,0.003037358441428495,0.0024612318859214,0.0010060827436277897,0.000779488841827991
2014-06-09,-0.00047653722845686364,-0.0007537858230221017,-0.000902010639230455,-0.0008212263170427336,-0.000804071357515812,-0.000977819777725264,-0.0008158282517843896
2014-06-10,-0.001351937838731887,0.001725010613702338,0.000547251109268343,-0.0009084445367277816,-0.0010052952911983049,-0.0009453721117632652,-0.0011110962161464677
2014-06-11,0.0004614343258269038,-0.00021523326030448153,0.00022245873141368833,0.00024862648052925707,0.0001850595453065651,0.0005297788319282848,0.0006957648155982987
2014-06-12,0.0025053127091259064,-0.009042787208584313,-0.005142901690964985,-0.0007670090911705563,-0.0003270293367546584,0.000441289630487951,0.0012841590332706154
2014-06-13,-0.0007742165027975201,0.002933146424471733,0.0021688180266221657,0.0013845112586485797,0.0008969644096816776,-0.0005068680492589239,-0.0006774077825925096
2014-06-16,0.00021297732769642863,0.0008664349695066687,0.00122474203291012,0.0015945526635592344,0.0012612644891756286,0.00021040709942710123,7.136275537611425e-05
2014-06-17,-0.0025860837627847966,0.0005409655896997378,-0.0013203396253209654,-0.0029726764948050377,-0.0028062480029872328,-0.0025372264809684353,-0.002739081209941041
2014-06-18,0.00527409629341169,0.005624696450975852,0.006080747522895669,0.006788047692000587,0.006566468693303129,0.005532182591464041,0.005323109504274726
2014-06-19,-0.0010188816717133786,-0.0006452831219370125,-0.003309677725754301,-0.005869024223249419,-0.0048159258707332064,-0.0017371051983791075,-0.001707865126376773
2014-06-20,0.0012519414395653072,0.0011762140980913216,0.002563184848948241,0.00413979290058708,0.003481557630165444,0.0012574115971806243,0.0011933539414072936
2014-06-23,-0.0007289274041697436,0.0002156755636419927,-0.0005137855289931714,-0.0013502045671054397,-0.0011679132944445447,-0.0004742948310821893,-0.0004946672541070729
2014-06-24,0.002159598819662767,-0.0009702438843144368,0.001445137393305318,0.003310429523895264,0.0028118496352627087,0.001974043456731245,0.0021918778131140293
2014-06-25,0.0015600821733559034,0.006364887027454191,0.005533964536237335,0.004417532958434611,0.0037984636398873395,0.0022448447446370423,0.0018048149245211142
2014-06-26,0.0012828185813043014,0.000535837792711602,0.0014647014892510413,0.002274854418610861,0.0021354916383593547,0.0017812808737387442,0.0016197856802435684
2014-06-27,0.0001944392300132769,0.004392708596913764,0.0031002636675669937,0.001419842901349444,0.0011843275485279303,0.0009211927478767201,0.0005508375062870385
2014-06-30,2.388746566994726e-05,0.001706766228597445,0.0018739945576453643,0.0017564125967381994,0.0014223159612920533,0.0007247507399090747,0.0005150264127251614
2014-07-01,-0.0014268957920419156,0.010967819568370674,0.006341036340896,0.0019073531254232279,0.0008466358999825729,0.00018305572248422664,-0.0007894891778986723
2014-07-02,-0.0026178485673384877,0.0016850336252198783,-0.0012315608848308957,-0.003890125257163257,-0.004286611631543313,-0.0024339874610694867,-0.0025064099179306076
2014-07-03,-0.0010858748760635972,0.006309284902158652,0.003995236105283517,0.0018050696882339068,0.0013672413440894982,7.500846825170271e-05,-0.0006859030648389552
2014-07-07,0.0006301216330051318,-0.0030302854121548872,-0.0006321682382546268,0.0014955180914237864,0.001686501979118793,0.000794246006722954,0.0009971559312740297
2014-07-08,0.001983398929124025,-0.01205304541776464,-0.006618884730759778,-0.0012867438491045435,7.319504997416182e-05,0.0005466098508095651,0.0016418801229010072
2014-07-09,0.00021687313554608068,0.007426155151263991,0.0058501772180152845,0.004215943258454979,0.0036462648549238086,0.0017737531834789433,0.0009862404982916573
2014-07-10,0.000636832467879378,-0.003159419928789098,-0.002349032094329462,-0.0016903299510934167,-0.0017173366957838887,0.0004398926396309566,0.00045170528441818014
2014-07-11,0.001150925749881626,0.00644438136760539,0.006429044323653654,0.0060122691058155375,0.005307478978823887,0.0023790471319198314,0.001974068211687996
2014-07-14,-0.0006870679281881786,0.005982746870518474,0.003540440414695478,0.0012898199239621544,0.0009025590647668835,-5.7974131805749174e-05,-0.0006513214476030482
2014-07-15,-0.0016647478413724937,-0.0034431406548667276,-0.003111462719518343,-0.002689823128532165,-0.0024366651927706373,-0.0014180385265604167,-0.00129183921290843
2014-07-16,0.0012802900254866856,0.003978588647215675,0.004293666317512823,0.004553394991716475,0.004548121604455613,0.0019948806234695304,0.0014296186292048763
2014-07-17,0.0016096673083116908,-0.013244239735785146,-0.0071486742581281515,-0.0015513993595216435,-0.0006483303110760286,0.0004220951269078288,0.000984457864142696
2014-07-18,0.00022514108852766945,0.015853097368068614,0.01126562362458472,0.006770941868517788,0.005525338225849774,0.0023450931973483247,0.0012891403856096773
2014-07-21,2.945533874654238e-05,-0.0012484491847709611,0.00022754909767819242,0.0014943005768410789,0.0015646882775599558,-0.0002622991878151737,-0.0002835656173982848
2014-07-22,0.0013702022689923155,0.006353922383616206,0.005337129446836064,0.0042760073152086076,0.003894194894365821,0.00241161247007482,0.0019329978235698153
2014-07-23,0.0007916626436297314,0.00641777367262808,0.004585176584676942,0.002621716029681309,0.0018489531469407794,0.0012735355568338491,0.0009165191134579143
2014-07-24,-0.00256538652588012,-0.0011315542065297723,-0.0026267669796413706,-0.0038718028413715633,-0.0038709329478303633,-0.0029212661672302076,-0.0026335565982527065
2014-07-25,0.002061065855646138,-0.003912716831646734,-0.00021994415896742225,0.0030326064999801616,0.003326626336045857,0.001476164051902984,0.0017144784105109778
2014-07-28,-0.001292094876681693,0.0003103204023273687,-9.227363620412099e-05,-0.0004436206654807595,-0.0004739450929599487,-0.0008132983251869508,-0.001154126886130813
2014-07-29,0.00010137801578458117,-0.0017569648788263725,-0.0004765190204851777,0.0004661059592829808,0.0002552607637051896,0.0001385954359134356,0.0002137545602292068
2014-07-30,-0.005465989405074034,0.003933779243944224,-0.0003146113040725096,-0.004390661769082538,-0.005365635689957071,-0.0043848053231907436,-0.0051161714376748435
2014-07-31,-0.004050989132903249,-0.0202100999777296,-0.016157112234596815,-0.012482513968875786,-0.011971969287780548,-0.005913780656071288,-0.004709058463327809
2014-08-01,0.0030226120214236207,-0.0036835062307581934,-0.002933992244583905,0.001513960057683228,0.0019253476524210278,0.003164807210054077,0.0034094534762489914
2014-08-04,0.0025969578987985464,0.006865881773390647,0.00623698282528129,0.002610798381974755,0.0023827957652426957,0.002456723896917312,0.00241335023772149
2014-08-05,-0.0013102674191762809,-0.00765860149975417,-0.006942414745632952,-0.0029566755534693456,-0.0029067488398226704,-0.0021696315577159897,-0.0016256971603153536
2014-08-06,0.0012263410995185797,-0.0007398289063194063,-0.0006501545332386893,-2.520595343113996e-05,0.00014942732620970567,0.0005396357934011053,0.0007943087121216053
2014-08-07,0.0027279978206720124,-0.003173871327266764,-0.002342654100503605,0.002270613842935809,0.002343563629100265,0.0019973486124762463,0.0023767270250809602
2014-08-08,0.000729439573193158,0.007217037037325014,0.006586346200458504,0.003362515627203022,0.003645775195416867,0.002037524575476679,0.0015611915104567498
2014-08-11,0.0010952188073183322,0.0059009105368832415,0.005501687464574134,0.002889670714210091,0.0023307560655707604,0.0009778499169341703,0.0009991150720061182
2014-08-12,-0.0014366558905856142,-0.0004190270391961626,-0.0008217702776074365,-0.0032623254004475744,-0.0035637974471910416,-0.0012720176429757979,-0.0012263608591126518
2014-08-13,0.0037824308519720518,0.010584825770776352,0.010317853518872155,0.00838391126900806,0.00777355697785409,0.0049003192656484895,0.0043404071576576
2014-08-14,0.0016384161911120465,0.005185149762993779,0.005373390627028574,0.0064295646250924765,0.006453576733082889,0.0028811961370907024,0.0025849795202148584
2014-08-15,0.003617605799937307,0.004848690595072203,0.005247672563404526,0.0070847895198420385,0.006611061667366469,0.0035913430254785883,0.003495375888884933
2014-08-18,-0.001091342424766828,0.007700226407469923,0.006531969510179092,-0.00021603972012140815,-0.0006517132329751929,0.0001251292430697326,-0.0003039944879453804
2014-08-19,8.471317042690885e-05,0.0056039185172021,0.00503760463611691,0.0016705597053581211,0.0013638794398811438,0.0008640696990229735,0.00036218415966682294
2014-08-20,-0.00160057776868483,-2.488009798184976e-13,-0.0001056513715093077,-0.00046621223233500597,-0.0001678338120110201,-0.0017281675657133677,-0.0017246899042827613
2014-08-21,0.0018433523084104841,0.002026358340441403,0.0022571865884837283,0.003707927594278626,0.003928768057196663,0.0022061413647895822,0.001991257665757473
2014-08-22,-0.00031308212922653844,0.0015163285904919999,0.001778912768242602,0.003023756435870162,0.002743712887282479,0.00010564362593989962,-0.0001581295368283664
2014-08-25,0.0014479339722777151,0.0035338012729562163,0.0035479531749584847,0.0037821579719787835,0.003987453477809488,0.001797040468524358,0.0016287298573545161
2014-08-26,0.0001226468071753306,0.0010059631131960067,0.0007308133025949459,-0.000923308686016977,-0.001094128980806408,0.00011797228672949522,0.00010974825599530114
2014-08-27,0.0017923239556749682,0.00020108765766102543,0.0007396781342925429,0.003855886373815176,0.004022987467278805,0.001925825845022322,0.0018293589508406871
2014-08-28,0.0005904596158663455,-0.001105273738061241,-0.0006913936754830985,0.001794396344057425,0.0020534616181426824,0.0006830142414162577,0.0006225787046232334
2014-08-29,0.0007389150340617601,0.0037218673496652865,0.0035217510260172613,0.0022640955473045565,0.002061559439549221,0.0010575489560233908,0.00082681523396122
2014-09-02,-0.003957217084465614,0.002906457705621035,0.002906457623643499,-0.004680077794039228,-0.00619558111932339,-0.0038028675209004215,-0.0036899861363001163
2014-09-03,-0.00010341180344064504,-0.005895879388878145,-0.005895879324353759,-0.0010779209826020653,0.0004004254403169316,-0.00016463431324165168,-0.0002441183905523836
2014-09-04,-0.0031783709090301704,-0.000904671132154089,-0.0009046711781676153,-0.004906099836754052,-0.005508110543033684,-0.0031561429653333972,-0.003029134493280128
2014-09-05,0.0007206337069931568,0.005030645865689243,0.005030645837931447,0.0025568550806784884,0.002150773290394481,0.0016673572515757407,0.0010600668673030889
2014-09-08,-0.0008524817536312845,0.0019019863651601465,0.0019019863393090475,0.0006669934640408659,-0.00020991755024779568,-0.0007652670722088084,-0.0007489396932770509
2014-09-09,-0.0036730388182879548,-0.008293230736295287,-0.008293230704352395,-0.005397640772147105,-0.004705560825090993,-0.003951326351165352,-0.0037392705037327945
2014-09-10,-0.0006005744949563185,0.008261948935827768,0.00826194885473397,0.002512462228382528,0.0010478886945237686,0.000331557265008664,-0.00017379377239734595
2014-09-11,-0.0009587111918905045,-0.0007992856200790266,-0.0007992856203508092,-0.001338472533610524,-0.0010990016462160135,-0.0008264496167952329,-0.0008547340107727397
2014-09-12,-0.0036786839445072106,-0.005100670667109952,-0.00510067069964959,-0.007051945720626618,-0.007427258940322035,-0.004383690289147868,-0.0037887206373516946
2014-09-15,-0.00023494576630334052,-0.00965033860587039,-0.009650338537911307,-0.004413465139207484,-0.0022978437746540292,-0.0007567738913965005,-0.0004408989923039286
2014-09-16,0.0016442612685689806,0.008729099103035987,0.008729099048822464,0.004168235122973041,0.0033856417374871217,0.0023459572964488196,0.001830907591067854
2014-09-17,-0.0009654495743777192,0.001509816523827645,0.001509816504004835,0.00010264812167304349,-0.00010736781039333287,-0.0013174582637576204,-0.0009373203002026598
2014-09-18,0.0005495465605649397,0.0075351102675067505,0.00753511023311737,0.005705051810951378,0.00511022998731403,0.0018316883853632948,0.0010572912331305861
2014-09-19,0.002574731391738805,-0.0006197127673401859,-0.0006197127343687825,0.0038320063106975777,0.004372149964423144,0.002399936591621632,0.002537578799401974
2014-09-22,-0.00048746428179002876,-0.009301938354832062,-0.009301938312934244,-0.005464970314710382,-0.004709452784462331,-0.0013365177403951156,-0.0007129990450482904
2014-09-23,-1.173668015097551e-05,-0.0027257409802322607,-0.002725740964722001,-0.00016349035635709885,-0.0003095433352429122,0.00020983216661640824,-4.7558464557062585e-05
2014-09-24,-0.0007112100467664417,0.010730854001929968,0.010730853923772932,0.004653060816317556,0.0034000049591753623,0.001035935122504661,-0.0001824014079468972
2014-09-25,-0.001134878349846491,-0.021033681770840307,-0.0210336816259038,-0.00902413940034652,-0.006661035986751052,-0.0027412915776333646,-0.0018260330047750184
2014-09-26,-7.968928786961094e-06,0.010640566738933543,0.01064056667934521,0.005990461125263691,0.004964562415072482,0.0014268587169909974,0.0005434766178269435
2014-09-29,0.0015959968684602366,-0.0013159959043566039,-0.001315995877948506,0.0018284006439135414,0.002157689322261902,0.0013913928133231224,0.0015033674804827424
2014-09-30,0.00024797776461649157,0.001419062520836567,0.0014190624717222988,-0.0016909280832165807,-0.002734498699166532,-0.0004410640038517988,0.0002729839251278676
2014-10-01,0.0031201721881619626,-0.01599354472520409,-0.015993544700950157,-0.007426892990710976,-0.0016214823418072566,0.0007613736800959892,0.002511512510000591
2014-10-02,-0.0015321362726886667,1.1624035067825389e-12,2.9825031333530205e-12,-0.0019206753738310045,-0.0029456567397057043,-0.001451774127505967,-0.0016598116770689675
2014-10-03,0.001465324843979765,0.009875580469584033,0.009875580466679024,0.008975626878523268,0.00792485846289126,0.003253243745154233,0.0023026050454615365
2014-10-06,0.0014700149302562249,-0.0021391245176282103,-0.002139124509750956,-0.001220298549343246,-0.0006048366069727473,0.0006237099011818792,0.0009172368019836341
2014-10-07,0.0007185266363047838,-0.01418943707883813,-0.014189437075793121,-0.008385866768791161,-0.004211654245576346,-0.0013360315020946034,0.00030219998101999046
2014-10-08,0.005528606152641391,0.019467579404488955,0.01946757938804833,0.014445990651427376,0.010893058853207016,0.007903810070194917,0.006689878820243633
2014-10-09,-0.005966207705469517,-0.016150400301393586,-0.01615040031245918,-0.014654449706982153,-0.013011334363094207,-0.007538527173124754,-0.006185112792677638
2014-10-10,-0.002656067706550802,-0.024984452738747498,-0.02498445265968019,-0.012752950704735921,-0.00622561677500677,-0.003863290277715925,-0.0026483786981491564
2014-10-13,0.0001673755456619297,-0.015671216111407538,-0.015671216095825224,-0.010836167512845107,-0.0073440442184530275,-0.0020278067351222617,-0.00036737622502092115
2014-10-14,0.001380933157683728,0.0001075349894055222,0.00010753500346583067,0.002084999940146659,0.0032296884546838545,0.0018485425679439782,0.001829777029609625
2014-10-15,0.002270646648414809,-0.006453740309740219,-0.006453740302567623,-0.003132179673944302,-0.0008214654950750022,0.0015858266023087708,0.002462630187835435
2014-10-16,-0.0008129565336052469,-0.006278869653945418,-0.006278869620416794,-0.004607942660733055,-0.0035899346858185854,-0.0018327347390000304,-0.0017883921859339624
2014-10-17,0.0017796361927184812,0.013182052291282886,0.013182052272548095,0.008239144913295027,0.005346003774526098,0.0027562269089334013,0.0016953559385806116
2014-10-20,0.003989347493851048,0.0149462084815144,0.01494620845020278,0.010616734090806101,0.008317696775633765,0.005143564922196475,0.004442798494522782
2014-10-21,0.003648552287436324,0.026274020365790518,0.026274020316156,0.016174332530937363,0.01010055695546419,0.005785586226431549,0.004040685533146293
2014-10-22,-0.0027268995085532044,-0.005161551709740975,-0.005161551719092938,-0.004341223782543868,-0.0037196888461983324,-0.0027648205684236427,-0.00233343766959182
2014-10-23,-0.0003150570849542733,0.015046011245201107,0.01504601121996818,0.008441603449175439,0.0041104029934631026,0.0012110666711147022,-1.79966605331483e-05
2014-10-24,0.0019474795877241213,0.00817842795332635,0.008178427943289712,0.006395628012643151,0.005093267134199664,0.003112461469909178,0.0025218167625060683
2014-10-27,-0.0002969294814314516,0.0007098695122742527,0.0007098695024698731,0.00030655224634168476,3.328829453663751e-05,-3.5799874345876503e-05,7.23830424222971e-05
2014-10-28,0.0010942191991007988,0.01509771972977858,0.015097719708592638,0.009121018557574079,0.005252857289379076,0.00253597766855318,0.0014287947908309118
2014-10-29,-0.0022126153048437347,-0.0036934061772782023,-0.003693406167171287,-0.0016757940467855281,-0.0005688342704669447,-0.002769748575987774,-0.0028054739485269264
2014-10-30,0.000508351571672172,0.0021041374952430747,0.002104137515444693,0.0031816137472682193,0.003154023394962513,0.0017850609272438422,0.0012976270328590722
2014-10-31,0.0009473377529007898,0.013797168088938383,0.013797168071223664,0.00938881898558308,0.00631028720322524,0.002796536785230508,0.0016950907853237052
2014-11-03,5.004074640124756e-05,0.002958481796492718,0.0029584817930272678,0.0015817837043619054,0.001023890734845434,0.00034188068151386197,0.0004217636485512877
2014-11-04,-0.0018170826655650174,-0.0033429291437914177,-0.0033429291424916796,-0.0014515872665178398,-0.0009289250043460484,-0.0012116702225153375,-0.0012536659899203828
2014-11-05,0.00029941466915417436,9.84645409494167e-05,9.846454298023666e-05,0.0009190908415048771,0.0015908226292049577,0.0012710463069849354,0.0005931094214106647
2014-11-06,-0.0010271537501924666,0.003156981212593557,0.0031569812086129634,0.0004669491978941398,-0.0002247475911537622,-0.0008164716315122167,-0.0009691760685361928
2014-11-07,0.004386662615463832,-0.0008851239995335547,-0.0008851239953757695,0.0031504895372473918,0.004412786628667842,0.004251278708656825,0.0043129902434526635
2014-11-10,-0.002570983531779314,0.0035432367808723164,0.0035432367789056674,-0.00033410012866907923,-0.0014435924334325057,-0.0015830472179565458,-0.0020049698658348714
2014-11-11,0.0011399175590462995,0.0031384762107138364,0.003138476207729557,0.0019630754699722086,0.0014788445309463771,0.0007583377125031099,0.000893934379914807
2014-11-12,-0.0007576465456136106,0.001759879387498442,0.0017598793832367399,0.00040455705277797627,-0.0001795930591648176,-0.00013883753614107874,-0.0005242594106972254
2014-11-13,-8.167452435559053e-05,0.004294247722701927,0.004294247716957633,0.0030698603236698485,0.0024981853135033205,0.0019903895159252283,0.001083673225279469
2014-11-14,0.0014068839839525005,0.0031099626408856995,0.0031099626367587785,0.003039631044803537,0.0028147860865535,0.001953807511474448,0.0012370726047112868
2014-11-17,-0.0013605205613574922,-0.003003318866759752,-0.0030033188648349585,-0.0021092696869194905,-0.0015968380799477044,-0.001155332772124762,-0.0011714565243291508
2014-11-18,0.001112609916685381,0.007482189708276632,0.0074821897048296115,0.005739302221987597,0.005125632001541369,0.0030044767105108505,0.0018853866395103225
2014-11-19,-0.002606936462495435,-0.004533122019102165,-0.004533122019377056,-0.004466267468268503,-0.004237847580234488,-0.002801215103209409,-0.0025546765742399113
2014-11-20,0.002198391250627374,0.004456987255812228,0.0044569872544950595,0.004121981013239573,0.003833404018495745,0.0022514325121882894,0.001997320405947134
2014-11-21,0.0030474719277147067,0.0019292894864875176,0.0019292894911069336,0.00384099073895916,0.004626721499101372,0.002560408194944186,0.002713392445478302
2014-11-24,0.0012987346721673454,0.007798073432573771,0.0077980734272691254,0.004714756067276005,0.003488021474949976,0.00255768512268717,0.001963391372410195
2014-11-25,0.0018338738725738324,0.0015285399282500833,0.001528539927412087,0.0030564367146024285,0.003328220488499456,0.0017608006257472386,0.0019760980768250835
2014-11-26,0.0020709776435152705,0.006486073167544015,0.006486073164281736,0.004569117350755159,0.0037463900044056864,0.0026675028937006573,0.0023610705073482396
2014-11-28,-0.0008887584005145,0.004643697978636174,0.004643697967072091,0.0042151799713985305,0.003611703734475835,0.0029834541543636295,0.0015512256322063323
2014-12-01,-0.004249012048896494,-0.011319765352925781,-0.011319765351932798,-0.010574919141914552,-0.0074427489327255625,-0.005005024680848957,-0.0046455923623047735
2014-12-02,-0.0016699847370305054,0.00400721027740647,0.004007210277360951,0.002135458120450684,-0.0010988542576638727,-0.0020198135753013435,-0.0009289823402355291
2014-12-03,0.0005923430731258339,0.0018055394640605904,0.0018055394642342293,0.0020887241112239607,0.0027050893615021554,0.0014308951427717265,0.0009737006026830919
2014-12-04,0.001497861102275122,-0.0004742013052749794,-0.00047420130520214876,0.0007192465055705366,0.0021514638179076506,0.001372672830343813,0.0015388278036569947
2014-12-05,-0.0033425882293575127,9.464102080292136e-05,9.464102070722014e-05,-0.0007115741684375898,-0.0019191211643034833,-0.0029183027591075383,-0.00313400384750262
2014-12-08,-0.0014768104485833877,-0.007117094434762605,-0.007117094434062943,-0.00449857824164368,0.00033752113934726324,0.0004663507043007886,-0.0012047663599418224
2014-12-09,0.002650738366730465,0.003154236128382948,0.0031542361282659304,0.0034276201727618805,0.002425959883318507,0.0017340273733685851,0.0023813826580629804
2014-12-10,-0.003530174791700147,-0.015720211842268572,-0.015720211841314335,-0.01254487802260773,-0.006709368860624787,-0.003913480147246351,-0.0036259148926781615
2014-12-11,-0.001673376324041298,0.004743035434703113,0.004743035434263909,0.00465398847948606,0.003618814637789347,0.0005167259474381236,-0.0009547188615343094
2014-12-12,-0.0009656194867514456,-0.010886484011976005,-0.010886484011907949,-0.00744894637532012,-0.0030014002055956945,-0.0014499753672218008,-0.0012603031542215426
2014-12-15,-0.00443059317321759,-0.010324279861926744,-0.01032427986153961,-0.009137524913732209,-0.004954063358008853,-0.0028131963744377764,-0.004389027108212762
2014-12-16,-0.00044205194783553114,-0.016041812774105768,-0.016041812771759978,-0.01193230424417746,-0.0033323368330921976,-0.002133948015045073,-0.0004062619621283403
2014-12-17,0.004001899769151329,0.018203777773384777,0.018203777773088348,0.014171333484040316,0.007382756341873353,0.004073922376349071,0.00414891410673679
2014-12-18,0.00207986615140765,0.02406670820262713,0.02406670820073309,0.01800638967860868,0.008139775064880617,0.006188127232038321,0.003350116222711641
2014-12-19,0.005879111252776736,0.0043998727133149895,0.004399872713197084,0.00566345878296981,0.0060220336907155225,0.0024970122366210212,0.005365202356242937
2014-12-22,-0.0012034432868262002,0.00249256715339774,0.0024925671539528516,0.002331800260072514,0.0027684444069313585,0.002220182148879646,-0.00029290399949033485
2014-12-23,-0.0035310091328288884,-0.003538133286463241,-0.0035381332861329495,-0.005829917095121484,-0.0077146517908779355,-0.005451620474114849,-0.003766185859137683
2014-12-24,0.0006658151989622496,0.0008637431030735776,0.0008637431029805409,0.001498609569879461,0.002370835630762569,0.0016129985479371722,0.0008041998620227364
2014-12-26,0.0008123024091339914,0.0070950332994192955,0.007095033298751607,0.006624062736278802,0.0041611030931323345,0.002126803493948337,0.0011058790356677228
2014-12-29,0.0015119381286095024,-0.0001907736781208147,-0.0001907736777648772,0.0008731624475206701,0.0026578191583419564,0.0019503594550198677,0.0018594695722753407
2014-12-30,-0.0008714451526464773,-0.006665306606937649,-0.006665306606296162,-0.005355094392445636,-0.0024412585165911604,-0.0012384225913293356,-0.0010643426853396143
2014-12-31,-0.001907580993007807,-0.010256752926357415,-0.010256752926006807,-0.008543282841128041,-0.00485160694736031,-0.0025748815619675014,-0.00224408085487815
2015-01-02,0.0016316350207261632,-0.003002319966992295,-0.003002319949484855,-0.0002704212429891495,0.0027531660451165507,0.0023482407510098113,0.002170825571326862
2015-01-05,-0.0018247467831090658,-0.014668719533983299,-0.014668719507559547,-0.008724465129109293,-0.004356262977276537,-0.0024427959036554814,-0.0024502256499493447
2015-01-06,0.0006358900576663995,-0.01340833004533748,-0.01340833000754893,-0.007107444526132878,-0.0006764073564884399,-0.00011720237619827767,0.0004548420941716813
2015-01-07,0.002480972427671091,0.012891008037855922,0.012891008026022721,0.009834971208073862,0.0071332534423649285,0.004605149817260568,0.0035690451940766366
2015-01-08,0.00208830759643841,0.019139585411348525,0.01913958537490923,0.012560353140116165,0.006573815452351139,0.003862474081584022,0.003142615850909136
2015-01-09,0.003017833140718018,-0.006582609193689581,-0.006582609179032084,-0.003110729700918302,-0.00044161907251327737,-7.216300218493288e-06,0.0020561602614308505
2015-01-12,-0.0011011294420513185,-0.01042681920906563,-0.01042681917837407,-0.007184374507571922,-0.0037402435157297687,-0.0012090564377104096,-0.0007751399800699499
2015-01-13,0.00013093115627116347,-0.00029556113085627,-0.0002955611316333151,-0.00023544462889957263,-0.0007928364667267873,-2.6313080742856876e-05,2.4602155470621057e-06
2015-01-14,0.0021259251843539495,-0.0055160625249541795,-0.005516062506617625,-0.0028504289385945514,-0.0006761064246534332,0.0002443508197040867,0.0012330399395570346
2015-01-15,0.0009225869813240806,-0.012975693133497113,-0.012975693096209051,-0.007073386646662461,-0.0011089607310778016,0.0010716743972309928,0.0010645293122115707
2015-01-16,-0.0005249800451381237,0.011741200227564752,0.011741200212731728,0.006590889205721817,0.002578803797273155,-0.00014874557019162182,-0.00032621579244740406
2015-01-20,0.0006823446442203451,0.007934858573241943,0.00793485854777587,0.009039246010720703,0.008565440861362905,0.0030208944772573965,0.0014685748207741156
2015-01-21,-0.0003414934337170328,0.005117114101497178,0.005117114087167751,0.0016630654789124844,-0.0012955504143843388,-0.00021797432669445893,-0.0004347017591529445
2015-01-22,0.0009795030340173927,0.018504012048349505,0.01850401202315921,0.01398659870736263,0.009249339310235527,0.004520508338787144,0.002271813728312644
2015-01-23,0.0032941117040035106,0.002211000298262711,0.0022110002876121193,0.004562294623494001,0.004730693590882851,0.003225029540611768,0.0029329629737608887
2015-01-26,-0.00047330482468732615,-0.0011510538754941901,-0.0011510538589641905,-0.0015343912163897633,-0.0010198778104495432,-0.0006156865381767851,-0.0002995990591109221
2015-01-27,-0.0018732093519846504,-0.025926480142889008,-0.025926480069979996,-0.020362261670304527,-0.01247741388652035,-0.0055978542178847235,-0.0030689153733863828
2015-01-28,0.0020012984313440008,-0.00512627220163675,-0.005126272206647853,-0.0006823508203469553,0.0012394804136657278,0.0014589427683764367,0.001428469330893689
2015-01-29,-0.0003432877633153808,0.009611636344470709,0.009611636327598205,0.006203756205042987,0.003232227557524059,0.0011577967852725024,0.0004891418859931385
2015-01-30,0.004883477047237905,-0.007753547916069414,-0.007753547919593928,-0.0024566939183026104,0.0008842078288449073,0.001980978763298946,0.00283265837802138
2015-02-02,0.002466517123672185,0.008704527671238527,0.008704527668371265,0.004101596612337222,0.005044859767932897,0.003893596566034052,0.0028339174927063393
2015-02-03,0.00016860145355024336,0.009609388534311814,0.00960938852886084,-0.0009182934841280854,-0.0006429165000306769,-0.0004967855354574002,5.3454337368918914e-05
2015-02-04,-0.0020542233242388797,-0.0008739182636943177,-0.0008739182635995046,-0.0004664670907865709,-0.0009905563582852661,-0.0002464655251037673,-0.0012796574300304453
2015-02-05,0.0016009890308641417,0.008651725352326167,0.008651725349104078,0.0020478341974989878,0.001680599852470488,0.0012874877456001688,0.0016616990024653777
2015-02-06,-0.006398244267013187,-0.006072036485997967,-0.006072036489263688,-0.010773744497980187,-0.009397171892197687,-0.008120734682842468,-0.006703697518909868
2015-02-09,-0.0005150248136105429,-0.0031998879997343632,-0.0031998879997350294,-0.0029760278144169705,-0.003102180271609134,-0.0015868997829530107,-0.0012923472478678644
2015-02-10,0.00030589844259654164,0.015564604170112961,0.015564604164960638,0.006265427838117343,0.0048143681504320135,0.002353717007599343,0.0015525055932934517
2015-02-11,-0.0005183534472369411,0.0036397829050496266,0.0036397829041516783,0.002360192127324856,0.0017856041801080913,0.00034062607052542937,-0.000175680616925189
2015-02-12,0.002791164539504898,0.011643360675064773,0.011643360672439318,0.006304850930320072,0.00533763855731717,0.0043269597596888865,0.0028954486070527086
2015-02-13,0.00038782654979097053,0.008584847841897947,0.008584847837643128,0.0009832909967362191,-0.00013027852281088936,-0.0005995774385336716,7.428058212144428e-05
2015-02-17,-0.003814274363652559,0.0009353854803604289,0.0009353854775910886,-0.004482012078379172,-0.0046683451397896425,-0.0033562997244341863,-0.0036521732757768266
2015-02-18,0.002618739319772745,0.0014017295911776806,0.001401729592304779,0.0030913268213865752,0.00259067904516308,0.002825423543990624,0.0030087005749392937
2015-02-19,-0.0017204464556742627,0.004946029582289846,0.004946029578601019,-0.000765698821544869,-0.0015506016378200593,-0.0010697597387901991,-0.00167945223618704
2015-02-20,0.0009369179165898966,0.006685756214283467,0.0066857562137732085,0.005493823549213905,0.0050943101873439645,0.002367394100455833,0.00151231195143664
2015-02-23,0.0022467035234632338,0.0010144582848967687,0.0010144582868663043,0.004614449091046691,0.0043683642563066005,0.002608167078202994,0.0024699388380411413
2015-02-24,0.00403212413177978,0.0007374428716793169,0.0007374428726119042,0.004198886925106393,0.005881308767547777,0.005124357208126096,0.004259618708901458
2015-02-25,0.002207756571935615,-0.002485965857421557,-0.0024859658560556497,0.00010514286374796455,0.0006254147628486084,0.00020416464094652476,0.0013593772089370848
2015-02-26,-0.0034310737860344664,0.00507684946657494,0.005076849462306576,-0.0026649530835920476,-0.004228689592389423,-0.00381451160538393,-0.0033020005908355188
2015-02-27,0.0022789728989609515,-0.004408628309706453,-0.0044086283069075805,0.0004893627832591729,0.0006845609796362062,0.0006714658091679926,0.0014880989796393074
2015-03-02,-0.0037755088705023754,0.009040643764218315,0.009040643542392202,-0.0015124175631755499,-0.0027681765902215494,-0.0026461915360306287,-0.002988430251501417
2015-03-03,-0.002126055070218791,-0.004662512813948583,-0.004662512799438523,-0.0041673976774466714,-0.004023717796637349,-0.0025564814530932845,-0.0025512394678635086
2015-03-04,-0.0012745891084365857,-0.0038579497926197748,-0.003857949771708058,-0.0024683233614604116,-0.0024403677745872265,-0.0013486079674764895,-0.0010592807271260218
2015-03-05,0.0007092781328377207,0.00175222450485224,0.0017522244819394572,0.0005321949416401406,0.0003184439371539671,0.0009379556397715039,0.0009034336680511235
2015-03-06,-0.00984057478007272,-0.011322004622368653,-0.011322004741056935,-0.01576072910024029,-0.016607420713379617,-0.01158567161066959,-0.00999120747488258
2015-03-09,0.002390518739709968,0.0028861890065297047,0.002886189063485034,0.005404266047511763,0.005829637864712467,0.00423075798463568,0.002760186878262738
2015-03-10,-0.0023138347597428943,-0.018566736770715075,-0.01856673650634111,-0.006849750013226963,-0.005561497801406912,-0.0037575920074665037,-0.002347614188202729
2015-03-11,0.001249796570478301,-0.005769917785438117,-0.005769917664637414,-0.00029180841720632955,0.0007500672447580126,0.0009585439531545337,0.0009867142966033526
2015-03-12,0.002096303928446952,0.006564617495115721,0.00656461748047743,0.005341679686425849,0.006439682315085626,0.004590123965155568,0.002927211720064049
2015-03-13,-0.0037404685630894052,-0.004347945279228105,-0.004347945271482856,-0.004299554512543047,-0.004641308327261617,-0.0034065289529312537,-0.003170134129359403
2015-03-16,0.00368313615017013,0.01291049091086971,0.012910490882256376,0.011831388623439798,0.011845253950579115,0.006396941447714077,0.004333785094173592
2015-03-17,-0.000506853259192086,0.0015934577163541075,0.0015934577427962893,0.002945110235092363,0.002153611304488434,0.00017617901936795022,-0.0003748405723188464
2015-03-18,0.011789936712209403,0.009825034517079834,0.00982503461254014,0.013754387797064727,0.01444600821012565,0.011768912322875691,0.011224652232534105
2015-03-19,-0.0056196574122023835,0.0014824169256182351,0.0014824168466125442,-0.0022924656405285404,-0.0037081153228741837,-0.004669514875841552,-0.005198878913081351
2015-03-20,0.006064542712770349,0.006473110674425797,0.0064731107015976175,0.0065766848491430885,0.007035202307733357,0.005511673847723664,0.005893044375751888
2015-03-23,0.0013197779490772277,-0.0019348869119265588,-0.0019348869050510586,-0.0016780803876689232,-0.0016630181947437928,0.0003373579431125151,0.00075988793739179
2015-03-24,0.0007787429626380238,-0.0036004541563958714,-0.003600454072733683,0.0007415366574170523,0.0006524143149191364,-0.0003383665616806253,0.0008467703006382887
2015-03-25,-0.005927695647614528,-0.022885249009127584,-0.022885248853090068,-0.015737286368201486,-0.01367419790347213,-0.007883859998516929,-0.0065239940390852125
2015-03-26,-0.0028035414885927423,-0.003413539734251847,-0.0034135398254975247,-0.0076590625049723915,-0.00774512115429582,-0.004548134996121389,-0.00342786438983933
2015-03-27,0.001514172310674411,0.003995989784438825,0.003995989836361957,0.0066867032383080005,0.006539087574276126,0.0033374005603064028,0.002446300531598
2015-03-30,0.002781843038377696,0.011467224758034744,0.011467224638094908,0.005603293174942792,0.005351020378898896,0.004624954359150779,0.0030699136681189287
2015-03-31,-0.0011848649596862826,-0.010587705252296464,-0.010587705143998094,-0.005537012169677502,-0.004842708436325394,-0.0016611212693499189,-0.0010158091008708459
2015-04-01,0.0038424686632163585,-0.005208185474088078,-0.005208184889431755,0.0023572979397266103,0.0027639339013372233,0.0016054813719639238,0.002760883206659015
2015-04-02,-0.0016276204035328146,0.0006663787697529511,0.0006663785585088178,-0.002615182708469388,-0.0021266845734987383,-0.00036532599271654753,-0.0010239816462846996
2015-04-06,0.003359940600454081,0.008181182987247126,0.00818118258969358,0.00242047344683316,0.002084293449069907,0.003162082098363106,0.0029357191109313785
2015-04-07,0.0020658589175053255,-0.0016983576299139935,-0.0016983575018024721,0.0017703496628604931,0.0016413700228783412,0.0004803928853416295,0.0015613830059810763
2015-04-08,-0.0011030982452908678,0.007939479851038822,0.007939479522913073,0.0034039486296233434,0.002513015630321691,0.0006527559596072319,-7.165892962734954e-05
2015-04-09,-0.0016364512602030645,0.006282722343782465,0.006282721557567594,-0.00167985795040404,-0.0021298698058525023,-0.0011713744374427515,-0.001519481697371483
2015-04-10,0.0017976669740495943,0.00410022758613926,0.004100227501842246,0.003601862095616193,0.003843942908880793,0.0019939095889565106,0.001568407114656889
2015-04-13,-0.00010636991710921695,-0.0025056885070069423,-0.0025056884239803567,-0.0017762967158794218,-0.002137122423069071,-0.0007036727131111142,-0.00017355319833400884
2015-04-14,0.001677752035135871,-0.002884458903117504,-0.0028844585070997297,0.0025827959666624434,0.0035425549495902153,0.002245558125922198,0.001793308028964491
2015-04-15,0.0037015065293692917,0.006251653128099832,0.006251652814856401,0.0029438856498282817,0.0025758024880020436,0.0021579558795379317,0.0027140639640887976
2015-04-16,0.0005006859945178022,-0.0013907888280833003,-0.0013907888733099005,-0.0023393923537438077,-0.0021495210489926864,-2.559138852553655e-05,-4.5362026646955655e-05
2015-04-17,-0.0018686189736853986,-0.01560020677186058,-0.01560020590384481,-0.003986284047978739,-0.003073680567572401,-0.0027602166955632557,-0.002121454210325169
2015-04-20,0.0010919105145623664,0.014998416053050079,0.01499841518277889,0.0038397701876697887,0.002628198709205609,0.002040478518064104,0.0015156727849952034
2015-04-21,-0.0009885843267574135,0.004275207616769139,0.004275207264488712,-0.0009976912913034486,-0.002074980065358334,-0.0012571848662592533,-0.0009419488758740657
2015-04-22,-0.002374077503173422,0.0054600224396557095,0.005460021838487039,-0.0024921228530130346,-0.0027123897417277165,-0.002003257975060735,-0.0023717693035538723
2015-04-23,0.0029715246415196184,0.0037734566345561937,0.00377345662458195,0.003514621716893318,0.0032778829831645595,0.002535478752923037,0.002365737598982731
2015-04-24,0.003937959974715355,0.013570524050463773,0.013570523546350133,0.006786095050252516,0.0045992549784110714,0.0029129805550716092,0.0035289585717379612
2015-04-27,-0.0010514990146763825,-0.002532914512641149,-0.002532914484250748,-0.0021827379111138967,-0.002476470677275966,-0.0021101389410945748,-0.0013756991636293403
2015-04-28,-0.002945830512317338,-0.0019953716791215603,-0.0019953718825790334,-0.004501966829917214,-0.003593696906792232,-0.0020566078640222862,-0.002632250740985498
2015-04-29,-0.002696461608138412,-0.006270723616362162,-0.0062707238469145166,-0.007684685736859209,-0.007308900908539084,-0.004282881274586314,-0.0032101086138262014
2015-04-30,-0.00164592812048181,-0.015729349592849662,-0.0157293490747904,-0.0072696790558043345,-0.00606546375032635,-0.0034123667878962483,-0.0023356835320188507
2015-05-01,-0.000609808202817308,0.013193562195276787,0.013193562196235131,0.0029032099233801123,0.0016063594472344178,0.00045787688333343013,-0.0003684020757785955
2015-05-04,-0.0007984415457079619,0.0016507652500306058,0.001650765249872288,-0.0016860411865007308,-0.001787378815228835,-0.0005766623647974756,-0.0007288330619438232
2015-05-05,-0.002921135552909515,-0.016296021877893807,-0.016296021878635214,-0.009218968631936386,-0.007841795953367203,-0.005167730520756586,-0.0033720112245285705
2015-05-06,-0.0041822392759145455,-0.006886930906010447,-0.006886930907135769,-0.009288751235527304,-0.008415902968459843,-0.0044874767584339725,-0.004284707817029276
2015-05-07,0.002066822600235163,0.005997678746935575,0.005997678747511337,0.007721632497419861,0.0070697090929421336,0.0039684245569424625,0.002558268052293533
2015-05-08,0.006380491026968915,0.012482637249979112,0.012482637250181394,0.009395810637638835,0.008974698047572005,0.00761530266758359,0.006541131255089372
2015-05-11,-0.0077797997858709556,-0.003864444442770676,-0.0038644444427438085,-0.011228458181135936,-0.011156977842952442,-0.007969945138543655,-0.007803827294689425
2015-05-12,0.0004395052321748416,-0.004525479882877215,-0.004525479883449979,-0.0014932094323464318,-0.0013587143891552467,-0.0010988550845087985,0.00011928582495501772
2015-05-13,-0.0008333901631728535,0.002040988125292742,0.002040988125491472,-0.0021232751926433258,-0.002122566467199327,-0.0006720793475738507,-0.0008623102362610435
2015-05-14,0.005335322433660528,0.014629683948142125,0.014629683948758965,0.00887982845625479,0.007817253864157436,0.006005248382350503,0.0054201448431330235
2015-05-15,0.00445650560356281,1.745048550105821e-12,1.5500933869816436e-12,0.007155265168285352,0.0072247639043039324,0.00476967444193277,0.004515304331390357
2015-05-18,-0.003596837413536891,0.004380335853951367,0.004380335854053952,-0.0033111993261583095,-0.003985506492585,-0.003289883291760165,-0.003482643342092917
2015-05-19,-0.004173678658663249,-0.0010902172583605596,-0.0010902172581722658,-0.003375100687988075,-0.0035684180154325063,-0.003101353241848681,-0.003664943925495656
2015-05-20,0.0007230087450385003,0.0006367389888317643,0.0006367389888208841,0.00043094747400052036,0.0004177526556568001,0.0008497066494270733,0.000765843154533874
2015-05-21,0.0049297500995630905,0.005181211982706158,0.005181211983502854,0.007173436621545237,0.006677168075551965,0.004505604532422103,0.0047066660799495175
2015-05-22,-0.002042122327238438,-0.0009946542853229712,-0.0009946542849749163,-0.0010961697529173753,-0.0011577516561601664,-0.0017910741835106547,-0.0018294515272571088
2015-05-26,-0.00017819070948332794,-0.011496333936039327,-0.01149633393614391,-0.00159022856361124,-0.0007437169509207919,-0.0004503860470502774,7.863446810008057e-05
2015-05-27,0.0013746096653617368,0.016117267543749314,0.016117267544948355,0.008689081847721214,0.007145454682665919,0.0035372862000879746,0.0018971625291541727
2015-05-28,0.0004533986176895599,-0.0022531633436672083,-0.0022531633437775644,-0.0018592828622251423,-0.0017987242505816958,-0.0005335245925158771,0.00030984820273372016
2015-05-29,0.0003455304899919742,-0.005961495276243456,-0.005961495276234241,-0.003291420854358962,-0.0028300758908187396,-0.0017680774524724274,-8.386822149575313e-05
2015-06-01,-0.0016068896379564102,0.0033620384561747763,0.003362038455477112,0.001984889016486635,-0.002109450870909413,-0.001847348829962847,-0.0016003075912786047
2015-06-02,-0.0035970688789291883,-0.0031697108178425637,-0.0031697108173279753,-0.0037376042761163575,-0.0046136650618617825,-0.004245686185547881,-0.004045815779105566
2015-06-03,-0.006585413263038853,0.002998297134326311,0.0029982971334443498,0.0013869569782141156,-0.002962613466960362,-0.004251223552048211,-0.005625526265567227
2015-06-04,-2.4908677602075713e-05,-0.007609030071368816,-0.007609030070875655,-0.006076532057770256,-0.0009416773417082469,-0.0001465831223697034,5.203557542188264e-06
2015-06-05,-0.0045588367264310925,-0.0023730150905569847,-0.0023730150907048664,-0.003078024161485615,-0.004470577525345076,-0.0045962390704091804,-0.004678892044339911
2015-06-08,-0.00017710448237806542,-0.01015561815559951,-0.010155618153646628,-0.008825458356815696,-0.00432454167658769,-0.0017665792546570636,-0.0008274299089880977
2015-06-09,-0.0012040272231571558,-0.001663591688587207,-0.0016635916888737556,-0.0019483074950389367,-0.0028886766403756203,-0.002456784260007061,-0.0019231041798386528
2015-06-10,0.00017690609722031958,0.013702521303705417,0.013702521302444204,0.01162215037268255,0.004616694196493132,0.0020057164307967223,0.0008393933672716791
2015-06-11,0.004282589951781324,0.0014612389830712669,0.0014612389838399853,0.00328348845704185,0.00740102459067149,0.005796533116264602,0.004941954817326399
2015-06-12,-0.0030229932908750756,-0.00820807765038234,-0.008208077649353607,-0.007460128694639523,-0.004779776823022774,-0.0034218651615713913,-0.003091992614633887
2015-06-15,-0.001044579343076224,-0.004965516450076812,-0.00496551644967691,-0.004326893718599845,-0.0022336229865697055,-0.0011316776837878573,-0.0011054342748409995
2015-06-16,0.004485451962555009,0.005452454671889262,0.005452454671749818,0.005651079935333314,0.004965440009617961,0.004270990847959455,0.004452335371192273
2015-06-17,0.00047029049429703207,0.0027574746989611487,0.002757474698335205,0.001723994976772003,-0.00021394386802142673,0.0006393232257868586,0.000494276399620075
2015-06-18,0.002171521823191691,0.014573694574177898,0.014573694572473705,0.012361323582928518,0.004975238275683802,0.0032622457809785566,0.002697379335833139
2015-06-19,0.001743824198915167,-0.00494399101822196,-0.004943991017297256,-0.003442983247125664,0.0010722455080642845,0.001681928438613367,0.001835327173933532
2015-06-22,-0.0027718251421499085,0.007370965106660687,0.007370965105303107,0.0047732236357234115,-0.0024402550597636408,-0.002698647872706128,-0.002701012825076954
2015-06-23,-0.0008670376533358448,0.0008127633455221606,0.0008127633452799099,0.00025596564364183116,-0.0011898736108997277,-0.0014141252320004627,-0.0012333991278308254
2015-06-24,-0.00046557401137237164,-0.005144664673840671,-0.00514466467390684,-0.004373649518662037,-0.0015444130942429135,-0.0008253385647150058,-0.0005174039156116139
2015-06-25,-0.0023940913105011674,-0.001996002062458979,-0.001996002062662483,-0.0022719362306214963,-0.0025485049897316925,-0.0024806545008005942,-0.0024682999744817247
2015-06-26,-0.003457879236618333,-0.006636291174959119,-0.006636291173463538,-0.006046713076597543,-0.004169078758026745,-0.0034988614689701603,-0.0036788312192230777
2015-06-29,0.0009910392833534232,-0.023611159667299098,-0.02361115966498828,-0.019238054673056282,-0.005251847692574141,-0.0015466735644974472,-4.675464479031444e-05
2015-06-30,0.0018114007864902248,0.003561628187703114,0.003561628187104038,0.002470068559806693,-0.0003340850140042262,-7.251219935044961e-05,0.0009363863308349263
2015-07-01,-0.0023260328643210926,0.007938741434958096,0.007938741443764163,0.005388641093830415,0.001277187931419288,0.0001328366174884188,-0.0014982262786494838
2015-07-02,0.002729100746599711,0.0002778753449346194,0.00027787535004719643,0.0004621608300039437,0.0016295646570798628,0.002086410172562614,0.002639374157402674
2015-07-06,-0.00010393771979988475,-0.0023159204877768458,-0.0023159204858392846,6.041774182419246e-05,0.0020810623398468397,0.0024489502292979193,0.0008887846930420995
2015-07-07,0.0018081283410333882,0.0025069497829068865,0.0025069497825225273,0.0038628042258170847,0.00471566143658686,0.003989852554869611,0.0023946497552629342
2015-07-08,-0.0021472554360151275,-0.017412281150870457,-0.017412281159613463,-0.014187131775182271,-0.006670944800540868,-0.004369488101071628,-0.002806448616302082
2015-07-09,-0.0021854018066133074,-0.0005654875828030592,-0.0005654875905917178,-0.0025890354828580486,-0.003824677851300806,-0.003546128286884276,-0.0026802365114731996
2015-07-10,0.0002803919113891773,0.015278834719363532,0.015278834725931167,0.01113049150058898,0.0024713003306668924,0.0007424914486104939,0.0005111426534094576
2015-07-13,0.0010719229247926343,0.017556796494166527,0.0175567965162704,0.01420173422859361,0.005117819086464914,0.002815535711508943,0.0017031901415140993
2015-07-14,0.001796127057109631,0.0065730013670388665,0.0065730013721612135,0.005877450597825851,0.0033870442111159083,0.0030266226559803044,0.0021891880621014437
2015-07-15,0.0011837811275612342,0.0010883465175675067,0.0010883465254374336,0.0019869848510045696,0.0020456376190531866,0.0019755130884011596,0.0015399062098266914
2015-07-16,0.0017463618739417264,0.014132978566397503,0.014132978583450306,0.012434018503868938,0.005730621502165745,0.0034716391560309923,0.002431341666236486
2015-07-17,0.0004502911448100999,0.014739781124819773,0.01473978116058361,0.011690071532559632,0.0031397935300139235,0.0011286682275810644,0.0009640369071513
2015-07-20,-0.0030307034699579294,0.0034336785842097317,0.00343367859777044,0.0021506090174743253,-0.0005360339972029227,-0.0011133745634595016,-0.0023279656311461228
2015-07-21,0.0009351540795818902,-0.0006141600574272044,-0.0006141600525116919,-0.000384963712062647,-6.462871196255549e-05,0.00017209080259283915,0.0007200283274726438
2015-07-22,-0.0032595037349697487,-0.01132472768269377,-0.011324727705182336,-0.007995544650179376,-0.0014462448047410925,-0.0006945242540480345,-0.0027085712515227955
2015-07-23,0.0007123412422231912,-0.0037295308038231,-0.0037295307974869463,-0.0021031333995026325,-0.0002116931935847166,0.00024286696713438083,0.0006849841655942601
2015-07-24,-0.0023135959642812676,-0.009803609356298315,-0.009803609356225373,-0.008427736111813133,-0.004818354187600238,-0.0035390026728423507,-0.002607174384269162
2015-07-27,-0.0019220008810230116,-0.00828099770546653,-0.008280997709919524,-0.006309851018371004,-0.0023737417879071687,-0.0010939973554980886,-0.001635132415219509
2015-07-28,0.0020016544942726977,0.008622103698026296,0.008622103699468031,0.00719845817208542,0.004260807932983779,0.003122358231232303,0.0022400134712377007
2015-07-29,0.001744447723943665,0.0037796077591816246,0.0037796077585083854,0.00331367304873198,0.002163847057959245,0.0018044805628467664,0.0017460139656082507
2015-07-30,0.0015808653313496013,0.004750977458770844,0.0047509774677230165,0.004474650920744727,0.0016260315607490305,0.000999253845293202,0.0015894423263711488
2015-07-31,0.0014905499060049454,-0.0011598372148350355,-0.001159837224514182,-0.00019148100080346175,0.0021997220376834825,0.002765456786007592,0.0019405552181455121
2015-08-03,-0.0006128794416045968,-0.003126270122875918,-0.003126270122411512,-0.0021488116203756125,0.0008041932490367998,0.0004085305851631027,-0.0002236141641958067
2015-08-04,-0.0023708749868615042,-0.0018817017759676924,-0.00188170177619984,-0.002320366202582136,-0.0038415730792512592,-0.0037323996377905955,-0.002725433138002664
2015-08-05,-0.00179558588076556,0.007720715036372505,0.0077207150348805875,0.006622933501604811,0.0005844322236476795,-0.000863622146655918,-0.001426064955564632
2015-08-06,-0.0013185861827494927,-0.016035636388564534,-0.016035636386381613,-0.014264705940993272,-0.004065170781229255,-0.0018056918579643089,-0.001667895399871111
2015-08-07,0.0007069030795558984,-0.0012677217295028465,-0.0012677217291688914,-0.0002210847533070659,0.0024300247454533963,0.0014939399723403746,0.0008608697761973705
2015-08-10,0.0017753152645461068,0.011422459651405203,0.011422459650279437,0.009667281189713606,0.0033470057601896475,0.0022146570516001773,0.0017565841556583806
2015-08-11,-0.0005374603805265998,-0.01281731247829887,-0.012817312476448461,-0.010747925923086932,-0.001432951609713129,-0.0001490187596001613,-0.0004874631721124567
2015-08-12,-0.000504309569568262,0.003450355375616887,0.0034503553746632054,0.002791202391547065,0.00017576715367262352,0.0001517621004121228,-0.0002717768686607558
2015-08-13,-0.0022948209151500976,-0.0016286793041622172,-0.00162867930425592,-0.0017458567445253204,-0.0020635636284327408,-0.002188336441388272,-0.0022102363877799514
2015-08-14,-0.0004181904145245108,0.001540622108267442,0.0015406221086131655,0.001599609487827669,0.0015897616994351438,0.0008574870027544534,-4.0032269016165856e-05
2015-08-17,0.0017621734671813272,0.008325066748792631,0.008325066748203325,0.008045625541135859,0.005020225621196861,0.0034464366043756023,0.0022551325145132584
2015-08-18,-0.002289713019789419,-0.0051151869001331285,-0.005115186900093938,-0.005316680011486774,-0.0039296811613991345,-0.002462952342138669,-0.0022925966709198553
2015-08-19,0.0011068166731411644,-0.006585025141537693,-0.0065850251410147775,-0.005384270543742242,-0.0006512166630374683,0.0005989084209585549,0.001034785238275493
2015-08-20,-0.003313775257451357,-0.027694494775018508,-0.027694494772141587,-0.02489526363206951,-0.010627345063338178,-0.006869445094189075,-0.0045026526210517615
2015-08-21,-0.005494970888120676,-0.04370559197652357,-0.043705591971000546,-0.04012093475316736,-0.017891566468106634,-0.009815363973101343,-0.006740103325446611
2015-08-24,-0.008453920328721276,-0.038476729393138065,-0.03847672939113178,-0.035417373624998305,-0.02103762858836622,-0.014440763045226457,-0.00987069256872064
2015-08-25,-0.0029018635819749727,-0.0037578384158969413,-0.0037578384170688928,-0.004780438064552306,-0.008814091126797763,-0.006819948226442274,-0.0037741913588458242
2015-08-26,0.004668467389229214,0.05036191517846089,0.05036191517186883,0.04463908357555724,0.017424452015637026,0.010964577529549047,0.00673164708476004
2015-08-27,0.0075403170530308206,0.025332699184658303,0.025332699182724516,0.02342332544285841,0.013274340370944104,0.008849249802460823,0.007677658166486356
2015-08-28,0.0022623229359264307,-0.00018927358539211347,-0.00018927358484244206,4.750064917646846e-05,0.0005301946812619196,0.0003556576897900676,0.0014730134753884183
2015-08-31,-0.0010364526225883353,-0.012403127115955814,-0.012403127114840595,-0.01204615120936714,-0.007220094613694106,-0.004303815178711479,-0.002225015690604626
2015-09-01,-0.003754093720084284,-0.03125299868721565,-0.03125299860428388,-0.020250870794316755,-0.009658211275154094,-0.005692299356307662,-0.003237073691945924
2015-09-02,0.0029239181162528105,0.02820391777352227,0.028203917653896182,0.015418425227703425,0.006929867716169991,0.005073006199336705,0.0032165455226846884
2015-09-03,0.001731291428290982,-0.004908648517051306,-0.004908648475410726,-0.0007758311037805443,0.0013204016640404603,0.0010701794256275932,0.001408669737166024
2015-09-04,-0.0006207429747735471,-0.01189661709368639,-0.011896617070729976,-0.0068365836380007705,-0.0040578425959634234,-0.001768718060605634,-0.000439604361069601
2015-09-08,0.00248058219479641,0.028190936305589,0.02819093621163704,0.015234009718347874,0.007768035910843851,0.005177259395530154,0.0030753137168826328
2015-09-09,-0.0020710895655355888,-0.011233589302296787,-0.011233589278309863,-0.007355104316745686,-0.00496260612962629,-0.003024348046298475,-0.0019432335122397948
2015-09-10,0.0011884418997227808,0.010879961341841549,0.010879961286535123,0.004599784001642737,0.0014086698363400263,0.0013442964556220627,0.000921648816159637
2015-09-11,0.0015859963642623764,0.005524207987500862,0.005524207982700036,0.005492520415895319,0.0034107071272628797,0.002538712411874977,0.001882376546923581
2015-09-14,-0.0012067553779395723,-0.003031141385507752,-0.0030311413825403477,-0.0019327431814754048,-0.0009506711816745783,-0.0006979213527683603,-0.0007389201320817662
2015-09-15,-0.0028241224973234447,0.01178147862830703,0.01178147857984757,0.0033904660912966733,0.0003912703635180481,-0.001349530467247173,-0.0025511451581892164
2015-09-16,0.0001813224714577455,0.005634457889582389,0.005634457896370737,0.003852624165045171,0.0032242791623973144,0.0007393313840038385,-0.0002614883798151002
2015-09-17,0.004046600287423541,0.0003734216451136696,0.00037342166490317297,0.002887614556154716,0.004185463928968014,0.004382271781040004,0.004493033967801763
2015-09-18,-0.0008283681824777789,-0.01422284295102394,-0.014222842910959876,-0.006728771615502893,-0.0038677241292814912,-0.0018327680342544728,-0.0006738120788237767
2015-09-21,-0.002518232969675016,0.0031322805681839316,0.0031322805412627996,-0.0017453440834533929,-0.0014291494060089116,-0.002488420424139437,-0.003072256336505208
2015-09-22,-0.0016592850944789905,-0.014950808670783466,-0.01495080862760001,-0.006573124679989384,-0.0026142852126764815,-0.002372063851848072,-0.0019019609723658348
2015-09-23,-0.0016259905632174387,0.000768493521892788,0.0007684935064953269,-6.019756059982839e-05,-0.0010617753773592975,-0.0010733438961495478,-0.0013355683254433481
2015-09-24,-0.0008536918543993188,-0.003647292920033851,-0.00364729290475585,-0.0007224082462816694,-0.0006487823450470609,-0.0011739665174732572,-0.0012399976303258953
2015-09-25,-0.0033934145485904343,-0.00847801187155095,-0.008478011840923227,-0.006480272963624634,-0.002466037094965956,-0.0036649160999282504,-0.003998985473188443
2015-09-28,-0.005632820070654465,-0.0284688997009499,-0.028468899611691634,-0.014849133909581425,-0.007279226571567432,-0.006751485456597872,-0.0059653780174370175
2015-09-29,0.0017413768038596622,-0.005200174034001415,-0.0052001739978077,-0.0014428118676348411,0.0016602786570263373,0.0012624208037375073,0.0013046115519768087
2015-09-30,0.0045762968508284985,0.023021872060318138,0.023021871979623798,0.01424035312000238,0.00788636043886548,0.0063658594878506225,0.004899490936909778
2015-10-01,-0.0017396407292430416,0.004520508433735637,0.004520508427902303,0.004262227649722394,0.0019612099403389927,0.000515738625248785,-0.0008815996563712458
2015-10-02,0.004831239537168575,0.017511237375198663,0.017511237361282683,0.013193909148851324,0.009135675761407835,0.007011237444194185,0.00553684015678213
2015-10-05,0.003191521102214656,0.014325546385294263,0.014325546379773346,0.00473343071009702,0.001833335995695906,0.001599485980740889,0.0021842783367660434
2015-10-06,0.003778370809736975,-0.004739440500317715,-0.0047394404922439515,-0.0014696215866095708,-0.00031544502184899237,0.0010304586593368192,0.002556892811551359
2015-10-07,0.0024529151169405683,0.006000003486151817,0.006000003491252848,0.0029279391451133563,0.0007366988666208663,0.0013527840834990368,0.002023957441986912
2015-10-08,0.0007007892088677359,0.0039762458667678136,0.0039762458685743685,0.00012600614625668527,0.00017883002067309306,0.00017725060765005907,0.0003061716084638011
2015-10-09,0.0010510759732846875,0.00452617619756901,0.004526176190360998,0.003516424502320037,0.0016999387116922726,0.0011710913464342276,0.0010588734791410204
2015-10-12,0.0001794249202369258,0.0024405760289480938,0.0024405760281946964,0.004087758978483347,0.0029011229079916045,0.002313451605502559,0.0011715017073268275
2015-10-13,-0.0013400084328475392,-0.006461339250004916,-0.0064613392495789235,-0.0036209712286157103,-0.0017600559849809683,-0.0012421823515597064,-0.001271198800569917
2015-10-14,0.002603180897194024,-0.001602349833232597,-0.001602349833775496,0.0017156861431579795,0.0026494077630101476,0.0027686219707172555,0.002727009686367632
2015-10-15,0.0003236765649079487,0.016426034848030735,0.01642603483656835,0.008859016522571705,0.003685741315201163,0.001900086266777512,0.0008196176817716339
2015-10-16,0.0015059097152934076,0.004179492348013625,0.0041794923445526155,0.0028792707449090127,0.0010325344647610368,0.0011151620005842577,0.0011458918706117593
2015-10-19,-8.568891495297493e-05,0.005734362848231367,0.005734362840809748,0.0023442268921927134,0.001405590012471425,0.0010972977413978846,0.00048286280103426726
2015-10-20,-0.001781908613961325,-0.005149836506148198,-0.005149836499076965,-0.005147982716914856,-0.003759920967132069,-0.002979520222560317,-0.0023092944332738785
2015-10-21,0.00025379208409237464,-0.00610104725734395,-0.006101047252339509,-0.0006166291087467135,-8.54301969166471e-05,0.0005597706372613143,0.00044544533111356976
2015-10-22,0.002729731931367274,0.020368227032132813,0.02036822700866381,0.013593039697446185,0.007836883645283566,0.005229349214276979,0.0033111138933408224
2015-10-23,0.00048071583178055377,0.027983025774547032,0.027983025721371346,0.013970982655149955,0.005483381102887597,0.002506932446300736,0.000858701846320642
2015-10-26,0.00085406328815818,0.0006206698871025207,0.0006206698833861601,0.002366395481672834,0.0016127613723260215,0.0014182611477608909,0.0010923424026763051
2015-10-27,7.812911209903461e-05,0.00203795807878282,0.0020379580693410393,0.0018418169240292936,0.0020175684327339294,0.001337683934913514,0.0005122096570255863
2015-10-28,0.00016727905639513097,0.008312840526981002,0.008312840523574838,0.004435346569833909,0.00013958973416672293,-0.0006411323068735708,-0.00023207711644412932
2015-10-29,-0.004511316106155516,-0.0015787609109148004,-0.0015787609187073448,-0.006267470318282231,-0.0043283827263416175,-0.004469085770565484,-0.0047638785006269835
2015-10-30,0.0016221108682814567,-0.004479868025350053,-0.004479868021383893,-0.0004928582150504068,-0.00047664085394294453,0.0002899288526294619,0.0011185118527710092
2015-11-02,0.0001501058703581304,0.011294332718449374,0.011294332718082778,0.006914736656586928,0.0029024851726695555,0.0012749267389222663,0.00026452835343770964
2015-11-03,0.0005262249224513571,0.00349024328797487,0.0034902432879704293,0.00030483383937474073,-0.0001320436463099206,-0.0007537035313072149,6.23825917593912e-05
2015-11-04,-0.002659322982358825,8.668106586506852e-05,8.668106647902185e-05,0.00037598976921371374,-0.0006474321936233984,-0.0011075111387919279,-0.0021837176190264707
2015-11-05,-0.0023876442196016923,-0.002694835131795914,-0.002694835132134532,-0.002680702882974284,-0.0014575480481305858,-0.0014041978622042484,-0.0020660849532090353
2015-11-06,-0.005422931999383818,0.0006971347740520883,0.0006971347744775258,-0.0034540477717658336,-0.0037364029282722644,-0.004768724183524586,-0.005310494859851689
2015-11-09,-0.0037860333182530015,-0.01062800586203938,-0.010628005861994638,-0.009291881851927086,-0.00536356811312555,-0.004142832442260325,-0.0037554730894361343
2015-11-10,-0.00011709296822737247,-0.0025534003394942495,-0.002553400340063572,-0.001074600087599742,0.00018499907129565507,0.0006218595587899056,0.0001429176644849317
2015-11-11,-0.001820448381585793,-0.00123586066598258,-0.0012358606656910354,-0.001470514162237091,-0.0008506459501346209,-0.0009988328942174274,-0.0015706610248893416
2015-11-12,-0.0037115342688540665,-0.009722610458981595,-0.009722610458344993,-0.0058089281068857135,-0.0037485510853089155,-0.0029603205357308093,-0.003292188361267101
2015-11-13,-0.0012146971441074905,-0.019635851348307698,-0.019635851349767974,-0.012737638113589633,-0.005551732069196236,-0.00226530289825988,-0.0011509303231920232
2015-11-16,0.0037920449001225265,0.01438464493718028,0.014384644937566193,0.010142443986529859,0.006589496302983333,0.00490424066062678,0.0038355599426189713
2015-11-17,-0.0008793393242874092,0.0006283886550835227,0.000628388655523171,0.0009146512109230454,5.3868604218187954e-05,-2.955031993767676e-05,-0.0006582900392045898
2015-11-18,0.0023515289569733255,0.019194352152617666,0.019194352153579786,0.014500610052760488,0.007415913613121994,0.004462745648588395,0.002654708291454977
2015-11-19,-0.0016997367219228066,0.0007041109552397007,0.0007041109553949099,0.002319755851912353,0.0015340925945057649,0.0006201537490184705,-0.0009813218521977918
2015-11-20,-0.00024912880291161343,0.006771599789433758,0.00677159978977393,0.004094832992161734,0.0019186570405675951,0.0006525216258086441,-8.519221129399401e-05
2015-11-23,0.0006677283631510988,-0.0028824752764736727,-0.002882475276783647,-0.0012732963973065559,-0.00036640446701419194,0.00014024197525963622,0.0006148607286962093
2015-11-24,0.001904014167973811,-0.0008759897371525271,-0.0008759897377974557,-0.0006606857123000465,0.00024860077119637225,0.0006395370409231216,0.001584545923816183
2015-11-25,0.000629411365312027,0.0008767577721946473,0.0008767577720407704,0.0012680694682751792,0.0006687282131785377,0.0006402763558126523,0.0006842698735891606
2015-11-27,0.0001528910497621272,0.0014015278233916462,0.0014015278236605422,0.0007511291281727672,0.0011794080900169313,0.0011658620684193988,0.00045746840218763296
2015-11-30,-0.000641333887399953,-0.0025369401141477343,-0.0025369401140289405,-0.0007716209334198698,-0.0008563351649840678,-0.0005381769334776854,-0.0005451217109128104
2015-12-01,0.006689653414472252,0.00999821434287873,0.009998214342997747,0.01072126870090262,0.007224892160436536,0.006596983219581576,0.006515506675657257
2015-12-02,-0.004017782817435145,-0.006165270452791027,-0.006165270452590743,-0.004824200596390882,-0.004326610822324217,-0.0038796776753828865,-0.003607731383434065
2015-12-03,-0.0073996772163557045,-0.016950546423308843,-0.016950546423653567,-0.019075635011091108,-0.013061890367221385,-0.011399970267763848,-0.009586532280822624
2015-12-04,0.0034349438314509317,0.02337552461475889,0.023375524614313248,0.020370399112729087,0.011626427139288742,0.00784319392037447,0.005309741366912757
2015-12-07,-0.0026584420780331186,-0.0045163543452056976,-0.0045163543447521715,-0.0016209822209150015,-3.787931722398774e-05,4.399185559367247e-05,-0.0011502523139763632
2015-12-08,-0.003787396348738148,8.732309500580904e-05,8.732309501047197e-05,0.00017078130560577165,0.00014103681944921398,-0.0010411833483955357,-0.0026128121214886724
2015-12-09,0.0009273370343567677,-0.01517907965688925,-0.015179079656439054,-0.012272120012556065,-0.005120053631708643,-0.002152607493869141,-0.000503383947690561
2015-12-10,-0.0022143660130253817,0.004517636896453903,0.004517636896353983,0.0038504525641316345,0.0004982003667279855,-0.0007134307374639937,-0.0015068679705115828
2015-12-11,-0.004597863287840287,-0.023016103209932526,-0.02301610320869052,-0.014958552720928608,-0.004574345448480788,-0.002182413766246727,-0.0037057064496073266
2015-12-14,-0.006293777845295945,0.00758225183385175,0.007582251833176068,0.0031870959035009694,-0.0014511446847421672,-0.004090811617059487,-0.005513313721957069
2015-12-15,0.003949852838140311,0.006091385826096696,0.0060913858257167774,0.0035643481887774886,0.001103803736139053,0.0015471849679491445,0.0032239431048568523
2015-12-16,0.0020491112942160328,0.014869579299271463,0.014869579298731006,0.011316870629654474,0.004489578876551548,0.002711156176272045,0.002589457214771551
2015-12-17,-0.0031864321370538295,-0.01456404067794037,-0.014564040677124579,-0.009232926477028447,-0.003572830814697836,-0.0019355931398900017,-0.0025312891534456927
2015-12-18,-0.0007911176873132142,-0.019182429363812092,-0.019182429363027054,-0.013980295602075365,-0.005646496293356229,-0.002746242434441548,-0.0018122588419132724
2015-12-21,0.0001124514741945859,0.011108167703705485,0.011108167703328009,0.008673145670690108,0.004652149322869725,0.002682641031481081,0.001329970421958926
2015-12-22,0.002455750452553973,0.00657347939969033,0.006573479399244464,0.0036398777092994106,0.0010622047296828807,0.0009503823997747407,0.002049101063272607
2015-12-23,0.0024681961351027404,0.007425512477547969,0.007425512477070351,0.004281732297372276,0.0018431359058195262,0.001242461446414822,0.0016873658562077676
2015-12-24,0.001592661060835221,-0.0001777856918052656,-0.00017778569161974733,0.0010499817633187192,0.0009614509137831906,0.0013125539218885596,0.0015641666729087067
2015-12-28,-0.002590065415201681,-0.0005328178604495637,-0.000532817860331547,0.00019552202810113606,-0.0001645179740098479,-0.000663190095858579,-0.0015836964648703322
2015-12-29,0.0013757181435833932,0.015729079062430706,0.0157290790613831,0.008956700915291993,0.003130256329384462,0.0007483469913787122,0.0008985588186842808
2015-12-30,-0.001031984221017468,-0.009011357865184255,-0.009011357864930458,-0.007376011823588047,-0.003438086494191861,-0.001990417324925109,-0.0013500362237589547
2015-12-31,-0.0001142755982928012,-0.01244811563598891,-0.012448115635457113,-0.008967370950601627,-0.00436605115701072,-0.002336647913334877,-0.0012843870118991463
2016-01-04,-0.0019754335138882917,-0.021097602920422065,-0.021097602919262548,-0.012314983968466198,-0.005630550309684734,-0.002553061474553475,-0.002370291660734769
2016-01-05,-0.0005264056853848675,-0.0017351950622352952,-0.0017351950623157864,-0.0024625649746835565,-0.000840514221318589,-0.00045813220342350025,-0.0004581557696131666
2016-01-06,0.0012043031185433595,-0.009605804697533138,-0.009605804696422138,-0.002315968907665167,3.5607055116848585e-05,0.0017162233027718798,0.0014095702600422921
2016-01-07,-0.0039141980823522715,-0.03131350075621131,-0.03131350075485828,-0.020691239919785276,-0.010560996739187645,-0.006416713132064156,-0.004984815466839265
2016-01-08,-0.00043344152787450074,-0.008200617846555014,-0.008200617845873004,-0.004039409290332752,-0.0014640488155954756,-0.0004035575856455864,-0.0004517885545264333
2016-01-11,-0.0039041294030487395,0.0030767222119048032,0.003076722211415417,-0.0015641531035694989,-0.0008640805315418554,-0.0016386087301872854,-0.0029548854228934607
2016-01-12,0.0033743446319520753,0.011597734353828493,0.011597734354028999,0.012524947136848041,0.0071292190827947355,0.005970386221482826,0.004312369513601144
2016-01-13,-0.004500796060355472,-0.034489229857061154,-0.034489229855209635,-0.019921009169454607,-0.010394265269557335,-0.005905547152062152,-0.00529838983973796
2016-01-14,0.00216351021154626,0.02129536212124883,0.021295362119903016,0.010918537258356897,0.006441356062010017,0.0036741993482605206,0.002831629110152445
2016-01-15,-0.005395354348958437,-0.031036824752390335,-0.03103682475033631,-0.015571528823241088,-0.008513418336631773,-0.004533271037230113,-0.005369408316123203
2016-01-19,-0.002079512343649781,0.0021814659001349046,0.0021814658999750325,0.00037364066579814725,-4.249473210393706e-05,-0.0005956342141549831,-0.0015537848803973686
2016-01-20,0.0001188335948223429,-0.0030674817751449313,-0.00306748177445737,0.0015693271324408453,0.0020302455802390096,0.002255973415355328,0.0008257135260871795
2016-01-21,0.0014606524585092373,0.0009926260047519175,0.0009926260043398027,-0.001684712053005355,-0.0012388435768191375,-0.0011465943565457382,0.0005806761607074495
2016-01-22,0.007626720627591732,0.028953923420730554,0.028953923419185568,0.017736945049490638,0.009011219611463561,0.005684678100224216,0.007175203996356627
2016-01-25,-0.0037804981095241885,-0.014840474962312555,-0.014840474961269057,-0.008050253820378828,-0.0033412349589363455,-0.0016406835083170312,-0.0031365325979448855
2016-01-26,0.005087714917592523,0.008999282991605462,0.00899928299103192,0.006104812026280992,0.003738835266164253,0.003188039590858338,0.00443066474036069
2016-01-27,-0.0013815488099078177,-0.02491503920227378,-0.024915039201422018,-0.016581458881572697,-0.008626477044185843,-0.005127949303227686,-0.002922489244429838
2016-01-28,0.004177133894936791,0.01411787937418607,0.014117879373722886,0.009761208247950348,0.005897047363611518,0.004240728714889119,0.0043022470663804935
2016-01-29,0.0064354508341197825,0.020882475968555303,0.020882475967814118,0.016658377112407363,0.010969059300026451,0.009020096793975085,0.007265332722374618
2016-02-01,-0.003882132648320158,0.0026888772672610806,0.002688877267083889,0.00029416244511959455,-0.0007977765303314177,-0.0014084894158482575,-0.003106285398065789
2016-02-02,-0.0011158129946121642,-0.02164530906782336,-0.021645309064321605,-0.004961165158314906,-0.0016130058610051012,-0.0004264229005743747,-0.0005608762606318374
2016-02-03,0.001825735038587517,-0.004797034731851779,-0.004797034733305838,-0.00628248928668762,-0.002194043941866175,-0.0013453272127157412,0.000724122801227578
2016-02-04,0.0004536272529940266,-9.799953575695408e-05,-9.79995354011276e-05,0.0019980908292789312,0.0016452847885950472,0.0015371772393870664,0.000703915001212696
2016-02-05,-0.00503873630641738,-0.03472715181826158,-0.03472715181631414,-0.019464857354039022,-0.00935664578822304,-0.007140499199100647,-0.005343620149934614
2016-02-08,-0.00033192803860904174,-0.01528751024000663,-0.015287510236028257,0.0006924277296620485,0.0009218684862934978,0.0013320519005139975,0.0001448212838572882
2016-02-09,-0.0028951461958153235,-0.003104920042718229,-0.0031049200418202805,-0.0012570109645593242,-0.0007495799849064344,-0.0006845866256892652,-0.002004744860506835
2016-02-10,0.001878129079948554,0.003841254290029461,0.003841254290849694,0.006049733525727241,0.0032261415263721283,0.002812703827883345,0.002073161452687433
2016-02-11,0.001762854426156757,-0.0014480122482288804,-0.0014480122466725698,0.002316595698913959,0.002889223479708214,0.0023540266240029695,0.0017202738968724596
2016-02-12,0.001551124933934389,0.015225560145648798,0.01522556014205212,0.00098202671551606,-0.001196842813447896,-0.0012476315413634254,0.0006604564170846761
2016-02-16,-0.0001622802508363108,0.02254640524017648,0.02254640523739293,0.007986339321322644,0.0043183355497034,0.002801026541100038,0.0005634068581168439
2016-02-17,0.004234538531089349,0.022647717149722357,0.022647717147511015,0.010220060737824666,0.004859875402424496,0.003696004698804156,0.003726735363509981
2016-02-18,0.0014134978270960996,-0.011414465556724318,-0.0114144655553029,-0.0013474945670172156,-0.0001202126999689801,0.0008947239186574141,0.0014882584559769985
2016-02-19,0.00016687849413754563,0.002960440980108281,0.0029604409800816356,0.002047821277334716,0.0008675151386168256,0.0006968175908301788,0.0004538368805409032
2016-02-22,0.004203267675755518,0.01623541816165197,0.01623541816042362,0.00902702573607761,0.004064250910580602,0.003451776604927126,0.0037825407401719247
2016-02-23,-0.0019127740040032482,-0.016460118682006475,-0.01646011868063957,-0.007728384093647622,-0.003491262111261051,-0.002428004092816405,-0.001722898413593299
2016-02-24,0.0022252269283262738,0.009549126667238284,0.009549126666603902,0.004582917935811892,0.002801142517001809,0.0021568748225648804,0.0019802994372568605
2016-02-25,0.003994573939966939,0.009848869066616306,0.009848869065882004,0.007166678700443629,0.005011262883843015,0.004762625938864007,0.0042086645200918316
2016-02-26,-0.0013759856538354542,-0.0012554455196339687,-0.001255445520561893,-0.0048334559556569845,-0.0037961131123793734,-0.003414781678034995,-0.0017672713206295931
2016-02-29,0.0036406382200149245,-0.008991503677312829,-0.008991503676565094,-0.003319994675413218,-0.001529327459918628,-0.0003075128886991241,0.0027373620930242204
2016-03-01,0.002693598825852961,0.03209749164723941,0.03209749148603036,0.01070050470269468,0.0032057455148275515,0.0025386298316805167,0.0023052195272210696
2016-03-02,-0.002456664722828017,0.00037819430371355267,0.0003781943128275955,0.0019466954595983577,-0.0011343462940551774,-0.001425371503113948,-0.0017157545110961792
2016-03-03,0.0019743533759690735,-0.0018896569679722752,-0.0018896569554295306,0.0004309233110926236,0.00031302373168906605,0.0007774398318642906,0.0018181162154700115
2016-03-04,0.0006355126648294185,0.00037846668381891213,0.0003784666589714547,-0.0024783516943359674,-0.0023124891157829675,-0.002013390121484715,-0.0004537334504104429
2016-03-07,0.0003690391124058223,-0.006151284947019997,-0.00615128493385475,-0.0037042255842503202,-0.00319325385838376,-0.002572011652218209,-0.0006017811156938668
2016-03-08,-0.0007312380852677602,-0.008283997281240074,-0.00828399721623907,-0.00015708156431382125,0.0017918243633925357,0.0015733038250154152,9.316997825670192e-05
2016-03-09,0.0003385438913161565,0.006432980785216813,0.006432980745149974,0.0011138684181521974,-0.0010151388194656885,-0.001151659177013209,-0.000470923993169059
2016-03-10,-0.00013187892947685853,-0.0015262465374434875,-0.0015262465471849174,-0.002613524480267193,-0.0029948568903337414,-0.002360119005171857,-0.0009476818732384595
2016-03-11,0.0036669900032315628,0.017485179322871636,0.01748517923375137,0.005857242410493679,0.0029135163011686505,0.0028420002880360506,0.0033530502111771554
2016-03-14,-0.0010895693395902573,0.0016902399191673911,0.0016902399264833168,0.0022918893946339836,0.0010118162969883215,0.0006449591888635364,-0.0004644376650845272
2016-03-15,-0.003603861176471712,-0.00037499986426425824,-0.0003749998569165802,0.00017051229069542373,-0.00023952813721139776,-0.0008486455784608715,-0.0024131976714647507
2016-03-16,0.006961572232517588,0.008909271626355686,0.008909271606913016,0.006442471256260074,0.006307279951715872,0.006118999431776961,0.006296607603629489
2016-03-17,0.0034308372558837785,-0.0005577785848274175,-0.0005577785759529608,0.0013840294040805556,0.0006218493490304233,0.0012542766072161093,0.002898596060854075
2016-03-18,0.0016976096698186893,0.001567225598348987,0.0015672255997571938,0.0017868810033772053,0.0016907207370822075,0.0018108395001568134,0.0019453948517460518
2016-03-21,-0.001314764055707851,0.003911785778481169,0.003911785744982854,-0.0008982050007946274,-0.000890903921124675,-0.001187379755408391,-0.0014218211130290204
2016-03-22,-0.0010830152841967422,0.0030615173635142323,0.0030615173554611186,0.0017020963348315377,-0.0006126096697151029,-0.0010159394016279188,-0.0013455869947945898
2016-03-23,-0.0013691542597403794,-0.008231585066556635,-0.008231585004034425,-0.00018089276149912958,0.0008681339895404427,0.0009638232954047865,-0.0001431214536815606
2016-03-24,-0.0023391778066182978,0.0002795989306290103,0.00027959893195594887,0.0003239493111086844,-0.0006358988001736732,-0.0009354206465040926,-0.0017185898570135638
2016-03-28,-0.0003924028519572964,-0.0013982674797964334,-0.0013982674734991374,-0.0002693876304091791,0.0006399574263413754,0.0004645946348675878,0.00010558022305784398
2016-03-29,0.005815402982036977,0.01605806873349036,0.016058068717369478,0.013733504872361912,0.009439415020712438,0.008590303818614364,0.006692213611870557
2016-03-30,0.00036864541020986685,0.0048701342146502125,0.004870134167136886,-0.0015320836292663786,0.0004417463459369664,0.00043006281876989405,0.0004356270091123715
2016-03-31,0.002125392055076336,-0.0014631869126826569,-0.001463186886708212,0.0020624175700916236,0.002155068573487684,0.002230378128239563,0.002084249704466856
2016-04-01,-0.000593391705592361,0.010622617522918931,0.010622617547698221,0.007243460553433945,0.002764819275238306,0.002228677534870327,0.0005765419949341766
2016-04-04,-0.001454722140480147,-0.0038056603494805996,-0.0038056603567044878,-0.001951508361943688,-0.00022654038390779174,-0.00019690433604435675,-0.0007869414080746706
2016-04-05,0.00022320531927100262,-0.009641495008772871,-0.009641495045442094,-0.0009828507773075312,0.00015733295489028798,0.0003139571953416631,0.00017927461902855768
2016-04-06,0.003289320004648655,0.01643992103081482,0.016439921081118358,0.00634750620653568,0.0030129515895742642,0.002640396109275356,0.002641054242301877
2016-04-07,0.00010925703976583101,-0.014366919252776889,-0.01436691930422096,-0.00314672826218676,-0.000349663709575343,1.566947779441108e-05,0.0001638360080196133
2016-04-08,0.0023396245572460117,-0.0007334352367612818,-0.0007334352342570627,-0.003117757860888415,-0.0013091604954952318,-0.0008977984225728708,0.0009873276350922389
2016-04-11,0.0006410127675393618,-0.003669722627839489,-0.00366972263644727,-0.0026570065876991844,-0.0011514902925876536,-0.0008706025052920285,-1.0316247358144182e-05
2016-04-12,0.0019124452793395363,0.008379445384344653,0.008379445410818809,0.0018726406220825886,-0.0005408805011899442,-0.0004911575272710245,0.0008280848562227661
2016-04-13,0.003682151446751769,0.012784212227570091,0.012784212249697058,0.00887161348410448,0.0041030208528769485,0.0038289193763985097,0.0036078577246727583
2016-04-14,-0.0020594986685141814,9.013103178712178e-05,9.013104261867966e-05,-0.0019608426999336848,-0.0016629413637639923,-0.0016579060758117325,-0.001824921768456944
2016-04-15,0.000693117064398896,-0.0025245114018204173,-0.0025245114245616707,0.0021179313256689536,0.0014319445023975863,0.0014542912925481488,0.001141735112411446
2016-04-18,0.0018966902611823322,0.005332783002144126,0.005332783018273224,0.0012652166186011282,0.000788905282732566,0.0009434714178120363,0.001612018568038609
2016-04-19,0.0017048559722274703,-0.006113625458212146,-0.006113625475570816,-0.004860428021749907,-0.0028995588643393466,-0.0020876736082315883,0.0005263668509047914
2016-04-20,-0.0005067647325586178,0.0008141072808949268,0.0008141073048577585,-0.004144473947027771,-0.003414938121741984,-0.003262365613824314,-0.0018440830385481055
2016-04-21,-0.0022013568170163866,9.056543280827611e-05,9.056545031715935e-05,-0.0024264606076105366,-0.0011499075411326443,-0.001474016025328817,-0.0022605052928194036
2016-04-22,-0.0013287457033592798,-0.015092542739307824,-0.015092542779021834,-0.00988905807194107,-0.005068422818337526,-0.003798125294447896,-0.0013650541203570343
2016-04-25,-0.001805326031438459,-1.2747025657233735e-11,-5.199507491226996e-12,-0.0017276052021608646,-0.0007888198081817954,-0.0010512894746473878,-0.001597363549901809
2016-04-26,0.0006268183486932699,-0.00486343018198232,-0.004863430192556306,-0.004727408664879973,-0.002880138818911804,-0.002247189312048481,-0.00029550994673066544
2016-04-27,0.004991440582822193,-0.008022114474519726,-0.008022114516031409,-0.0005062887883914291,0.0017060638261026106,0.002625179524515797,0.004562916566494657
2016-04-28,0.0010121970080565479,-0.012084060168919386,-0.012084060204554326,-0.005246654532390149,-0.0008561929773168719,-0.00039058696352023414,0.00045819128827750966
2016-04-29,0.0007682117093086305,-0.0052690082665214355,-0.005269008281966414,-0.0019361536195687812,-0.0017116324945442019,-0.0013789568835115285,-0.0003086890106811513
2016-05-02,-0.0019573978428744088,0.009458792464043908,0.009458792457681664,0.001283910240983177,0.0005395700600347997,0.0001337237097289723,-0.0011046536428963583
2016-05-03,-0.0006854240850959759,-0.009276492291105831,-0.009276492284038484,-0.0002237114642494875,0.0014731280843738315,0.001489558754846021,0.0002833552341243717
2016-05-04,-0.000501368540131164,-0.006431427600114725,-0.00643142759613502,-0.0014357251089535117,-0.0005991686078697933,-0.00046261058220442575,-0.0004592410825499105
2016-05-05,0.0003835054005347782,-0.00028577760972325894,-0.00028577760743087044,0.0026565542737058134,0.0018541848662274596,0.0017700057950356118,0.0010002404929732034
2016-05-06,-0.0005177142149523917,0.0053324507531082865,0.005332450749898188,0.0012610482256532052,-0.000317083870713164,-0.0005301753987685398,-0.000627467839454332
2016-05-09,-0.0011641797109038787,0.002841483014839552,0.0028414830148806303,0.0029685417559848215,0.0018950855446244752,0.001765725078039626,3.4995870002330065e-05
2016-05-10,0.005459787615881062,0.01369472150436235,0.013694721499718954,0.007954157756367541,0.003699236196908373,0.00359831018199519,0.004562013636094653
2016-05-11,0.001898009491770214,-0.009037494426222259,-0.009037494421444414,-0.0028927264340316006,-0.0014897819203063545,-0.0010957076116481224,0.0005417389694786223
2016-05-12,-0.0011959837004039686,-0.00441908916181899,-0.00441908916174405,-0.0044781479419633285,-0.0028434100732797063,-0.002605901490372098,-0.0015532159401325796
2016-05-13,0.00031377649839070543,-0.003682949657294765,-0.0036829496529557915,0.001959319453210151,0.0012776890348704661,0.001274882387346743,0.0004544573130951246
2016-05-16,0.0015021806815225247,0.012511585493073518,0.012511585485907029,0.0035305346464455933,0.0007146353559996932,0.000654792525746517,0.0009973765273310065
2016-05-17,-0.0016139295017884026,-0.012544292306014282,-0.012544292301275073,-0.006572480053589569,-0.00424211770734817,-0.003871679912072712,-0.0024333568158951824
2016-05-18,-0.004833154306154719,0.0036026441657057706,0.003602644159640178,-0.003949839396924726,-0.0050505338088689955,-0.004906991513995873,-0.005001151679987936
2016-05-19,-0.0008661047481111073,-0.005195556735519524,-0.005195556732391915,-0.0012065145283138845,-0.0005612298908271862,-0.0006442821412139255,-0.0006867160416594853
2016-05-20,0.0025056523802176045,0.011015001503122734,0.011015001499596,0.006697871736009775,0.0032338977719732487,0.003061481424089907,0.0025033601583697163
2016-05-23,-0.00018051076995595494,-0.0013148271587282157,-0.0013148271575769144,0.00016925926235078492,5.468139491848767e-05,0.0001540521942027251,-2.252540616864973e-05
2016-05-24,0.0022976687853912825,0.020031974934112018,0.020031974925846407,0.009758118905216051,0.003989041239128133,0.0036773525934283846,0.0025411731774058754
2016-05-25,0.0018173158587784233,0.007191579724733499,0.007191579721180563,0.00265392336029846,0.0018030685692940196,0.0014750695706271522,0.0016150092941851213
2016-05-26,0.001009503024204772,0.0029292268217542272,0.0029292268223970463,0.0038542873699809466,0.0028643581318772426,0.00251485782200378,0.0014993231739122148
2016-05-27,0.00021244677286835767,0.005202723591576808,0.005202723589402769,0.0024592151674740492,0.0001221387553285158,1.0700867920654389e-06,6.589603933337962e-05
2016-05-31,-8.880383244325163e-05,0.0019067321314154562,0.0019067321315107133,0.002103839249532724,0.0011612290363745004,0.0010496895266998152,0.00021298032233740827
2016-06-01,0.0009682606305585484,9.088336673102049e-05,9.088337371743194e-05,0.001865427090646854,-0.0001678017906471263,4.2301378442299864e-05,0.0007992218498877879
2016-06-02,0.0020946728584347873,0.002084179017013632,0.002084179026098143,0.004381354283957917,0.0027759152391850783,0.0026205322139307707,0.0023131998436858314
2016-06-03,0.005796790769669213,-0.00470266079774373,-0.004702660763578614,0.0038125863853990527,0.005538238976027454,0.005496621074423835,0.005755967147287322
2016-06-06,0.0009475498491371415,0.003634595171126076,0.003634595150791897,-0.0013925545695678831,-0.0009772487166106458,-0.0004562535913537058,0.0006205425462217917
2016-06-07,0.0027171717770220205,-0.002534809598608856,-0.0025348095893970024,-0.0002972880841946024,0.0004086296761283137,0.0010620745039680024,0.002441635591021285
2016-06-08,0.003020171818396644,0.001724194859789474,0.001724194866465023,0.0033687461519191775,0.001435401336926212,0.0016356816454008438,0.002679050429015284
2016-06-09,-0.0006122048859862339,-0.0016307983928743885,-0.001630798378191245,0.0020364690953360576,0.0007014576628878721,0.0002812263402149906,-0.0003330863225650127
2016-06-10,-0.001086621855794001,-0.011343946326700771,-0.011343946296786034,-0.003966441063853576,-0.0004826914971709506,-0.0005244553815386688,-0.0008500046995548738
2016-06-13,-0.0015851334330518885,-0.008353292905326049,-0.00835329288126374,-0.0024666472639909287,-0.0008741810808184924,-0.0011293486711114742,-0.001451899144040647
2016-06-14,-0.0016472379955274619,-6.253886297713507e-13,-2.1402879468723768e-12,-0.00034193607086774325,-0.0003088968566583583,-0.0006161122967230925,-0.001445182243020704
2016-06-15,0.0013839437049052439,-0.002869502111176203,-0.0028695020981391872,0.0002370692886541903,0.0015725263571881865,0.0015756996172131554,0.0015150753075729995
2016-06-16,6.247660621516715e-06,0.00297056002532492,0.002970560028820124,0.00384792095084574,0.0015776923421710887,0.0014287793137301996,0.00047068213084000554
2016-06-17,-0.0009484703556879026,-0.011721069821552965,-0.011721069810535556,-0.009168039207667289,-0.005488555640396409,-0.004418669970714606,-0.0015853839210725473
2016-06-20,0.00043392873081948835,0.006291458958721297,0.006291458926242166,-0.0016271502250214676,-0.0014477866833075836,-0.0009825860226881922,4.778528645088542e-05
2016-06-21,-0.00028977551384379296,0.003172838277668566,0.00317283826300252,-0.00042788068308341476,-0.000791260670210292,-0.00046671275527188083,-0.00033200064835381404
2016-06-22,0.0009050747877954457,-0.002418510638037441,-0.002418510630371684,-0.0005480038333868231,0.000846843123278429,0.0009630236476707577,0.0009575785215243382
2016-06-23,0.0011273394109609924,0.014266898995828337,0.014266898947470796,0.002415064916379661,0.0003005975950622908,0.0005301627309171053,0.0009503501798042713
2016-06-24,-0.0015971696878509523,-0.04118785260603097,-0.04118785248078505,-0.010252458097896655,-0.0009159357396819612,-0.0010794570824553817,-0.0013495552950033574
2016-06-27,-0.0011062341793867114,-0.019848317332456622,-0.01984831724451308,0.0012929255143840912,0.0013214962918906004,0.0003853114681269254,-0.0006669097741013319
2016-06-28,0.006075719028561188,0.02191356828889135,0.021913568248035142,0.01233791389095984,0.005510587734969263,0.005483473081153711,0.005760902259099421
2016-06-29,0.0036902598272126053,0.01771001825987195,0.017710018208791256,0.005577243147188327,0.0015236914458733875,0.0021503930989461573,0.0032682542292177263
2016-06-30,0.0039057778525806164,0.011569960599997708,0.011569960584462358,0.007850375164579315,0.004638442268032339,0.0047512805696765525,0.0043473830387419365
2016-07-01,0.0030279759059508304,0.005021372488910991,0.008561017319222985,0.009822884341074811,0.004700787327896361,0.003340028122854388,0.0029722028680072565
2016-07-05,-0.0008717080103248787,-0.006106658835086876,0.0013708374081800034,0.004023855544249111,0.0019734909343431806,0.0015336935257357354,-0.0005931158037603135
2016-07-06,0.0022411887892748172,0.008192141112494333,0.0055227223327569686,0.004585167895631459,0.0029222298952578107,0.0024356682089787807,0.002235826010839048
2016-07-07,-0.0017987964486221308,0.002954887049292365,0.0017317635687870148,0.001300635129526384,0.00021699766787586228,-0.0002452751867048075,-0.0016098644569579879
2016-07-08,0.006976810497182129,0.015466581104378152,0.012197248555764206,0.011042965538091698,0.006786464051037111,0.0064668759967381195,0.006934207032223139
2016-07-11,-0.0025644947165928134,0.005711798369965049,-0.00010729369692363822,-0.0021707936229362623,-0.0016756262612851458,-0.0021408654238989078,-0.0025604845404733068
2016-07-12,-0.0008388550033426867,0.005048382315816946,-0.003507984750517501,-0.006566114960469438,-0.003518971174280572,-0.0025243521579129125,-0.001016275779624598
2016-07-13,-0.0002679633386658553,-0.002421805109226516,0.0031621533087453635,0.005181248272406069,0.002118410110447444,0.0013261407563247563,-8.585094784141489e-05
2016-07-14,-0.0009279183461551321,0.006833217001242176,-0.0016404697196642504,-0.004681281546528582,-0.0009053792392262894,-0.001009173679960118,-0.0009684374328104983
2016-07-15,-0.0029820100277928585,-0.0016073782252256086,-0.004342028010095644,-0.005334719287223844,-0.0032757790279017707,-0.003119014405131182,-0.0029836904928308705
2016-07-18,0.001033526870391821,0.0066189922806749735,0.0036741106119169142,0.0026010981688859847,0.0015897617613906956,0.001398311282715392,0.0010558987771234207
2016-07-19,0.00012135782782651816,-0.00364317962036953,-4.2495294481526e-05,0.0012747264913635092,0.0007154640113968824,0.0007957901334736395,0.00021648523382089557
2016-07-20,-4.981209062804304e-05,0.011682921736378304,0.004994378562389157,0.0025595575840597906,0.001605106675238721,0.0010060436602998823,-4.733770000775461e-05
2016-07-21,0.00021657320468992936,-0.0022920797141466887,-0.0006258960184298834,-1.3837955128881418e-05,0.0010979887084519024,0.0007306573749616962,0.0002822123806092147
2016-07-22,0.0012198717829738914,0.0041527837491524,0.0032160420056672745,0.0028727220792423847,0.00029130296449397797,0.0008211521491556795,0.0012131564068285083
2016-07-25,-0.0026420415986703194,8.793262128037327e-05,-0.00022440791248112824,-0.00033902821292797203,-0.0006922940927336363,-0.0012470639613405554,-0.002560454514347721
2016-07-26,-0.0010127172119349659,0.0011437175723159054,0.0013145709979094367,0.0013772962000278,0.00022272107736265312,9.83755601955405e-05,-0.0009172278155747948
2016-07-27,0.002988144207564991,0.006942636906632771,0.009071549194446415,0.009852952045566798,0.0052789217082094275,0.004251970266693883,0.003061978188318326
2016-07-28,-0.0009763933540876124,0.003491028390664175,0.0014212838643519188,0.0006637874345274408,0.0005423621717872695,0.00034732014221106056,-0.0009043678746929462
2016-07-29,0.002983294500486622,0.002174327935352105,0.004554206461721888,0.005427668397688379,0.0035562159697812845,0.003169001476262201,0.002970685419907859
2016-08-01,-0.004497389311498123,0.0026823540504135046,-0.0017538795218423608,-0.003713014177519458,-0.002907071939312056,-0.0022289438876548218,-0.003942661213065857
2016-08-02,-0.0023841192094531394,-0.008028716859877383,-0.008767833422172244,-0.009096338207926213,-0.006690928699579546,-0.0033501820010686245,-0.002228282698817363
2016-08-03,0.0028462872407959416,0.00287100359437531,0.002126931319828218,0.0017958675913083422,0.001574625327376733,0.0014965103232502663,0.0023756690034852923
2016-08-04,0.003713644206337019,0.0036004995581266908,0.004868542589419489,0.005433344657030714,0.004185500298296896,0.0030690609491152987,0.0037080873448733787
2016-08-05,-0.0018469908563745197,0.006406462858287387,0.0009472113629109824,-0.0014799742628756052,-0.001787724460487472,-0.002266136767811733,-0.0021864019980836202
2016-08-08,0.001252177946732047,-0.0006429536557442939,0.0001687085251118603,0.0005324240482140752,9.01750829411796e-05,-7.927972023313856e-06,0.0011113605745538546
2016-08-09,0.003033812027601668,0.0034975227557005883,0.005536943311385434,0.006449758426685159,0.005156417181477746,0.0034954358672616426,0.003219926330979117
2016-08-10,2.2495404663480656e-05,-0.0015476749795294564,0.00020217943870481925,0.0009830915562323295,0.0012788601979889513,0.001183659326578601,0.00038835119608782165
2016-08-11,-0.0006932743761903781,0.00218618724336328,-0.0014150394160414859,-0.003018105003702365,-0.0026535557736619975,-0.0021353878920056246,-0.0011531880043305076
2016-08-12,0.0026235657294373382,0.0019008151629489323,0.003999879075082369,0.004939142974943911,0.004030387757267828,0.0026722393499436503,0.002398678804922616
2016-08-15,0.0005712980879519769,0.00209796011533836,-0.0016265098050046722,-0.003288052133075814,-0.002272389541374653,-0.0007941128495834171,0.00024836309197584505
2016-08-16,-0.0015345617283613056,-0.00507523531510512,-0.0043025117038416605,-0.003955925203630084,-0.0032336619710142678,-0.002380401058088677,-0.0016939031215292832
2016-08-17,0.001671469189187258,0.0024538427721887413,0.0035922080080523777,0.004102220429546444,0.0029973731184029795,0.001688552517892239,0.0016009774728775739
2016-08-18,0.0030901296799445976,0.0004644093070080846,0.000823879322255916,0.0009846653406992978,0.0013270260318933857,0.0018610177819360363,0.002812530282606973
2016-08-19,-0.003077064832038623,-0.0010408406783931623,-0.002392678892355171,-0.0029970233453043837,-0.002773276511267353,-0.002803464036515546,-0.0031452534362453877
2016-08-22,0.00019434337581603067,0.0019713461216672723,0.004048716727016011,0.0049792353497950526,0.0035488304739503818,0.0015253141549858018,0.00040355273425940474
2016-08-23,0.0014160649012830984,0.0016759257616145717,0.001480824115205781,0.001393693604406332,0.0010312316600340488,0.0007739035605711653,0.001318113911142893
2016-08-24,-0.0022354344866544196,-0.005815776199753042,-0.0046994191048547185,-0.004200724302643399,-0.002964343046594542,-0.0019731078756831666,-0.002167213654424738
2016-08-25,-0.0001299433102674996,-0.0019701189526684093,-0.002560132808912874,-0.002823274060447245,-0.0020869945697851167,-0.0011296317919520238,-0.0002641237527761797
2016-08-26,-0.0026898153658400092,0.0003065712010852373,-0.0016723343736991803,-0.0025556649071805104,-0.0024956085929057625,-0.00245995394621612,-0.0025696660974505736
2016-08-29,0.0038693559552214207,0.003257018144624535,0.006510446523700919,0.007966857235660596,0.005871552172042271,0.00382680186394313,0.003993356781018864
2016-08-30,-0.0005847995157551855,-0.003345308503029054,-0.0035092780211321006,-0.00358233666332608,-0.0023240115865065247,-0.0008312045479287322,-0.0005557654084249464
2016-08-31,-0.0031286685707825335,-0.000638843461132188,3.140917599631088e-05,0.000330119605599144,-0.0003164169068160527,-0.001435610141835575,-0.0026595811183337537
2016-09-01,0.0012786539598859115,0.0008068707550996645,0.0015469134137897633,0.001741711420328862,0.001212111736906829,0.0015911952049560973,0.0015744256729686157
2016-09-02,0.0008414069087745446,0.0051488973657700665,-0.0008856383708902849,-0.003033768765315137,-0.0017563935824062016,-0.00016765875252955365,0.0003939355168085523
2016-09-06,0.0035228294862710285,0.006749813709659547,0.006782553176183814,0.006818081668189313,0.005319627659608361,0.004053324132708314,0.0033877666321904254
2016-09-07,-0.00019397304220070133,0.0024859672351071893,0.0005359513850595743,-0.00010600670199467643,-0.00041024340169826257,-0.0002457870490334413,-0.0005867067183463748
2016-09-08,-0.00311850036500283,-0.008097873440210734,-0.009085688082323018,-0.00955627949835669,-0.007682031207556617,-0.004529374263932628,-0.003692531789053821
2016-09-09,-0.008378421321061813,-0.030226969033492534,-0.02295110777093201,-0.020455705654710776,-0.014720321196652009,-0.009232789077268988,-0.008117152578846043
2016-09-12,0.0028020676430269287,0.015823353954582897,0.010421620006629606,0.008322429779978657,0.00577228853432743,0.0039865945911685685,0.002997984342389959
2016-09-13,-0.006177919395883413,-0.014531964601327219,-0.011283633692091954,-0.010323669179543415,-0.006890770034168492,-0.005479610483790975,-0.005940321242711488
2016-09-14,0.001045320827800289,0.004233637157257775,0.0033346645679066533,0.002975344863713092,0.002296727764023565,0.0018922545019874892,0.0012399759570553837
2016-09-15,0.003010525358896121,0.011519814439048925,0.006665345498970687,0.004671311753450702,0.00415751636033268,0.0036640275447272774,0.003000527283200105
2016-09-16,0.0004803930088908004,-0.0001555073833442444,0.002961822761457844,0.004147872826204546,0.0021520430183330497,0.0005400762390983527,0.0003680198222109077
2016-09-19,-0.0006636063931922953,0.00020356675438470972,-0.0027966535875534326,-0.0037100064159333312,-0.002391622355824685,-0.0014474090298544073,-0.0008200114472968201
2016-09-20,0.0005185213049352377,0.0007195394181107595,0.002232546770220667,0.0027470242914844345,0.0019994257837114837,0.001003645962716071,0.0005326911614365049
2016-09-21,0.004956984837904077,0.010861001273088089,0.009396552934632485,0.008895214217421676,0.006867900003027838,0.0045551424656848916,0.0046526084621651975
2016-09-22,0.003640129416557558,0.011351967112283035,0.008794350092857117,0.007990245158796538,0.006039536806866419,0.0039028921926789195,0.0034110664547957192
2016-09-23,-0.0009337895103765925,-0.0031287762800541463,-0.003433092040442065,-0.0033983916200838182,-0.0024376680499174075,-0.0010620747696318267,-0.0006297067888280106
2016-09-26,-0.0002989147913035062,-0.004643636945939389,-0.0016247956237296357,-0.0003182664681656844,-0.00036049084342459903,-0.00046427949678473635,-0.0005047119591966576
2016-09-27,0.00205913651277001,0.002736041663161881,0.007099416650433454,0.008409372151940486,0.005776827992156841,0.003204804136619055,0.002521173453306158
2016-09-28,0.002936553272109288,0.0039312246919187555,0.0007073094985650119,-0.0003925652691356696,0.0002270934955441728,0.0014457292058238647,0.002344228766641976
2016-09-29,-0.0015506487644332267,-0.009350393052786399,-0.0038843411658395777,-0.0019342813078657706,-0.001784895851006718,-0.0016671115417800086,-0.0016932018445040553
2016-09-30,0.0007437328052453118,0.002527678799557842,-0.0003044846852083838,-0.0015807341017363141,-0.0005790530677257655,0.000502900470056078,0.0006537785776248306
2016-10-03,-0.001388645573624836,-0.001752283849064451,-0.0022504905781158824,-0.0024818598298629313,-0.002347643248681086,-0.0018518799663022056,-0.0016712947722536953
2016-10-04,-0.0037022593783702096,-0.0032597871243008614,-0.005971815451629059,-0.007232213788078701,-0.003945105191707099,-0.0035271829003054034,-0.003416912002808581
2016-10-05,-1.5590921699337734e-05,0.0021554858089625206,-2.2842056023320012e-05,-0.0010392572475893536,-0.00048788829800761047,-0.00026972463377339384,-0.00013490657759251956
2016-10-06,-0.0010060012043967559,-0.0013592067502122829,-0.0026997302139911694,-0.003327223399545276,-0.0008182635797038262,-0.0010701185085237874,-0.001007312249155068
2016-10-07,0.0015377328124863698,-0.001709397879214536,-0.0009537611781075261,-0.0005993524979950315,0.0010492225775871056,0.0012811677779456243,0.001538939169248632
2016-10-10,0.00014829040327168919,0.004273395329513985,0.001041113264052873,-0.0004732076189490897,0.00044157483790097096,1.4086322173811894e-05,-0.00012963148046751805
2016-10-11,-0.0029306220515638026,-0.012260286321700176,-0.009102679335832198,-0.007616318505780595,-0.004541306037420534,-0.003520305400088186,-0.002992642092126574
2016-10-12,-0.0003255122873537797,-0.0005432203876177821,-5.961446609281662e-05,0.0001669650616922258,0.000374554124792148,-7.94455950481332e-05,-0.00014652615206089958
2016-10-13,0.0002878493870188681,-0.0023408096391553945,-0.0004002257706232637,0.0005083329536004211,0.0010188666214585584,0.0003125248667175118,8.72528111925952e-05
2016-10-14,-0.0008529977615873152,-0.0013809626070222514,-0.0054150703213375895,-0.007298413983709673,-0.0028320758416573444,-0.0013937308096101386,-0.0008859428367261613
2016-10-17,0.000665952109891732,-0.0012063444797624223,0.0011968792919245796,0.0023255244483511017,0.0015879272790049193,0.0008121520254209535,0.0005948252064438275
2016-10-18,0.0030224588691822873,0.007948874200178757,0.006452250610562871,0.005751856015769885,0.003680191963284285,0.003361345852103792,0.0030869218964735268
2016-10-19,0.0015562719215069798,6.839198213470787e-05,0.0003094575927180543,0.0004225186677166981,0.0007001293686950127,0.001038644054432103,0.0013392032484853544
2016-10-20,-0.0007645579243475975,-0.0008115416053827706,-0.0002197292404211293,5.7735714372508795e-05,-0.0007191491061826483,-0.000645157522024653,-0.0005554214659279078
2016-10-21,0.0009168878858774043,0.003361896280432486,0.0027710163401024612,0.0024942293484295774,0.001440300517735249,0.0011598871402698219,0.000878480774542334
2016-10-24,-0.0001599099901313794,0.009269116118474363,0.004945735479991553,0.0029187733610351874,0.00090567639688377,0.0006216621068226846,-2.4667543340184395e-06
2016-10-25,-0.0004546774558016331,-0.002214628239886829,-0.0006888440745130842,3.102992048220621e-05,-0.0010738399901611961,-0.0006911948050919436,-0.0004945627851996592
2016-10-26,-0.0031601949739289426,-0.006790317956466896,-0.006781708997535052,-0.006777656349524541,-0.0040344988539364746,-0.003347925095721682,-0.0030416073781386332
2016-10-27,-0.0032713155798146376,-0.005615935899248248,-0.007281375832161596,-0.008065365723503026,-0.004146560107718522,-0.00372624134459143,-0.003568400837044683
2016-10-28,-0.0020396159874231934,-0.005607026208478638,-0.004541616901141521,-0.004038847211330188,-0.001795531651786142,-0.0019324265012511388,-0.001974601669409881
2016-10-31,-0.0010102421844009335,0.00023583967191131983,0.002094157224743931,0.0029697217798156927,0.00047579552375909273,-0.0003094523443613051,-0.0006631594248019956
2016-11-01,-0.0014854854177553944,-0.0073048915663675995,-0.004214915985356282,-0.0033189055875970652,-0.001967179245698336,-0.0019385746870054232,-0.0018086908512657818
2016-11-02,-0.00045203911182689627,-0.007653931030440986,-0.002606399286381178,-0.00114860340945655,0.0002027267563800006,-0.00025191025249604593,-0.0002806887602858632
2016-11-03,-0.0006029002725209676,-0.009748539431635672,-0.008871168060095802,-0.008619421451462661,-0.002978837957921865,-0.0016311262477344268,-0.0007620498335330073
2016-11-04,0.00163739599828161,-0.003143388888673604,0.001987380688805107,0.0034578890893290914,0.0016571094400481545,0.0016631535888140814,0.0018128248238844513
2016-11-07,0.0034823714087055535,0.02280409854418952,0.009441410939658335,0.0056367814209863365,0.0027268382224268084,0.003797314832880927,0.0038744399666417184
2016-11-08,-0.002675099052351082,0.006228900348218325,0.001916488043817166,0.0006676959134470639,-0.0010015709213133661,-0.001899801674101309,-0.0025234984637988456
2016-11-09,-0.010845290829174958,0.0032778003820537194,-0.01577203316243503,-0.02131915793069128,-0.010762699361427819,-0.010764118622112462,-0.011042311960068885
2016-11-10,-0.009170315962495512,-0.016112099482794018,-0.015568219023515906,-0.015405865807675667,-0.0068138229367532555,-0.00860162744620585,-0.008946664011965644
2016-11-11,-0.005365578599281662,0.0002677793126908412,-0.002122346447018475,-0.0028353078425568112,-0.0021378035037501464,-0.0037062495579186505,-0.004608484555652326
2016-11-14,-0.0009374929692402834,-0.009992672767475508,-0.008370753065704006,-0.007885437667323192,-0.006560960174142205,-0.003071063933526408,-0.0011085136430037945
2016-11-15,0.0060583083272574,0.013629402834435034,0.010109550794451971,0.00905856780417369,0.003891886946397749,0.005164712499105217,0.005523546883035468
2016-11-16,-0.0011405043897255718,0.006019964414196943,0.007231129532955016,0.007594405971031781,0.002183771334621998,0.0003791673490904923,-0.0006917187106064704
2016-11-17,-0.0032318471464711784,0.006679318813539892,-0.0019634973449654813,-0.0045517709152426145,-0.0023652692042803736,-0.002697352026602373,-0.003145293470899424
2016-11-18,-0.0024623552428512108,-0.0037140980604557505,-0.0033845575034281428,-0.0032847562102691352,-0.004608321122146597,-0.0033486066677207438,-0.0027445863347570487
2016-11-21,0.004605601885013577,0.010190540345811572,0.007114937848006653,0.006183893218592029,0.0030397245449536037,0.003829774583695711,0.004007710566796607
2016-11-22,0.003389519847788236,0.002948826963490303,0.001646330502486526,0.0012504695031714252,0.0018690244761072616,0.002928175720623427,0.0034301903043720827
2016-11-23,-0.003635824056500203,-0.004032883936671783,-0.003972534126783667,-0.003954161201483175,-0.0037145633468790296,-0.0036860957323100463,-0.0036045625802444414
2016-11-25,-0.00012040240009925096,0.0031642015380466404,0.002501306818866622,0.0022995108129830744,0.00032522758612185676,0.00026251833688806236,0.00018223097341540928
2016-11-28,0.002574281762576902,-0.0020220978758537234,0.00169607224617363,0.0028289203383724537,0.0030059926284426997,0.0025299542266834507,0.0023906322398759006
2016-11-29,-0.0003671198060994918,0.0034782534917960906,0.00376187547505924,0.003847871048808349,0.0016755362299525345,0.0007929859904483028,0.0003003074943312978
2016-11-30,-0.003281720839044211,-0.012214345317173358,-0.013802623351632404,-0.01428401983897476,-0.007099714367956422,-0.005377844915562147,-0.004237361090178138
2016-12-01,-0.003557262772660885,-0.016519457405006932,-0.015158536450220694,-0.013034364522227504,-0.005607833786605343,-0.004283319395600893,-0.00384264815676727
2016-12-02,0.004715727868537245,0.004322754847908783,0.004685923983186235,0.004560156659205061,0.003796886241813846,0.004274628155431559,0.004641339114664689
2016-12-05,0.0016832977208391942,0.007660097562854684,0.005480462040988288,0.0032181494104954744,0.0021945536184841963,0.0017118037003818198,0.0015805236165082892
2016-12-06,0.0023079091824929066,0.003590749600055121,0.002306452810376225,0.0008776204687299671,0.001033154008422743,0.0018637339051912338,0.0023265696388037327
2016-12-07,0.004117402161492034,0.014814955611773373,0.012892866661838642,0.01063824165193683,0.005913628967296969,0.005237434582942679,0.004402937876530677
2016-12-08,-0.0013509802549029892,0.00328796490844252,-0.0007055139314010583,-0.00492783409124975,-0.0023118918143102407,-0.001952629797480565,-0.0015004190909099213
2016-12-09,-0.0024496702760958833,0.005193304729709691,0.0013141217435221897,-0.0022929749278681744,-0.0016745531496031862,-0.002018034474500663,-0.0024182710561834186
2016-12-12,-0.0007120837095123678,-0.0012345568439126042,-0.001037856911585977,-0.0011672682136577572,-0.0008665439910072736,-0.0006345009256489842,-0.0007228586605714238
2016-12-13,0.0013415314874032358,0.008716667813260859,0.00812291856480507,0.007775637388003798,0.0031678016870675396,0.0021109114582071875,0.0014567306087602816
2016-12-14,-0.008303785699140254,-0.007906050657138786,-0.00770920943779585,-0.0069340150298129455,-0.007081348841998847,-0.007849681407056774,-0.008228391235453159
2016-12-15,-0.0010535386066894414,-0.0005821038481976792,0.0011410270705802805,0.0034385082233887587,-0.00012507938866035406,-0.00043777181997162185,-0.0010056697879415877
2016-12-16,0.0010192136002908914,0.0016962149088251,-0.0001881254848647984,-0.0029036902450234603,-0.0003294493077190541,0.0003900589989100922,0.0009239056970409276
2016-12-19,0.003713674659636901,0.00605184352128707,0.006854571119785158,0.007212147949121839,0.004188824820159587,0.0038458923002071543,0.0037862512578297203
2016-12-20,-0.00014517375314959668,0.0033727106820005126,0.0014280385897225134,-0.0004770737728875263,-4.824437153860828e-05,-0.00012894756408932118,-0.00020583929200557183
2016-12-21,0.0009554266582234572,-0.004986681462446074,-0.0020079572738216367,0.0016279139190005232,0.0012601520083699302,0.0012093817946272623,0.0010468062144208812
2016-12-22,-5.3198716377766964e-05,-0.002487715502782928,-0.002375164700973098,-0.0022440070448315197,-0.0005586010606318803,7.590826326842048e-06,1.4147044693268995e-05
2016-12-23,0.0015093335552625042,0.001230619616546802,0.001330112792610194,0.0013890749240896838,0.0012374981700762344,0.0013706406833953189,0.001456131251382553
2016-12-27,-0.00042187025393325417,0.004267321318487838,0.0026043655990795056,0.0008850542529612593,-0.00035378773175198663,-0.0007786566910715775,-0.000645459858441666
2016-12-28,0.0009524559923155262,-0.007276804023994554,-0.0038487980241403985,-0.0004701878445021457,0.0006259633659460029,0.0006833266684114214,0.0008894076492038661
2016-12-29,0.002314995502287198,0.002613732860674345,0.002157882414416612,0.001094843904774212,0.0023509804417509717,0.002319451945608675,0.0022678295186340236
2016-12-30,0.001569477874566072,-0.003534965594662376,-0.0034400560833942606,-0.004038349624910564,0.0002227425605261235,0.0011531075628816723,0.0015401679641400268
2017-01-03,0.00112841735130087,0.004335885014987939,0.005387645724317158,0.006396877901639009,0.002093344730026203,0.0018625773904763498,0.0013194151834718948
2017-01-04,0.003549635629487513,0.012884960181841487,0.010026398672297043,0.0047560943366598,0.0029341323459173285,0.00332903572914911,0.0035307022784574205
2017-01-05,0.00289588984427791,0.0036708670021712297,0.005631693162517548,0.009291953411503684,0.0044337516093693186,0.003099620959437388,0.002844558250924667
2017-01-06,-0.0028886032590238475,0.001739471363576106,0.001966656120423904,-0.001102095804383918,-0.002100148777579025,-0.002556213122230422,-0.0028544972161750337
2017-01-09,0.0013422089047294694,-0.006696098985961352,-0.0025452694631937778,0.004316571247785728,0.0018766131565479682,0.00156544040666029,0.0014721757529632118
2017-01-10,0.00014314677338767012,-0.006459212677735637,-0.0037104315135121357,0.00037144441750225354,-0.00020003136838764313,-4.33465227878127e-05,0.0001949885342846791
2017-01-11,0.001314028078296392,-0.004456795634192545,-0.00179145077049514,0.0030495348354908636,0.0016007202869854353,0.0012390374266950666,0.0012319411005183856
2017-01-12,0.0002874899506664086,0.0038156385676544335,0.0017870119019247621,-0.0020591007214723067,-0.00029530518853626564,-0.0001254341961097749,0.00010819724331789793
2017-01-13,-0.0007867993198817924,-0.0005122290599640644,-0.00013243025125864172,-0.0008130381052914304,-0.0008205540833891023,-0.0007906378614032095,-0.0007456637037749347
2017-01-17,0.0018336116952915038,0.005668377690929205,0.004240617932015134,0.0034840484175215902,0.0024590151119598946,0.0020098339253706854,0.0018098661245571357
2017-01-18,-0.003948374626437157,0.0017496132067378323,-3.983522678030482e-05,-0.00524050037249324,-0.004276345212397947,-0.0037190990227894405,-0.003851871730145673
2017-01-19,-0.003841011861869248,-0.008332236007805749,-0.006314559675956066,-0.004227423491417803,-0.0034943233904203286,-0.003712769568530949,-0.0038511706616629615
2017-01-20,0.0015479697748450594,0.006288684798310573,0.0042846124852089496,0.000439809153409465,0.0014998632648517418,0.0014375206492167614,0.00146515137028147
2017-01-23,0.0028142073598445005,0.006955167384404826,0.005896108436293179,0.004614888477734835,0.0030858616079354473,0.0027344649515168573,0.0027982695138260016
2017-01-24,-0.0009772984790148431,0.0014802483976001923,0.0016585727805016326,2.8496313527748285e-05,-0.0008077547111016159,-0.0009679592663141001,-0.0009413647896187038
2017-01-25,-0.0012799714530277173,-0.003361743946601048,-0.0013574259501729635,-0.0011892038343847,-0.000780253511591833,-0.000787351893699717,-0.0011435628871221404
2017-01-26,0.0005234122089348148,-0.0013441881560346536,-0.00019992386837430765,0.001744607966075229,0.0007373334627547301,0.0004638029458052806,0.00046820919405132777
2017-01-27,0.0005520007763131218,-0.007465068001657693,-0.0038713724575434316,0.0020425222677249444,0.0007011289993512637,0.0007115765309477773,0.0006203572603764584
2017-01-30,-0.0018788678655549118,-0.006996156214221894,-0.006689676463432437,-0.005177226915958566,-0.0022519555782196665,-0.0018701498938151762,-0.001886067852577611
2017-01-31,0.0022594893055796206,0.005398397962236956,0.0038279645806811313,0.0026964125936916883,0.001937071724507744,0.0018495727088616576,0.002214613832232093
2017-02-01,0.0003250659034457204,0.00690382367858744,0.004181332067572985,-0.0005844902774404526,-0.00036498667423712217,-0.0002384786348896828,0.00012468347953520365
2017-02-02,0.0003039378670108839,-0.0008770275175790099,0.0009343440536295766,-0.00028842194451228487,0.0003032980970925081,0.0004501931982572316,0.0003341124815390284
2017-02-03,0.0018749437417799886,0.002872637755331864,0.0032435391681002734,0.0024162837208883126,0.002138041147856873,0.001983880975022334,0.0019635006311820025
2017-02-06,0.002057576736115063,0.0011935507059923633,0.0007798811931802874,0.0025973817792765974,0.0026818184528576428,0.0023238318232960964,0.0021134396320323656
2017-02-07,0.000298111249211086,0.00365580883757044,0.0026308550224478644,0.004394620847904207,0.0014788665263927303,0.0007978284138043801,0.0003693428171138713
2017-02-08,0.002679820353782114,0.001662725811418131,0.0025483621007784674,0.006905761420399781,0.003096611362595203,0.0028249983179740035,0.0026607880147266894
2017-02-09,-0.002130594184817869,0.003636322142676285,0.0034608582362967155,-0.00261403904866242,-0.002272930901093484,-0.0022268666266161974,-0.002145643277575826
2017-02-10,0.0006003256484643504,0.003308088248178187,0.0038480774290332587,0.0017358149051707183,0.0006377235547643245,0.0004149732368956549,0.000485791359154053
2017-02-13,-0.0004593485894491822,0.005652547622460258,0.004894056890446308,0.001687965157691096,0.0007102545625996548,0.0003889477493619342,-0.00019864555241955184
2017-02-14,-0.001579845859284279,0.0033564823009728517,0.0021293612419497343,-0.0011646295821013952,-0.0011876017617934442,-0.0012965194568554939,-0.001542458698224669
2017-02-15,-0.0004925991644010308,0.005913061477680115,0.004600749193311771,0.0011138468390547995,0.00040087367148800013,-0.0001183928267555201,-0.0004584847967363803
2017-02-16,0.0017821642207429544,-0.00030932048358423003,0.0005620267379182753,0.002076803002444949,0.002271368072920721,0.0020191344395714683,0.001865331538169368
2017-02-17,0.0018507284588047401,0.004332797811955835,0.003991249412408138,0.004336698623159663,0.0025142694210260608,0.002120255500180468,0.001903803933249959
2017-02-21,0.0012678995105614987,0.004930147482309133,0.006035187215017945,0.0022564307135328754,0.0015175081419862568,0.0015031270621841397,0.001362600615625098
2017-02-22,0.0007158604663120016,0.0003833025833615,-0.00013922989147463483,0.0006213189563024635,0.0008030498744626691,0.0008426724950292286,0.0007828348149145903
2017-02-23,0.0016303744665377984,-0.003754733689408485,-0.0024880863815375243,0.0003248793365773217,0.0016525282197696889,0.0019428250142146108,0.0016651666956737365
2017-02-24,0.002933355315564379,0.0019228782698572644,0.002319401565259449,0.005790240520881396,0.0037447485817492243,0.0033210475925140592,0.0029821925739332844
2017-02-27,-0.0012752543041991693,0.001228369389102868,0.001805523305048018,-0.0018353917735569603,-0.0017449705059464637,-0.0015409956058148877,-0.0012674922728589388
2017-02-28,-0.0012633302139238856,-0.0030669453501913635,-0.003612341304763733,6.5643978852669704e-06,-0.0008233599336505693,-0.000744958589775635,-0.0012738671531699053
2017-03-01,-0.001555041166317217,0.010921394840550436,0.008020635055737246,-0.0013069317158974636,-0.0010014377731657476,-0.001118612595405577,-0.001434509890959501
2017-03-02,-0.003856369091468914,-0.005021317658544189,-0.004947694972076588,-0.0046410260493243705,-0.003479180465190135,-0.00337014218903664,-0.0036859094566705775
2017-03-03,0.00082719157255573,0.0018351976196790964,0.0015141567646865806,0.0019322750583141701,0.0009517356135957389,0.0008180336767993346,0.0007677667046745995
2017-03-06,-0.0015646661622256142,-0.002213650448257165,-0.0025419648583148158,-0.0035503561562387764,-0.0012802099875949269,-0.0014559252951820145,-0.001552584213281638
2017-03-07,-0.0033738624460109,-0.0016827032282759058,-0.001976918843944797,-0.002576434276392092,-0.0025592116592294545,-0.0030997341607483797,-0.003318068354633108
2017-03-08,-0.004955411773157614,0.0017623570129874366,-4.3738774167079164e-05,-0.0022848586429174977,-0.0027427976965140877,-0.00361038869852226,-0.0046591466287353445
2017-03-09,-0.002839013060127238,0.0007646045662812462,-0.0008426641066617835,-0.003120408132191388,-0.00218384352689982,-0.0023808964038747327,-0.002658064959254136
2017-03-10,0.0012333122583141343,0.004203641318506479,0.0036991186774462115,0.003739471006747097,0.002535286749322685,0.0020055610692448766,0.0014009349594850118
2017-03-13,-0.0011135741732491988,0.001674668634878529,0.0011759731902947212,-0.002200452300061828,-0.0016327967631339924,-0.0014884781570586592,-0.0011195398125910527
2017-03-14,-0.0007583003080834372,-0.002431538245778908,-0.001801722447623555,0.0005443689948652075,-0.0003467517081285898,-0.0005858844990935808,-0.0007473041508263556
2017-03-15,0.010634316618550077,0.006169605654366528,0.007460604563058082,0.00944219551893588,0.008697109136089898,0.009598904057575908,0.010577171573959099
2017-03-16,-0.0025045986684245625,-0.0006813743184133081,-0.001063640467604765,-0.0029495257811439357,-0.0022248274990570582,-0.0024519333727751613,-0.0025584792066453144
2017-03-17,0.0019185193976545278,-0.0003489417605064826,0.000420453557361089,0.0023632642062074716,0.0014298913104358046,0.001397628965483566,0.0018009416852005078
2017-03-20,0.0005741169924755596,0.0009107040406850508,0.0010336242728168354,0.0020320081869993345,0.0014272877825836083,0.0009779675462537885,0.0005705299679767961
2017-03-21,-0.002110855278838586,-0.015172885166372607,-0.012861266568167662,-0.00394438091176097,-0.0017421379900948164,-0.0015931081398572466,-0.0021091835605846487
2017-03-22,0.0019714555522674093,0.006778918090306618,0.006114472599909382,0.004566296682895432,0.0024809088408372926,0.0021668128367633432,0.001983331925462517
2017-03-23,-0.00033811217410018024,-0.0025249177477764118,-0.0018194760910170693,-0.001705259385493041,-0.0010451425842432638,-0.0007572089860009568,-0.0003574786039156619
2017-03-24,0.001512875957598192,0.002071131147137084,0.001974734507592002,0.0021814652809835078,0.0006044210570814723,0.0008933052500834648,0.0014138880544551924
2017-03-27,0.0012023834621235352,0.0016075037071723308,0.001138082107108529,0.002423410502512935,0.0015421288362287289,0.0011742915107695318,0.0011606963170616158
2017-03-28,0.00039066942091636747,0.006114314536097343,0.0050917681520985525,0.00041843988257506126,-9.560674817943315e-05,0.00026489536870322183,0.00041237639510538493
2017-03-29,0.0027642334036404037,0.004634224632590778,0.004791698904447417,0.004477973290694326,0.0026462260637414303,0.0024136108663099787,0.002606337646898327
2017-03-30,0.0002820514354042736,0.0016634617077064817,0.0009887536171429012,-0.002517925069374316,-0.001033951470309824,-0.00040161089164436614,0.0002601102754633544
2017-03-31,0.0011400260332008472,-0.0006797153870411465,-1.0150522578689092e-05,0.0006231580441260487,0.0006921074205392674,0.0006536834284165405,0.0010423259195146972
2017-04-03,0.0021014708537649973,-0.0006041293327524455,-0.0006041293410016246,0.00448116149154032,0.0031629541598734434,0.00270532899266418,0.002185494701074875
2017-04-04,-0.0005358972284756902,0.0015870940079518725,0.0015870940154349977,-0.0017666887811422782,-0.000664900132563262,-0.0006618438371258639,-0.0006156938264091361
2017-04-05,0.0002692957006276142,-0.004075054048828686,-0.004075054059171412,-0.0006760545886754787,0.00032084080623873135,0.0004635638684122867,0.00030359645882227504
2017-04-06,0.0005417853926059646,0.0005304333666620309,0.0005304333616713564,-0.0004325744789734909,-7.510862101378635e-05,0.00022059756229286798,0.000520820963719526
2017-04-07,-0.001892250919851013,-0.0005301521538513265,-0.0005301521527640851,-0.0022086014932763964,-0.0022843308482859426,-0.0021260046061921667,-0.0019529335563254202
2017-04-10,0.001766472042592282,0.0003789318269076247,0.0003789318197151559,0.0024108604730355143,0.0014392018476319102,0.0014991102896246833,0.0016886854765409964
2017-04-11,0.002509506922993676,-0.004317522267110796,-0.004317522296741427,0.002279359153438243,0.0022624855430848356,0.0021370772245628,0.0023915932179356947
2017-04-12,0.0013013988626728867,-0.004032042406049485,-0.004032042417935755,0.0005442440265017723,0.0011942755140066375,0.0013705139563533475,0.0013015139558392175
2017-04-13,0.0005849120364149751,-0.003971947490950534,-0.003971947497807604,-0.0005565602198099873,0.0008204907560385166,0.00048145378804442807,0.00047327551159703773
2017-04-17,0.0006460193983945928,0.008282104712542537,0.008282104723204453,0.002765898705694214,0.0010963190591124494,0.0010552051318224454,0.0007984216791798726
2017-04-18,0.003155371118030992,-0.0015211381947639602,-0.001521138207208117,0.00552770192339902,0.003520856244330295,0.003093500939129301,0.00310478008290338
2017-04-19,-0.0020877949760157444,0.00159990266425325,0.0015999026791064797,-0.0018305339534933074,-0.0017220994054150118,-0.0019782792647432546,-0.002011165923502478
2017-04-20,0.00047129037121895756,0.008365383447245245,0.008365383465635201,0.0024355532607855945,0.0006613175297354168,0.0006393252336507338,0.0005525326050019874
2017-04-21,-0.00034067473868504283,-0.00022624875647414555,-0.00022624875213861362,-0.00011729300692109312,2.2317164021012914e-05,-0.00027336134117939004,-0.00033787665611939577
2017-04-24,0.0010687356719023544,0.012070314990171527,0.012070315025689116,0.003878811658965642,0.001736631161912916,0.0015607920103468675,0.0012297532667029376
2017-04-25,-0.0017520698130534251,0.007230155206673361,0.007230155227716528,-0.0019692260903531045,-0.0017589382110386742,-0.0017936950408491414,-0.0017448680455730559
2017-04-26,0.0013855481059743546,-0.0014062447080566143,-0.0014062447115110732,0.0018654864041618424,0.0014765492653261436,0.001304478064610981,0.001369426556314668
2017-04-27,0.0005252013000709432,0.006002911568368852,0.006002911589611193,0.0030002876781087817,0.001659574872288072,0.000923024509314585,0.0005634569316710358
2017-04-28,-0.000222862823209935,0.0017678562779772644,0.0017678562936618292,0.0019776416279835285,0.0008829852856384601,0.000380487692451581,-0.00015952382547668176
2017-05-01,-0.0007002855771185423,0.008897712053601348,0.00889771204702794,0.00148901287419978,0.0007120825977176004,-0.00011104415550367008,-0.0007193037172257277
2017-05-02,0.0008675151144346138,0.0016763667318222542,0.0016763667320860431,0.0031445078887828437,0.0018703139604236974,0.0014518649251937799,0.0009836122873891906
2017-05-03,-0.0014047105460205378,-0.0032015260517002098,-0.003201526051620718,-0.0015534066406591718,-0.0023257025953024035,-0.0016440285508408925,-0.0013908967424516305
2017-05-04,-0.0035794608541733774,0.00036470292560530915,0.00036470292316459485,-0.0019003782183113493,-0.0016939860764733083,-0.0025097455587792528,-0.003196618078558866
2017-05-05,0.001358796425619424,0.003648555922004748,0.003648555921685004,0.0024789621890319857,0.0011481090131770788,0.0011286779466950225,0.0012682461245197008
2017-05-08,-0.0013477741555448786,0.002181403076695343,0.0021814030732580925,-0.0010665502045865694,-0.0011967800189571776,-0.0011833301755166392,-0.001379470176923192
2017-05-09,-0.001013664882916654,0.003482443411605196,0.003482443409076108,0.0019700394279325018,4.183924722567234e-05,-0.000514786337986517,-0.0009991127421904444
2017-05-10,0.0018153846703625742,0.000578072305598365,0.0005780723062001059,-0.0001579946870932103,3.825861616291171e-05,0.0009280311803538943,0.001620051287891
2017-05-11,0.00019537345950904061,-0.0007947154425912428,-0.000794715442642091,-0.0004586189945234853,0.00029845762685054567,0.00019271333086234854,7.850802506315091e-05
2017-05-12,0.002606689928995376,0.0022418044383911706,0.0022418044389587166,0.004489001719574226,0.004157294716318205,0.0032295266633886044,0.0025836117940272185
2017-05-15,0.0009660439361085515,0.003174273966699115,0.0031742739653843888,0.0006734102454533097,0.00045701201320147433,0.0007330683943707061,0.0009927379753014165
2017-05-16,0.0013115424241478824,0.004171490894746777,0.004171490893175811,0.003979317951398054,0.0020485320944769736,0.001581175632507481,0.0012172570586668208
2017-05-17,0.001616630476144243,-0.02542578054808653,-0.02542578053161415,-0.008514884832290237,-0.0010752319290088241,0.00023561729766918837,0.001325672350961371
2017-05-18,0.0004222038225989433,0.008745197660668058,0.00874519765625359,0.00545248702848089,0.0020117525874927544,0.0011783236772118233,0.0004935190010173507
2017-05-19,0.0012255780265812977,0.00422570073880979,0.00422570073854045,0.0034174483187874305,0.0009497532333941905,0.0009350044138014546,0.001110118184626696
2017-05-22,0.0009529886160757339,0.008415725069528479,0.008415725065097801,0.003611021239472878,0.001451141933782596,0.0011223698531412918,0.0008853845428822282
2017-05-23,-0.0014513914007449058,0.0010069872964737492,0.0010069872942017888,-0.0023008357793431466,-0.001601728384784007,-0.0014384646911302923,-0.001366759622703384
2017-05-24,0.001828852658630531,0.004599800582123947,0.004599800581911229,0.005038750365747191,0.002690370766025074,0.0022349152003215966,0.0018589325376594523
2017-05-25,-0.00018939763757297445,0.00851330984681331,0.008513309842350214,0.005024864737088297,0.002542308675263394,0.001258556970179514,0.00013597712233814896
2017-05-26,0.0007471975464412584,0.001773364326503657,0.0017733643257755727,0.001743844068314404,0.000949144897788079,0.0007141273415256499,0.0006206454424126928
2017-05-30,0.0012328833563837183,0.0008498011625874824,0.0008498011625246438,0.0025840627495652413,0.0019718862073849763,0.0016909260103734614,0.0012846510104778108
2017-05-31,-2.5182844958560047e-05,-0.0003537000926375766,-0.00035370009183377515,0.0008583521305340902,0.000238778427784192,0.0002034564362403124,8.352844112624602e-05
2017-06-01,0.0015868091168662612,0.003892520901152663,0.003892520900999008,0.002257682436831221,0.000836508776932865,0.0011150441106990705,0.0018277749006494481
2017-06-02,0.0031367805926272307,0.011421562414575037,0.011421562414486441,0.011591836930731736,0.006132675519697761,0.004296348730962851,0.003222111606117073
2017-06-05,-0.0016877667553180098,-0.00020921488559055845,-0.00020921488574876523,-0.0027799188571174804,-0.0013615955577331862,-0.0013279221576191214,-0.00165999743440437
2017-06-06,0.0013929291200716065,-0.0039741680692638726,-0.003974168068937134,8.787173608926224e-05,0.0011995657011181216,0.0012084926071824764,0.0012942442989232195
2017-06-07,-0.001916086572821496,0.0039197747058621335,0.003919774705595902,0.00015975653581246085,-0.0003390763168444888,-0.0011688374256175749,-0.0017132868405187462
2017-06-08,-2.3407112532569663e-05,0.0010461482025858615,0.0010461482024122226,-0.0005483190147803629,-0.000886333915965265,-0.0006914242250520841,-1.2969100982029858e-06
2017-06-09,-0.00019418535675674864,-0.0250051990938831,-0.025005199092923536,-0.014949427146103256,-0.007240206060690091,-0.0031774829079749267,-8.979530562736038e-05
2017-06-12,0.0001097611206335447,-0.005358054231713094,-0.005358054231444864,-0.0031707316361978544,-0.0014075217538281892,-0.000325974371302884,0.00021927265264665152
2017-06-13,0.0012919357434240109,0.008116023840099462,0.008116023839778608,0.004648883134966031,0.002483840767772527,0.0016876558804650443,0.0012899021733696614
2017-06-14,0.002344211573043653,-0.004345872555480579,-0.004345872554892605,0.00419398072380428,0.002640454073150389,0.002730403138091697,0.0025903328549354843
2017-06-15,-0.0024915983538857933,-0.004436543313594221,-0.0044365433134366805,-0.003190137265217441,-0.0026149457503111817,-0.002544348619178738,-0.0025116522722413714
2017-06-16,-0.0002724145372229314,-0.004338716768869766,-0.004338716768661044,-0.001563810919928188,-0.0007422857097810764,-0.00046363094209833644,-0.0002549457370130126
2017-06-19,-0.00016268518730278014,0.01672104417857634,0.01672104417778275,0.008700884238931561,0.0024814871653369153,0.0009070197521499068,-5.055434182366092e-05
2017-06-20,-0.0005461552427894478,-0.007831557806780465,-0.007831557806223244,-0.0005242295813844278,-0.0004410319691290354,-0.00032654256925357394,-0.00048453989077001935
2017-06-21,-0.0021238125652306428,0.009902404490202521,0.009902404489835481,0.006439053416044782,0.002346330456723722,-0.0002790362528064527,-0.002004683448494804
2017-06-22,0.0016162863028608143,-0.00028401567472113864,-0.0002840156746396483,0.000806732694657919,0.0006976766897826003,0.0011806878506457341,0.001557062420611821
2017-06-23,0.0019276018659808436,0.003837853331636998,0.003837853331494445,0.001955237209118277,0.001396472883264499,0.001583203441595682,0.0018228797896064908
2017-06-26,0.000956892622052008,-0.0046727639128598675,-0.00467276391257887,-0.0010050650321217214,-0.0005615080055575428,0.0002834855982638551,0.0009931086385654986
2017-06-27,-0.004364145890692561,-0.018139153213068693,-0.018139153212637704,-0.014821142710272461,-0.008098492961440162,-0.0059461034388834655,-0.0045785034288544635
2017-06-28,0.001914995551762333,0.014417260391673903,0.014417260390984454,0.006583015158191818,0.003382894129886571,0.0022182819697293965,0.0019181472031111202
2017-06-29,-0.003503304243585581,-0.017355158269692694,-0.017355158269262927,-0.013415738456265314,-0.007113708953221054,-0.0050702634647527,-0.003639575228686631
2017-06-30,-0.00024316381997580017,0.00036348796806318084,0.00036348796796259464,-0.0008153238462242918,-0.0013156786118765362,-0.0008553846270589194,-0.0004904980463492636
2017-07-03,-0.0018038991862527887,-0.01053448479880259,-0.010534484785898246,-0.00706100340159066,-0.003131045346199346,-0.001885654943286963,-0.0017215165262499665
2017-07-05,-0.00019567161539668643,0.009839160716207163,0.009839160689367077,0.005263846824252072,0.002247046395631891,0.0006507584743653538,-7.547241356464784e-05
2017-07-06,-0.002713352518002421,-0.00901634263079265,-0.00901634262729667,-0.00866409073405039,-0.003818974552018739,-0.003185051738110678,-0.002903477075242189
2017-07-07,-0.000882575603867175,0.010785819901513838,0.010785819826898857,0.002824074177421476,0.0010542007829903444,-0.0001740759695927352,-0.0006168677905123987
2017-07-10,0.0010631564295151552,0.006533121512220408,0.006533121499743055,0.00415030579329434,0.002028956727994524,0.0012334466415593326,0.0010112596229958637
2017-07-11,0.0008642802817724338,0.002812831660783166,0.0028128316582671786,0.0022948693180790958,0.0008151121390356231,0.00046380352728259133,0.0008224542654056144
2017-07-12,0.004296347508697229,0.011866232368739515,0.011866232350376649,0.009540179686878592,0.005244647680466619,0.004633122720120397,0.004332318059412366
2017-07-13,-0.00028027060864543873,0.002203189483257706,0.002203189440995512,-0.001769076071376663,-0.0005276995334634327,-0.0003039786364535946,-0.00026994933558777134
2017-07-14,0.0022129053544854838,0.007871768854226469,0.007871768824150971,0.004774725404769864,0.002965855697902642,0.002304566870639846,0.0021342412135811895
2017-07-17,0.000889735437849204,0.0004925307963810077,0.0004925308056671351,0.0015427615913783388,0.0008204868231653784,0.0008012110093806868,0.0008974526949485639
2017-07-18,0.0022869507376988008,0.006681306824940503,0.006681306847004631,0.007633927061255097,0.003754684330521396,0.002484168372667961,0.002254248623245969
2017-07-19,0.0013194220016419234,0.005868252297491328,0.005868252270789132,0.00332659425580073,0.001262474406976688,0.0011809270740819056,0.0013591493567091106
2017-07-20,0.00037665555724264443,0.0013196919950297925,0.0013196920062468198,0.0020451907153451465,0.0006791476086795978,0.00045520551432787215,0.00037404914544958423
2017-07-21,0.0003241360357393308,-0.00041599608103970453,-0.0004159960562818421,0.001741279959527331,0.0012875139593053753,0.000803233059179842,0.0003748858748906514
2017-07-24,5.439984505750672e-06,0.004579811562225977,0.004579811527329669,0.0006369443014579979,-9.619019587714384e-05,-0.00029070074748760444,-5.922934557078818e-05
2017-07-25,-0.002407312538722728,-0.0025560609890925567,-0.0025560610499868464,-0.0073998432713721085,-0.004155999293510515,-0.0029637857223738795,-0.002467369736619651
2017-07-26,0.002301626825572889,0.0032548697864751563,0.0032548697789041015,0.002501636179965905,0.002804790798498491,0.00227885712556386,0.002182505695213832
2017-07-27,-0.0013987159615012068,-0.006281357466835669,-0.006281357468825299,-0.005659194927136069,-0.0023821245381514533,-0.0014683024278172585,-0.0014561225608699102
2017-07-28,0.00101590146454833,-0.0008336396420274284,-0.0008336396088893805,0.0022780988110058242,0.0013515409599702544,0.0010026727165297622,0.0009305115408613229
2017-07-31,0.00010970273607724401,-0.004240823900939716,-0.00424082388131608,-0.0017226371409797547,-0.00047890416253637547,3.0162236982489432e-05,6.526769788695042e-05
2017-08-01,0.001689246131571176,0.002304138925984578,0.0023041389351727837,0.004069368973141474,0.0025775275062682734,0.0022040471339666023,0.001818905981834984
2017-08-02,-0.000936839512243548,0.0027166057097129936,0.0027166056817156115,0.0012092468637654452,-0.0006848762527927876,-0.000980254254383195,-0.0008232346260833578
2017-08-03,0.0009541642152319785,-0.0038903714821609814,-0.0038903714461541172,0.0017342946116087887,0.0008181616660660751,0.0009873658551029507,0.0010632284977110107
2017-08-04,-0.0012234797055638014,0.0018132905281382783,0.0018132905047487657,-0.0026288702875466585,-0.0015531378555387887,-0.001377788457027962,-0.0012291102115167263
2017-08-07,0.00032318676274423197,0.006334812208637075,0.006334812177811289,0.0034927704888894073,0.0010556312132981027,0.00043685441313168205,0.00037308198787844304
2017-08-08,-0.0020817488037904175,-0.0017293789321392028,-0.0017293789397080372,-0.0028841042651815973,-0.002600739897113735,-0.002454957803484814,-0.002061083310033851
2017-08-09,-0.0007882160926691029,-0.001316674142940677,-0.001316674131416562,0.001326105262056565,6.634984299580537e-05,-0.0005956162033767809,-0.0006988279455899526
2017-08-10,-0.0013491542367269904,-0.021440279274665963,-0.021440279170329424,-0.007698270843643273,-0.0034489647239797083,-0.0019102819494919432,-0.0013653054013251786
2017-08-11,0.0013996052199898301,0.007586998538885004,0.007586998497315367,0.00414694618045397,0.001944416696496587,0.0014049136289693287,0.0013636984437757071
2017-08-14,0.001044556517673545,0.0128782556909941,0.012878255636361802,0.004372001518335278,0.0021680366005190077,0.0015873365044556387,0.0011438462987969356
2017-08-15,-0.0021184793938459068,0.000694735991277895,0.0006947359687061727,-0.0012723209306867433,-0.0015519747336644185,-0.0018480784412402418,-0.002012035528402789
2017-08-16,0.0011647386087900724,0.0017356341870706782,0.0017356341948215892,0.0025710153319329354,0.0018910215150040877,0.0014765808817986947,0.001216875114717464
2017-08-17,-0.0009128326939400466,-0.020445972318827943,-0.02044597221862776,-0.007309862230059583,-0.003215796067218335,-0.0017742844003099112,-0.001094107701400615
2017-08-18,0.0008614465299565666,-0.000707848098689956,-0.000707848100357511,-0.0005403845568314747,-0.00024174343358629446,0.00022488205986381793,0.0006851768517943668
2017-08-21,0.000507631303292122,-0.001274520529155998,-0.0012745205076326593,0.0004632572856129169,0.0007316641000105761,0.0008030365627573754,0.0005802781519670397
2017-08-22,0.0009680687165058988,0.015242584147919347,0.015242584066615716,0.0058293952073924515,0.002313075977846024,0.0013639481093947747,0.0010761532850409594
2017-08-23,0.0020507073326956338,-0.0035613912467421516,-0.0035613912047228746,0.0012240871870872194,0.0015261604196186163,0.0017787985972381737,0.0019207773830478558
2017-08-24,-0.00037337567915263215,-0.0029432707163690175,-0.002943270710423773,-0.002993229922583329,-0.0014892521325262642,-0.0007491413817831694,-0.0005074662832039722
2017-08-25,0.001733732075669847,-0.0021088558030500915,-0.002108855771835505,0.0006939292803616048,0.0016736609699441463,0.001898550207915628,0.00175204031105336
2017-08-28,0.0008661862846810475,0.0030994149879930433,0.003099414970329395,0.0013035242343155673,0.0007070701969920101,0.0006483819638085642,0.0007538250502951982
2017-08-29,0.0009552546669788775,0.003932222443004729,0.003932222426018317,0.003100208051157294,0.0014593597226493227,0.0010334804195271108,0.001051083814090692
2017-08-30,0.0006777680225624749,0.011750789542002149,0.01175078948572117,0.005698754669257733,0.001921514747672326,0.0010798219681367183,0.0007383373367930712
2017-08-31,0.002948699721377679,0.010715564466234673,0.010715564434161884,0.0065024019423933765,0.003275032211421003,0.0026286723098956077,0.0027716522938416865
2017-09-01,-0.0010204670049871467,-0.001368004978338,-0.001368004981479154,-0.002574881635126647,-0.0019668226126681176,-0.0012858132074530237,-0.0011130251614283049
2017-09-05,0.0027127950448151417,-0.008972605721174975,-0.008972605732403327,0.0016909845007286872,0.0024948968446074637,0.0024958914154484813,0.002647608798554968
2017-09-06,-0.0012761817006041731,0.0030409332952683332,0.0030409332984802084,-0.0008704957628803411,-0.0011162242455330373,-0.0012921477747175336,-0.001242385680610525
2017-09-07,0.0024601938071533436,0.0023429375478662973,0.002342937545620316,0.0036609909111704475,0.0032732614405559524,0.0025379341529097044,0.0024844089953734994
2017-09-08,-0.0016741999850021783,-0.00866160417786943,-0.008661604187810479,-0.0036778021391481452,-0.002382844192888145,-0.0015432675101301196,-0.001593102634492416
2017-09-11,-0.001542843124379134,0.011510722960149655,0.011510722971817433,0.00020886587238488907,-0.0008232442793503214,-0.0009718522370318894,-0.001391308560580673
2017-09-12,-0.0005369194689783807,0.002399558810818103,0.0023995588149205993,-0.0005808226366533775,-0.0006373331751856615,-0.0004752646175599784,-0.0005832584332144952
2017-09-13,-0.000862866834102749,0.001367924629099404,0.0013679246332303219,-0.0007914082155172641,-0.0010578046725867596,-0.0009179811713965202,-0.0009062057610742524
2017-09-14,0.0005429653822890401,-0.005873507469368322,-0.005873507480651408,-0.0013555960138377232,-0.0003071188067307329,0.000587127432739587,0.0004957299933334713
2017-09-15,0.0012758435910413812,0.003434780940421156,0.003434780943144089,0.0018185492701761063,0.0013795184211826683,0.0012021868724720886,0.0012558955837369545
2017-09-18,-0.0020823891123324945,-0.0013105198749298053,-0.0013105198755815062,-0.0025914421458929082,-0.002430012431337336,-0.0017870341189244465,-0.0020790895875807403
2017-09-19,-0.0003007157306046393,0.0017175042171628796,0.0017175042200612278,0.0001223211060563667,-8.827189434434946e-05,-0.0001618680068061762,-0.0002945464556085575
2017-09-20,-0.0008811444992443684,-0.003086207020067566,-0.0030862070231045813,-0.002243702546014581,-0.0017343842977337598,-0.001011442714421662,-0.0009465443252899552
2017-09-21,-0.0013894400176528432,-0.006123027799941894,-0.006123027805858272,-0.0026897852414549117,-0.002059216534165187,-0.0013276239914019605,-0.0013935338657251606
2017-09-22,0.0016606541382433448,-0.0009691455563988205,-0.0009691455584365238,0.0008284671702527557,0.0011632999994830584,0.0014471723131692649,0.0015623645286939603
2017-09-25,0.0022807681652101675,-0.010532436263090084,-0.010532436279887425,-0.0012019589010008325,0.0005590016738554748,0.0018228136707187925,0.002053694303699505
2017-09-26,-0.00012538165857711725,0.002590901388579425,0.0025909013932661207,0.0003050423156476523,-8.523245893554687e-05,3.2887734641828814e-05,-6.746037944138639e-05
2017-09-27,-0.0018555450253519012,0.009010713875913012,0.009010713890066357,-0.0003970431513901085,-0.0017009720638013759,-0.001833486319249622,-0.001979324765114754
2017-09-28,6.353448147122798e-05,-0.0003460925967344597,-0.00034609259943740867,7.01851696274236e-05,0.00012871618106014004,0.00024436695090201965,5.6795416311761215e-05
2017-09-29,-0.0001240235805310963,0.007201412547119812,0.007201412554202147,0.0018560746411127038,0.0008370288070560505,0.0002879706660783299,-2.0654330081470995e-05
2017-10-02,-0.0003352219957134528,0.0008938876705528731,0.0008938876624717818,0.0016203234942115952,0.0009445178426383816,0.0005873296239280457,-0.0001867025577978465
2017-10-03,0.001580325054086451,0.00212939467931772,0.00212939467897999,0.001994320352633583,0.0018370238359322055,0.0017344244695784994,0.0015889128914772233
2017-10-04,-0.0005829061082768261,0.000959646262134628,0.000959646265225933,-0.00027823289853468047,-0.0004508221213853636,-0.000600898258768523,-0.0005732584329187773
2017-10-05,0.0002599216680518879,0.009792535935451374,0.009792535950985615,0.0013785799260439546,0.0005549786134051438,0.00018814658128851747,0.00026257427094988905
2017-10-06,-0.0015383078806670003,0.0013562062577718859,0.001356206264214066,-0.00023297184968529283,-0.000725842130737786,-0.0012064826363877845,-0.001468316159289662
2017-10-09,0.0005070707255354634,-0.0011512562465305631,-0.0011512562468524168,0.0003535110891303983,0.0003736754567453815,0.00030921129429373195,0.0004691273650343497
2017-10-10,0.0009033966032452323,0.00074599416960619,0.0007459941641856371,0.0011431426452590543,0.0009567310511489069,0.0008566590073906255,0.0008805224044339255
2017-10-11,0.0003663741550419264,0.0029808022729218564,0.002980802277236405,0.0007442092976241987,0.00042945873978572635,0.0002562663562510892,0.00039850176627997946
2017-10-12,7.533392004654971e-05,-0.001823747610750992,-0.0018237476153499799,9.167052163805423e-06,-5.007112823895987e-05,3.7363858574668285e-05,8.7390814995425e-05
2017-10-13,0.002254099443686375,0.003857226928821511,0.003857226933510205,0.003730894394498696,0.002770724350148246,0.0022513506932921867,0.0022281330272622135
2017-10-16,-0.0007819474900834233,0.0034382516726405576,0.0034382516825015585,-0.00040123716516315966,-0.000842917648935515,-0.000843017903535026,-0.0008021549016895557
2017-10-17,9.141065019857564e-05,0.001276343550589365,0.0012763435564695502,-0.0003827549001986785,-0.00032305257028786283,-8.121329799770649e-06,6.527553122226415e-05
2017-10-18,-0.0009032174530138048,-0.0012077087572592848,-0.0012077087631073846,-0.0012491386936420712,-0.0008526122979382045,-0.0007547725829446517,-0.0009025413200764998
2017-10-19,0.000514921247342981,-0.0036948054223341353,-0.0036948054279155595,0.00011936800233969258,0.0005626472489734802,0.0006634980021171799,0.0005359355252760878
2017-10-20,-0.0016713840113826706,0.002697077362712852,0.0026970773658816505,-0.0014171651353601655,-0.0013214774106445892,-0.0014397043919508468,-0.0016565980014685566
2017-10-23,-0.0002735720150237597,-0.00652277291464709,-0.006522772919295261,-0.0017767074752769174,-0.0008992907990500454,-0.0004753030829146576,-0.00032717242867486007
2017-10-24,-0.0014205609319419832,0.0016921505088616229,0.00169215051249072,-0.00131494443181146,-0.0014011472177953843,-0.0015079526810717336,-0.0014584651729686593
2017-10-25,-0.002180443067041571,-0.0037840098187271742,-0.003784009818771472,-0.0032204996509492823,-0.002638526102397676,-0.002509346616813457,-0.002227018050980689
2017-10-26,-0.0010066231657399616,-0.0031879870311584124,-0.0031879870360264073,-0.0013315506146257539,-0.00094297084312156,-0.0007376239348616531,-0.000986927300158369
2017-10-27,0.0033922302443489816,0.029123744290142195,0.029123744338365398,0.010268337791685678,0.005812761777736597,0.003656880852963562,0.0034686720942407323
2017-10-30,0.0014476230941435908,0.0022480093351660013,0.002248009348605917,0.0018437287490409293,0.0011996176717556928,0.0011088726225065848,0.0013714629405576773
2017-10-31,9.162399057149884e-05,0.003760274483333381,0.0037602744839961844,0.0009149676525350703,0.00028319879548011073,0.00011566978433830144,0.00012212109745912691
2017-11-01,-0.00020642271138293644,-0.00032860038636495226,-0.00032860037505078044,0.0010605303692514667,0.0011074845863223715,0.00041237530238880105,-0.00011299949053333869
2017-11-02,0.000849839167098132,-0.0019064882388157844,-0.0019064882137558303,-0.0005553372203677132,-0.00035597340532622646,0.0004606958282551421,0.00078239744336428
2017-11-03,0.0011221140688046916,0.009617050343303957,0.009617050292906049,0.0031073422340877066,0.002198351130174414,0.0011641545231664274,0.0011131660665564258
2017-11-06,0.0012616410564354474,0.0033928173360833203,0.0033928173372483883,0.0019103489842937638,0.0010635326574903736,0.0009019798163385495,0.0011622514528226713
2017-11-07,-0.0014260413136124583,0.0005852542215636358,0.0005852542138420347,-0.0008320476684079425,-0.0008731392650503933,-0.0012952987366230406,-0.0013474463174154572
2017-11-08,-0.0020439137357606274,0.004028976876526036,0.00402897685600534,0.0007267283629697197,-0.0004966076494408167,-0.0013836888559033422,-0.001941081975623371
2017-11-09,-0.0020185669338713685,-0.0052424778302399,-0.0052424778140687245,-0.0028473512926422417,-0.003010867094718095,-0.0023525095437432197,-0.002050946482669902
2017-11-10,-0.0023490799511923788,-6.508181931130785e-05,-6.508185281950407e-05,-0.0041750411649966734,-0.003922845461344915,-0.0030931569625819444,-0.0024187754683189233
2017-11-13,-0.0005078642285616386,0.0012361280271637742,0.0012361280248636142,0.0006028693187072331,0.0003198154235115602,-0.00011034721552327653,-0.0004434607342262975
2017-11-14,-0.001014015713275973,-0.003639306285778021,-0.003639306262216868,-0.0008025904368916814,-0.0007980124755426754,-0.0006614744926793925,-0.0009059100666549691
2017-11-15,0.001703652626425134,-0.004696387720030004,-0.004696387687129211,0.0009721571450993505,0.0018039567004113355,0.0016336145290738457,0.0016517221741121357
2017-11-16,0.002552698196469416,0.012779379158766702,0.012779379101065969,0.0033189178251464835,0.00243340299525574,0.002372012215726027,0.002571121655349007
2017-11-17,0.0010459374558573487,-0.0038178001175311893,-0.003817800077535405,0.0007249921398650994,0.0004508906605436014,0.000715786695853371,0.0009155030124401442
2017-11-20,-0.0006793885279595679,-0.0007794604555031448,-0.0007794604527919802,-0.0012232912598340029,-0.0004561495893329326,-0.00027416449882478044,-0.0006470630872216221
2017-11-21,0.001606341327851979,0.010856037551122188,0.010856037519401784,0.005537171115953976,0.004358337827304881,0.0026043192110791757,0.00167414786759279
2017-11-22,0.0024240043561716274,0.00122196095151339,0.0012219609572912127,0.00346562091099889,0.0031656547994460826,0.0025173682007177955,0.0024099584752048653
2017-11-24,-0.0001289751223811919,0.0036611085340032545,0.00366110851213608,0.00019043820339059714,-0.00011935836312837456,-0.00022695253892424105,-0.00013756575667811521
2017-11-27,-0.0007912758602385273,-0.00044778084208707547,-0.00044778085014784974,-0.00016675583658121163,-0.0005963874137565606,-0.0006639185952038718,-0.0007424231885686527
2017-11-28,0.0020679683414415173,0.0025609056800819374,0.0025609056884643433,0.0018501866447608872,0.0021831811047363647,0.0028898821750062975,0.0022022145387332603
2017-11-29,-0.0022619701353082666,-0.017434110152214632,-0.01743411008251683,-0.008079121419190871,-0.005512813005741468,-0.0024992901819013147,-0.002268326260625231
2017-11-30,-0.0014815497546520895,0.008384050157450806,0.0083840501058432,0.001155583906847557,0.0006848695879910771,-0.00036760615990161227,-0.0012993627096902216
2017-12-01,0.001954910003205468,-0.004253674393797091,-0.004253674400966356,0.0008949713684607286,0.0014831153364003313,0.0016958273161042925,0.0018887995434098137
2017-12-04,-0.0008532734487801674,-0.011521951445534806,-0.011521951457119872,-0.0024127548605230587,-0.0005810488381653434,-0.0001796860804572642,-0.0008054244413484568
2017-12-05,-0.0003453370391706123,0.000654994763575445,0.0006549947680791757,7.932252512410365e-05,0.00020319356342679562,-0.00037439162311925234,-0.0004322147886959282
2017-12-06,0.0003446987102302401,0.00451518016217034,0.004515180169798905,0.0018064465461677948,0.0013830844776678841,0.0007835687185644424,0.0004350791614200489
2017-12-07,-0.00045414372711272133,0.0033876319294734447,0.003387631933924995,-0.0010925792929085132,-0.0010343745907755997,-0.0006705839159399929,-0.0005237655802721175
2017-12-08,0.00019866967955151082,0.004415171589277067,0.0044151715914895195,0.00045364315711093894,0.0004085553544315168,0.00023292103026206767,0.00023056089647410793
2017-12-11,-0.00020085025078009355,0.00775671436160752,0.007756714370682705,0.002033695329856977,0.0012224732561716412,0.00025146695000644037,-0.0002012245680277358
2017-12-12,-0.0009024484379860365,-0.001346844483221421,-0.0013468444840801785,-0.0008237508046297082,-0.00041854490236326036,-0.000529433551022418,-0.0008086587759004171
2017-12-13,0.002744763621881585,0.0019269729727959817,0.0019269729693967008,0.003621717179247419,0.00293372531013536,0.002930901100366201,0.0027998986147739213
2017-12-14,-0.001464651406770101,-0.0007052444709693129,-0.0007052444680535341,8.178874985231843e-05,-5.0952716638685835e-05,-0.001074905724410713,-0.0015215887985260412
2017-12-15,0.0008349238389611102,0.011354743136481327,0.011354743143066282,0.004701425863221864,0.0030377506738470395,0.0020033412352358226,0.0009495368638705592
2017-12-18,-5.0532150495552486e-05,0.008384299320417288,0.008384299325194133,0.0015332555223919186,0.0001928038554710465,8.345122286046447e-05,2.995515997250564e-05
2017-12-19,-0.0036148654760602694,-0.005925508206718222,-0.005925508205379404,-0.004943556322855369,-0.00444391572841496,-0.004175419712649897,-0.0036615188495977558
2017-12-20,-0.0012333170132148297,-0.0010779792931067123,-0.001077979291542075,-0.0015139998148336886,-0.0016285408577129123,-0.001462537719594481,-0.0012480434611420455
2017-12-21,0.0010312064792654674,0.00012692312167650321,0.00012692311822437574,0.002024416056501277,0.0020113474683980392,0.0016849092013633271,0.0010524044558457568
2017-12-22,0.0005291077949678424,-0.001142360450422708,-0.0011423604537219578,0.0005104931564046122,0.0006116259280304348,0.0005176303251364089,0.0005277490122483908
2017-12-26,0.0010200008916032566,-0.005401198270473029,-0.005401198279064157,5.815775740614093e-05,0.0006000320096426481,0.0008564615545592069,0.0009479908701686135
2017-12-27,0.0026372746911840217,0.0001276427826666371,0.00012764277847887584,0.003620713294816724,0.003663645125313808,0.0031670904423610757,0.002632103214263548
2017-12-28,-0.0004950293109131643,0.0012136931215493973,0.001213693120248882,0.000595021598715828,0.00013228121542030458,-0.00015532640230864203,-0.00045494685050384565
2017-12-29,0.0009931789376373956,-0.006188977839435061,-0.006188977845860255,-0.0006726480477559083,0.00019521402967015433,0.0005269432668106866,0.0009561418624168816
2018-01-02,-0.0008618631976308189,0.01752697120127955,0.01752697119554414,0.002167566204773541,-0.0011049335161471552,-0.0013028961655194848,-0.000857503420172101
2018-01-03,0.0025222902479113962,0.009716727625703081,0.009716727623199972,0.0037343276620060983,0.0031707473118978147,0.0026696564171393433,0.0025597251241897823
2018-01-04,0.0005328993510116398,0.001749552969375845,0.001749552969281254,0.0010744746425064289,0.0009283240317716768,0.0008435836148468212,0.0005653283584787783
2018-01-05,-0.00024172327137561567,0.01004313580172611,0.010043135798656122,0.002779408093695368,0.0017041074617687446,0.000541586975814301,-0.00015013100658234357
2018-01-08,-0.00041680767326612855,0.003890833881588618,0.0038908338804257703,0.0010725336216612646,0.0005310574641423926,-7.600076267133549e-05,-0.00039276982582481246
2018-01-09,-0.0036323861942398894,6.159733118260569e-05,6.159732993404887e-05,-0.0023122341368728705,-0.0024106161186437935,-0.003078682585242576,-0.0036047451185261536
2018-01-10,-0.0008584968129217163,-0.002337685241518783,-0.002337685240871301,-0.00011605137512149533,-2.790088161208626e-05,-0.0005362732888247734,-0.000886005288725844
2018-01-11,0.0024997891783213877,0.006844083134259993,0.006844083133439316,0.0040158179501983415,0.0036608383732401606,0.003108900362047473,0.0024948440097634084
2018-01-12,-0.00040983791852522433,0.007349138191303783,0.00734913819009364,0.0036433200798733356,0.002282997325109948,0.0006723674753121855,-0.0003715688978249698
2018-01-16,-0.0007038530247427399,-0.0028573381079217697,-0.0028573381071392845,-0.00033831436518827473,-0.00015740443933109916,-0.0005164797814354305,-0.0006649266129395981
2018-01-17,-0.0004691775242262608,0.010791363831829992,0.01079136382840562,0.0012139638740502612,0.0003151453315703989,-7.831297019333938e-05,-0.00038081065512274304
2018-01-18,-0.002528161210424318,0.0001810868574079194,0.00018108685608808628,-0.0025049558517373782,-0.002925522455065943,-0.0027909653214516217,-0.002513565845570498
2018-01-19,-0.000401361837145231,0.0031357703038403795,0.003135770303211105,-0.00013312662963560484,-0.0007070932220323289,-0.00038192935032765885,-0.0004142417800163667
2018-01-22,0.000645751231183489,0.010700860261800615,0.010700860259164058,0.003103892706336042,0.0018353450551507056,0.0011070917047266704,0.0007178037658444048
2018-01-23,0.002981258532329001,0.008267910519763166,0.008267910518402477,0.0052442048056311474,0.004322640952378887,0.0032435813706856997,0.002948462911771532
2018-01-24,-0.0016898604624414615,-0.006489245044582592,-0.006489245042302194,-0.0009524004515339968,-0.0005977447731226881,-0.0011253947266146591,-0.0017156381652596586
2018-01-25,0.0009541980078542345,-0.00035626235634411696,-0.00035626235588204214,0.0021485331755641823,0.0029213753805381604,0.0018696203444616977,0.000999062918406901
2018-01-26,-0.0007523476881193814,0.015325018004095137,0.01532501799977215,0.004273174672766444,0.002502259597080947,0.000504858128622443,-0.0006433353895728411
2018-01-29,-0.0031444985424985417,-0.0048555637620082415,-0.004855563762102499,-0.0038464237590972727,-0.003690021546721156,-0.003484472253346582,-0.0031771330050016644
2018-01-30,-0.0033790759908720602,-0.008230441390132515,-0.008230441389350918,-0.005332298878002795,-0.004999095162420697,-0.004181326904332927,-0.0034297770988523935
2018-01-31,0.0005370542200933137,0.004149371856078776,0.004149371855638462,0.002931488894013068,0.002239986044391129,0.001075760838259665,0.0005486720879546159
2018-02-01,-0.0033184092091188555,-0.008500693996468023,-0.00850069399484299,-0.004426074130854496,-0.003759389982925465,-0.003358515285580288,-0.0033862251992627934
2018-02-02,-0.0060667237634025595,-0.0199451798442567,-0.019945179840033078,-0.01709654079149392,-0.010822153687978786,-0.007899715322132739,-0.006491900043871679
2018-02-05,-0.00024149228440106807,-0.0394265158479048,-0.039426515835569,-0.026242386794514072,-0.012260915823199214,-0.005697047967149982,-0.001270078060588542
2018-02-06,0.0004156408003948009,0.02649913972846174,0.02649913971884499,0.013986390901359558,0.0048044768702215634,0.0022806779956137113,0.0008970433945625356
2018-02-07,-0.0032257553441350506,-0.012938279797441887,-0.012938279794253882,-0.008867875928030733,-0.0047869036894472305,-0.0033488599761763993,-0.0033225913212047153
2018-02-08,-0.004927927063281712,-0.04219489088710204,-0.042194890874665214,-0.027649134320332447,-0.014742956280000663,-0.009076268796106013,-0.00579317904197274
2018-02-09,-0.0013625602929452363,0.0172696284382432,0.017269628431343387,0.010281565728370579,0.0027037914730967394,0.00012358538665457885,-0.0008057905546572375
2018-02-12,0.0030067047982813566,0.01774506598073078,0.01774506597504666,0.0123614398523193,0.00530171160301296,0.003679134159183528,0.0032624341990732386
2018-02-13,0.0001392801069077798,0.005161325174407372,0.005161325172714948,0.004231744725148534,0.0013965781266787047,0.00017554472616398975,0.0002778560229161897
2018-02-14,-0.0014858501165699867,0.01872389628001736,0.018723896273281637,0.014992617748315284,0.00410015237665684,-2.3537341836576964e-05,-0.0012896484347258985
2018-02-15,0.0037217375732041535,0.018563922104348096,0.01856392209968538,0.012318158013213676,0.007727036066619508,0.0054546463409854695,0.003883323732758015
2018-02-16,0.0028914818628102967,-0.0044658267835289145,-0.004465826781065552,-0.002657431771025953,0.0009445935060143906,0.0025638022632190616,0.0027663234758525945
2018-02-20,-0.0023004176081615757,0.002000564371997804,0.0020005643695080177,-0.0032888929406007517,-0.00452059203492039,-0.0037150834506340935,-0.0023476090910711234
2018-02-21,-0.003321898394148093,-0.0028435086358644668,-0.002843508636661607,-0.003833458726384409,-0.004940885425680608,-0.004361593248954243,-0.0034062443558420252
2018-02-22,0.001151890880238149,-0.00012121495659300763,-0.00012121495593797604,0.0013754246381361135,0.0014633413421025754,0.0012109606371082382,0.0011752134723626018
2018-02-23,0.005568564750381144,0.020448753489300753,0.020448753484202165,0.013325936229545032,0.00832804395800646,0.0066003751198948635,0.005864799050040004
2018-02-26,0.0019908797040617543,0.01326033599807075,0.013260335994346173,0.009387263039867255,0.004900469000088004,0.003016979516762719,0.002310629003118958
2018-02-27,-0.0038992000210771316,-0.012382505749595207,-0.012382505747548622,-0.01109880269398078,-0.007448828234712934,-0.005179181225693719,-0.004122144568087571
2018-02-28,-0.0003322954817422952,-0.006417387282735443,-0.006417387280660436,-0.004916840270367873,-0.0016710124250325364,-0.000883017803003483,-0.000481889247691214
2018-03-01,9.286979105738169e-07,-0.016326964774139086,-0.01632696475332185,-0.006863872840870533,-0.004287339124499412,-0.0012754176879410384,-0.0002565862783335815
2018-03-02,0.0007125166915473713,0.009180526337561501,0.009180526327167593,0.002665297615609852,0.0002686136239420378,0.000531461159173352,0.0006034556538334623
2018-03-05,-0.00015942610390484724,0.011085161513123776,0.011085161500531182,0.0036572316672909277,0.0015994603972131483,0.0005229290383870211,5.487879235221982e-05
2018-03-06,0.00115107536526593,0.004230169857747379,0.004230169858745247,0.0036388474676840588,0.0019344202849600478,0.0012393285923935071,0.001055791872486056
2018-03-07,-0.0006224467487820906,0.002314057818908699,0.002314057814452042,-0.00029745164805128343,-0.0004837064939471336,-0.0005345157876165407,-0.0005761457028615746
2018-03-08,0.0013491335099218293,0.00550548302312226,0.005505483015823431,0.002617556932788423,0.002272615768210473,0.0017993367655184667,0.0015367721759917963
2018-03-09,0.0010841477612346662,0.0194275255522669,0.019427525531633627,0.005729137734153067,0.001504010402483713,0.0015451728741981974,0.0013170382843359363
2018-03-12,0.0008312480285379564,0.005313170428331571,0.0053131704211728525,0.0026154593816563043,0.001450324101801792,0.0008430550028006856,0.000830583315436284
2018-03-13,-0.000451762501518016,-0.013614409304052444,-0.013614409285639839,-0.004831176763174461,-0.0024556166066005414,-0.0008439092654562996,-0.0005278843535240219
2018-03-14,0.00044263205723771293,-0.00017493411453184393,-0.00017493411463831432,0.0008896299956451248,0.0011502203146043222,0.0003406356398274468,0.0003665952133933281
2018-03-15,-0.00030555770180951125,-0.0008735557493351198,-0.0008735557509077507,-0.0008166644852383165,0.0002829868222997689,-0.00023029813430930357,-0.0002838809634625461
2018-03-16,0.0004184936693016894,-0.0029731032966570092,-0.002973103290548007,-0.0009554934595138453,0.0004203142748542277,0.0003662304394971283,0.0003517872998171079
2018-03-19,-0.0026150026324228692,-0.02133624683583002,-0.021336246810651827,-0.009245805901131887,-0.0061104025574535425,-0.003478990412027927,-0.002827432534095342
2018-03-20,-0.00034795596270387197,0.0032914742409335673,0.0032914742355083515,-0.0011488760732816239,-0.0017697530692425412,-0.0007223820562641814,-0.0003642258707314827
2018-03-21,0.0012708194222137426,-0.004354420772916923,-0.004354420759334676,0.0007699502762856802,-0.0002095314552111871,0.0006776100927881057,0.0010027821950810978
2018-03-22,-0.0011023033521814218,-0.024682596001003088,-0.024682595978074318,-0.00892639052593891,-0.004011986942020207,-0.0023238636165872073,-0.0014463847009557051
2018-03-23,-0.0010149678103847926,-0.026351288461386346,-0.026351288429114605,-0.009093125063684426,-0.00609870329741502,-0.0026649846796136245,-0.0014775107205624582
2018-03-26,0.001877449315923041,0.037158491867313126,0.03715849182376574,0.015838402302450927,0.009272187500723783,0.003959570480463581,0.0023007344122421003
2018-03-27,0.0017608501339760885,-0.03235996950629638,-0.032359969461328575,-0.011068416961815708,-0.0031526031442419278,0.0005523168369891973,0.0015406316135082587
2018-03-28,-0.00046373444519620666,-0.011503733447620679,-0.011503733428889218,-0.005021576527097116,-0.0006947176395292187,-0.0004836777895309563,-0.00046033455608451845
2018-03-29,0.0030469473466994135,0.01831476122286224,0.01831476120319131,0.008786033830741946,0.006316337389086879,0.003842626817237571,0.0032165166766400244
2018-04-02,-0.002490723525294891,-0.02885162973780886,-0.028851629600759154,-0.008111677664729533,-0.0047537886007883445,-0.0033139936512772694,-0.0026345145442679962
2018-04-03,1.8545680016135435e-05,0.011253371254640765,0.011253371191294104,0.0011321933289580866,0.0001364610424106072,0.0003211493298089785,0.00014223506848631828
2018-04-04,0.0010733144829206953,0.0157702557096151,0.015770255642642006,0.005433380116066644,0.002984658956265651,0.0017017554385601041,0.00120850613868706
2018-04-05,-0.0005862057247117969,0.005696665744217455,0.005696665713085247,0.00126307104207668,0.0007644706933798151,-0.0001045669734175414,-0.000515234881616089
2018-04-06,0.00033274042137132476,-0.025023295618484154,-0.025023295501300447,-0.006185031159321008,-0.0022595193507265465,-0.0007356945337465559,0.00010750260382241805
2018-04-09,0.0017484581445346148,0.007022790361476128,0.007022790338095719,0.0031316466522006703,0.0020944584423667756,0.0018351674710102017,0.001747801675644256
2018-04-10,0.0016836636180752595,0.022063113053109706,0.022063112962811937,0.007840161563089643,0.004385424294671703,0.0024990377605831338,0.0017566898938206066
2018-04-11,0.0008429592354468607,-0.0057689309593562665,-0.005768930920320714,-0.00035429239034190374,0.00030569456673479323,0.000563223478311059,0.0007219142423562364
2018-04-12,-0.0005611850546137775,0.012041485877988478,0.012041485801119522,0.0007846327760343552,-0.00021190752045396888,-0.0003347555785461198,-0.0004094812583450569
2018-04-13,0.0004141359731855143,-0.0051785368233441265,-0.005178536790432897,-0.0005391035092525698,-8.198510375023726e-05,0.00025594116717453375,0.00038469586499956243
2018-04-16,0.0007190364010052352,0.007622302537014347,0.007622302507858558,0.0028402782102048274,0.0017157328923493864,0.001146998394694343,0.0008264916173881254
2018-04-17,0.001232914261091178,0.021525260466662033,0.02152526037552671,0.0074881991449968766,0.0037215257475577967,0.0019312213095921127,0.0013289003440866143
2018-04-18,-0.0020689858769393776,0.0020469761515793383,0.0020469761362633676,-0.0017226448241989267,-0.0027070419185394323,-0.0022284721522600748,-0.002149702845076762
2018-04-19,-0.0031490250802647113,-0.009192575719765284,-0.009192575692948957,-0.005356144518977701,-0.004371127067967495,-0.0034344033634103877,-0.0031666261979232946
2018-04-20,-0.0032130107774817063,-0.01582690430962208,-0.01582690426265032,-0.008666732148021272,-0.005851324781997569,-0.00387944661740236,-0.0032773331933682037
2018-04-23,-0.0015315391180411586,-0.0025260492877102747,-0.00252604929108291,-0.0023556356353067187,-0.001704960812022649,-0.0015251665261299951,-0.0015305450942195709
2018-04-24,-0.0020029552345010027,-0.021187137396952105,-0.021187137303950387,-0.007923603901395015,-0.004856000326655341,-0.0028217210465317777,-0.0021221153316560715
2018-04-25,-0.0012125398729778691,0.0011987103504536023,0.0011987103293789048,-0.0022159467500798558,-0.0021832046623949664,-0.0013450749234796833,-0.0011705689343964876
2018-04-26,0.0033604282729917667,0.02105294461926288,0.02105294452950912,0.008031270366187115,0.005216669846593414,0.003819746664419643,0.00343420827672003
2018-04-27,0.000770174696036463,0.0006172931867605147,0.0006172931954642191,0.00201263966129539,0.0016385870725770246,0.0009875136579236,0.0007734199015765331
2018-04-30,-6.315977059445643e-05,-0.007094875213162766,-0.0070948751960072665,-0.0040103129179316355,-0.002345910440734178,-0.0007907432180326301,-0.00017451549186264792
2018-05-01,-0.000555619500808846,0.011432703254897092,0.01143270327675694,0.0006536952652889116,-0.0006838261551018743,-0.0006300230855350586,-0.0004975705340640735
2018-05-02,3.555383864872752e-05,-0.005897332022544499,-0.005897332030005864,-0.001991948644350816,-0.0009441485831124252,-0.00035017570752449156,-5.992697245615908e-05
2018-05-03,0.0013206737774278388,-0.00012374181340668589,-0.00012374181429097852,0.0009616140554959962,0.0003426783304520953,0.0009323018073588152,0.001250313997447794
2018-05-04,0.0012664740242291916,0.01897407832642095,0.01897407834890963,0.007071420401272954,0.0038834302099857165,0.0020710094921527755,0.0013519294771331403
2018-05-07,0.00045736433307386193,0.008309716738605921,0.008309716750169782,0.002333904443658996,0.0009257581517345681,0.0005718678512038888,0.00048743934914607934
2018-05-08,-0.0011826287804640456,-0.0010227194388947591,-0.0010227194419575314,-0.00019732742514044777,-0.00024971261844408676,-0.0009156680636221992,-0.0012060942959974952
2018-05-09,-0.00015891777610443913,0.010899051638983526,0.010899051653046055,0.0028637028053482005,0.001374360805993069,0.00035989210753406553,-8.23494104540412e-05
2018-05-10,0.0027213765736520124,0.01036445010206366,0.010364450106939538,0.007034108720113785,0.005467664147448037,0.003538513021960288,0.002788918295406173
2018-05-11,-3.546899477424592e-05,-0.000943314207706103,-0.0009433142100911951,0.00024164138258386814,0.0007852546928541759,0.0003395668635273186,3.1387993351117416e-05
2018-05-14,-0.0012086583197241652,0.0017114400601092594,0.0017114400660678264,-0.0013778684810868969,-0.0015084833138470088,-0.0013197770770215778,-0.001216388347422881
2018-05-15,-0.004942171523701133,-0.011075269619116312,-0.011075269623267658,-0.010183016274056822,-0.007932732228866035,-0.005709706653887037,-0.005012649455190421
2018-05-16,-0.00010402267848730329,0.0066122104787484925,0.0066122104848962415,0.001493548565911329,0.0006094125965194763,0.00010219215115747637,-9.097125795454186e-05
2018-05-17,6.483335153695258e-05,-0.003846521985817697,-0.003846521990288787,-0.0016485411138477124,-0.0010907174272042353,-0.0002364357411777096,4.2164689360690844e-05
2018-05-18,0.00195708063225819,-0.005168233621218987,-0.005168233630352237,0.000422450052975476,0.0018014239990231662,0.0019149666255291464,0.0018816513289618975
2018-05-21,0.0015103373235150208,0.005613222052882838,0.00561322205444581,0.0023456711187912482,0.0016507814261201847,0.0016541031171874998,0.0015394823345697972
2018-05-22,-0.0003896797870890367,-0.0013064997305753945,-0.0013064997301738268,-0.0013002213439716748,-0.0011552586594919534,-0.0006792802246956553,-0.0004042008044453649
2018-05-23,0.0031840125058679725,0.008443365221591836,0.008443365232617461,0.00466233683021855,0.0037556627170975965,0.003271923236052743,0.00314756463848731
2018-05-24,0.0015205362901136166,-0.0002948890814620242,-0.0002948890833508466,0.0030481193076512536,0.002566606050189879,0.0017342830593018999,0.001515743450846374
2018-05-25,0.001319900778376848,0.0010027538388621693,0.0010027538422292537,0.000821720933526171,0.0012136691002551103,0.001308546978570746,0.0013448767168748876
2018-05-29,0.004494858525425416,-0.00441920259854145,-0.004419202600796646,0.0009132010760721787,0.0020765725627887033,0.0036252064307389364,0.004303260146239607
2018-05-30,-0.0002546384390541556,0.007161142189236802,0.00716114218897923,0.0014290362034823367,5.183384090701182e-05,4.474685265321021e-05,-0.00016205785673439888
2018-05-31,-0.0011597886742700236,-0.0006463260396867287,-0.0006463260344155008,-0.001227378753072661,-0.001181394563728344,-0.0013168973598279843,-0.0011970742960007996
2018-06-01,-0.0011021324500911645,0.01569928719488356,0.015699287202211698,0.002635189864749865,0.0006034063787645483,-0.0005491839793628772,-0.0010569385884012794
2018-06-04,-0.0013429304167562606,0.009031104026085313,0.009031104030269521,0.0013757977088497686,-0.00015093270516242097,-0.0010773087535030923,-0.001345908178060795
2018-06-05,0.00222477426647405,0.0030978906170664455,0.003097890618293242,0.0022116081752381334,0.001669473695053103,0.002062754035183856,0.0022111377246440966
2018-06-06,-0.0009916585655307397,0.00583404217164829,0.005834042172518705,0.0002329165797301247,-0.0008427149538967615,-0.0009276919670794248,-0.0009664578481910491
2018-06-07,0.0024445064863167776,-0.008131477042318092,-0.008131477046292135,-0.0009093370898493047,0.0009335702571295901,0.0020935492842284464,0.0024716997485980663
2018-06-08,-0.0007975918455921382,5.7309115150339096e-05,5.730911464429944e-05,-0.0004305302741243189,-0.0008276658783871182,-0.0007582140860507014,-0.0007718806266272527
2018-06-11,9.855240833434031e-05,0.0026943528561442776,0.0026943528572691555,0.0006241606591346205,0.00014719435464871644,2.2991515096215664e-06,8.233030827442533e-05
2018-06-12,0.00014029131833370734,0.005259833219905419,0.0052598332227069555,0.0011488964681733993,0.0007052759394463592,0.000402906022992644,0.00012923568989831047
2018-06-13,-0.0007574519992273876,-5.676452822811484e-05,-5.6764526397912185e-05,-0.00022884235723974466,-0.0005026747099977635,-0.0009007635066075048,-0.0007904791678713385
2018-06-14,0.002830966129905743,0.010124082109503219,0.010124082114309374,0.005568840550815413,0.00451168784796474,0.0033024291296084307,0.0028204379654372946
2018-06-15,-0.00029295905858806037,-0.003491054691608708,-0.0034910546913375917,-0.004418649169378841,-0.0028134481495591945,-0.0007402744438071984,-0.00029804824381207684
2018-06-18,0.000616295022388913,-0.000577638986274609,-0.0005776389861592568,-0.0007103755747802643,-0.0004240761909554136,0.00043215605525603884,0.0005833630941682877
2018-06-19,0.0007988136331902318,-0.00283290941911718,-0.0028329094192183213,-0.0009189551925555817,-0.00040280645892676326,0.0005052193151726669,0.0007837513518549333
2018-06-20,-0.0011845653672145628,0.007102349979756228,0.007102349982968104,-0.0011674779026020765,-0.0023204077216744112,-0.0015005071345762788,-0.0012149189204677668
2018-06-21,0.00013890507547831277,-0.008688311708076157,-0.00868831171057216,-0.0036097201151226166,-0.002346706783228125,-0.0007063866488824511,0.00013309405218953074
2018-06-22,0.00047965187070642124,-0.00221958822596402,-0.002219588229319003,0.0002211453620959425,0.0007350494561713106,0.0005876111648281945,0.0005089381683915928
2018-06-25,-0.0012745899633257451,-0.022530181368973112,-0.022530181377218073,-0.008140700059669381,-0.004684021939701299,-0.0024476238305474185,-0.0013433749865773281
2018-06-26,0.0007928963664942668,0.004084491026190795,0.0040844910273969415,0.0022427360183707723,0.0024436204609692425,0.0016161021578957602,0.0008039784536166827
2018-06-27,0.0007740406858949278,-0.013599073610105261,-0.013599073614557367,-0.0037890984692411367,-0.0008802383893669052,0.0003114205839287454,0.0007707850248503956
2018-06-28,-0.0011982116449242852,0.008601997455207844,0.008601997458806077,0.001258760394910352,-0.0002651149883342585,-0.0007585809436774227,-0.0011153316662719792
2018-06-29,-0.00093678226054561,0.0026870716906719494,0.002687071690769427,0.0015363194307616013,0.0006681157761898593,-0.0004391679188637809,-0.0008939549813720138
2018-07-02,-0.0006299717207683964,0.006699586476389907,0.006699586476938801,0.0021734672198843175,0.0007614370338020482,-3.0336211027881532e-05,-0.00044572576266055375
2018-07-03,0.0016533085633032574,-0.01157409357588357,-0.011574093576465216,-0.0020503377886608165,0.0013879448175910802,0.0013570355690519786,0.0016251221418681627
2018-07-05,0.0016645231882439493,0.01241217012675433,0.012412170126908206,0.007877459043411195,0.0038260756457022538,0.002389616305757958,0.0017510136710003898
2018-07-06,0.001733491670217191,0.015556434779022466,0.015556434779392836,0.00874919123982254,0.0031302505131709513,0.0023686463047403183,0.0018057267801345755
2018-07-09,-0.0007808174257357692,0.008997278861779368,0.00899727886156132,0.00253880036977705,0.0012427744216021441,-5.305809220412794e-05,-0.0006871716076259915
2018-07-10,-0.0005624124251132345,0.0007336829623729724,0.0007336829624584595,-0.0001990978509973651,-0.0007788731949359695,-0.0005268706886120134,-0.0005307462506742855
2018-07-11,-0.00042146570382817217,-0.005075586095062867,-0.0050755860943668685,-0.0027343674608932833,-1.6871230497539358e-05,-0.0005015054049278822,-0.00032408447274334673
2018-07-12,0.001059632888898987,0.017231506620377646,0.017231506620725145,0.008764020489570923,0.0035143405283750706,0.0018472899792529862,0.0011340774497266004
2018-07-13,0.001071007457395634,0.0008358292841921244,0.000835829284354217,0.0006277606728410934,0.0005906823268029271,0.0009481984821064771,0.001038188749032054
2018-07-16,-0.0019554992886928746,-0.0023941464234483734,-0.0023941464234003007,-0.0029263608498693028,-0.0016160087388074063,-0.0018344136594145022,-0.0018378158763626695
2018-07-17,-0.00010150351952398218,0.006083409260083439,0.006083409260218664,0.0013446200654996243,0.00017318838297142314,0.00021671236040354813,-5.224046788665504e-05
2018-07-18,-2.8722761813981812e-05,-0.001886085131814541,-0.001886085132117632,-0.002102612095730483,-0.0002681366391703577,-3.533563992186295e-05,-4.426888741160262e-05
2018-07-19,0.001649246034165719,-0.005001961873356553,-0.0050019618734189475,-7.54984038855433e-05,0.0008168162795314515,0.001427276584859527,0.001625853330706084
2018-07-20,-0.001995486205802588,-0.0002233885377802558,-0.00022338853823855587,-0.004097730086468854,-0.002013347694257872,-0.002070263314961851,-0.002025971214750455
2018-07-23,-0.003084044234890948,0.0031845604194173927,0.003184560419234428,-0.00329387686439786,-0.0026314421964570567,-0.002787175260187902,-0.0030384694975873483
2018-07-24,0.0011053595810945893,0.004121006973379471,0.004121006973604624,0.0024637765308264115,0.001987414993272374,0.0011843346925324294,0.0010717257457177887
2018-07-25,0.0006971254494587686,0.013976839826488119,0.01397683982655562,0.006912436851015835,0.0025184502342832094,0.0013026065073968862,0.0007118774774768077
2018-07-26,-0.0005933915708378201,-0.015151626830857468,-0.015151626831587661,-0.008375915457679461,-0.0014435285573614065,-0.000837122133167556,-0.0005793539189000718
2018-07-27,0.00035084168842658414,-0.013496082477527094,-0.013496082477689852,-0.0070561916829363636,-0.0012312558267086882,-0.000501869859274584,0.00023010463963735184
2018-07-30,-0.000727543807719111,-0.014131391090889456,-0.014131391091542378,-0.00849026478498116,-0.0025978782771112208,-0.0014063490125880707,-0.0008149748625391195
2018-07-31,0.0015880264703291846,0.0076523684816092175,0.007652368481709804,0.006542763273787333,0.003278331418420821,0.0021588057427903706,0.001697007449059873
2018-08-01,-0.0017238329555724352,0.003797039409609182,0.0037970394398294527,-0.0021823666178544254,-0.0025532050255158145,-0.0017458313415682492,-0.0016239563846000005
2018-08-02,0.0013302140900706139,0.013606616456167231,0.013606616510536407,0.0035669407338212444,0.0022949150837014987,0.001865640576859784,0.0013274521744464085
2018-08-03,0.0019871045995187853,0.0030636850480021405,0.003063685047994369,0.0027371429128482117,0.002462042562563438,0.0020806409099267675,0.001957056719418704
2018-08-06,0.0010672563130866841,0.005886139015047309,0.005886139037072802,0.0014000755312026936,0.0013915995312308027,0.0013920352552250215,0.001107963896930908
2018-08-07,-0.000915800744926476,0.0036437454627942234,0.0036437454676323533,3.482056107695364e-05,-0.0010392159313998839,-0.0008807319119570334,-0.0008610760868009715
2018-08-08,5.9041851574015425e-05,0.0012100018526486345,0.0012100018635596843,2.9712858778729867e-05,-0.0009872261281675954,-0.00026745849031128976,5.446604109327069e-05
2018-08-09,0.0015293651726406843,-0.000604269761302012,-0.0006042697643612316,0.00011053117193782214,0.0002895203156181303,0.0011785905933907603,0.001455135750837222
2018-08-10,0.0021777576905916973,-0.007641171136944291,-0.0076411711470754096,-0.0014855603810806084,-0.00018436647591002497,0.0012844051482152619,0.0020100700191372223
2018-08-13,-0.0007082988707408644,-0.0011078951183108865,-0.0011078951007726934,-0.0036465490459141048,-0.0019361132788823232,-0.0008498854277690926,-0.0007216136064925882
2018-08-14,0.00019926605030162747,0.006266567163750736,0.006266567172505955,0.003117369325745578,0.0023437759074520503,0.0010028004372113486,0.0002844793032210635
2018-08-15,0.00015506732797443412,-0.012234759866824985,-0.012234759880311974,-0.00614321791337602,-0.00255111205681835,-0.0005049854567106271,7.8600011356178e-05
2018-08-16,0.0006828424409353051,0.003291865908724434,0.003291865900107327,0.001964521412977982,0.0019224390298107075,0.0012791460026337909,0.0007369113308031139
2018-08-17,0.000835607643517644,0.00022249328767065535,0.00022249326942702652,0.00246681913543223,0.0017121596049265442,0.0009922824973513933,0.000857843661939306
2018-08-20,0.002316879206001765,-0.0008896889690338528,-0.0008896889851015555,0.002136802690158035,0.0021338297857464994,0.0021881271597381513,0.0022610217261480603
2018-08-21,-0.00014139191256201666,0.003672858000619783,0.0036728580007812095,0.0010589335650470488,-5.38095839279773e-05,-5.811213081075017e-06,-7.15258577028699e-05
2018-08-22,0.001731509848751367,0.0038811587127591807,0.0038811587186882157,0.0015490948196186238,0.0009497289743163329,0.0014162727755606674,0.0016595985976832761
2018-08-23,-0.00022805517194646185,-0.0014359168015479762,-0.0014359167921372817,-0.0021677211882974445,-0.0008567361706076637,-0.00025970436749755965,-0.00023062352061409275
2018-08-24,0.0010869099470427468,0.00929192276528279,0.0092919227749364,0.006983660450051499,0.004122636310512684,0.0017332840807817718,0.0011270544409947014
2018-08-27,-0.0011304107426299836,0.010192875458679973,0.010192875485399933,0.0027263650109470294,0.0005459791882918008,-0.0005141190654343042,-0.0010418111044537826
2018-08-28,-0.0016792726345933318,0.0014646477494051346,0.0014646477583697415,-0.002852952475791759,-0.0028514499212107802,-0.0017665650789828735,-0.0016250150911474304
2018-08-29,8.24209261425235e-05,0.011537945826317841,0.01153794585844481,0.0036106243140681116,0.0011783636487603388,0.00042037217290125106,7.731869095062294e-05
2018-08-30,0.000861842854289474,-0.001767237881432182,-0.0017672378690455348,-0.0009816407440383923,-0.0001508069546344304,0.0005514907752686149,0.0007867553078211298
2018-08-31,0.0006030356842257056,0.0012874335366670486,0.0012874335384192026,-0.00031079967495106775,-0.00043392757182492137,0.0003808371627309626,0.0006221280611877766
2018-09-04,-0.00237664967936857,-0.004285954943913817,-0.0042859549439207,-0.0046936179338118444,-0.002909625816566508,-0.0022619977102061872,-0.0023454570404477515
2018-09-05,-0.000671749861351989,-0.012913710324952032,-0.012913710324850336,-0.00745144901599315,-0.0026717561749782792,-0.0008341063480422628,-0.0006930700700561454
2018-09-06,0.0009910435087086,-0.008939692474030592,-0.008939692473965866,-0.004823609050495503,-0.0004550361660826674,0.000958186313048337,0.0009606054522641738
2018-09-07,-0.0031349818192917267,-0.003850290049661864,-0.0038502900496545367,-0.004114010126940015,-0.0033733704039348167,-0.0031531174618787405,-0.003102572955755223
2018-09-10,0.0011240605319844388,0.003368106540233118,0.0033681065402175747,0.002571374981265917,0.002763206895005643,0.0016293161144345092,0.001138728765559538
2018-09-11,-0.0016965436584136517,0.007704224469420762,0.007704224469360144,0.003107351392941826,0.00047015055520915894,-0.0013680438035691411,-0.001639517803228907
2018-09-12,0.001528609427330796,-0.002948811285077957,-0.002948811285038544,-0.00031425046780608756,0.001498034487434019,0.001516093587963896,0.0015001723042522563
2018-09-13,0.0003663174200281283,0.010680270648385948,0.010680270648304013,0.005630225676502398,0.002431538255863952,0.0010688035836081689,0.000529992315862593
2018-09-14,-0.0010029603273472576,-0.0029264469161237594,-0.0029264469161043305,-0.0028482259064834814,-0.0015948250707089606,-0.0008428270944551564,-0.000923503724093
2018-09-17,-0.0006470461365801761,-0.014402925472191797,-0.014402925472092543,-0.00855179732854372,-0.003354067644696035,-0.0010892245052854799,-0.0007140400444926032
2018-09-18,-0.0019469745694532525,0.008271639831827882,0.00827163983176793,0.002937356909633815,-0.0005176256143739622,-0.0017435221902633025,-0.0018547126003748415
2018-09-19,-0.0013891034282378367,-0.0007654829213316061,-0.0007654829213351588,-0.0014143844252340054,-0.0008389148626491982,-0.0012893660439898813,-0.001397593091128413
2018-09-20,0.0010790875522401766,0.011056374513098044,0.011056374513056078,0.008584814288683962,0.004582272780056185,0.0019603545019808433,0.0011947470374484848
2018-09-21,0.0002071731252704101,-0.005467775868520763,-0.005467775868486235,-0.00467391968806119,-0.0017584671651421635,5.5368312069203895e-05,0.0001813012269842318
2018-09-24,-0.0005792460050572101,0.0027809997279450993,0.0027809997278902543,0.0005680211570882054,-0.0007350996313487679,-0.0011002336868977114,-0.0006908546041481944
2018-09-25,-0.000762786790091452,0.0013594858420848954,0.00135948584207779,0.0009876043602228268,0.0005593652282354089,-0.0005799637963008752,-0.0007808056466789282
2018-09-26,0.0017740168451128024,0.0007060669190881441,0.00070606691904751,-0.00028330032862611265,0.0008605870778757296,0.00162678018015594,0.0017192059915001057
2018-09-27,0.0007818636994623152,0.008465734102871325,0.008465734102803157,0.00355706240435838,0.0016665169501259847,0.0010398228490791084,0.0008150016378190017
2018-09-28,0.0009183273200095154,-0.00021507720307512024,-0.00021507720304980715,0.0006765652753668583,0.0007155349066985117,0.0005924409401973918,0.0008575634982508351
2018-10-01,-0.0007949172523532555,0.0020452125435028723,0.0020452125452763426,-0.00013855805555396117,-0.0003129324575484871,-0.0006283792334708105,-0.0007332029980861021
2018-10-02,0.001275807245515903,-0.0022559717344533547,-0.0022559717349011077,-0.0005105765058271983,0.0005673513493329452,0.0007213805299022269,0.000953332250957839
2018-10-03,-0.005169530962961022,0.0010767646798146568,0.001076764681189113,0.0008615473324851131,-0.0029866747659608173,-0.004182590839199918,-0.0047315444568043485
2018-10-04,-0.0035089590022693296,-0.019198694764332336,-0.01919869476967928,-0.014999993851015692,-0.006388946959339448,-0.004280240171874006,-0.003752905029222764
2018-10-05,-0.00316100681830922,-0.012227396749139197,-0.012227396753478947,-0.009052496293804335,-0.004749133730773236,-0.0036726459947588053,-0.003349542387715565
2018-10-08,-0.00045348958746493917,-0.006105870328341756,-0.006105870330708418,-0.0066775753185606135,-0.002969008229462111,-0.0009165350968416419,-0.0005669732572002317
2018-10-09,0.0017410852527217635,0.0032393440260376494,0.0032393440276403673,0.0020292633881404676,0.001994532673023519,0.0014978957054752051,0.0016069007774663913
2018-10-10,-0.0032522418530170905,-0.043979468293557145,-0.04397946830826227,-0.03360136079641174,-0.011143438440843534,-0.006571816872086078,-0.004228561856035928
2018-10-11,0.001805382648348841,-0.012403086951968678,-0.012403086955157794,-0.00547290145720869,0.00119856165733645,2.1280032878934207e-05,0.0011236986782918734
2018-10-12,0.0009433409161856421,0.027830116076039246,0.02783011608877417,0.01851036490202418,0.004740856234547897,0.0020588024971608387,0.0013159918193730302
2018-10-15,0.0003179912460951062,-0.012104121263046719,-0.012104121269667867,-0.006856758714647082,-0.0019505357987056327,-0.0004983884425672214,0.00024754882791744315
2018-10-16,0.0019727664390833954,0.029092464111091676,0.029092464119872874,0.022821231304236633,0.007682816837592865,0.004553668513945119,0.002695672110346381
2018-10-17,-0.0028183612149375037,0.0003948675218441444,0.00039486752423778526,-0.00014639016976136787,-0.003047396917483014,-0.0029465448346245315,-0.002769358431537583
2018-10-18,-0.0008834288762333831,-0.023182289977662585,-0.023182289984913562,-0.01794036730475468,-0.005305729116737212,-0.0025837206211791752,-0.0015082864362077064
2018-10-19,-0.0008019671816813512,-0.0009238645601279405,-0.0009238645608081741,-0.0014951787688107787,-0.0009868455119170783,-0.0010016536664393394,-0.000869528716020862
2018-10-22,0.00018125793628054332,0.005143860444805526,0.005143860448409532,0.00289238326037089,-0.0003669939760110319,-0.0006109490649051086,0.00010536295821950148
2018-10-23,0.0006254338256579395,-0.0036801241823221087,-0.0036801241820616504,-0.0022466258664047833,-0.00026070550144052795,-3.3377471414519633e-06,0.0003068740391116709
2018-10-24,0.0008122173354752071,-0.04576679660421967,-0.0457667966212828,-0.03524341030642031,-0.008870307291698576,-0.00311954014694682,-0.00043526170331265046
2018-10-25,-0.00023554614541787533,0.034595490076752,0.03459549009102547,0.02562406977999121,0.005531610013691957,0.0017446763332824577,0.00040833192664968543
2018-10-26,0.0015638988818544863,-0.02572195818099976,-0.025721958191840533,-0.018423207475072645,-0.0040183569872966896,-0.0007282130383272634,0.0008539583523077265
2018-10-29,-0.0007795274514509343,-0.020580789760894613,-0.020580789770003438,-0.01568622565013711,-0.004331940823138591,-0.0014630861732924938,-0.0009223770805586451
2018-10-30,-0.0002947893096428844,0.01647978225450819,0.016479782259682718,0.012460041204496397,0.002331094357044261,0.0011905764766626525,0.00031397012282097236
2018-10-31,-0.0018528784535242204,0.02350534233986923,0.023505342353033143,0.015388798856473374,0.0012846328788811423,-0.000880302677168654,-0.0015682876713618565
2018-11-01,0.002410397662388597,0.01319037778684451,0.013190377786376661,0.007321418889760789,0.004920109604563683,0.003545625498610816,0.0027440157194544845
2018-11-02,-0.0038464214357866178,-0.015575912193732555,-0.015575912191786112,-0.004402597117680651,-0.0033820142366470796,-0.003597523645426204,-0.0035856101206658275
2018-11-05,0.0005918229670875963,-0.0024795063945362017,-0.002479506393805897,0.00029727959322034536,0.0009644753710478238,0.0009897242209855328,0.0005823962671336336
2018-11-06,3.08504323478509e-05,0.007575696568601575,0.007575696567799994,0.0024632030297211394,0.001567261383338181,0.0008776424590308807,0.00022818146104452985
2018-11-07,0.002186534578747956,0.03136733551412774,0.031367335510991134,0.008739197614188843,0.005197669380382797,0.003896620949314533,0.002508759514568748
2018-11-08,-0.001869718290721023,-0.006378742514699498,-0.0063787425142882714,-0.0032618884433054385,-0.0024595872224915105,-0.002003708975397478,-0.0018963236949374185
2018-11-09,5.587291402253669e-05,-0.01685203512266853,-0.016852035121395215,-0.006296162168959896,-0.002771854356181769,-0.0011513911612345273,-0.00038787060089517933
2018-11-12,-0.00048180601847991333,-0.03025876979618991,-0.0302587697931036,-0.008660259362429312,-0.004005250691226259,-0.0022547969474538965,-0.0009358251743516455
2018-11-13,-0.000828742601007626,0.0008416266647404136,0.0008416266641926295,-0.0008953126715964821,-0.0010938869074986757,-0.0008113226157880904,-0.0007879333141697087
2018-11-14,0.0008675478884399013,-0.007628919771030751,-0.007628919770071851,-0.0020534551409411295,-0.0013656863531146257,-0.0003342924881789555,0.0006203737642309637
2018-11-15,0.0008857750347603943,0.017493781266006758,0.017493781264127373,0.0029435520649245817,0.0013369240420975093,0.0012695837816063538,0.0009233814124438577
2018-11-16,0.0015531344991566165,-0.0035099809408559723,-0.0035099809398012605,0.0007711441043811718,0.0011372167432561753,0.0012676485245073366,0.0012709959605090582
2018-11-19,-0.0005945971902885372,-0.03247758553914737,-0.03247758553543545,-0.007526667991521463,-0.0035693248302327563,-0.0020686844758031064,-0.0008769091688497488
2018-11-20,-0.002554442298526194,-0.01789455717757127,-0.017894557176731052,-0.005723356406298286,-0.004274604721147268,-0.0034814851843818495,-0.0025792629120531263
2018-11-21,0.001906146701573741,0.007602386787389559,0.007602386787120219,0.004006167936710492,0.0031679034154563634,0.002403857410417709,0.0021703473994265643
2018-11-23,-0.0019153119476280622,-0.007233329891162099,-0.0072333298908552335,-0.002526277952737077,-0.001904781675837186,-0.001981654224665119,-0.001996436931327561
2018-11-26,0.0013180861875023986,0.02311416159234536,0.023114161589892213,0.005601303979265282,0.0031952036161153607,0.002456008549611255,0.001564890633862337
2018-11-27,0.00015351395982454719,0.003376569456701617,0.003376569456009948,-0.001111420935131946,-0.0007347782360533905,1.8051814101083252e-05,4.413677355374901e-05
2018-11-28,0.0029412768524454957,0.03218283308198022,0.03218283307891601,0.010148203275998968,0.006359923609059459,0.004850237346788244,0.0034155189850459955
2018-11-29,0.0018625997261001448,-0.003260189857219209,-0.003260189856806872,-0.001367294215095849,-0.0003583323702913699,0.0009110520716724135,0.001719526327092602
2018-11-30,0.0008766571667491174,0.007255516529993011,0.007255516529238726,0.0005917328281346279,0.0004952272199276742,0.0008807501939860352,0.00075025278551899
2018-12-03,0.0044054154682824365,0.017476609300727475,0.01747660928181105,0.00917480248467517,0.005516617522243639,0.0051187089592568125,0.004457130422307554
2018-12-04,-0.000309836395376184,-0.03835677667733328,-0.038356776611847,-0.008849746885147614,-0.004783614150825177,-0.0028573631773839425,-0.0004938727020593614
2018-12-06,0.00043169187762570616,0.007060178657840366,0.007060178638441883,-0.0007684074083733616,-9.331778735865992e-05,7.151056040100023e-05,0.00023895940337226307
2018-12-07,0.0009832130323268462,-0.033015695711911874,-0.03301569564386564,-0.005946861125972869,-0.001916019469086483,-0.0008399821141741315,0.0008515735367826682
2018-12-10,-7.46485072199432e-05,0.010472152224050069,0.010472152191423945,0.0011011050979077286,0.00023437950162952248,0.00023464673069106823,5.877675258858517e-05
2018-12-11,-0.0010785464855007643,0.003311307567344546,0.0033113075585724516,0.0006769412686391529,-0.0007888405152193245,-0.0008327453782845939,-0.00093091193247552
2018-12-12,-0.0007252951295910748,0.008801514670649047,0.00880151465565282,0.002808343120159762,0.0008246360315393719,9.888280417236217e-05,-0.0005101945052369272
2018-12-13,0.0008839383035530446,0.000302952209453089,0.00030295220574383386,9.855119702728565e-05,3.7826238077132146e-05,0.0007334220196493213,0.0009876525032601613
2018-12-14,-0.0011452841449183238,-0.02434880084093627,-0.02434880080294055,-0.00757711168686348,-0.0033689068836496583,-0.0024925695194515374,-0.0012128134870064144
2018-12-17,-0.0009570155012317283,-0.02265961130217531,-0.022659611260733015,-0.005850564951749737,-0.0029657365674434777,-0.002281340775624363,-0.0011660852334562932
2018-12-18,0.00045697099890551485,0.006288577454290456,0.006288577439461429,0.0007490882414606936,0.000665555934404205,0.0004862936020955111,0.00041849465848353695
2018-12-19,-0.0006008650522359993,-0.02455519114884186,-0.02455519110816018,-0.007836207063585343,-0.0039277042179142185,-0.0024477918680949617,-0.0010592890220549878
2018-12-20,-0.003976096769519599,-0.014495504391968894,-0.01449550435548519,-0.00461893740541075,-0.0042224767290968135,-0.004501772274483118,-0.004194632410167376
2018-12-21,-0.0018833062790188926,-0.03099342098597302,-0.0309934209308671,-0.00898534379948357,-0.004496341542525761,-0.003299296331039314,-0.001947897741521265
2018-12-24,-0.001209335926928845,-0.024798007114360865,-0.024798007064531502,-0.006522778960060371,-0.0033117679143581658,-0.002826891345276916,-0.0014789840916943353
2018-12-26,0.003350594932458373,0.062439069330724406,0.062439069208709785,0.017994656375841966,0.008960251773965755,0.006920152734706919,0.003917900609007319
2018-12-27,0.0013987126998589172,0.0038699027470507907,0.0038699027522470786,0.0033025791858467546,0.0025535937613252457,0.0019676712115066497,0.0013121630872225953
2018-12-28,0.0038974051580740188,-0.0005228087647856094,-0.0005228087573800888,0.0022543871392599613,0.0034197247518692464,0.003501012614209875,0.00380622411722209
2018-12-31,0.003111717447506157,0.008433113703329331,0.008433113691676652,0.003416843617162213,0.003326348713630134,0.0032331084796188847,0.002950447521056443
2019-01-02,0.0012686741149321445,0.0040191368217343815,0.00290935018151095,0.0005799133707629078,0.0006078791705641517,0.0007236082226995677,0.0011614167076154924
2019-01-03,0.004909665417557996,-0.03267052197222253,-0.018913326933913566,5.0164385862583316e-05,0.0020062067849946352,0.003920757926169527,0.004840961390817133
2019-01-04,0.001069544843306236,0.04278476196235581,0.025538523367850008,0.010210323788079956,0.00579692052172609,0.0038830186994174287,0.001458533486681457
2019-01-07,0.0017933662841145281,0.011905470306366572,0.009135673426392987,0.00668189255189322,0.004162476472561183,0.003464238729511626,0.002001385113413967
2019-01-08,0.0010700594003389963,0.00904539980611574,0.0052130872022893016,0.003836151359463136,0.0026687350062024606,0.0019603885236174623,0.0011950047224371652
2019-01-09,0.0015233974208137546,0.008149666312211812,0.007589541752382578,0.002669269467223012,0.002086985050057333,0.00136028402414623,0.0014682041807607682
2019-01-10,0.0009635495901620938,0.0028602853740060663,3.4020327273509565e-05,0.0005260178717398922,0.0008409270589389006,0.0013935816613463992,0.0010542019938635239
2019-01-11,0.0009201968866161536,-0.0036582674059876252,-0.0019284626278904815,-0.0012549841816484886,-0.00014540592639677996,0.000188899124168751,0.0007825241217418455
2019-01-14,-0.001897317096613671,-0.008836966715955463,-0.005220587379514363,-0.00279902452556835,-0.0020651996511552584,-0.0019335265383811917,-0.0019053690986136074
2019-01-15,0.0008629040258878451,0.019526669765822513,0.012624885252173756,0.003046248121411521,0.0018006815328539538,0.0012042602985207207,0.0009131002316264958
2019-01-16,0.000491643860827784,-0.00018476476440387746,0.0008991236835833583,0.0016412650211485857,0.001190985881473594,0.0007784786022433376,0.0004966518182427659
2019-01-17,-2.083676534714307e-05,0.007884152160505087,0.004933528867606007,0.0022220299916886344,0.0012666526455133997,0.0005562460551171711,3.8943071734909296e-05
2019-01-18,-0.0005604258490307101,0.009900325885773054,0.0038949561438483826,0.0006015094849354252,0.000505313062458379,-0.00030568338027570086,-0.0004950197327764361
2019-01-22,-0.0004992984621422503,-0.02003010878286482,-0.012603579843336044,-0.004145267996772395,-0.0021757706933011045,-0.0016010465355186243,-0.0006463406201632216
2019-01-23,0.00013942282935253125,0.001296581838114541,0.0004335982087306789,0.0011666909369929535,0.0010837872746067845,0.0004711263317394021,0.000218073793909479
2019-01-24,0.0026596848089370795,0.006475560334051833,0.003906291083517033,0.0018348964871799378,0.0016503332394353087,0.002188407644355239,0.0025909643626218504
2019-01-25,-0.00013783494883434777,0.01194851786133655,0.01279646244218724,0.004553222604287921,0.0023929523498389393,0.000996230432260159,-0.00010261570784320106
2019-01-28,-0.0008148214510829144,-0.012352340523421157,-0.007306520122457361,-0.0015519137943257322,-0.0007579154688441836,-0.0005897500929508137,-0.0008094492312598067
2019-01-29,0.0018415841542600564,-0.009441418713789118,-0.004602673025925652,0.00043741079790349247,0.0012355774556576105,0.0013093735240956583,0.001765613513950104
2019-01-30,0.00440203905620451,0.02543776471956738,0.01903039714335608,0.008041210134569932,0.006216160115962266,0.005197026624219392,0.0044972878852407305
2019-01-31,0.0038839996097974616,0.014968703334852007,0.010320798401432407,0.0043386723085636625,0.003925838540594917,0.003678685246508495,0.0038249538320775933
2019-02-01,-0.0032866111382349184,-0.004222343120622418,-0.004222343120313221,-0.0014806132252461746,-0.0014292915191242983,-0.0021270025742404775,-0.0032291918592163293
2019-02-04,-0.0003930110309934287,0.012421785517600314,0.012421785516115724,0.001976263796270361,0.0008841002555848299,0.00047396329763138567,-0.00019891752530698525
2019-02-05,0.0019102243181308154,0.008847975299979272,0.008847975299426825,0.004063144301654109,0.0037300736550107683,0.002940502788062682,0.002016707174130161
2019-02-06,0.00027477433213696223,-0.0029818716914066234,-0.002981871691761895,-0.0023339729642926077,-0.001835311020195185,-0.000958634229187294,0.0002063654586892394
2019-02-07,0.0005839908363778346,-0.013429576749129368,-0.013429576747851835,-0.003202969912316944,-0.002117638899791552,-0.000983888113634368,0.00042805733057660333
2019-02-08,0.0009251227088309388,0.001961554484991579,0.0019615544845912325,0.001175541350892928,0.0013485609147685373,0.001145985940959049,0.0008757899273750258
2019-02-11,-0.0008263620241423242,-0.0009492225392718767,-0.0009492225391630749,-0.0009284923362693487,-0.0009118393624693022,-0.0005984261596981844,-0.0006724015254967464
2019-02-12,0.0010549233626344634,0.014786345600029449,0.014786345598737816,0.005140698846628267,0.003729698360221967,0.0027026027802334873,0.0012594654003987849
2019-02-13,-0.0016697418437104927,0.0007020748647879049,0.000702074864494584,-0.0017012993728402481,-0.0018455929697459572,-0.001742170127002285,-0.001678859095100238
2019-02-14,0.0033484368230993766,0.0012279944140691779,0.001227994414184419,0.0013731180402114518,0.00106576969659411,0.0019132482361683412,0.003212688565153332
2019-02-15,0.001556069537364868,0.004205231354183381,0.00420523135460904,0.003663095154032403,0.0030833509050165464,0.0026378888260396582,0.0016073647268821656
2019-02-19,0.0014450107520436184,0.0019773334746988613,0.00197733347513962,0.0031559869120989514,0.001697177015393514,0.0014989964071936424,0.0014018990954893784
2019-02-20,0.00039904036338267446,-0.00017405786128465994,-0.00017405786088708908,5.4863568188956435e-05,2.785110658454215e-05,0.00028101069144415014,0.0004287813232044524
2019-02-21,-0.0022194483732841386,-0.003657552025001176,-0.0036575520249283455,-0.0033982353730401815,-0.002674088046569323,-0.002486617493233423,-0.00221705269712702
2019-02-22,0.002922299506869397,0.007400170109709059,0.007400170109603366,0.00343281315366073,0.0035684995270561792,0.003379920065442521,0.0029298260456882552
2019-02-25,-0.0014281644438222107,0.0036439233342830946,0.0036439233339449206,0.0006546489212235773,0.00016501889851916474,-0.0003800334835695196,-0.0012249678619189464
2019-02-26,0.0022095557474830496,0.0010373282686626517,0.0010373282682689666,0.0012271568592256976,0.001161301383729496,0.001349218115851869,0.002087185166202765
2019-02-27,-0.0019840947023292976,-0.0006332905816062162,-0.0006332905820478629,-0.001525202853030816,-0.0015168843931202547,-0.0016574178911360482,-0.0019128831772318167
2019-02-28,-0.002100620029533151,-0.002304293784548883,-0.00230429378500574,-0.0018189475794303522,-0.0014510691592677372,-0.0016922346700581903,-0.002044884618451759
2019-03-01,-0.0015924928956779771,0.006928758432074078,0.006928758409772584,0.0017018739831167196,0.0003593841693130262,-0.00016801757946272033,-0.001262911341713191
2019-03-04,0.0014688747341886632,0.0001720402875342586,0.00017204026206352196,-0.00019978403101261755,-8.541593538591297e-05,0.0004909530376617788,0.0012092749018468574
2019-03-05,0.00032416902996756924,0.0007454091441214672,0.0007454091340197699,0.0002059363122575153,-0.0001561674556402881,-3.408333161314392e-05,0.00020852983877506226
2019-03-06,0.000542021789263325,-0.00567177159131671,-0.0056717716179720545,-0.0020607409199593363,-0.001442756066722839,-0.000830982809979286,0.000180874624102767
2019-03-07,0.0016499873256645703,-0.012272474388560273,-0.01227247434965928,-0.0018535312481529065,0.0005335591946640239,0.0010130851706624533,0.0014339667538036949
2019-03-08,0.00047367408349918705,-0.0015166405976891895,-0.0015166405914910364,-0.000919312782132975,0.00015334284515389207,0.00012789538941904155,0.00040445886467566083
2019-03-11,0.0009530035072207177,0.02079811587212954,0.020798115810316986,0.005557402486522145,0.0030121055491165727,0.0022726522626659307,0.0012710778243247844
2019-03-12,0.002582232156962627,0.005494135100309938,0.005494135079737283,0.002836870998099039,0.0024008647968298824,0.002373305311494711,0.002515347446762073
2019-03-13,0.0008550450733688653,0.007513234244584943,0.007513234219106435,0.0027539550662729617,0.0009782173311525533,0.000836370533232822,0.0009397783920357394
2019-03-14,-0.0014418460890244233,-0.0016948513331046522,-0.0016948513421465305,-0.0013694959375452065,-0.0018240216013770683,-0.0015434240832041812,-0.001452204489517439
2019-03-15,0.0024074775410722893,0.009280841445410415,0.009280841410084006,0.0028230755038138877,0.0024981491238542652,0.00234781569630349,0.002375725337362633
2019-03-18,-0.0005620899526400658,0.002381537114463983,0.0023815371249316097,0.0004108596500824735,5.554878883007319e-05,-0.00013966388236708038,-0.0004650049187864269
2019-03-19,-0.0003332276667538103,0.0033623644734601665,0.003362364439800203,0.0010351883506183324,0.00024152240092112365,-0.00015003067294216965,-0.000388832574508835
2019-03-20,0.0058048370321850395,0.003965466055732891,0.00396546602071135,0.004906519555351263,0.004925242685108966,0.005100862715183396,0.005537688526396245
2019-03-21,-0.0001901389346783411,0.015631844809774975,0.015631844755372715,0.0026176530527581843,0.00151827664229498,0.0008610188168989286,2.6023917500062055e-05
2019-03-22,0.0024229919679032985,-0.021964140549031508,-0.02196414053761575,-0.005026375842201003,-0.0009145188123742543,0.00014086296035675794,0.0016816024415142738
2019-03-25,0.0018794377013451324,-0.0019040998335858594,-0.0019040998049937308,0.0001764660283207764,0.0012441953421014063,0.0014981703327208162,0.0018473600111759136
2019-03-26,0.0004787059741799826,0.004657118938279803,0.004657118947230643,0.0023714565133479137,0.0017075136677289215,0.0013746780768013611,0.0006808393643431554
2019-03-27,0.0017579268820027139,-0.006422856870913485,-0.006422856849610414,-0.0007193650939398832,0.00041070394471987015,0.0010757981007001316,0.001664201437905799
2019-03-28,0.0007182909047680486,0.002304677261651067,0.002304677277297884,0.0016085732952815235,0.0014767848598842281,0.0014721209787338374,0.0008886739995568327
2019-03-29,-0.0002589657805922574,0.0075711519456451715,0.0075711519173355946,0.0025379614051741495,0.001033077406076277,0.00044369214204653673,-0.00013027697443912523
2019-04-01,-0.0038496892469538357,0.013247263032454937,0.01324726305568924,-0.0001439332665092996,-0.0013153231355094164,-0.0028100217709688957,-0.0032936924568759407
2019-04-02,0.0012664133391036003,0.003790264737136617,0.0037902647468202044,0.0011134712981404338,0.0011035659136935383,0.0009205786589199239,0.001073369525771417
2019-04-03,-0.0017278633216031292,0.005746253258393619,0.0057462532707228675,-3.067685166413536e-05,-0.000551974359716767,-0.0010544873211846273,-0.0013711462116379192
2019-04-04,0.0012665057778156186,-0.0003807552622068222,-0.00038075527021130817,0.0014248996702401762,0.0014348161824986327,0.0014377314257858487,0.0013748937602187095
2019-04-05,0.0012285149448740817,0.005171096442032175,0.005171096444102963,0.002185555537552286,0.0018074730990025323,0.0015560337212512376,0.0014362633451003859
2019-04-08,-0.0010967177914258386,0.0025451618208538473,0.0025451618296512546,-0.0004034734369869897,-0.0006744188357696856,-0.0010814186958074679,-0.0011068685638869757
2019-04-09,0.0005364135197822861,-0.0035110376525531173,-0.0035110376526231724,-0.0005444863422525703,0.0003279724726439337,-6.20143629942449e-05,0.00016880449914591367
2019-04-10,0.003524075848321706,0.005366488873378206,0.005366488870996555,0.004329420206981904,0.004493722121962751,0.0038891560051734775,0.003754276412529567
2019-04-11,-0.0012935454044125105,-0.00237232874714155,-0.0023723287446992813,-0.00011736411429241755,-0.00028921676098392357,-0.00042598380325076235,-0.0008780524985250171
2019-04-12,-0.0023449374736929096,0.004323612188564807,0.004323612192231652,0.0008558780857406134,0.0002727159334523499,-0.0012555449061122381,-0.0018064676143588754
2019-04-15,0.0004919648823782374,0.00016140433272271437,0.00016140433851408176,-0.0002467336702836054,-0.0007712640772898904,0.00012564075173915334,0.000299392550580313
2019-04-16,-0.0024588172185994184,0.003443426873747768,0.003443426889537804,-0.0008612522647392096,-0.001576184774237377,-0.001783724135999365,-0.0021041027565809056
2019-04-17,-0.0009843065174682808,0.0034852460453291823,0.0034852460635059757,-0.0013500797770839013,-0.001207882758346157,-0.001521121275891324,-0.0012885858511734183
2019-04-18,0.001714428895800424,0.001282374191708291,0.0012823741922620702,0.00114394671791751,0.0008527266592475158,0.0012165094268263843,0.0014433824626962632
2019-04-22,-0.001276080705666316,0.002828368289117922,0.002828368303779083,-0.0013889255403507494,-0.0013138348153582946,-0.0015863109832984224,-0.0014482148882974943
2019-04-23,0.0026332409007219226,0.012718211779903399,0.012718211799400025,0.004409349930087014,0.003902520629106343,0.003202399932787703,0.0029944869642961613
2019-04-24,0.0020010664480885065,-0.003152742813800402,-0.0031527428205621044,-0.0005036118206670492,0.0006992178976079622,0.0012183344046150513,0.001658989331795535
2019-04-25,-0.0009885107202831644,0.004058767666939911,0.004058767684871123,0.0006876617312581157,2.7174692941445144e-05,-0.0007419901548492147,-0.0009251918810541104
2019-04-26,0.0022163071607239626,0.0008925122695999654,0.0008925122610321523,0.0023040320347895715,0.002701899386877926,0.0028239686443658485,0.0025938780907985848
2019-04-29,-0.0013082480638707539,0.0019407565104490043,0.001940756516296771,-0.0008631858629732925,-0.0016332274365522537,-0.0009669149687110412,-0.0011084659141168407
2019-04-30,0.0013118565619847367,-0.007747908516041124,-0.007747908540985948,-0.0002694938669689506,9.918987291923642e-05,0.0007867652375941336,0.0010167941920713464
2019-05-01,-0.001693490819775878,-0.0032183262246611166,-0.003218326223960455,-0.00192717679592036,-0.0019070418776798714,-0.0021455700978343373,-0.0019785258576807685
2019-05-02,-0.0019185388713151008,-0.004340253592914123,-0.004340253593198451,-0.0021571591113690447,-0.001641073805662252,-0.0011975232345246,-0.0013047044230494187
2019-05-03,0.0023354641409620847,0.015948157865186774,0.015948157864055013,0.007555677842961073,0.003970737324181295,0.0030009526362952954,0.0025460136926620525
2019-05-06,0.0019494361686167583,-0.006122145443479665,-0.006122145442449045,-0.0015827220259074792,0.0005383066471522646,0.0013987799049712812,0.0016962495036452196
2019-05-07,-0.0007467064013022551,-0.019479787118506064,-0.01947978711650722,-0.008543944729818342,-0.003643754456258974,-0.002244964604644295,-0.0015118942306436844
2019-05-08,-0.0012676156596909127,-0.002523652058755821,-0.0025236520586803257,-0.001561128939417733,-0.0013224223326540052,-0.0011101610449703037,-0.0010993966307598635
2019-05-09,0.0009551620429923968,-0.005382986925686839,-0.005382986924942101,-0.0019057319055316713,-0.00029349259527333693,0.00041743029550045385,0.000645313902206679
2019-05-10,0.0005163614498016056,0.0012448376449396559,0.0012448376442655285,0.001463108212415687,0.0012861678830640155,0.000986786451669719,0.0008546541623999371
2019-05-13,-0.0007120231336501526,-0.03470281283889687,-0.03470281283640586,-0.015376464609935914,-0.005841871178222546,-0.003505439751951278,-0.0021863528711316693
2019-05-14,0.0009987042610937191,0.010975463357913329,0.010975463356634352,0.004389976707946719,0.0020507317443194673,0.0013612603431409909,0.0010719031169792448
2019-05-15,0.0028073030424586864,0.014124173861227884,0.014124173861113087,0.0066595639631865655,0.003137998505794659,0.002599527935012391,0.002427653621512871
2019-05-16,8.269518697812117e-06,0.010049914191444076,0.01004991419104817,0.004398145872809733,0.0013818709038686539,0.0008033318459952365,0.0004183533011172802
2019-05-17,-0.0007043492478402413,-0.01022020703705917,-0.010220207035654405,-0.0034791398810314345,-0.000976927731926036,-0.0008631272531239853,-0.0006175172161940745
2019-05-20,-0.0014362466590754908,-0.016881414163911423,-0.016881414163600783,-0.006928286771176517,-0.002932557109437628,-0.0019258575253042753,-0.0015073887947962827
2019-05-21,0.0006555874516906979,0.010447285469284529,0.010447285468159206,0.004884037176609457,0.0022235042877247757,0.0015511098187945827,0.0011391425523112897
2019-05-22,0.001271266672065785,-0.0044547162091933545,-0.004454716208297627,-0.00017694830481307378,0.0009722529708540151,0.0012739485337562861,0.001387569723178661
2019-05-23,0.0009874926774851023,-0.015302087291825472,-0.015302087290207322,-0.005669636850473392,-0.0015403302353597104,-0.0003180534624278586,0.00027470906824489383
2019-05-24,0.0003145670815982715,-0.0005049765922864324,-0.0005049765933015093,-0.0006519079057235588,-0.00023694903781179555,-0.00018052977071736365,-8.571418982339374e-05
2019-05-28,0.0026354241761064046,-0.0037606896364317244,-0.003760689635493253,-0.0003958665383195781,0.0005123902315116169,0.00147687826379439,0.0019172589751617064
2019-05-29,-0.0014264823544473115,-0.008225812334625715,-0.008225812334235139,-0.00355942546850041,-0.0018925027752065837,-0.0018724075460815337,-0.0016323557753913365
2019-05-30,0.0024324202874912437,0.0042038883196495735,0.004203888319902038,0.004099563903746661,0.0035182972622407327,0.0026444721579990116,0.002553540422878031
2019-05-31,0.0008727815905789083,-0.01595301422853379,-0.015953014227779727,-0.006499410609257739,-0.002310775930403741,-0.0006128242266366657,-5.436088663990368e-06
2019-06-03,0.003562235189209062,-0.02201781973949246,-0.022017819734550415,-0.0003774302716229583,0.0012384356672996422,0.0032064395241089283,0.0035327676544203435
2019-06-04,0.001494260025684202,0.028156597912033288,0.028156597907223135,0.0070789574613792094,0.0049315658708906085,0.0037784128642059933,0.0018841751542331142
2019-06-05,-0.00023461152954495912,0.00743246334228842,0.007432463341108919,0.0015830906283638146,0.0010679519399403592,0.0011955115453805565,-0.00013285547760100158
2019-06-06,0.0010762887810784605,0.007944957947756626,0.007944957946864006,0.002958931863866976,0.0020862629533755506,0.0009144036891095553,0.001033652217333314
2019-06-07,0.0036692140489913427,0.019311980470809953,0.019311980468367684,0.00627469123400215,0.00476632839312785,0.0036181077506509673,0.003675556417380932
2019-06-10,-0.002695403697105081,0.011654956366205393,0.011654956363675195,-0.00027512766351567297,-0.0010368833953708911,-0.0015677636774145132,-0.0025260361127871223
2019-06-11,0.000541926632503964,0.0013650819502923905,0.0013650819503305822,0.0009777794107315163,0.0009494961569394,0.0005015323478438916,0.0005171337123792696
2019-06-12,0.0004994530205302272,-0.00577988603495283,-0.005779886034023574,-0.0004514253296651338,-0.00014997696969398788,0.0002855329195088352,0.00047142736843586164
2019-06-13,0.0031738744116409645,0.005923121627634531,0.005923121627268602,0.003239761320522394,0.0027382125428832005,0.0027421258855249153,0.0032019698320955303
2019-06-14,0.00011692771792271017,-0.0042525746589943125,-0.004252574658388353,-0.0006619695201653952,-0.0002630786169641741,-0.00024261159237715102,1.1347445334930484e-05
2019-06-17,-0.0004550820593527405,0.006022846183093122,0.0060228461822722235,0.0007325611285340372,7.715391034146535e-05,-0.0005040904365044563,-0.00040439578562700973
2019-06-18,0.004073124069599698,0.014531399082967411,0.014531399081664453,0.0078602923049782,0.006588052085790386,0.00464608977551384,0.004189247594068579
2019-06-19,0.0031070744563497232,0.0037550711212375187,0.00375507112130391,0.005488451333657274,0.0050604522452273315,0.003598089664514692,0.0031575160882586495
2019-06-20,0.003469158885815782,0.009299385332154353,0.00929938533206709,0.0071887169302145,0.005217315167352243,0.003446052379840525,0.0034816714835970153
2019-06-21,-0.003738584731005856,-0.0014825403648559554,-0.0014825403653337954,-0.002508275166784313,-0.0032807132534408145,-0.0037796809089694072,-0.003783820466921828
2019-06-24,0.0019361630986483025,3.182813217272873e-05,3.182813265723006e-05,0.002216623095719461,0.0017015283598127429,0.0012759771951271759,0.001758181098099998
2019-06-25,-0.0002381484482003593,-0.01716632386613204,-0.01716632386369288,-0.005217969934479538,-0.003705134611460048,-0.0014922099056782212,-0.00038646048927737375
2019-06-26,-0.0026440399221469013,0.004650367211523454,0.004650367209959372,-0.0010444510858381717,-0.001400538529342188,-0.002378939044918149,-0.002608838351875198
2019-06-27,0.0034096260490397157,0.003821608357923889,0.0038216083581590343,0.004240863722117183,0.004131430632045463,0.003436795595492148,0.0035383091712475334
2019-06-28,0.0003875354231144268,0.0012868863162553978,0.0012868863163175703,0.0017832858150421682,0.0013994730888671203,0.0009086723124864804,0.0005156707919731218
2019-07-01,-0.0006521864316685333,0.013494610942816454,0.013494610942388352,0.002734922125423367,0.0016155332959175706,0.00012810895202619577,-0.0005537487244003936
2019-07-02,0.0020187835219391825,0.003962812859235942,0.003962812859204856,0.003899732611782669,0.0030418564500813705,0.0026364371715745794,0.0019524004215321078
2019-07-03,0.0029069458266186565,0.00752599424924405,0.0075259942490717435,0.004077268750540375,0.003387122504327378,0.003119863853486393,0.002978900027396758
2019-07-05,-0.005082844953852583,-0.002037168091600927,-0.0020371680917018464,-0.005912802403783779,-0.006557780550502934,-0.005110540998779278,-0.004950514893885427
2019-07-08,-0.0015401441811567773,-0.007013875442242856,-0.0070138754420254745,-0.0031226981251545327,-0.0020774178636829843,-0.0018058470815448535,-0.0016790532693378157
2019-07-09,-0.0005497965926196668,0.005007591071919837,0.0050075910716989025,0.00012006590446667076,-0.001050422707737697,-0.0008267712911401714,-0.0005488671121561817
2019-07-10,0.002092339058561432,0.009965280097543383,0.009965280097234963,0.004945628256602053,0.003189833395671915,0.0018126454438769368,0.002047007824929503
2019-07-11,-0.003887167592497187,-0.0007269396042418608,-0.0007269396042474119,-0.0036364277389666633,-0.004146051747617174,-0.003460867398387024,-0.0038602921161112747
2019-07-12,0.0015094657192864513,0.005768594813678085,0.005768594813516881,0.0025751416126689186,0.0016724484050207877,0.0016002011614486555,0.001607331267232448
2019-07-15,0.0009341415648824736,0.0032035761727324807,0.003203576172688738,0.0016322738136336223,0.0014601980329003172,0.0012251134136986863,0.0008651094276703741
2019-07-16,-0.0024742452512348523,-0.005150591305535079,-0.005150591305419949,-0.003162426130894125,-0.0024588259213236263,-0.002144727683375147,-0.002403325740411022
2019-07-17,0.002116437589906539,-0.004918485803621531,-0.004918485803410033,0.001540204675211987,0.0024274774985004743,0.0014802112834382264,0.0019052015561362712
2019-07-18,0.001559839799360141,0.0011447015216472511,0.001144701521637037,0.002171820566630789,0.0018457792479229518,0.0016868060065560186,0.0015881124127377078
2019-07-19,-0.001595310044795295,-0.007327752137888721,-0.007327752137639476,-0.0036917019630621217,-0.0023212466062729753,-0.0019933760984304216,-0.0016863246657963238
2019-07-22,0.0010320954074594102,0.007957680585208626,0.007957680585077842,0.0040759231158871145,0.003327722138287692,0.0018805100519998508,0.0010822184302323734
2019-07-23,-0.00013511312320002578,0.006544352814044085,0.0065443528138502405,0.0019241694258838038,0.0011736510823152635,0.0004632917708595752,4.696423939520855e-06
2019-07-24,0.001501767630339046,0.007018032626867843,0.007018032626621595,0.0032798634632509316,0.002417825757991432,0.0017566426204882468,0.0017345922924767443
2019-07-25,-0.0020566005156668066,-0.009479880108542837,-0.009479880108169358,-0.004300932260371759,-0.003059190426868752,-0.0020574453691041272,-0.0021903487772571006
2019-07-26,0.0008950044581568228,0.010294764948153956,0.010294764947818669,0.003675189755961261,0.0022506822380390368,0.0014706021255772583,0.001103481800749595
2019-07-29,0.00015021055369790481,-0.0034307194690241793,-0.0034307194689389142,-0.0011265647724217898,-0.0009208814528035569,-0.0004841062298704957,-1.74245648981719e-05
2019-07-30,0.0010118742864353436,-0.004316101747159462,-0.004316101747048329,-0.0007801530563817938,-0.00024592497060704765,0.0005433428393437634,0.001136050290273971
2019-07-31,0.0006813180764206894,-0.013830047884943464,-0.013830047884426544,-0.004102802113410853,-0.0013191500413632928,-0.00014551143990537696,0.0004924621433102239
2019-08-01,0.005503286287294795,-0.004971328222321936,-0.004971328219392723,0.0028732990351290066,0.003827399114845864,0.0046036105036237895,0.005281258605534855
2019-08-02,0.000590716153783255,-0.014725158792226023,-0.014725158779085312,-0.0029875054979318083,-0.0010804532604438144,-0.0001563659671963702,0.00042909057774620507
2019-08-05,0.0013903948917892706,-0.035334953421471416,-0.03533495339641912,-0.009796093823646879,-0.005601178024623232,-0.002125082302470993,0.0009211790914473994
2019-08-06,0.002876051689986836,0.013998757839776443,0.013998757832683895,0.007788586355564231,0.006164809229309176,0.0043140000971086945,0.0030053765011632816
2019-08-07,-0.0005528399315606336,0.005402111323808745,0.005402111319307901,0.0011938034698413258,0.0002773055641311917,-7.843893501235932e-05,-0.0005157076303896613
2019-08-08,0.002100751645016219,0.021764029111609018,0.02176402909821684,0.006776666531445263,0.004210057790056343,0.002977012424829839,0.0023329670502678646
2019-08-09,-0.0014747607993920164,-0.009401875806527293,-0.009401875800586268,-0.003649716822960558,-0.002512784525001921,-0.0018538374772948396,-0.0016260979179600898
2019-08-12,0.0024634439919426487,-0.011475145540371545,-0.011475145530472353,-0.0003951826844679207,0.0007410677526431542,0.0008750211790402584,0.0022466015533142425
2019-08-13,0.00016186495137482382,0.021914728141173345,0.021914728123555216,0.005175160618237529,0.002676359310273213,0.0010449775823424545,0.00027138675940352464
2019-08-14,0.0003780922548306531,-0.029884800950759738,-0.02988480093102841,-0.007343526436285441,-0.004056192730098496,-0.0023403482912595086,-6.629835110127935e-06
2019-08-15,0.004513291396534003,-0.0011489635666753761,-0.0011489635612157434,0.0031171064923594116,0.0038301006383389957,0.0044721125119771,0.004432625819907221
2019-08-16,-0.00013109882719686272,0.016050326889424316,0.01605032687832475,0.004837956141249045,0.0028116968761613403,0.0011099694712339847,0.00014527942097886104
2019-08-19,-0.0018254177665909532,0.015904655019834735,0.015904655004260526,0.002282513386895113,0.0005426218147890349,-0.0004490482643779714,-0.0016566946637042168
2019-08-20,0.003000194385713195,-0.007748171073987509,-0.007748171065341092,0.0015481256561398204,0.0024470882039053787,0.002151072193459669,0.002869560162189977
2019-08-21,-0.00017921570257162234,0.008878465642180311,0.008878465636237731,0.0038892624890900507,0.00271229993728217,0.0010297309562736778,-4.494094271356719e-05
2019-08-22,-0.0012305316648092424,-0.0032338815311683256,-0.0032338815301831136,-0.0016794054114713797,-0.0010178475257675013,-0.0003706895076379668,-0.0012011943682517234
2019-08-23,0.0017980640147481353,-0.03164550397042021,-0.03164550394362475,-0.005568093874462665,-0.002011710764994956,-0.0002886712711656081,0.0013842762081459625
2019-08-26,0.0010350984416520603,0.015103949978169773,0.01510394996598885,0.004535971862158039,0.0030934466592567045,0.0023109162380852144,0.0011905476885853972
2019-08-27,0.0024669021112053713,-0.002110136881709246,-0.0021101368783323915,0.0020550374571810526,0.002143823250974286,0.0015462320146559794,0.0022344713072652844
2019-08-28,0.0016200560240555717,0.003578616157475789,0.0035786161575723785,0.0014375670180262201,0.0013539438546135152,0.0017507729757619828,0.0017206736395867228
2019-08-29,-0.0002810517856215444,0.015289822186384416,0.015289822174570089,0.0020878587136565763,0.0004879142018410221,0.0003173840911725456,-7.897124038469538e-05
2019-08-30,-0.0007731101636248017,-0.0023945769222860624,-0.002394576920381586,-0.0008858079065331426,-0.0005837989579673408,-0.00037812264162850884,-0.0007500874397518009
2019-09-03,-1.0810174380315729e-05,-0.009708271052084938,-0.009708271064970075,-0.001390289813158252,-0.001724853775247892,-0.0004438212996087376,-0.00017036413009052787
2019-09-04,0.003053106218207091,0.014435777479719025,0.014435777488897239,0.0046395815995528,0.0033996994554972293,0.002687327203215961,0.002886669421089394
2019-09-05,-0.003778234730139607,0.018318890717645697,0.018318890746056082,-0.0035306112005047963,-0.003451681422159125,-0.0018333702294969223,-0.0034461504477519833
2019-09-06,0.0006791277480722169,-0.0009906762860921736,-0.0009906762891096488,0.0015770795763341283,0.0023581444717479805,0.0007937152410819603,0.0005891764000613975
2019-09-09,-0.002866686724503742,-0.0020878290767025742,-0.002087829078558756,-0.00574523139183325,-0.005488659509642058,-0.0027944135171898976,-0.002750418495276241
2019-09-10,-0.004133359471783393,-0.002876630639000677,-0.002876630638986577,-0.007060264692506535,-0.006546323672688592,-0.0036612616675940624,-0.003924781058862181
2019-09-11,-0.0005303361203149448,0.009389371478383701,0.009389371486380416,0.00181340341402203,0.0006515730269369691,-5.560719896102739e-05,-0.00016330501099337535
2019-09-12,-0.0014898232212066098,0.004157270882374053,0.004157270886743225,9.311230461883646e-05,-0.0003560103442266094,-0.0007055234320659798,-0.001419712054666622
2019-09-13,-0.006331049006094491,-0.003570839099249712,-0.0035708390985066396,-0.007618985516904542,-0.007340823100178806,-0.005579291826188104,-0.006248909436973427
2019-09-16,0.006324774080937123,-0.004466644778366002,-0.0044666447925144626,0.0033890299094276877,0.003840666016818428,0.0037601857963962537,0.005837816172192145
2019-09-17,0.0006649155791147443,0.004799832725856934,0.0047998327313349964,0.002885334055229505,0.0025137519918294604,0.0016425677546685336,0.0008469835413897897
2019-09-18,-0.0004564913440774365,-0.00041537605957953083,-0.0004153760577280119,0.001044631949371544,0.0014547413804186782,-1.1073435160047218e-05,-0.0004692813480590141
2019-09-19,0.00013353441648389364,0.0016620351455698401,0.0016620351467613315,0.002596014471031971,0.0021911194537034273,-0.0001422968995258289,-4.9941357295191224e-06
2019-09-20,0.004047265368976705,-0.010578669577822608,-0.010578669597101076,0.0036768536315707756,0.004257526113254917,0.003157830993927746,0.0039682052628529085
2019-09-23,0.0009155736105082024,0.0004411045013554826,0.0004411045012340242,6.88339299004248e-05,-0.0003554568571472183,0.0005563521512874647,0.0008611852924278462
2019-09-24,0.0017802167140894554,-0.013280795226665476,-0.01328079524249448,-1.4537978481277136e-05,0.0007432392289714596,0.0013775917075440347,0.0016716956817679485
2019-09-25,-0.004555255632267774,0.011225163361897161,0.011225163382884151,-0.0033801306453113966,-0.003523679168017546,-0.003448347289736975,-0.004298937660004887
2019-09-26,0.0008963382256683694,-0.0036826911514433736,-0.003682691157624318,0.0006980350911096611,0.0010160088886714824,0.0007038595202655262,0.0007261565358451794
2019-09-27,0.00017736154998715392,-0.012408943747481693,-0.012408943760486957,-0.002729074419185462,-0.0015194722734189758,-0.00015474638380819083,0.00010028816409235475
2019-09-30,0.0003177841244519364,0.009517256983053501,0.009517256997028545,0.0028198213108008297,0.0031401230829137816,0.0011813478679711942,0.0004506404958661836
2019-10-01,-0.00032689096409654894,-0.00815635184211394,-0.008156351838758846,-0.001167068362896706,-0.0007659042694422302,-0.0006513474182900936,-0.0004674875727567196
2019-10-02,-0.0005845666610041489,-0.017194374555517755,-0.017194374543241575,-0.003357623653109987,-0.002719880925152962,-0.0019491578479287064,-0.0007479332089492807
2019-10-03,0.003416012005757363,0.010975242486978898,0.010975242481860548,0.005225952113543597,0.003906336507373265,0.0034140761754515303,0.003345604623877785
2019-10-04,0.0029381100883474343,0.014725629029378684,0.014725629020864828,0.006049040459018551,0.004483478568640065,0.0033237901164409056,0.002957307680801602
2019-10-07,-0.002369013442914847,-0.0030188720287296356,-0.0030188720301582705,-0.0049904722759192,-0.0036925583780819116,-0.00241022740381458,-0.002323644642533207
2019-10-08,-0.0009282827103477276,-0.01498091118253686,-0.014980911171922351,-0.003380784470662701,-0.0024546026992776637,-0.001726482912183247,-0.0010751018374993704
2019-10-09,-0.0001876498315083186,0.00976155268399026,0.009761552676691654,0.002633239953285349,0.0015205767306083473,0.0006458216993432409,-8.197725843739345e-05
2019-10-10,-0.002848522517205798,0.007744487249643717,0.007744487241097442,-0.002952605738000047,-0.0028243140283575885,-0.002235012355090271,-0.0027252558722979936
2019-10-11,-0.0013178955418060578,0.012879027167487678,0.012879027157781886,0.0011095989392153616,4.923048890104198e-05,-0.0006976349815310812,-0.001116565694799787
2019-10-14,0.001490268591523236,-0.0001046434928484441,-0.00010464349218630709,0.0023947565603761323,0.0020855702195470283,0.0015835383886848575,0.0014616414844308423
2019-10-15,-0.0014932482931677704,0.012716517413667638,0.012716517402115768,0.00032692205177897726,-0.00048288583119926454,-0.0007000016784264318,-0.0013259464662817022
2019-10-16,0.0009848748441754207,-0.0024804051317780518,-0.0024804051282281137,0.0007494706306663268,0.0005743852903319357,0.0005691473728712815,0.000931231241915409
2019-10-17,0.001067430794794877,0.0026420084504095165,0.0026420084505742736,0.0017492228034292623,0.0012537347672949561,0.0008533823296814624,0.0011150763229499372
2019-10-18,0.00028828553271331714,-0.009609951181942855,-0.009609951172658615,-0.0009515163816585792,0.0001472405839371138,0.0002144087428663788,0.00026713838816561086
2019-10-21,-0.0014940670689123081,0.008868503533272065,0.008868503526018756,-6.181356901047153e-05,-0.0008620153147436138,-0.0011019302884595072,-0.0013929461635694418
2019-10-22,0.0015358405705991895,-0.007963187068203204,-0.007963187059550125,6.069086974691551e-05,0.0008474677506833395,0.001087619302962084,0.0014958423848463465
2019-10-23,0.0009503370658270338,0.0019286371505107258,0.0019286371509965594,0.0011763814552696594,0.0009104789593525897,0.0007807067606451223,0.0009184044071732789
2019-10-24,0.0003395803025456612,0.009728263936479076,0.009728263927293979,0.0034632251335535713,0.0016574220837148879,0.000550775857369068,0.00034200832932196334
2019-10-25,-0.00048720092502774204,0.007986105106649433,0.00798610509885811,0.0005629550356978097,-0.0003533239973521063,-0.00039679229099653934,-0.0004414371418416385
2019-10-28,-0.0018078867744031335,0.009865100277138161,0.009865100266165383,-0.0008841734031467263,-0.0014754520809102667,-0.0014374254294750033,-0.0017057169112910664
2019-10-29,6.131198758807521e-05,-0.007744214584302633,-0.007744214576425934,-0.0029407982806463062,-0.0015965272941577124,-0.0003917213934402364,2.5038849904124305e-05
2019-10-30,0.0019989089607210797,0.004845996766274618,0.004845996765018512,0.0037416984988736246,0.002636991096265806,0.0020123846908834953,0.001902536263097554
2019-10-31,0.0020408578840347413,0.00045695654490574,0.0004569565455041502,0.004511010234474089,0.0028989015117275585,0.0015438790072921371,0.001866865363792991
2019-11-01,0.001991295734276921,0.009082548033538584,0.009082548032319337,0.0036956070338476366,0.0026325705764673746,0.0023218946716467848,0.0020087876997574305
2019-11-04,-0.0016364082265227786,0.006184956585596035,0.006184956583449308,-0.0018902484564774502,-0.002125836592810071,-0.0016992247187491705,-0.0014880197707292098
2019-11-05,-0.0032295803416537705,0.0005497199391701901,0.00054971993742714,-0.007251780971439747,-0.004873845958416001,-0.0035995792158098894,-0.0031479455850970117
2019-11-06,0.0005335223567648484,-0.002247653530484839,-0.0022476535295422595,0.0025254613046330476,0.0032038219589696215,0.001304764812276371,0.0005147132058906934
2019-11-07,-0.004513539069386674,0.0033540280508226328,0.003354028048463187,-0.006955215748943755,-0.005528443158344665,-0.004646183927241365,-0.004321105515182944
2019-11-08,-0.00019464793393264568,0.003991408577160849,0.003991408575791056,-0.0012309406516345378,-0.0006781218427017732,-0.0003089975348476992,-0.0001523336537899711
2019-11-11,0.00010197738294714931,-0.0013417563658740805,-0.0013417563657730502,-0.0012048268447260035,-0.00025334314245029077,3.4515342744789734e-05,0.00010532469200241756
2019-11-12,0.0003730294284758351,0.0028860707789761797,0.0028860707784412742,0.002846436014761089,0.0010883970769484108,0.0005184045869861542,0.0003636349395697014
2019-11-13,0.0009465549382727811,0.00024818416493199713,0.00024818416542538024,0.0027325843611254452,0.0015614484598303058,0.0009038841477950754,0.0008363728536187054
2019-11-14,0.0025345246949941558,-0.000793703402406698,-0.0007937034012144295,0.00399938413873735,0.003512141097555599,0.0027368027411169837,0.002400661757141709
2019-11-15,0.0010552061960606984,0.00734749318418948,0.00734749318308392,0.0024558116005135577,0.0013709844822276107,0.0011664777330286924,0.0011336255931950756
2019-11-18,6.666496691498658e-05,0.0007885400755092142,0.0007885400755247574,0.001562207141514893,0.0007751708898573462,0.00023473226603787367,5.728672801597057e-05
2019-11-19,-0.00017831674768920003,0.0014772816628012553,0.0014772816628971785,0.002283982656703598,0.0008102537760230621,0.0001251371246693278,-0.0003148512131502246
2019-11-20,0.0014942421989527777,-0.005998895932874393,-0.005998895931061066,0.0004568320108691015,9.208884971201314e-05,0.0007922419286541249,0.0012366007008393076
2019-11-21,-0.0013955713146518445,-0.0022260831755751553,-0.0022260831760347877,-0.0037692773131073887,-0.0021495447856700878,-0.0017080902650131735,-0.0013656152612760986
2019-11-22,0.0013818218838435037,0.0006445085787698535,0.0006445085788451266,0.0007763442080863658,0.002258436818174614,0.0018816019887510915,0.0015250415817917862
2019-11-25,0.0025315746302376763,0.01184166158559985,0.011841661583830154,0.003951575818766706,0.0036580571970354914,0.0032231173198224994,0.002537157189428374
2019-11-26,0.0016642279703251717,0.0019097417768498826,0.001909741777355256,0.0036533044400575143,0.0023502061649569583,0.0017631706189509266,0.0016127984980685017
2019-11-27,-0.0007137229662845801,0.006988839530827073,0.006988839529258772,0.0005114435852293653,0.00045509867878767984,-0.00014694177557583732,-0.0005866928271802685
2019-11-29,-0.002205925261496988,-0.004562232111097186,-0.004562232110877695,-0.0009723215544423791,-0.001772979704403821,-0.0019851995004001033,-0.0020963780997000914
2019-12-02,-0.0020449790899425,-0.010238920344385893,-0.010238920331571255,-0.009292055823454048,-0.004120903145362953,-0.0024527200771322644,-0.0020202696495521533
2019-12-03,0.003434797637431153,-0.007832383931731801,-0.007832383885532312,0.006666964030070721,0.0047634532566269705,0.0035370786973849544,0.0033487538537566586
2019-12-04,-7.089198726739632e-05,0.005064200124250462,0.005064200111633221,-0.002014485583190395,2.9142639678569893e-05,5.399311609566304e-05,-0.00013572870514044766
2019-12-05,-0.00028314339974688796,0.0019759868612783116,0.001975986852911449,-0.0008882680270256849,-0.00020300512705062612,-0.00014174081976758846,-0.0002617982062050883
2019-12-06,-0.000632028909061888,0.010698637562239321,0.010698637527493782,0.00013488545046902445,0.0001208207342131562,-0.0004519405548499833,-0.0006475034660674561
2019-12-09,0.0003635438108811062,-0.004536562960966384,-0.004536562946833023,-0.00113275688902581,-0.0006526296424961275,8.983285531916074e-05,0.00036961209054098276
2019-12-10,0.0007702009674002142,-0.0008330942209100467,-0.0008330942173302436,0.0002990961494240274,0.0005297261030652312,0.000831789418322737,0.0007753746372105574
2019-12-11,0.0029632654941429415,0.005296671074648263,0.005296671067000602,0.006594957795118095,0.004085520410411769,0.003268940945920784,0.003007860113348304
2019-12-12,-0.0023736489423964446,0.007464188475729161,0.00746418844270913,-0.003826169198979157,-0.002095962774774751,-0.0020679570946754433,-0.0023657478052587777
2019-12-13,0.0033121087931831106,0.00329285522249978,0.0032928552248978615,0.0065901408188207,0.005129079085327337,0.0036190580130310845,0.003244227343493833
2019-12-16,-0.001072025354356354,0.010039114015734318,0.010039113986565207,0.0008195551064911211,-4.4909934786563355e-06,-0.0006466148765117419,-0.0010737099416563423
2019-12-17,0.001712273148980481,0.0005733765241509037,0.0005733765206419328,-0.0003113252370630093,1.2513287996895883e-06,0.0013291907403492065,0.0017198478302780096
2019-12-18,-0.00028145544714608395,0.0007642103084668506,0.0007642103071159312,-0.0026632298249742448,-8.389361796257155e-05,-7.382973954106475e-05,-0.00024125826544629803
2019-12-19,0.00012741187443987556,0.006251398616516024,0.006251398603414282,0.003765858054791016,0.001534145886516347,0.00041938045763223464,7.461512619033606e-05
2019-12-20,-0.000796798535170895,0.004031118985149407,0.00403111897640529,0.002390752527555051,0.0001522727692302439,-0.0005972143593279133,-0.0008085554617709434
2019-12-23,-0.00017325541276091982,0.0026413717669273584,0.0026413717578777085,0.0012514073243892199,0.0009747776096442617,0.00019647845233583539,-0.00016258531569135481
2019-12-24,0.0012622101383008566,0.0005193600972335233,0.0005193601032078554,0.0033015441511554666,0.0017326047923595933,0.0014052078730240058,0.001223237833214652
2019-12-26,0.00153053836192929,0.008824105597934562,0.008824105580527819,0.006299311045317335,0.003168995816473341,0.0019489930967582225,0.0014753584462223746
2019-12-27,0.00044524164961790014,-0.0008419194788082951,-0.0008419194727613544,-3.886946360420751e-05,0.000693216892460935,0.00043054913816042983,0.00041162697482977073
2019-12-30,-0.0006721006740929569,-0.0065539792177089495,-0.006553979202015614,-0.0036087251626676364,0.00046683625963028774,-0.00030905292576310917,-0.0006615161387751867
2019-12-31,-0.0012503466717734835,0.0018848780363367457,0.0018848780282518796,-0.002314765373172434,-0.0020907964170786553,-0.001259365139094859,-0.0011555336246314996
2020-01-02,0.004373273010619405,0.016697234652672366,0.01669723465431394,0.012175962988137723,0.00526323752821245,0.00494351966764861,0.004380013986945208
2020-01-03,0.002706119665610629,-0.00915992820179301,-0.009159928203247847,0.004941709984760401,0.002406501073232592,0.002752576580510313,0.002651752267283758
2020-01-06,-0.0010172379016559763,0.006443224721185636,0.006443224722024077,0.004261866204766207,0.000511304032380755,-1.1663200333855706e-05,-0.0010247718939689898
2020-01-07,-0.0011526590970343253,-0.00013917954628128726,-0.00013917954591646797,-0.0001824842770618007,-0.001018692393277676,-0.0008285354083517049,-0.0011520583124754458
2020-01-08,-0.0007734967203598675,0.007516315963370879,0.007516315964599896,-0.0013397399127588194,-0.0007144577102371485,-0.0007591462599768617,-0.0007228745212082277
2020-01-09,0.0016558871959115873,0.008473489562189407,0.008473489563182834,0.002533026285772344,0.003413459866741242,0.0014932563161860202,0.0016793335361957595
2020-01-10,0.001187639076041025,-0.0025572559850407517,-0.0025572559857607313,0.0034046306007384786,0.0021275665658524456,0.0013289644502529896,0.0011837382493298243
2020-01-13,-0.0006222047131664299,0.011536910375729459,0.011536910377058618,0.001347566557037272,-0.0007903347473244837,-0.0005908982459462697,-0.0005992984053454498
2020-01-14,0.0009103664790550692,-0.0039375372801412345,-0.003937537280762626,-0.0004121681016945322,-2.5702115793224678e-05,0.0005791465992828204,0.0008929689915131434
2020-01-15,0.0012445718248896842,0.0004088937485857702,0.0004088937483304189,0.003892062191786838,0.0022205608408161215,0.0015915458718167574,0.0012523524116530016
2020-01-16,-0.000801108608868395,0.00958351069575869,0.009583510696694608,0.002422758012784021,0.0020361734037162016,-0.000393417778884797,-0.0007905871367246409
2020-01-17,-0.0007598495461302868,0.004948761601356821,0.004948761602026952,0.00015318235842554095,0.0008193462955918829,-0.0004123721106562561,-0.0007701197305739482
2020-01-21,0.0006702966201483918,-0.00044769066608141284,-0.00044769066578631556,0.003108240689370101,0.002448653016743796,0.0005917324355830811,0.0006634641631557692
2020-01-22,0.0008963878531489389,0.002642421006127549,0.002642421006487483,0.0021602840662593437,0.0009681398702783284,0.0010185046345272397,0.0009400974860958033
2020-01-23,-0.0004995902712896516,0.0032161127344214613,0.003216112734902188,0.003980296092227942,0.0011170306501158134,-0.00020075588648649223,-0.0005007476162215418
2020-01-24,-0.0006491883719612623,-0.008415291169599715,-0.008415291170396633,0.0007559809929655881,-5.663998842486695e-05,-0.0005405907354895101,-0.000642601794391795
2020-01-27,-0.00046787259951308613,-0.02065555415736786,-0.020655554159330958,-0.0016141368133473222,-0.001903955275114222,-0.0007599390380649274,-0.0004746080176710743
2020-01-28,0.0028785926145520335,0.015359874671714735,0.015359874673626095,0.0008679983330295293,0.0017321655882838183,0.002621536922341461,0.0029204477850526267
2020-01-29,0.0019252210852751528,0.0016256637079596903,0.001625663707977898,0.005172246344028686,0.0027584672517808606,0.0020764832490254292,0.0019208857622274866
2020-01-30,0.0009078355193219423,0.0035616520694852216,0.0035616520702352883,0.0014662213923000156,0.0010308513339085668,0.001040768484244614,0.0009318738782475577
2020-01-31,0.00019223488458419702,-0.01585803183545187,-0.015858031836686437,-0.0018016917023300216,-0.0006855694625766962,-0.00023571962737267693,0.0001772552178624931
2020-02-03,-0.0006867486720606442,0.01510926439256921,0.01510926437089477,0.00390777677006815,0.0007931558396112592,-0.00014938789543261777,-0.0005365799185576003
2020-02-04,0.00020571432948446322,0.022888757291976036,0.022888757257957026,0.0009528404726353301,3.8295656609843576e-05,-0.00027563157790910786,0.0002706282284921091
2020-02-05,0.000148142994895073,0.0032971731956623618,0.003297173191586289,-0.002132458929426151,0.000284134952058146,0.0002966861319806391,7.931014559825478e-05
2020-02-06,0.0007888000460993805,0.008631996322907343,0.008631996314917956,0.006398242856350267,0.0014368289334112383,0.0012848866135724002,0.0007621171021616746
2020-02-07,0.0014939386433612256,-0.004300816838084476,-0.004300816829568732,0.0031848237189067152,0.0024689158686701518,0.0015805781379880646,0.0015113790488734402
2020-02-10,0.0015364063630127767,0.012085536044663003,0.012085536032804711,0.0064650219969513145,0.003784071610366535,0.0023299981672066927,0.0016179977777330823
2020-02-11,-0.0007663545399808624,0.00017237903785360942,0.0001723790377190504,-0.0025287406729607165,-0.001389676595352607,-0.0010219419093560056,-0.0007810945141329961
2020-02-12,0.0002345134044794417,0.009740999492421798,0.009740999480542412,0.0020110938522741595,0.0010024677902216172,0.00016540900310690887,0.00015727963213296725
2020-02-13,0.0006052949895161142,-0.0012805742903452266,-0.0012805742865895642,0.0022134458591018813,-0.00011166650157856672,0.000786507582238416,0.0006012085077744533
2020-02-14,0.001125236487087511,0.0028636315718151284,0.0028636315719148264,0.0037108326961245997,0.0026744848052950854,0.0016195986377516292,0.0011236554690370326
2020-02-18,-0.0001937208877715868,0.00038352086760418125,0.00038352087130744117,0.0057280735545490735,0.002775137968454411,0.0006241472817509752,-0.00027963604507774686
2020-02-19,0.0002444711557367807,0.00958551848751954,0.009585518475933252,0.0053395924803520955,0.0009893448246118819,0.0008859486198171673,0.00017230635832632402
2020-02-20,0.002221377179197459,-0.009283509579113836,-0.009283509562478032,-7.647659139264906e-05,0.0015699995537850064,0.0018685295057379037,0.0022656971227510425
2020-02-21,0.001446501982060644,-0.01920941899514228,-0.019209418963839986,-0.0006992622884404165,0.00027942089967591954,0.0016043584279437084,0.0014605732926222803
2020-02-24,-0.0018798257448104927,-0.03856348186004055,-0.038563481812289746,-0.007751719086770303,-0.004589185230218118,-0.002273119816632918,-0.0018569161676132984
2020-02-25,-0.002338626374715269,-0.027191851229135033,-0.02719185120417289,-0.013253117851286023,-0.005188905674220368,-0.004735867839224306,-0.0022689007550102946
2020-02-26,0.00016412952180044904,0.005153973456443639,0.005153973444505633,0.001189882597667724,-0.0017114126781281325,4.6687690820501615e-05,0.00025345285774713844
2020-02-27,-0.004526711019388396,-0.05007394188235126,-0.05007394182453839,-0.015047791886585782,-0.010998541767910264,-0.005977471128887024,-0.004544380425285044
2020-02-28,0.007398392618531924,0.0007780987793717387,0.0007780987760823699,-0.0012096177927641838,0.004493716793430469,0.004692718640389781,0.007545249881368399
2020-03-02,0.003643682734506548,0.05160347691407918,0.021804624286089647,0.013521361372595297,0.007178620947401848,0.0043327713912879595,0.003435499753589477
2020-03-03,0.003722191075330672,-0.0320673009243978,-0.008700377353977773,0.0007620411347808442,0.005847355613763483,0.004562449963504411,0.0036664809891506778
2020-03-04,0.005563873931459851,0.04172239032516911,0.015396215848258121,0.008101899114765443,0.006136845713685002,0.005648937689633815,0.005704276995870616
2020-03-05,-0.001882283262286788,-0.03038220413365711,-0.0032930974987637196,0.005535017942674303,-0.0006140664010401142,-0.000606261581596379,-0.0018693299403886865
2020-03-06,-0.0007578154858813857,-0.016872181566191302,0.017857862496729382,0.0237188028645694,0.004182477630003234,0.0003084814110860812,-0.00044684888561596914
2020-03-09,-0.0169891091412413,-0.06946451533694586,-0.01916506649660754,-0.0062902529177361055,-0.01784802583272327,-0.014352182585916862,-0.01647291648518967
2020-03-10,-0.0020708360918614277,0.05445062158843883,-0.003207491467853152,-0.016582414317455108,-0.010366747258782394,-0.003450905148981276,-0.0023071775648377812
2020-03-11,-0.01566984060274834,-0.043554936765760055,-0.04004689302508013,-0.035511731305802874,-0.02471010242817062,-0.015325328753538647,-0.015696860525934775
2020-03-12,-0.019035903194492887,-0.0916914366933953,-0.040700705366132905,-0.029789963443310086,-0.03621575351812478,-0.019450411959702207,-0.01897403401027431
2020-03-13,0.01118069318508419,0.08470557240842158,0.026074946030190782,0.00842283501365304,0.02617737727393976,0.009461432768689493,0.011366232157070444
2020-03-16,-0.012864193896700238,-0.11978783595158349,-0.023736563992899473,-0.0019519905458966758,-0.014463032823765709,-0.010952646398148524,-0.012690048205638016
2020-03-17,-0.009459843684807678,0.07584162455670618,-0.005060141518692052,-0.018432045945967146,-0.01717191769992832,-0.008327524703010236,-0.009223533291539243
2020-03-18,-0.027969057272775544,-0.03041613362200435,-0.04425860257791325,-0.044581397651367816,-0.03212191351646754,-0.026180214248935463,-0.028056711797140865
2020-03-19,-0.008133889969535013,0.006002313968809014,0.01715945116332418,0.01564167880964651,-0.019872432242850402,-0.00723239174579593,-0.008585399418821194
2020-03-20,0.003770886069925039,-0.03917598737066985,0.021544671562426787,0.03347968982794436,0.0117417267143054,0.005631850285736872,0.003711421579634111
2020-03-23,-0.00023940249917919765,0.0007221044219236639,0.02334600298376932,0.02982857523674176,0.03771342936637012,0.0026714236413953873,-0.0005091225046435222
2020-03-24,0.013988414979120067,0.07743750095158375,0.022827684685148508,0.015225056115355518,0.019026529524188485,0.014421119921211423,0.014126639632241478
2020-03-25,0.012820550723336765,-0.0074049906393725,-0.004604492912429703,-0.0050121725593942346,0.018874109307268405,0.009865097218331176,0.012905162297355721
2020-03-26,0.021588635710613424,0.05266039865856187,0.026557612203180092,0.01992528335655397,0.009108921473468534,0.020163070306668418,0.022086247658032798
2020-03-27,0.005103116296013344,-0.0343928663062254,-0.0016959902394888537,0.004509679861112614,-0.0033983306524486556,0.0039765176823722825,0.005177608949457957
2020-03-30,0.00509543624882558,0.03637339511647508,0.011820533720357185,0.006213661544659299,0.011406161372812251,0.005606476595559462,0.005212112219104004
2020-03-31,-0.0027984316808323806,-0.008539884644495621,-0.00831164458034872,-0.010695744099357807,-0.0037297097960022896,-0.0034804954536197252,-0.002739318517081424
2020-04-01,-0.007198797432893422,-0.008656523819614903,-0.007169420070981758,-0.004794035774266514,-0.003537387361243871,-0.0028261316484966548,-0.0072251013359244665
