estimation_window_months,Formation Date,QQQ,IWM,EFA,EEM,IEF,TLT,LQD,HYG,GLD,DBC,VNQ
9,2010-05-03,0.13173806652452788,1.8179169832396114e-10,2.1938552641288124e-11,3.266889073027863e-11,1.1407791470966074e-09,0.056980474211250735,0.11606996603991473,0.10290768934079757,0.20268243449993795,2.4415437605418842e-11,0.38962136798197733
9,2010-06-01,4.4478296211052253e-10,4.244132468662043e-10,9.268189804530358e-11,1.7969857469379528e-10,2.236164980034029e-09,0.01766032208420237,6.594786147185261e-10,6.899096117011797e-10,0.590865546548377,1.4206626198210827e-10,0.3914741264982246
9,2010-07-01,1.967279571838002e-10,2.1083361912402137e-10,8.246357140074005e-11,1.2931019786406283e-10,1.4523115614305855e-09,0.03309816403061213,5.786353868840669e-10,3.4516288842057754e-10,0.8835482212054844,1.3942195062446925e-10,0.08335361162903651
9,2010-08-02,1.5064526793748902e-11,1.4414450095881528e-11,5.373667377168764e-12,1.2641009095433716e-11,8.034256197513358e-11,0.32420212515760294,6.440766072779919e-11,5.482763016596226e-11,1.2555446122629062e-10,5.5254025681989005e-12,0.6757978744642457
9,2010-09-01,9.014994323913672e-11,1.1267575731536392e-10,6.16679545571708e-11,9.243202363733495e-11,2.535295211539225e-10,0.24559090251699525,2.3134522278492968e-10,1.7643370168520467e-10,1.5397516444531487e-10,5.655292837029446e-11,0.7544090962542426
9,2010-10-01,6.4615211944515055e-12,7.412726603266332e-12,4.042033607244317e-12,7.192799723872242e-12,1.4025401575087534e-11,0.2542607092104791,1.3300647994873877e-11,7.77659734694195e-12,5.5744168077098876e-11,3.445322164157037e-12,0.7457392906701197
9,2010-11-01,1.8272232221447007e-10,4.230011070116481e-11,2.6155869380576998e-11,6.154652538260037e-11,3.158683545255963e-10,0.007364718026746712,7.716869715623182e-11,6.412139193340463e-11,0.395671951674221,3.3494916687943794e-11,0.5969633294956542
9,2010-12-01,1.8492360385161352e-10,1.167867524938979e-10,3.801711131437696e-11,1.057721104302079e-10,1.049159142574388e-09,9.548876961467708e-11,8.786804100126117e-11,6.467772237644647e-11,0.41356932800550467,3.957906405358273e-11,0.5864306702122231
9,2011-01-03,1.6660826304653492e-08,4.100355160919977e-08,4.17177524939548e-09,3.570641219086813e-08,3.926141394079193e-09,5.054884754772957e-09,3.2484241187968348e-09,5.704829131108185e-09,0.9892423576245579,5.788489069270137e-09,0.010757521110108319
9,2011-02-01,0.2278768508811922,1.3921676437735465e-11,3.188714008102184e-11,1.761332174337957e-11,9.562272048176107e-11,2.8995524541164528e-11,1.447273981637819e-11,3.514022411938003e-11,0.043039303699922184,0.7290838451485921,3.264011061403925e-11
9,2011-03-01,0.0991792961794708,1.1174659029064937e-10,8.13790344099121e-10,7.059562082805971e-11,1.2547501719965648e-10,1.9105054486395267e-10,2.1590160734846263e-10,0.14038073597836348,3.118780311323957e-10,0.7604399658809439,1.2078403214014399e-10
9,2011-04-01,0.3988816984770991,0.24075101930265283,3.741150289674034e-11,3.8627836969286446e-11,1.2678370356372012e-10,0.04684551404622212,1.19723780180193e-10,2.4436957613561457e-10,5.104152377633896e-11,0.31352176737674575,1.7932239911693946e-10
9,2011-05-02,0.45300586616172533,0.19364658983783675,4.357180215825837e-11,3.1118296572325584e-11,2.283655328481688e-11,2.5807311033022353e-11,2.588564025804669e-11,4.040152645908116e-11,0.18555465563649512,0.16779288802604483,1.482767204713863e-10
9,2011-06-01,0.5023471327803017,0.1864534600543851,1.7306446473202727e-10,8.947968277371746e-11,1.1530358114339955e-09,5.490484160023189e-10,9.31465318534353e-10,0.04216773213287132,0.19673164015510233,0.07020161757446826,0.0020984144067775572
9,2011-07-01,0.1235026940888367,0.27316600504854915,1.1629881432302048e-10,6.166037615926831e-11,6.419957959216094e-10,1.596295422137279e-10,5.690338540521091e-10,0.08900606624394497,0.2336888361586222,0.14742411215823512,0.13321228475319336
9,2011-08-01,2.0601003833680664e-09,0.2261896381804033,2.3897530680619587e-11,2.054661573264611e-11,3.9053826650190834e-11,2.395277885949572e-10,1.5770117598216238e-10,8.605556320481512e-10,0.5522708613122923,0.021853891953610788,0.19968560515231065
9,2011-09-01,9.316092502477581e-08,4.4490798094072227e-08,4.9638506497494703e-08,2.3038987551827156e-08,9.358201663548728e-08,2.5147003643392136e-07,6.361383440241602e-08,5.679400966327525e-08,0.9999973415753105,1.7588156349807678e-06,2.2381994008717427e-07
9,2011-10-03,2.397610871985526e-09,1.8765027102051906e-09,1.903813344390769e-09,1.4966615236322707e-09,1.7196691685879257e-09,0.999999979689654,2.371206143056982e-09,2.3437527980019386e-09,1.5787527100163075e-09,2.2803850770746293e-09,2.341991624812066e-09
9,2011-11-01,7.751995971283526e-09,5.193399072114311e-09,3.5503252075225437e-09,3.6534245524171696e-09,1.2237364098239493e-08,0.9999997379523374,9.587200239893364e-09,6.524646687232337e-09,2.000589104453026e-07,4.935868384327906e-09,8.554527885678009e-09
9,2011-12-01,9.023433242524277e-08,9.381602060043007e-08,9.037577742519304e-08,9.326782127776532e-08,1.0683578661026517e-07,0.9999961779233195,8.302416239412607e-08,9.125055760031328e-08,2.987985818765846e-06,9.381609811498566e-08,9.147030512150701e-08
9,2012-01-03,1.1343510935687916e-07,9.95199789768997e-08,9.111909030033159e-08,8.159846583906067e-08,1.1652303689687217e-07,0.9999989156546167,1.2383756304485156e-07,1.195259362800628e-07,1.2422227162669378e-07,9.31187681277861e-08,1.214451628198159e-07
9,2012-02-01,1.277971445648737e-07,1.211297313731876e-07,1.0845915746643218e-07,1.1123397202589715e-07,1.0867644923670323e-07,0.9999988146721128,1.2633924191841115e-07,1.274889243127239e-07,1.1737502210893726e-07,1.0915851034209852e-07,1.2766973376084455e-07
9,2012-03-01,7.866918343775994e-08,3.9222780135104597e-08,3.026256221982788e-08,3.3870153659163757e-08,6.526248147357933e-08,0.9999994975916031,5.81787136246179e-08,4.922981761906752e-08,6.864348953577637e-08,3.461137805339936e-08,4.445783700087237e-08
9,2012-04-02,4.2001480154421764e-08,2.5760831043917693e-08,1.4887726752236763e-08,1.4511360275491554e-08,4.257580907510001e-08,0.9999996659563956,3.611136396143159e-08,2.6880195192126325e-08,6.491504535863355e-08,1.9634271701248802e-08,4.676552092890025e-08
9,2012-05-01,1.283940809856614e-07,9.059272939104723e-08,5.99810922927535e-08,5.7012475385667326e-08,9.40200507481037e-08,0.9999991487036486,8.735669057914089e-08,8.549545801307903e-08,7.924444873345046e-08,5.71286410661228e-08,1.120706841392717e-07
9,2012-06-01,2.4927171911790233e-09,3.158016823261232e-09,2.7103959967187263e-09,2.689420861700816e-09,3.243384866548948e-09,0.9999999719624062,3.2377942881669203e-09,3.265962762996972e-09,2.374266074857386e-09,2.2604300080405668e-09,2.6052047203742413e-09
9,2012-07-02,6.803813952843155e-10,6.445842320684179e-11,2.269912218646707e-11,3.726244097731587e-11,5.0358639494589154e-11,0.1949004329965632,5.302812100793653e-11,1.0125734938885812e-10,3.484339949021511e-11,2.087790619181778e-11,0.8050995659382699
9,2012-08-01,1.8324271779083066e-11,7.981215760300145e-12,3.9345966862721085e-12,3.724997600522666e-12,9.275581038049044e-12,0.13224984615760937,1.0738741393942006e-11,8.60240047431717e-12,3.105153866340393e-12,3.990818284488334e-12,0.8677501537727129
9,2012-09-04,0.09324171499354214,1.4088775639695555e-11,9.076812878156097e-12,6.749016000013671e-12,2.177868650038097e-11,0.0930224323019195,4.5534022689473845e-11,2.6543500445762905e-11,9.092162205158447e-12,9.525142190078121e-12,0.8137358525621503
9,2012-10-01,0.8726137566387681,1.1492800204759741e-10,6.806777910061278e-11,6.901650512705445e-11,1.7752949512128883e-10,0.09130145652927855,1.2846053340735819e-09,1.2647495742189033e-10,0.03608478457246644,8.226620669025886e-11,3.3659877737686247e-10
9,2012-12-03,2.8184055874321724e-11,3.656540338481152e-11,3.21184018914415e-11,9.316818886615174e-12,5.1728202778927543e-11,0.9280192332749013,3.022435086364002e-10,1.0124736872011292e-10,1.5629233283014895e-11,1.007700920689037e-11,0.07198076613798851
9,2013-01-02,5.631260047719521e-12,1.6131044158504865e-11,0.03842250369849482,3.6153539796535206e-11,1.6538828429497345e-11,0.9615774958898803,4.059229073823252e-11,2.4497420368890684e-10,7.019863423121044e-12,5.058439926653667e-12,3.952552279202922e-11
9,2013-02-01,1.1264470775953348e-11,0.13977224313326034,0.7197857980341004,1.7891615233801247e-11,4.177791878779988e-11,0.1404419579948529,4.723633809236862e-10,2.0746290780808828e-10,1.4228197762562538e-11,1.2257182138618263e-11,6.054089924044123e-11
9,2013-03-01,9.887680739151557e-12,0.0006942660519887986,0.7921646123919439,1.3931120237470192e-11,2.9091073197064106e-11,3.63157400036962e-11,0.1729744377515649,0.034166683551810045,9.492674016891589e-12,1.4027452433996246e-11,1.3994672392048518e-10
9,2013-04-01,6.255235371121128e-12,0.6830001777520791,0.1456867234441087,6.050674979032873e-12,1.8970822798219626e-11,1.7229706505582167e-11,0.17131309867474223,4.3275429942225993e-11,4.428851951489814e-12,8.839537749200669e-12,2.4019775668279896e-11
9,2013-05-01,5.2295903013168815e-11,9.157088711988007e-09,0.6810970428147974,4.097524480861282e-11,2.043135980594197e-10,0.03333237507193506,2.791115018267726e-10,2.98812058782529e-10,1.607269661464143e-11,2.21462213007748e-11,0.28557057204245156
9,2013-10-01,0.6281785067097986,0.25647675127188385,4.184915276608439e-11,6.48544766083959e-12,0.11534474151065002,1.3533736096942194e-10,9.698704243321279e-11,1.8479042436952306e-10,5.950663544953445e-12,1.675516549304298e-11,1.9512383063581533e-11
9,2013-11-01,0.9230694959836773,1.4991214584321157e-10,4.471996658953647e-11,1.0556558805832595e-11,0.033313834032879,0.04361666938297183,2.1531608089340298e-10,1.413779514093447e-10,6.537253046457895e-12,1.491900995757897e-11,1.713300808613177e-11
9,2013-12-02,0.8392848239147426,7.856757924101764e-11,6.686288697183773e-11,1.5270214834898285e-11,5.316914013054098e-09,7.022067619735598e-11,1.5737476814768235e-10,0.16071517033020497,6.863901188379475e-12,2.634737796938833e-11,1.6630994256190787e-11
9,2014-01-02,0.8392848340893015,4.126443077576524e-10,5.229674918671168e-10,1.0363701623842295e-10,5.16860096024171e-10,2.722364533892146e-10,6.121979955555402e-08,0.1607151025443252,4.2280131634316835e-11,1.7663567542385773e-10,9.93123642939339e-11
9,2014-02-03,0.84196693579779,5.761218903807399e-10,7.836269533787835e-11,2.7368099169835098e-11,2.0674715180964893e-08,1.5031264811339188e-10,9.969953133000976e-10,0.15803304132977816,5.873943486674123e-11,2.698698613578038e-10,3.9946571312721757e-11
9,2014-03-03,0.8615298700313924,1.8516877762305105e-10,1.3968444044380376e-10,2.87929248857293e-11,3.808473016091351e-10,3.104186665979811e-10,1.2312058307452446e-09,0.13847012719061677,1.157898937823509e-10,3.314186892687016e-10,5.466442066539592e-11
9,2014-04-01,0.83405502542769,2.72685625511907e-11,3.829761275504794e-11,4.164498746102927e-12,1.1157526295322885e-11,5.1998853501864086e-11,0.1614944952962743,6.073522763527465e-11,0.00445047906226208,1.4546113911450301e-11,5.6051731237442124e-12
9,2014-05-01,0.5926910872190565,3.56588251458207e-10,0.2841723387159383,3.6271921115544823e-10,5.10091743723731e-10,0.12313656859393392,1.8295815640468826e-09,8.615212184867672e-10,3.205018874131092e-10,5.089182634998243e-10,7.211492903762438e-10
9,2014-06-02,0.6936559954105659,3.536093155334433e-11,7.585340768320909e-10,4.742673061613929e-11,5.4444844450966307e-11,0.1351955462483575,1.1873194373479168e-10,7.274507230048326e-11,1.1631973507085613e-11,1.731496232116871e-11,0.17114845722488609
9,2014-07-01,0.7199138519982443,3.0547103300705745e-11,4.2098216264279766e-11,2.6081587600001687e-11,3.523454078535494e-11,0.15228699987048921,1.0258097507897499e-10,7.885172392084665e-11,2.8459353465014402e-11,2.938332872116447e-11,0.1277991477580297
9,2014-08-01,0.7896445755905841,2.11266734709218e-11,2.920498130027477e-11,4.3558562691780555e-11,3.321478051014385e-11,0.21035542100344357,5.975830524275853e-11,3.350247371866885e-11,2.0162005460566887e-11,2.0782641495112017e-11,3.1446619925849123e-09
9,2014-09-02,1.145824805846634e-07,8.12796044152496e-11,9.928354726069431e-11,8.97316831380969e-11,1.1330727972356613e-10,0.03249868306981219,2.0444568299286182e-10,1.2567941988183485e-10,9.121740374646445e-11,9.679187892204265e-11,0.9675012014459706
9,2014-10-01,0.01692981293463293,1.183620112937666e-11,1.322659926582185e-11,1.7071745822525584e-11,2.7759871447245086e-11,0.9830701844690648,2.5722157007337018e-11,1.9523951924000685e-11,1.4126834669296282e-11,7.461021111094853e-12,2.45957379112956e-09
9,2014-11-03,0.32034843453610495,7.763718924601361e-11,7.051453382335389e-11,1.5905638337084094e-10,8.541878821995856e-11,3.3251834107410535e-10,9.039725541189177e-11,7.585881602762649e-11,4.232106075362526e-11,3.392444169382495e-11,0.6796515644962483
9,2014-12-01,0.6349722570655375,2.0345971117721945e-10,1.6834520561968014e-10,3.720365206058927e-10,3.580516105793515e-10,0.11333162461121783,3.396292417921577e-10,2.1464014140325765e-10,1.0706117211535351e-10,6.321972738459096e-11,0.25169611649680146
9,2015-01-02,4.141642936277957e-09,4.6670057839508375e-11,2.26958833990344e-11,2.935092428193543e-11,5.931614059342054e-11,0.9909963060387229,5.2512684691353485e-11,3.3254091583580386e-11,2.1180227990562073e-11,6.756008712031654e-12,0.00900368954789805
9,2015-02-02,3.1760465226072566e-09,9.336699061191578e-10,5.243790164460261e-10,5.47414112363681e-10,1.0705012177304528e-09,0.999879737973232,9.297810661760877e-10,7.927436787187816e-10,7.361374233426246e-10,2.334166933419598e-10,0.00012025308267816065
9,2015-03-02,0.7783315122196884,2.38118629379051e-10,7.0323820217541e-11,7.203148632758088e-11,1.3356135845398582e-10,0.22166848413683207,1.1949065807684875e-10,8.601964128540528e-11,7.517683988357402e-11,1.8053683374479826e-11,2.830703154962031e-09
9,2015-04-01,0.20974389849939698,8.872925690247914e-12,2.8597140515479943e-12,2.728371153066181e-12,1.1034687323588022e-11,0.7902561014432469,6.279470667176924e-12,4.237915227642582e-12,1.7901287585399805e-12,6.846903356125952e-13,1.8868093121774214e-11
9,2015-05-01,0.7395850564965591,1.5312582285966324e-10,3.88264983155906e-11,3.204541233704208e-11,1.191782111504559e-10,0.2604149429165209,4.99377722979272e-11,5.044068937146813e-11,1.9965751659121852e-11,6.984465366806891e-12,1.164152858030783e-10
9,2015-06-01,0.7395850664984034,5.919989744616487e-10,1.2767080943755813e-10,2.233604059937941e-11,3.8359135631631155e-09,0.26041492831388885,9.145606580999566e-11,9.626167567925176e-11,3.41050356759658e-11,7.068971536227168e-12,3.808965464142971e-10
9,2015-07-01,6.571471156952832e-11,0.7276097221760678,1.6767468796683057e-11,1.0651594219089964e-11,0.03832781221510246,0.10725256422947543,4.7929779647722e-11,2.9079629473521316e-11,3.2125139931471455e-11,4.233847724486797e-12,0.1268099011728521
9,2015-08-03,0.7667056358961766,1.6629342407938004e-10,1.7676415215715008e-08,1.7348124303396966e-11,1.8781905826515814e-10,0.233294345786558,7.108697274246861e-11,5.754308869764011e-11,3.407600087781764e-11,7.05226568530541e-12,9.963125804332043e-11
9,2015-09-01,3.5017826503007504e-09,2.3975083088529963e-08,2.9411206619179177e-10,5.498884347204567e-11,0.3452745780440704,0.6547253926629595,3.3820440964031404e-10,6.029778505510214e-10,3.087362953413277e-10,3.44892702912406e-11,1.8259576298057155e-10
9,2015-10-01,1.5406657580994272e-07,8.201700387716539e-08,1.5789292673981138e-07,3.884936414087482e-08,0.9999988342743136,6.399967431244825e-08,2.3214352851020955e-07,1.4255475623603842e-07,1.0631848006978681e-07,3.3712496480074634e-08,1.5417088026938843e-07
9,2015-11-02,0.8747415657246745,1.686635630137475e-11,2.120252529684251e-11,7.506918576359081e-12,0.12525843406035722,2.8445716247213813e-11,6.164639881445845e-11,4.3223677602833395e-11,1.5503247883902276e-11,8.158500555225828e-12,1.2414847568735341e-11
9,2015-12-01,0.8733863356831143,1.107145736584034e-11,7.427081090467536e-12,2.987326266216474e-12,0.12661366421985062,2.2441944556818048e-11,2.461701817622034e-11,8.834998045808556e-12,5.300109767488679e-12,2.2583845842072078e-12,1.2096734596450388e-11
9,2016-01-04,0.8830994120728634,1.432408463535111e-10,1.5234887038527563e-10,6.449285637469368e-11,0.11690058514505976,8.417706718107969e-10,7.165886469105465e-10,2.313460404468418e-10,1.75781980783191e-10,6.616871773755035e-11,3.9033829864169767e-10
9,2016-02-01,7.359088887118775e-08,2.7409907976397006e-08,2.6856606303990335e-08,1.4987623608667044e-08,8.87541290848421e-08,0.9999995427055851,6.335387589241407e-08,3.481273903541696e-08,4.697639304717913e-08,1.248667885768011e-08,6.806557217688478e-08
9,2016-03-01,7.860378281812578e-09,4.740622630677433e-09,4.488636977630054e-09,3.5539227284224603e-09,2.101275736882089e-08,0.9999999050441049,1.0749967712820942e-08,6.512659100367923e-09,2.0380392415521307e-08,3.105298934811551e-09,1.2551259041836015e-08
9,2016-04-01,3.577302525626421e-11,1.6120723526571428e-11,1.826631191951955e-11,1.633956018411429e-11,1.0299786633992319e-10,0.10126403413073218,6.502975938680205e-11,2.7003193847076008e-11,1.7058160029892533e-10,9.44516125560333e-12,0.8987359654077106
9,2016-05-02,1.3996129204065633e-07,1.3527549908888037e-07,1.3229293840745177e-07,1.3910447048846586e-07,1.3725147368232023e-07,1.1739352552755701e-07,1.317913046903527e-07,1.4260976298966397e-07,0.9999986751834403,1.3546346850164314e-07,1.1367282428373715e-07
9,2016-06-01,4.909543314927092e-11,1.9028907929862833e-11,1.34819147315501e-11,1.4233117258820156e-11,4.803197063573983e-11,0.08358182331868644,9.556433894368043e-11,2.7452710914821814e-11,1.4064968479043198e-09,1.2193213362994979e-11,0.9164181749957352
9,2016-07-01,2.753012724958137e-11,2.6963200557688864e-11,1.7742484787299654e-11,3.1397817688276156e-11,2.6168340654723452e-11,8.476949383297661e-11,3.244163186311244e-11,2.620424670019445e-11,0.064881065565198,1.9815729528393837e-11,0.9351189341417689
9,2016-08-01,2.660966493364784e-11,3.725719852303541e-11,2.0005061459226716e-11,3.909157927297704e-11,3.689204965574066e-11,4.813361805226802e-10,4.558425726461584e-11,2.922894073948581e-11,0.0648810650864783,1.6164751897586984e-11,0.9351189341813521
9,2016-09-01,7.336731450267238e-12,8.99700595235142e-12,5.163954585536035e-12,3.319353901652712e-11,6.966531712733372e-12,1.2048872565166245e-10,1.0005808593618404e-11,6.494613784997637e-11,0.9194225281895042,4.66766112319762e-12,0.08057747154872955
9,2016-10-03,6.490551598507686e-11,1.1913630866787693e-10,4.097675607763998e-11,0.08877569880367787,9.219571619240616e-11,1.4040694538735604e-10,7.008686537294454e-11,1.0889593727697884e-10,0.9112243003791498,8.790225283794792e-11,9.266612890648282e-11
9,2016-11-01,1.8025798444756864e-08,0.005562004216593065,2.1158109850421585e-11,0.4477446826018778,3.4305621571776463e-11,6.487831440354901e-11,3.316390862175062e-10,0.13823056836434788,0.40846272391532956,2.355069978495271e-09,6.900212789593141e-11
9,2016-12-01,5.401281786918024e-10,0.5462506373601456,2.9168376693835854e-11,4.867109636790942e-11,8.239457877203187e-11,6.309015970757047e-11,0.2948133531423986,0.028663371377442366,5.3370724830098037e-11,0.1302726372455659,5.7624391416336e-11
9,2017-01-03,5.8365737772127346e-12,0.3663293491230393,1.8671776689232493e-12,1.249167585808947e-12,6.9733905531939224e-12,5.149261404861865e-12,2.7342859302129433e-11,0.36741389145050474,3.639851279449181e-12,0.2662567593710276,3.3700125449363755e-12
9,2017-02-01,0.535722761737383,0.14024731519607295,4.140209373867596e-11,4.390751127859553e-11,1.7662134064532116e-10,1.3369053961017649e-10,3.1585080240156453e-10,0.20453288378391105,1.1312646225306616e-10,0.11949703834354726,1.1448692594343292e-10
9,2017-03-01,0.5133981965784842,0.1888847051265891,7.41933876775907e-11,1.3558406508330862e-10,1.252634431391115e-10,7.721145462436391e-11,2.3220151557461842e-10,0.12451179501773701,0.09743575764545089,0.075769544889526,9.77590144954954e-11
9,2017-04-03,0.627705736824628,2.9926514245541674e-10,7.142208951496396e-11,1.0513788120783453e-11,2.2730035171069743e-10,1.1778035157638068e-11,4.0528260350575147e-10,0.3722942620493012,2.0141443006708535e-11,7.063028774886103e-11,9.737026933654395e-12
9,2017-05-01,0.6648223877680276,4.510334510934372e-10,1.2478024183828315e-09,1.1926591316326736e-10,1.933261243052517e-10,4.933551596268611e-11,2.7350678161196925e-10,0.2890089335946411,1.1521577833140508e-10,0.046168676152812047,3.5033380004489064e-11
9,2017-06-01,0.5927324297997377,1.2046664308225507e-11,0.13380638147980978,4.407082046068604e-12,4.927611033219285e-11,4.577976703667238e-12,8.131486101022136e-11,0.21584083107344024,1.1141423690895017e-11,0.05762035748118924,3.0589315245959783e-12
9,2017-09-01,0.3096668298787955,5.872341332584608e-11,0.3514070647973139,0.1278350544172729,3.6538965491586263e-10,0.05707972938921164,5.864420190980237e-10,3.2926506571984465e-10,0.15401131986157307,1.2021372912740051e-10,1.957992652110803e-10
9,2017-10-02,0.2400120547637516,1.0421483301182212e-11,0.3384113110198513,0.20617638057812487,3.571699249787938e-11,0.1419430418688672,7.056998612772192e-11,3.063101314278983e-11,0.07345721160142585,8.819945371267756e-12,1.1819688152971504e-11
9,2017-11-01,0.2989662195568016,1.9328906932578465e-11,0.5025920462292713,0.048945464530486524,4.501758504440781e-11,0.14949626935098345,1.414597345022093e-10,3.0735629696001004e-11,5.323535270472702e-11,2.8980044882781318e-11,1.3699829344504986e-11
9,2017-12-01,0.24495375999462088,4.4494776413864253e-10,0.5913955135774189,2.8473367401090337e-09,3.837801441365318e-10,0.16365071830426994,3.389377214310224e-09,2.2324814714479233e-10,1.9945077798548737e-10,5.420246495640238e-10,9.352484290480519e-11
9,2018-01-02,0.21951141318148565,0.005949777993639853,0.3936051635902762,0.11916894871353174,1.951359820774522e-11,0.2041860727748212,3.2279681310919704e-10,2.112894893148734e-11,3.482590716707019e-11,0.057578623331906234,1.607391859303655e-11
9,2018-03-01,0.47038907010993836,0.017942030239220794,4.806237424834755e-10,2.985005140919701e-09,3.7112673485240717e-10,6.192261373120029e-10,0.06187002929119389,5.112644585283513e-10,0.054453697017070514,0.3953451683297629,4.55672872432863e-11
9,2018-04-02,0.20577277894021292,5.665602249480654e-11,4.6153939173726265e-11,0.245564520401207,2.4318523846238718e-11,3.7038601086156556e-11,2.864032908677937e-11,2.5590927308567983e-11,4.645306934233995e-10,0.5486626999609282,1.4722881242829345e-11
9,2018-05-01,8.999112679738032e-07,8.99055018232403e-08,5.5484704791841195e-08,8.741397069136744e-08,3.2280718088920466e-08,3.4555642142204716e-08,3.355377574192146e-08,3.7501305392995204e-08,4.3517450808266343e-08,0.9999986568296293,2.90460333539142e-08
9,2018-06-01,2.307563238022807e-06,2.288997769876929e-06,5.716348269997301e-08,5.506798842806528e-08,3.705456767895376e-08,3.820550154923198e-08,3.8976194403315764e-08,4.393758899030482e-08,4.0420113452807767e-08,0.9999950526949546,3.9918600292747166e-08
9,2018-07-02,0.662904579495464,1.443444717483284e-11,3.3753146700619744e-12,2.529862496740344e-12,8.266343927074139e-12,1.1070277297517814e-11,3.6280374096378926e-12,4.1860219028782435e-12,3.5166552654369195e-12,0.33709542044878926,4.739854070686866e-12
9,2018-08-01,0.5015511978504208,0.25032639040585963,3.840728300462308e-12,1.5523451879535801e-12,1.779551142813214e-11,0.014371625999717213,1.1903518460478515e-11,1.5034168432945645e-11,4.571777755805872e-12,0.23375078567631458,1.2989790044886067e-11
9,2018-09-04,0.6058159730573366,0.17924275237634005,1.3403024895598528e-11,6.173397964961661e-12,0.0873637897562838,2.4615832729530175e-10,7.746170776095761e-11,7.313243528650137e-10,1.825891892635783e-11,0.12757748366883287,4.842707856062435e-11
9,2018-10-01,0.6299227862623056,3.60435625461766e-08,6.198878389735102e-11,2.1613242791376126e-11,1.7181933502356407e-09,2.841820168208475e-10,3.085713456220695e-10,0.10484981260604163,6.469727225774904e-11,0.26522736245304057,1.758037747339032e-10
9,2018-11-01,0.046077778951855206,4.14530434024412e-10,1.0689969422856646e-10,5.908328860140163e-11,6.442488655695088e-10,2.47203892260678e-10,3.0698443453721893e-10,1.9742209146511836e-09,1.5036267683732028e-10,8.560963735656124e-10,0.9539222162885143
9,2018-12-03,1.668230907438619e-07,1.458281560809738e-07,9.307626345783683e-08,7.520927487723255e-08,1.4054793700272046e-07,1.2748772643448565e-07,1.1978922386652405e-07,1.3841119305726662e-07,9.194586851687488e-08,9.277883867490122e-08,0.9999988081024274
9,2019-01-02,5.314973342736038e-10,1.6321879287218912e-10,1.339411065741449e-10,1.0489511369464322e-10,0.12965352993047335,3.0757343436928072e-09,5.841219579491565e-10,5.745798855099624e-10,3.537398459509862e-10,1.3057161790056858e-10,0.8703464644172266
9,2019-02-01,1.309384972381825e-10,3.243543089764568e-11,2.482442833180588e-11,2.989139860734807e-11,8.108287661284322e-09,0.12100906294891181,3.270985189098991e-10,1.0287407662011684e-10,9.619689032509747e-11,2.0223145056227905e-11,0.8789909281783183
9,2019-03-01,8.430394599909693e-10,3.1682866571836824e-10,3.2370636412535096e-10,3.248322092444975e-10,0.12965009803168964,2.0379229652497992e-09,7.712023174835664e-09,8.977460284522608e-09,2.0039570200611197e-09,1.799327852281612e-10,0.8703498792486074
9,2019-04-01,2.797083131279098e-10,4.042123691304514e-11,5.97894944631815e-11,9.669877061400264e-11,8.521470992920687e-10,5.59930224439445e-08,0.13587887566048418,3.346512743677987e-10,1.915039172157976e-10,3.214861845267762e-11,0.8641210664594247
9,2019-05-01,0.3570437645250213,5.37406562837846e-10,6.157308698114079e-10,7.843616699280876e-10,2.82286092844454e-08,1.2249828764342534e-08,4.962351813867536e-09,1.859074504207581e-09,3.2387183084053024e-09,4.5267776817597615e-10,0.6429561825462191
9,2019-06-03,7.351090291969431e-08,3.4327379210209085e-08,7.454901794839133e-08,8.596486655496257e-08,3.934938367271361e-07,0.9999981550610549,4.401115083975003e-07,1.9323535005583935e-07,7.47787938152535e-08,4.105191119471384e-08,4.3391537828868415e-07
9,2019-07-01,6.342840026659297e-08,3.200826066774363e-08,4.897958173114782e-08,6.606012586524414e-08,1.7395301053246413e-07,7.141877128463252e-08,1.8915059931969083e-07,7.755725493463293e-08,0.999999022696418,2.3978765539865896e-08,2.3076881186139425e-07
9,2019-08-01,1.3380193184850002e-07,7.521068696720378e-08,7.733742272535986e-08,9.597053669763626e-08,1.024613637835159e-07,0.9999990946732369,1.255162071524786e-07,7.885855298582503e-08,1.3143835922402374e-07,3.677808674438092e-08,4.795361498605022e-08
9,2019-09-03,1.1362170193328235e-08,7.3181318972862955e-09,8.47099720469925e-09,7.607448164889588e-09,1.1719742644228167e-08,0.9999999026473637,1.3914597752461278e-08,9.663131515564044e-09,7.244259161138915e-09,7.133393202830624e-09,1.2918764593640334e-08
9,2019-10-01,1.294067863888125e-06,1.5189389464697002e-07,1.3708948506414798e-07,9.6867026834905e-08,1.107198244708643e-07,2.9027702194778526e-07,1.5640115495118793e-07,1.1987565468963193e-07,1.4932781862803591e-07,9.010601988709319e-08,0.9999974033742349
9,2019-11-01,0.8040811914982395,4.495743470430938e-12,7.1106542166771565e-12,2.7672817070344648e-12,6.3350233110536675e-12,0.19591880841839138,1.0269103466610612e-11,4.508398841932126e-12,1.6910476012623157e-11,2.634431607231778e-12,2.833798885654571e-11
9,2019-12-02,0.005865472530777264,8.28742910189015e-11,1.3280719025154081e-10,6.671266793214611e-11,1.4863408745614505e-10,0.9941345261189035,2.757190942176806e-10,9.749178306407753e-11,2.59570061940782e-10,5.530660428178689e-11,2.3120341265352724e-10
9,2020-01-02,0.769957392918147,2.1379061542971215e-10,2.293935870457683e-10,1.6067909646020488e-10,1.5421779921064572e-10,3.0974122808872724e-10,2.896414714374679e-10,1.5543743037532463e-10,0.23004260520405315,1.0437914770083549e-10,2.605194021674846e-10
9,2020-02-03,1.2747984106949025e-07,6.645171033969778e-08,7.279665342430151e-08,5.500950736895826e-08,9.165446291141471e-08,4.154684633075947e-08,1.1245035632383824e-07,6.963862109047082e-08,0.9999992178907385,4.234121592137283e-08,1.0274004664480067e-07
9,2020-03-02,1.6033497877496954e-07,4.231348037428919e-09,4.147191568599663e-09,4.450601884486878e-09,6.427838950358501e-09,1.6886772513144986e-07,8.38489477190604e-09,4.9143094295107995e-09,0.9999996308177818,2.8030140705897628e-09,4.620315770778689e-09
12,2010-05-03,0.31458024540335006,1.620847959843572e-11,3.3229960559519462e-12,7.81969859399715e-12,4.311740348079945e-12,4.6062319158707155e-12,0.09124692579749948,0.04438188141486872,0.2716971504595929,2.815419571701421e-12,0.2780937968856043
12,2010-06-01,6.781400756792585e-09,5.812577458072078e-10,6.352437724206583e-11,1.0187172451894121e-10,5.933387809057602e-10,0.1552039670520304,0.12042228197531181,2.5048519153242168e-09,0.23159999838120512,4.988192834980391e-11,0.49277374191532547
12,2010-07-01,7.906546314949748e-11,6.568822516006544e-11,3.0808245109581304e-11,5.0546609514861056e-11,2.166488920969377e-10,0.04862937139740132,2.5079479277649527e-10,1.513028357833963e-10,0.512295123682664,2.4728765956232326e-11,0.43907550405035073
12,2010-08-02,2.1570864336679275e-12,1.4926184727202103e-12,9.473927861650111e-13,1.6354161891132229e-12,1.1420280241267405e-11,0.2284847229572588,6.2795123968014415e-12,4.263438944462485e-12,0.19419405435426862,8.733828152260718e-13,0.5773212226594034
12,2010-09-01,9.258802578554934e-11,7.200858293665315e-11,4.782689682011946e-11,1.108287602040957e-10,6.423057911454763e-10,0.011960587695187173,2.56670224842557e-10,3.170095638673834e-10,0.48280390180022065,5.693914544201458e-11,0.5052355089084152
12,2010-10-01,2.7953194438966587e-10,1.7426059171285524e-10,9.193996998383714e-11,1.9358743166701458e-10,1.0091920470289957e-09,0.010860436483034617,4.5571355809496465e-10,3.4640841316299266e-10,0.46194683699403766,1.3964710673519914e-10,0.5271927238326466
12,2010-11-01,4.061796156845004e-10,8.559956921468424e-11,3.500345950741172e-11,8.09579202831051e-11,1.579495197078061e-09,0.011415059926486735,2.084030942756317e-10,1.922893483118403e-10,0.47246139378464747,3.574158799219818e-11,0.5161235436651961
12,2010-12-01,1.0959533883061843e-09,2.120216920436411e-09,5.447540586656633e-11,1.0891948192420348e-10,2.2021242709613307e-09,0.11613890941910159,4.0960855999675475e-10,6.010683931902985e-10,0.259513476742222,6.773916275095959e-11,0.6243476071785707
12,2011-01-03,9.25003480820084e-11,3.886036005100728e-09,2.2519062377615338e-11,3.570523612006497e-11,1.3538120630451795e-10,0.010297248168574082,7.102921640047132e-11,5.342342197611476e-11,0.4512695858074932,3.2262330195927164e-11,0.5384331616950758
12,2011-02-01,0.4051888028681494,1.1663749463188553e-10,4.019286783552548e-11,5.3116397677152623e-11,1.2886640479416187e-10,1.874912392550451e-10,8.172403388102998e-11,1.2629230365742335e-10,0.24787139331877753,3.1715863947761617e-10,0.3469398027615938
12,2011-03-01,0.0201907594764019,6.102894386548194e-10,1.796588362088728e-10,1.435535928219173e-10,1.7878197338453385e-10,2.861308188218114e-10,1.7943534470984326e-10,2.746908627004224e-10,0.4357413283846101,8.047189859310328e-10,0.5440679094817282
12,2011-04-01,1.3430954148540195e-10,0.10499582704518898,5.106471963195962e-11,8.726910631825408e-11,3.976302850869412e-11,5.847135379964487e-11,3.858300719077836e-11,6.329255975825703e-11,0.10376346960990608,0.7912407005315341,2.3406176474540504e-09
12,2011-05-02,1.147908638954223e-09,1.5465842054735934e-09,1.0679962400365885e-09,1.3880821195311509e-09,3.8846039823051094e-10,3.8661960310373203e-10,3.9751005611192947e-10,5.171641921065715e-10,0.9836537247779104,0.01634626683765795,1.5441063027217373e-09
12,2011-06-01,0.16802569209409363,1.4958474364366128e-09,2.6651570127870867e-09,8.898820395217501e-10,3.568965979161656e-10,4.715447683888375e-10,4.668450092551279e-10,2.239329027734621e-09,0.2659456344729235,0.3380864803639806,0.22794218448350034
12,2011-07-01,0.5328839643818704,2.467573713476288e-11,1.0123206227401415e-11,7.28758314766462e-12,3.178257420023107e-11,2.0339605969677084e-11,2.417540929505261e-11,3.2116515578904114e-10,0.06999676111629705,0.2262305255253599,0.17088874853692357
12,2011-08-01,0.3191350234873152,1.70370946719148e-09,5.01180922194918e-10,3.763172483388857e-10,4.1211037139180435e-09,1.227246190244256e-09,1.6217711073823175e-09,2.061057268401489e-09,0.6808649592192686,3.1525143996658064e-10,5.365778893790426e-09
12,2011-09-01,1.796274738113211e-08,1.50395670395954e-08,9.907321145218298e-09,9.46224786439692e-09,8.42838663249109e-09,7.935520557871655e-09,7.915489274397354e-09,8.898925179388496e-09,0.9999998932980237,8.342888338776405e-09,1.2808882951645776e-08
12,2011-10-03,4.5643017766569174e-08,2.0624420941411338e-08,1.4090275380084228e-08,9.555404177335102e-09,4.278648549639433e-08,5.8195988930976364e-08,2.868509573575048e-08,2.1251551133866407e-08,0.9999996917659391,4.028930837663773e-08,2.711251299287523e-08
12,2011-11-01,4.602916064972493e-08,3.3627555543973905e-08,1.4870090962220611e-08,1.2818085968602504e-08,2.5772791488494004e-08,2.8450428799002398e-08,2.370418643305374e-08,2.3332787182773417e-08,0.9999997074324417,3.7184884580489e-08,4.67775866754701e-08
12,2011-12-01,9.502837989269976e-09,9.040747576629422e-09,7.89683031119538e-09,6.892810759123139e-09,9.328702421799518e-09,8.966129662506905e-07,8.61833800076171e-09,8.673225953899046e-09,0.9999990244178373,9.509361351063471e-09,9.50634216118814e-09
12,2012-01-03,5.769998502266554e-08,5.012497252453329e-08,4.238032839794283e-08,3.80896979064599e-08,8.775110655187217e-08,0.9999994062123795,6.466604681645334e-08,5.974314889987286e-08,6.986336016096677e-08,4.8981400873147736e-08,7.44875733336793e-08
12,2012-02-01,8.289741694298312e-09,7.515770162401568e-09,5.549956234903696e-09,6.068388503405419e-09,9.385144989152516e-09,0.9999999257755166,8.311820603297103e-09,7.386339751079823e-09,6.253195697974291e-09,6.179503037897142e-09,9.284622796002827e-09
12,2012-03-01,2.839256899049588e-09,2.8800900301038853e-09,2.521019956921206e-09,2.8462366957174147e-09,2.8136961048293806e-09,0.9999999728864096,2.9626784957818788e-09,2.9575999688739804e-09,1.5879503112082723e-09,2.722245504321348e-09,2.9828163587743315e-09
12,2012-04-02,3.68484067480769e-08,3.603433751539672e-08,2.4773943792233247e-08,2.0788063772611108e-08,7.500391818195211e-08,0.9999994879882961,5.975069256635631e-08,4.313021182918739e-08,9.773502947100831e-08,2.2715674184972995e-08,9.52314257698125e-08
12,2012-05-01,1.0832942155800352e-08,5.822261031111258e-09,4.523298452399721e-09,4.448760020626872e-09,9.755845155442202e-09,0.9999999281086335,8.015603730092405e-09,7.003774516436192e-09,7.54872192357745e-09,4.4503089358078945e-09,9.489850641750843e-09
12,2012-06-01,4.594047644892717e-07,1.1179906711615347e-07,1.780918807101823e-08,1.9781722981126315e-08,7.58805828609592e-07,0.9999973401392099,4.3303295033172395e-07,2.2847247741536727e-07,2.431174661813528e-07,2.5583249452741408e-08,3.620540754100116e-07
12,2012-07-02,2.984009458550047e-07,8.66872041661011e-08,2.09415250577425e-08,1.6674212866301768e-08,3.2126154266592416e-07,0.999998361477346,2.1625580727285985e-07,1.5375463747413e-07,1.8182742265993938e-07,2.4926994304409434e-08,3.177923616966471e-07
12,2012-08-01,1.0314924480120854e-08,9.971113371144723e-09,7.856665213577617e-09,7.462062183918556e-09,1.0725473570289192e-08,0.9999999059742852,1.0755410017381953e-08,1.0539112945766284e-08,9.32664955774057e-09,7.739755916724126e-09,9.334547433360098e-09
12,2012-09-04,0.9584608250004364,3.5585709802857916e-10,9.704178272070975e-11,6.925469371104878e-11,1.6388744434808594e-10,0.041539170706752955,2.2606639493719703e-10,2.206913849083358e-10,5.989131922625525e-11,7.474443801893919e-11,3.0253761603723434e-09
12,2012-10-01,0.702585096551231,1.8096876471374955e-10,3.264333286436874e-11,4.950157928521142e-11,6.64358312782339e-11,0.03560556935539014,1.356058600716816e-10,1.4980292704692e-10,5.6096918878129274e-11,4.340752924769373e-11,0.2618093333789162
12,2012-12-03,0.011037216146246706,2.9285522676471026e-10,4.773513115899637e-10,1.535395354829505e-10,2.0158432638017013e-10,0.08377199780632083,2.390506831985033e-09,4.020153599734585e-10,1.192585275637239e-10,9.362355231562973e-11,0.9051907819166979
12,2013-01-02,0.2600454991671323,1.3774207580693804e-09,0.22375027968281402,3.520074696473444e-08,5.719283852146796e-10,2.2406303417991267e-09,0.05312531708033332,1.1258313479721548e-09,9.654960903145141e-10,2.3277249249827365e-10,0.46307886235489404
12,2013-03-01,7.755642353350628e-11,2.443837398089442e-09,1.8040107170554864e-09,5.8088188200996195e-11,1.5651241022942647e-10,0.08566969416860463,1.6618304331620023e-10,1.705018479220549e-10,7.575374903010876e-11,4.016556400521033e-11,0.9143303008387861
12,2013-04-01,1.3969193805784415e-10,0.6921477300417858,4.795021893364828e-10,1.1950874089275663e-10,3.7762158435168056e-10,0.09678399396375237,4.574312183652393e-10,7.910593578826096e-10,9.741932568943815e-11,7.973462878393104e-11,0.21106827345249302
12,2013-05-01,3.7788767146372445e-11,2.468010132799245e-10,0.4754976259174962,2.6448294150210798e-11,6.103265789242082e-11,0.013962250833977043,1.0558289101360142e-10,1.2224398118346928e-10,1.2651029267250444e-11,1.3673966430090606e-11,0.5105401226223042
12,2013-10-01,2.131291880608226e-09,0.5111701969258278,0.18051874617657132,9.044555446171745e-11,1.4944231769297014e-08,3.278393255157273e-10,5.364883474190194e-10,0.3083110386245666,2.2273121759288448e-11,7.135628635312856e-11,1.4910806282215218e-10
12,2013-11-01,0.46313357199010763,0.3268537658381749,0.09264356908606541,4.6364796276385444e-12,0.10682202151989988,5.435240912884976e-11,3.5078003901656485e-11,0.010547071449508987,2.5273003183977086e-12,7.411506273589127e-12,1.2237440529617178e-11
12,2014-02-03,0.9217407894582572,1.4359101334108233e-11,3.5497470262178576e-12,1.035291100485653e-12,2.7384736139569284e-11,0.07825921043279549,3.397767940564426e-11,2.2419322110085314e-11,1.1619401641932546e-12,1.8520109343778626e-12,3.2076170638560317e-12
12,2014-03-03,0.9008881761859631,2.4395736966825746e-11,1.770630583555067e-11,3.942829700536037e-12,2.5849755339124223e-10,2.3811797845732037e-08,0.0713449535907109,0.027766846076016757,5.466998938701698e-12,1.5185188563040616e-11,1.0316915601189584e-11
12,2014-04-01,0.9021947379208082,1.9019588555241668e-11,9.327916439547436e-12,1.6747924776459446e-12,1.6444720603209204e-11,0.09780526175461045,1.4355231648474004e-10,1.2399701081770767e-10,1.7885264616368512e-12,4.703374187948083e-12,4.0731675760455336e-12
12,2014-05-01,0.7763880811038071,8.04953786839536e-10,7.888556618637881e-10,2.0019386470290297e-10,1.0683771639472858e-09,6.802870418594565e-10,1.982166271966897e-09,0.22361191046265905,2.8466327650524593e-10,2.306316325008689e-09,3.1772055806854907e-10
12,2014-06-02,0.8272020430659973,1.2288922672217555e-11,8.14917604616076e-11,8.04858128756688e-12,3.822034156798202e-11,0.17279795241574264,1.2924599469790148e-10,4.201738549765296e-09,8.62522233393202e-12,2.064640997887727e-11,1.79541981136761e-11
12,2014-07-01,0.7896445851214187,6.462271434791188e-10,1.4349849944350775e-08,1.149302755411136e-09,6.473779967031882e-10,0.21035512370916387,2.2672684980442494e-09,1.5257853605026588e-09,2.689350381514728e-07,7.345138869581355e-10,9.140536473027887e-10
12,2014-08-01,0.7896445801047965,1.757995128671926e-11,5.229901657969786e-11,4.1843357161168507e-10,4.106396832413335e-11,0.2103554190322339,1.7480310162418168e-10,3.864014074489021e-11,2.404080737833962e-11,2.1367402543729423e-11,7.474181566063861e-11
12,2014-09-02,0.7187972256832703,4.535397941037648e-11,6.209036380055708e-11,1.6158077845833785e-10,5.7670552336099375e-11,0.1293506945046566,8.874992959413448e-11,5.901431337474098e-11,2.2451558291652153e-11,2.2236326964566557e-11,0.15185207929292524
12,2014-10-01,0.7896445775598784,7.516573410094044e-12,9.519780639874603e-12,1.2217962998910574e-11,1.7368757431960663e-11,0.21035542229575152,2.9579371498679625e-11,2.3430378951995054e-11,6.454591328122841e-12,5.821326069345143e-12,3.246140549032643e-11
12,2014-11-03,0.7896445470984715,1.9481177117639427e-10,1.225265656151062e-10,1.435164615130925e-10,2.2300977993007753e-10,0.21035545120009647,2.7300249680800556e-10,1.9448769320713065e-10,8.3606383659929e-11,7.672622677794399e-11,3.8974462394098043e-10
12,2014-12-01,0.3203483621222274,2.2797804558109304e-10,2.0293663352336616e-10,2.0045549930906856e-10,3.4922569434674305e-10,1.4662869514174795e-08,3.8581429614068304e-10,2.5939061571027225e-10,1.586871323056384e-10,9.396349940236999e-11,0.6796516213364515
12,2015-01-02,3.8849811548451256e-09,8.912926915968128e-10,5.645131571300867e-10,5.852255902327679e-10,1.0821588335617019e-09,0.4053982290589138,1.0176585345682868e-09,7.714161571037902e-10,6.099394110843538e-10,2.6539235688980107e-10,0.5946017612685083
12,2015-02-02,9.072114981490812e-11,5.06257949950009e-11,4.1569865978151315e-11,4.867815310238377e-11,6.239590486510125e-11,0.40539806089117125,6.165987390910344e-11,4.639856508160979e-11,4.834436232529594e-11,1.8784145912495165e-11,0.5946019386396508
12,2015-03-02,8.316832567399634e-10,5.533974194147622e-12,3.5960694129452717e-12,5.443632419681981e-12,5.736306606998891e-12,0.9137890318987639,5.80033533440898e-12,4.124324047960791e-12,2.258342671388634e-12,7.922828291878855e-13,0.08621096723626767
12,2015-04-01,0.10081685663801307,1.0259159138090968e-10,5.316996352544892e-11,5.7691951389401424e-11,9.822668414100076e-11,0.8991830333221879,8.933207647146247e-11,6.08185050905493e-11,3.7194114412679205e-11,1.4803952248147457e-11,1.0952597027681108e-07
12,2015-05-01,0.7783315581232014,1.0654725087226104e-10,4.216238747184671e-11,6.310725526472487e-11,1.3343559245252608e-10,0.22166844114561599,5.569761306489363e-11,4.2081390460597526e-11,2.7799275482820766e-11,1.0167360608475908e-11,2.5018448661024255e-10
12,2015-06-01,0.7783315457145956,4.8849324812663125e-09,2.2712535252677035e-10,2.0531499697218716e-10,8.798419199485854e-10,0.2216684377067546,2.9011470385742035e-10,2.3280616466270516e-10,2.1128065424994914e-10,4.571778742129116e-11,9.601515762612588e-09
12,2015-07-01,0.8089950087886256,2.983597588450268e-10,1.0928538591068319e-10,7.229825378305849e-11,4.945972938348528e-10,0.19100498953758033,1.9675636703472515e-10,1.4268459278041157e-10,7.147448237050409e-11,2.2456600112490693e-11,2.6588128889569783e-10
12,2015-08-03,0.80565650529564,2.0115144796569673e-09,3.073484979231592e-10,1.0114968428254986e-10,2.214571615358091e-09,0.19434348705205196,3.6673378446775616e-10,3.1118540415670037e-10,1.2278471844638743e-10,4.3966246894136995e-11,2.173053558413341e-09
12,2015-09-01,0.8410168922444217,2.1294179537594102e-10,7.679985375991182e-11,2.870947173682766e-11,1.0703255373912907e-09,0.1589831058296489,1.5005219932183307e-10,1.1790755335515807e-10,5.6610816306824255e-11,1.5100766750879658e-11,1.974812020452159e-10
12,2015-10-01,1.3653589239852257e-10,7.747799188422788e-11,3.095536763494118e-11,1.659372019868389e-11,2.1753978270519864e-10,0.1356830097964165,6.867170846538485e-11,3.800284167988969e-11,3.0699033889296945e-11,8.321040518927902e-12,0.8643169895787861
12,2015-11-02,0.8721954570701091,1.249635877232871e-10,1.0376556530950557e-10,4.2250548855738257e-11,1.2501017725060924e-09,0.12780454064668859,2.1852655618553283e-10,1.210711311567099e-10,1.5031410920931152e-10,2.0912107019386732e-11,2.512968236532728e-10
12,2015-12-01,0.872026448686764,9.125487030005123e-10,2.7668136034505723e-10,9.270677643567409e-11,2.1341400237678958e-08,0.12797352665863973,7.814151388000878e-10,3.0476716438113093e-10,2.0767575000288085e-10,4.785604827658646e-11,6.895448994333405e-10
12,2016-01-04,0.8642264295650273,9.696788641771736e-12,1.55417129485144e-11,4.450054189816098e-12,0.135773570245008,7.327621690568804e-11,3.7053842506106534e-11,1.2427635117277408e-11,9.396129372640594e-12,2.8053644239519377e-12,2.531694666558022e-11
12,2016-02-01,0.8318626662085986,6.52441585111449e-12,9.024279664456104e-12,3.3724160269568234e-12,0.16813733371015183,1.8904972957820434e-11,1.590092262812687e-11,9.494993001776253e-12,6.469524616100197e-12,2.470564478609179e-12,9.08729096646526e-12
12,2016-03-01,9.517940946296479e-09,4.848142522194314e-09,4.72765822037061e-09,3.3606132043812777e-09,1.446046674591544e-05,0.9999853683902042,9.923632938874275e-09,6.660725122553733e-09,1.2013849626797053e-07,2.5361006856499195e-09,9.429739930179637e-09
12,2016-04-01,0.8229225796587941,3.556819235625091e-12,3.909112572062482e-12,2.9970319670059425e-12,1.3195475218533816e-10,3.2972902545261e-10,1.572327857770392e-11,5.580506058887295e-12,0.17707741960202963,1.635542714109323e-12,2.4409020654972905e-10
12,2016-05-02,9.103847702796927e-08,7.223803260518811e-08,5.82144069230561e-08,4.327067713422352e-08,9.89445537484712e-08,4.599854985419501e-08,1.0096493405265063e-07,8.13847776005853e-08,0.9999992293809414,3.892202470898697e-08,1.3964262494430898e-07
12,2016-06-01,3.581287060897727e-11,6.225214423617509e-12,4.752387919318861e-12,2.9777047882955422e-12,1.4040159877731153e-10,0.10126399250418713,2.4902660632034646e-10,1.2396816331513862e-11,6.827249634171748e-11,3.177076457037903e-12,0.8987360069727701
12,2016-07-01,7.92505703920538e-11,5.20061951480402e-11,4.715248063434331e-11,4.4194936174321546e-11,1.7090555074321414e-10,0.10126408997586707,1.4312404743810105e-10,8.120971838582646e-11,2.5010358247262526e-10,3.8784868480810544e-11,0.898735909117401
12,2016-08-01,1.2173326191365178e-08,9.511594557218703e-09,6.550941961084731e-09,9.939123064519962e-09,1.4033926056246516e-08,5.27362650123222e-08,1.640419507094331e-08,1.0159331664303596e-08,0.9999995893320213,6.076078460764278e-09,2.7308319671923935e-07
12,2016-09-01,2.0149501469384562e-10,1.0612375539637013e-10,6.133220194840033e-11,1.312802471384142e-10,1.2312005076575627e-10,0.06275586985849026,2.9363017259735817e-10,1.0431895995164147e-10,6.496859763272862e-10,4.5377168116105355e-11,0.9372441284251462
12,2016-10-03,0.09943425660330799,3.279172389285818e-09,2.8853524760688057e-10,1.5184318595085072e-09,2.861396136697488e-10,9.72583715958669e-10,4.748178833794175e-10,7.577697671162347e-10,0.10594153713567059,1.873924015139093e-10,0.7946241984961786
12,2016-11-01,6.157907517931961e-10,5.658330417714632e-10,2.1150457010977287e-10,0.1296572752796413,4.359466079378167e-10,8.446425908567249e-09,1.214746797875416e-09,1.1562454948592396e-09,0.8703427110014702,2.1947128847609004e-10,8.529238567138138e-10
12,2016-12-01,1.7357299856103097e-10,0.726924800973454,7.492581206772384e-11,2.986079692652453e-10,1.2949546957846824e-10,1.6193967669858446e-10,2.6302670832791575e-10,2.607991276476384e-09,0.2730751947172179,3.7385151559515447e-10,2.2591667408508355e-10
12,2017-01-03,1.2242722660663651e-11,0.5823784896936357,5.901686293496819e-12,1.1434636580108199e-11,1.5492566647543958e-11,2.4599445628579808e-11,3.9852232599449485e-11,2.382233733183701e-09,0.20934688256107845,0.208274625236823,1.6705774595965843e-11
12,2017-02-01,2.6384988702903793e-09,0.5324689791489542,8.558435486590144e-12,2.1492230697431743e-11,1.560126989884745e-11,1.87748955814627e-11,7.546768442219792e-11,0.13070614006618794,0.1921089221584011,0.1447159558297901,1.82733161367435e-11
12,2017-03-01,0.445799096347072,0.2099582075164228,1.1650119838981596e-12,2.2161506175556616e-12,2.134630225994716e-12,2.46593137612697e-12,0.09687373300201442,0.06611439898329081,6.2282409867642215e-12,0.1812545420673385,2.206965147899436e-08
12,2017-04-03,0.47429620683141716,0.17721122045080173,1.655536481153505e-10,1.5810021382399784e-10,1.741331087619099e-10,1.4492488020810226e-10,3.385724824131104e-10,0.21691571205023916,1.5386007737258251e-09,0.13157685803127822,1.1637857564647639e-10
12,2017-05-01,0.7341518909117105,1.946818438782431e-10,6.862972356483934e-11,5.2912134551557065e-11,1.458019902245496e-09,2.7797204732493704e-10,3.6135394841036278e-09,0.20674346942084024,0.05910463097961263,2.9610192040577936e-09,6.106225671218729e-11
12,2017-06-01,0.7234475308864541,2.2332752520305403e-10,1.507494121130576e-10,1.3579817068645853e-10,5.755878723678678e-10,1.945190915606974e-10,3.3611397062205324e-09,0.17225949826416007,0.10429296594024932,1.983725132728553e-10,6.964227761194276e-11
12,2017-07-03,0.4888596111671684,5.903385833163107e-10,0.12930098854215097,5.932093062837395e-11,1.75322294527355e-10,4.868396781454512e-11,5.066298822420522e-10,0.38183939872004763,5.4731476105446064e-11,1.0197706454823608e-10,3.362877427711876e-11
12,2017-08-01,0.4966276391356348,1.0285869633820542e-11,0.17979329596493648,6.4375695295089746e-12,4.06193728057065e-12,1.4927686633154712e-12,8.832074683085508e-12,0.24601581153774038,1.7702917485047962e-12,0.07756325332764755,1.1603610633662945e-12
12,2017-09-01,0.49414097810516483,7.61828147710078e-11,0.21737908357789795,4.989183499093626e-11,2.6583122388055676e-10,3.240885260005823e-11,0.05218896559920209,0.12553739435290287,6.417197588812164e-11,0.11075357785738363,1.8961814493258878e-11
12,2017-12-01,0.3267592042999916,1.8347690640551507e-11,0.5055411296068597,3.6908349686031096e-11,9.151393617262817e-11,0.05000339799351086,0.05400211771561665,6.92168906581069e-11,0.0559115471360506,0.007782603000716367,3.126731192918351e-11
12,2018-01-02,0.336359450494938,1.2523605267540708e-12,0.2485016629108164,0.14042019507496087,4.193772643492737e-12,0.12353663969876626,3.9866314466572483e-11,3.584832206023854e-12,0.15118205176433377,6.175582211732371e-12,1.1118931555146672e-12
12,2018-02-01,0.3686552037176603,3.678834618973584e-12,0.41370612212357666,0.015992867276743785,1.1758031608711187e-11,0.04833841788073003,0.04602218144792201,6.992341232424045e-12,0.07312239348894613,0.034162814039944096,2.0477953650324498e-12
12,2018-03-01,0.5777805082277863,3.255768313197627e-11,0.19740110289876805,8.660871475897925e-09,1.544234278947663e-10,1.2439040641134926e-09,0.10492330862259995,8.242482522023779e-11,0.07543164562434787,0.04446342444416041,8.155961992757841e-12
12,2018-04-02,0.4322619930666294,4.954190406510895e-11,1.5469158609146633e-09,0.21082987328880956,3.842102489038961e-11,0.1344671820028523,9.587978594270569e-11,2.991409347722006e-11,2.2766581234461424e-10,0.22244094964469854,8.67176744493451e-12
12,2018-05-01,0.3408882178168602,5.401525246550045e-10,0.03716408261264985,0.0694224362548794,2.1084425896180755e-10,4.536702377384438e-10,2.9082207825189455e-10,2.5904054145809034e-10,3.55634633954437e-10,0.5525252610951308,1.1031562763111138e-10
12,2018-06-01,0.15130901475401495,5.821205411239282e-08,9.522702574498104e-11,1.5801824953333398e-10,4.8715224939426576e-11,3.6205177417305767e-10,5.374798909657698e-11,5.945767699618494e-11,6.39603357007828e-11,0.8486909261346517,5.810102180400202e-11
12,2018-07-02,0.6010660000767376,8.774024051190949e-11,1.5617427257310564e-11,1.3123567586854826e-11,1.5094997877182972e-11,4.668632116908174e-11,1.366153735159004e-11,1.4596925008168003e-11,1.4310296928140413e-11,0.3989339996868113,1.561979890426314e-11
12,2018-08-01,0.4688063719611443,0.17812578329334344,1.528293964683016e-10,6.070508234095469e-11,2.8773884032825725e-10,0.004762851581569601,2.966013074587015e-10,2.3645919110745974e-10,1.28983972021343e-10,0.34830499185630714,1.4431782921088758e-10
12,2018-09-04,0.41179722229179727,0.3515497899273328,3.1779528356499837e-12,1.0109117749643842e-12,1.3988437318763488e-11,0.017817478140167247,1.2059705069103802e-11,1.001476113593868e-11,2.5480699160147013e-12,0.21883550959034578,7.556981715752083e-12
12,2018-10-01,0.606985824419545,1.053374874560222e-10,3.3089606970993168e-12,1.056897090326417e-12,0.04338398463492695,0.043397134978142,4.005915598489833e-11,5.53828047731092e-11,3.6520432780928826e-12,0.3062330557505297,8.059030993470439e-12
12,2018-11-01,0.5893058674594996,4.328144981644431e-11,1.278275459824476e-11,5.913962174131304e-12,0.09946612652286939,7.789016138378922e-11,8.735919177950068e-11,2.592150218675329e-09,4.7129250644979726e-11,0.31122800302344955,1.276744151891493e-10
12,2018-12-03,0.6957206115050448,1.9358172325730057e-11,7.100734857593398e-12,5.068345985600043e-12,0.2324298502415921,1.864778229425128e-11,2.3881804918991043e-11,9.449729509421161e-10,2.5949610121873747e-11,1.1780183267420759e-11,0.0718495371966037
12,2019-01-02,0.7414222950520633,2.1973787301277432e-10,1.7717058817794562e-10,1.5710519131832007e-10,0.25857769993096985,1.2593711476879178e-09,6.657232035456933e-10,8.506924192129324e-10,1.0584117857985216e-09,2.1500248459397205e-10,4.137522147183178e-10
12,2019-02-01,6.426792692782103e-08,7.232527844129443e-08,2.8527134265337466e-08,2.828932504656738e-08,2.3660421058950393e-08,7.38101107549825e-08,8.48144258724494e-08,6.53381161605929e-08,7.25507265818091e-08,4.2781204212433206e-08,0.9999994436353307
12,2019-03-01,1.6974868845031702e-10,1.708299011075187e-10,8.539163911524385e-11,6.62981473610068e-11,9.941962782653517e-09,0.12100907129475244,4.665749162587356e-10,4.065699386511927e-10,2.9717780875455424e-10,1.0008874513125547e-10,0.8789909170006049
12,2019-04-01,1.8375800243873466e-08,1.2173924808801767e-10,9.886388030988077e-11,7.184056639175174e-11,2.871924451610491e-09,0.12100908287640703,5.589175714791724e-10,3.9354500516149645e-10,1.5490030244264723e-10,8.555682544781385e-11,0.8789908943905049
12,2019-05-01,0.404572235530099,5.105443546261841e-12,3.0511398352072522e-12,2.6997674315569452e-12,4.117116116564007e-11,9.110111608134385e-12,8.73227967563309e-12,7.546732897325304e-12,3.4117752650182014e-12,2.4381655805388755e-12,0.5954277643866344
12,2019-06-03,1.4741535236899845e-11,6.199037765471101e-12,7.455836267543872e-12,6.3502535162707165e-12,4.716521522689575e-11,0.12100908630877606,4.17156057959849e-11,1.8505988887413294e-11,1.3194539112500255e-11,4.9656570169193336e-12,0.8789909135309303
12,2019-07-01,7.854952206961821e-09,3.6112191770759044e-10,5.258116460828127e-10,5.81074042835457e-10,2.1628202381558252e-09,2.1483888862760142e-08,5.718108875628854e-08,1.284239623582492e-09,0.11803570481553599,2.3085902717863224e-10,0.8819642035186077
12,2019-08-01,4.368867639543928e-08,7.727712533646006e-09,7.926238985555484e-09,7.574263730083055e-09,2.4188094134331923e-08,1.5408831039293414e-06,3.75987772174824e-08,1.2479577636696037e-08,0.9999968544531829,4.0250594155684056e-09,1.4594553131268101e-06
12,2019-09-03,2.5060221125870395e-08,1.0941957863413624e-08,1.711847376281619e-08,1.6323119354345783e-08,6.579396976890249e-08,1.173737282941896e-07,8.60883710961464e-08,3.103983672628002e-08,0.999999534215229,1.0291212423467884e-08,8.575388044552687e-08
12,2019-10-01,3.736460058051519e-08,1.7698111680039392e-08,2.6371098565485836e-08,2.5129725929155894e-08,8.641733981082615e-08,0.9999992717831364,1.0099194153728003e-07,4.167522560809624e-08,8.904940423182853e-08,1.2497703847069264e-08,2.910217118087159e-07
12,2019-11-01,9.227093453171473e-08,4.720851696725325e-08,6.393246949683e-08,6.580100419250826e-08,7.273390047547553e-08,0.9999988982982563,8.821771356267518e-08,5.201057861813717e-08,4.212229735018005e-08,2.6742059489843734e-08,5.506622691270895e-07
12,2019-12-02,2.722769334191083e-06,1.4441623488542495e-08,1.4058229841017828e-08,1.4016585068994176e-08,1.4310571892740425e-08,0.9999971677795191,7.974974218085282e-09,1.4509226638886163e-08,9.973139174927404e-09,1.2142863903225484e-08,8.023932545575463e-09
12,2020-01-02,0.6498659941473572,6.24395914334756e-11,6.523498119064019e-11,3.359977427967352e-11,5.743152271377393e-11,1.949739353943487e-09,2.2713426046269014e-10,5.948830634087925e-11,0.08088126940781305,4.3151071965559184e-11,0.26925273394661087
12,2020-02-03,0.8315146562464522,5.759391874799812e-11,6.680589692219804e-11,3.6587620280127315e-11,9.817192391453836e-11,0.1684853427796355,1.474843219002499e-10,6.427009434187698e-11,3.3633281223336963e-10,3.0828782295894926e-11,1.358370260118446e-10
12,2020-03-02,2.4356421388656363e-07,1.377242986516556e-07,1.5340204847449952e-07,1.5086601895546056e-07,2.159679011957528e-07,0.9999981358447285,2.2998726290992872e-07,1.7122181845071764e-07,2.541836497201915e-07,1.211261805748258e-07,1.8611187874131765e-07
18,2010-05-03,3.5265788905933115e-10,1.1217732718019707e-10,1.132530444608765e-10,0.5327666086275934,1.228748345556012e-10,1.4580707163655356e-10,4.682296610088146e-08,3.938585153570032e-08,0.46723330417509823,6.351377239229382e-11,7.820681353524383e-11
18,2010-06-01,5.703873914966999e-10,5.1651231513471387e-11,2.4941188783844175e-11,0.2952759303345751,3.3815439788761424e-11,2.9946916251757584e-11,2.4751432950571457e-10,0.228203875008459,0.27385706440219726,1.7616521247165604e-11,0.2026631292788955
18,2010-07-01,1.1421495839995897e-09,4.193532168436452e-11,1.8739093114112863e-11,0.5667222326598516,2.762508570720317e-11,1.7269556935620567e-11,4.548347149087636e-11,8.386449040146908e-11,0.4141615910824077,1.62748452625683e-11,0.019116174864399316
18,2010-08-02,0.3123505038765687,6.87185737324391e-12,5.052130579031093e-12,0.41094492413757294,3.240657402194078e-11,4.878379240531898e-11,0.0957024918131867,0.0839102882944358,0.040493782760731296,3.248883356314518e-12,0.056598009021141406
18,2010-09-01,4.926744770614238e-10,1.2117466907290114e-10,1.1453621191668793e-10,0.33950737066050724,3.309730312934431e-10,0.028475620427836173,0.29770152297299773,4.612128040552204e-08,0.05782214291227911,6.012992775660921e-11,0.2764932957856111
18,2010-10-01,2.005102276512444e-10,2.980090074908542e-11,2.594226041009544e-11,0.039123845035637164,2.8920748445580868e-11,4.3271892491456575e-11,3.1334892930118386e-10,0.218804967052876,0.3601416503056935,1.1469049023517164e-11,0.38192953695252924
18,2010-11-01,0.05537172802629961,6.279314395493717e-11,5.233367203482325e-11,3.408993726290362e-10,1.0065303167174605e-10,1.6892414557051312e-10,0.00914060728355451,0.0026888882172615572,0.5601998385896347,3.545483619808163e-11,0.37259893712219144
18,2010-12-01,0.16314748515183164,4.3147863215887875e-12,1.2827215273310102e-12,2.5032458483109132e-12,9.959027559914682e-12,0.037573655370424126,7.382766406843267e-11,2.7635695735703797e-10,0.414096138786642,1.0333495973472645e-12,0.38518272032182455
18,2011-01-03,0.014990154393412053,3.032430685936604e-12,1.012694348427226e-12,1.8782589290240777e-12,4.710383213524821e-12,1.1326201283008609e-11,7.949813061394493e-12,0.038075125592641916,0.5655341847304383,9.64079224268785e-13,0.38140053525263384
18,2011-02-01,0.03333022649610861,8.36550810418997e-12,3.770558523222167e-12,4.6010683740456074e-12,0.03002528523743779,3.819753055105853e-10,5.0946330716720494e-11,0.04261840333455371,0.4702699160208254,5.368058343696092e-12,0.4237561684560477
18,2011-03-01,0.08634694858417273,2.386726206413445e-10,5.2995765074823336e-11,7.117087863338245e-11,4.964946811036843e-10,5.307712299271216e-10,2.6104196723723195e-10,4.698715186512516e-09,0.5071291032688461,1.5839267872331743e-10,0.4065239416387262
18,2011-04-01,0.07141810766103153,1.0063060190302997e-10,6.284116609454934e-12,9.971454357302856e-12,1.2625572831000795e-07,9.469994754282545e-10,7.855199950730604e-11,2.2976082800250416e-10,0.46372037875109245,3.074265500401539e-10,0.46486138565252266
18,2011-05-02,2.7696969602398698e-08,7.327868709612929e-10,3.7381853977004355e-11,5.434857685940664e-11,4.1573657091666943e-10,0.011603184596709814,2.3294937145579113e-10,2.4718996038998943e-10,0.4760288119021367,1.022216144638925e-10,0.5123679739815691
18,2011-06-01,2.1092255594361777e-11,2.1770943779411747e-11,1.2994894534220537e-12,1.6351932428341213e-12,1.203841881019529e-11,0.030626456760049516,8.798502145760928e-12,3.036609060898082e-11,0.3914545770740486,3.0317186772442496e-12,0.5779189660658692
18,2011-07-01,4.0823166531421734e-10,9.043901487544317e-10,1.1743768404933602e-10,1.302595349256116e-10,1.3258834669406594e-09,0.007391058560066659,4.2977031711555424e-10,3.095975488407908e-10,0.39617134740191234,1.800782705130434e-10,0.5964375902323723
18,2011-08-01,7.987345579544932e-11,4.156804595175032e-11,1.44359691656454e-11,1.8646427097610017e-11,9.364280183585986e-11,0.005673771649931179,4.600012092952247e-11,3.3940609178310714e-11,0.3636137702529025,4.363969377612953e-11,0.6307124577254193
18,2011-09-01,6.749802149497626e-08,4.4874930705659437e-08,3.9467845221707334e-08,3.78336016024746e-08,3.813312263214698e-08,5.5861819787358675e-08,3.837207760204635e-08,3.832676735990268e-08,0.9999987137759475,9.691499907267646e-08,8.289408670174643e-07
18,2011-10-03,3.335288173939863e-08,2.816715167601255e-08,2.4949317599306e-08,2.3460815264238563e-08,3.923257398509425e-08,0.9999987879596755,3.320942887874759e-08,3.0182986309679866e-08,9.335941448677578e-07,3.177379012990746e-08,3.411723404202429e-08
18,2011-11-01,2.0188899425138198e-08,1.363089471472284e-08,1.167052613559954e-08,1.1433487432918318e-08,1.738517698321782e-08,2.9711808379328604e-08,1.4713081221528305e-08,1.4054106270509986e-08,0.9999998304354706,1.5719007142187396e-08,2.1057541753870104e-08
18,2011-12-01,7.61085183123407e-08,4.193004967268797e-08,3.471336710968932e-08,3.04813690075268e-08,3.415170670179506e-08,1.0302468792821239e-07,2.8190643452918912e-08,3.2550512635492194e-08,0.9999994864776222,7.456002238994312e-08,5.781150071092319e-08
18,2012-01-03,1.4919076811491514e-09,3.1459164533089456e-10,9.033825056174073e-11,6.890813720381803e-11,1.382853013525699e-10,0.15825531348943228,1.036654634055046e-10,1.2840877857369127e-10,0.024989624765355947,3.5324980078574707e-10,0.8167550590558568
18,2012-02-01,2.9727817022590234e-08,1.2949479575759054e-07,8.586363958599684e-08,8.775637077742698e-08,9.93072702553575e-08,1.3073765477511792e-07,9.211992748891951e-08,9.919210037449228e-08,0.9999990088674262,1.2475351332662632e-07,1.1217948451214619e-07
18,2012-03-01,0.9353316062948658,4.399147519968962e-11,1.3086929287393278e-11,1.2762951731529161e-11,2.0761376776358746e-11,9.326142023243844e-11,1.921873303807263e-11,2.078409088960712e-11,0.06466839339425685,5.72211874778786e-11,2.97893344737613e-11
18,2012-04-02,0.9308444980831851,2.425948104502265e-10,8.371146141431435e-11,6.548949439301265e-11,2.2363672345734492e-10,1.1365956960610253e-08,2.0651080084609383e-10,1.7878278506957574e-10,0.06915548865598645,2.812109290947859e-10,6.129344209988393e-10
18,2012-05-01,0.9254661134006578,3.366668961125332e-10,8.26495936346549e-11,7.037985313143563e-11,1.6682715021786544e-10,0.0415414544309774,1.5212966259918533e-10,1.609277697069862e-10,7.404619449369281e-10,1.8424057179098746e-10,0.0329924302740813
18,2012-06-01,1.7537167047292929e-09,3.418489092036844e-10,1.35820085395533e-10,1.1354114374554291e-10,2.9630254730008433e-10,0.9964845917734091,2.5203692814239576e-10,2.8216959038397766e-10,4.146174807468834e-10,1.7294636300032558e-10,0.00351540446359118
18,2012-07-02,1.1040551336119054e-07,7.289181009938427e-08,4.270440508683309e-08,3.62048420338731e-08,1.0291148287317842e-07,0.9999992972171446,8.964562032616306e-08,8.165977618428688e-08,8.790616573176031e-08,4.318534496005232e-08,3.526789469517353e-08
18,2012-08-01,1.876862300406494e-09,1.969324562963557e-09,1.7641604311500752e-09,1.766709594497377e-09,1.876981668204196e-09,0.9999999818459333,1.9231715009689823e-09,1.9846242089860437e-09,1.7753073464992469e-09,1.8352848620019502e-09,1.381640339066108e-09
18,2012-09-04,1.3098885859047963e-09,1.5871757282974054e-09,1.4866720712059666e-09,1.4758892215882354e-09,1.2995151746272563e-09,0.9999999858894999,1.440915455252949e-09,1.575440691520854e-09,1.3252322006855405e-09,1.5334316113881163e-09,1.0763395258228175e-09
18,2012-10-01,2.2307549071292886e-08,3.648434508399084e-08,2.8153480863421392e-08,2.4678094049932173e-08,4.127097689241703e-08,0.9999996876547683,4.2899961786504904e-08,4.165022881691926e-08,1.0814050356188332e-08,2.680389725040246e-08,3.728264768950852e-08
18,2012-11-01,2.4281553697364123e-08,2.9131739829990527e-08,2.4120671867515957e-08,2.2111644132142006e-08,9.584778150708549e-09,0.9999997768596336,7.459074431661683e-09,3.01545099884042e-08,2.9594752124527417e-08,2.1175602716695977e-08,2.5526039411315314e-08
18,2012-12-03,1.6164959666803996e-08,8.047115720120244e-08,7.305064758758993e-08,6.54849960221059e-08,6.309440354403512e-08,0.999999366968879,6.001231177462661e-08,7.666609246226352e-08,7.394517057432178e-08,6.543033225102852e-08,5.871104990506891e-08
18,2013-01-02,1.88952205128138e-08,5.406561171765067e-08,4.969760353992269e-08,4.70279180178287e-08,3.6045290526268084e-08,0.9999996140309994,3.2224079816443444e-08,4.83972686454223e-08,4.520315420454571e-08,4.38039651118769e-08,1.0608888578499733e-08
18,2013-02-01,1.1852621876512326e-09,9.91173416699273e-09,1.8176798989606938e-10,1.0010569270664938e-10,1.4088441073881062e-10,0.9830693964447658,1.7004534487330717e-10,2.3309520928596654e-10,9.721464624756484e-11,6.478940401707763e-11,0.016930591470335134
18,2013-05-01,7.79284121494446e-12,1.1188738551245973e-11,4.402126879590597e-12,1.691944551729715e-12,6.499764253607096e-12,0.1322498386162395,6.59659381237139e-12,5.650521863345348e-12,1.2017615124065298e-12,1.4429717045758073e-12,0.8677501613372932
18,2013-10-01,1.0758050795840206e-09,0.53759365059361,0.21033468873639413,5.192676600751472e-11,7.203515580711544e-10,0.05514204333726034,6.567248800469562e-10,0.19692961464604483,1.46714154839925e-11,3.717302585094764e-11,1.3003813784924884e-10
18,2014-02-03,0.3229625084762603,0.45013143544486484,8.630793261344933e-10,1.4890954227419523e-11,2.6073145868878837e-10,1.1195120762582957e-10,1.6805995222193979e-09,0.22690605309251685,7.136538186628183e-12,1.9106084937204265e-11,2.886306590421921e-11
18,2014-08-01,0.8461160938838128,4.098921623089005e-11,6.523394640455972e-11,3.3570918959340674e-11,8.244377344975797e-11,0.15388390531150112,1.1967070771402216e-10,9.724912422115926e-11,1.384640073565787e-11,1.9615829722251057e-11,3.3206623250508565e-10
18,2014-09-02,0.8461160930063648,9.481916954782255e-12,1.156254700006311e-11,8.961254253873138e-12,1.4666254354884625e-11,0.1538839068690839,2.037701480759083e-11,1.8652719635715156e-11,3.9080279531957605e-12,5.3223401172103305e-12,3.1619325183425783e-11
18,2014-10-01,0.8461160926258458,1.3400633420777611e-11,2.040149267099076e-11,1.5486669342398832e-11,3.793250706303217e-11,0.15388390715479763,5.314541979475263e-11,3.850037357362422e-11,7.250655858988895e-12,8.874306125659732e-12,2.436451966909192e-11
18,2014-11-03,0.8439840819117619,7.245968363973657e-12,4.452582496585695e-12,2.7731095273403712e-12,0.016954809342595023,0.1390611085148184,6.743654071270715e-11,1.3823446450941666e-10,1.8152977066755192e-12,2.561839224132904e-12,6.30492183816815e-12
18,2014-12-01,0.8426693762608011,1.0537308223399643e-10,1.0246874455030366e-10,7.463803736916047e-11,4.95268306126792e-10,0.15733062199239928,3.5090921032396723e-10,3.1965225259792416e-10,4.232621977446683e-11,3.7418206997436106e-11,2.187456631203783e-10
18,2015-01-02,0.7896445415378867,2.3258244772416993e-10,1.6151976850908768e-10,1.5373631253034235e-10,3.4390201885884373e-10,0.2103554553912768,4.821120656244113e-10,2.316694120294702e-10,1.8942553710773804e-10,6.158863785036775e-11,1.2143003226606043e-09
18,2015-02-02,0.041538690968043385,4.1786489858622014e-11,2.7517162658990617e-11,2.4853039351047674e-11,3.75424086764597e-11,0.9584613083891749,4.2711079789388924e-11,3.007790297422093e-11,2.1808710837512152e-11,8.424899068060777e-12,4.0806003130383813e-10
18,2015-03-02,0.6056661113521355,5.582679406029727e-12,3.99922287031918e-12,3.824868459488904e-12,4.377786022087099e-12,1.392038565028515e-08,4.888773768615286e-12,3.70460557180908e-12,1.828468482935417e-12,9.977449200421183e-13,0.3943338746982747
18,2015-04-01,0.6056660330257418,8.244427062697444e-11,3.99443850384267e-11,3.734493523276926e-11,5.0724498693771733e-11,4.6018635704783276e-08,6.19429427954482e-11,4.841622760902044e-11,2.3708106155289634e-11,1.1787417353425764e-11,0.39433392059930966
18,2015-05-01,0.7896444963285095,9.269868920656571e-11,6.662153840458687e-11,6.953176798207712e-11,9.777521740552207e-11,0.21035550275120946,1.0621490959550136e-10,7.776321443554392e-11,4.02649191321652e-11,2.060203628991801e-11,3.488086820735594e-10
18,2015-06-01,0.6124953974916508,3.328810742289264e-11,2.5026660642711617e-11,2.0420942159686164e-11,3.881783637047874e-11,0.007808550998993506,3.655175188378144e-11,2.821866972373555e-11,1.8580267350853637e-11,7.054003345028551e-12,0.3796960513013974
18,2015-07-01,0.6163747696865253,3.4694551963451816e-11,1.8200152989803855e-11,1.7536349611028603e-11,3.6408909211105685e-11,0.012244039954588004,2.8704764295528632e-11,2.2699939334553066e-11,1.7822209840680118e-11,5.843419817475964e-12,0.3713811901769763
18,2015-08-03,0.7896445754531839,6.119189618313325e-12,5.530023020984861e-12,4.4670705320507605e-12,1.1668186365680404e-11,0.21035542218845366,6.712294960219426e-12,5.207337379455038e-12,3.001083656133162e-12,1.2615248909502086e-12,2.314395766880545e-09
18,2015-09-01,0.8209765662698233,8.276824868979655e-12,5.551570294026251e-12,4.440608159845573e-12,1.3700906690056877e-11,0.17902343365220189,9.68415177605911e-12,7.00883717322369e-12,3.873849978441105e-12,1.4966781580399768e-12,2.3941302207773846e-11
18,2015-10-01,0.8484080692075513,1.7449321736041876e-11,1.2777233821283828e-11,9.599051202883674e-12,4.243978644317146e-11,0.15159193055726697,2.759602261974597e-11,1.6038599185607235e-11,1.1128729107574576e-11,3.9848079804530035e-12,9.416807208957657e-11
18,2015-11-02,0.8738805079917692,1.707833822895824e-11,9.83501354811209e-12,7.247533051832716e-12,8.189391945902884e-11,0.126119491790598,2.5924896901537304e-11,1.528841493749863e-11,1.0957584403332631e-11,3.1198247611087087e-12,4.628727891962914e-11
18,2015-12-01,0.8736422125335641,4.459587721716179e-12,1.834925767018623e-12,1.2069133202834635e-12,6.24895158511021e-11,0.126357787377166,5.727425060283628e-12,2.670811623150326e-12,1.8455549605785632e-12,5.284234683157415e-13,8.506871724113514e-12
18,2016-01-04,0.8755517674504473,5.857922820122373e-11,3.9628468428545077e-11,2.45384275236518e-11,2.22770861584252e-10,0.12444823148898579,9.612591159753792e-11,5.0151045959357126e-11,3.138176930426027e-11,1.0640422251526432e-11,5.267508862911375e-10
18,2016-02-01,0.006893749289657384,2.0173119830455564e-10,1.226927936954632e-10,6.846486060277206e-11,9.63355576155556e-10,0.9931062476436404,2.6906660629367507e-10,1.6589627495721245e-10,1.174409603294918e-10,2.940289109664463e-11,1.1286511297464972e-09
18,2016-03-01,2.2686887179052876e-07,7.078677731380139e-08,5.0764005251758635e-08,3.2357951046993367e-08,2.8289827417167104e-07,0.9999987675713805,1.2194181810632304e-07,7.255349476278634e-08,9.819837639552764e-08,1.8900538684933397e-08,2.571585118769804e-07
18,2016-04-01,1.573824777383981e-09,1.026603149303281e-11,3.964248396539941e-12,2.707912301774907e-12,2.046673580190691e-10,0.1608882041365824,1.1208972718975406e-11,5.932361486743121e-12,5.491557786175949e-12,9.800800306227984e-13,0.8391117940443742
18,2016-05-02,1.7261886715282657e-09,1.6341857589091734e-10,1.1447170002165252e-10,6.420285331156383e-11,6.893879217584825e-10,0.9702521754489714,2.8987525706970923e-10,1.3765237673689807e-10,3.074479445089139e-09,2.515326951760893e-11,0.029747818266198513
18,2016-06-01,1.4595259800814415e-11,5.945748524667815e-12,3.323469154734349e-12,1.750401431417823e-12,1.0776931244586418e-11,0.1762018819857228,7.90319650248915e-12,4.573034759698815e-12,8.797250553503382e-12,1.0656160595662737e-12,0.8237981179555462
18,2016-07-01,5.0149143773734113e-11,2.3498041464556332e-11,2.1322856314417003e-11,1.5617335045748736e-11,7.260962234926031e-11,0.13899101400861924,5.42935153721082e-11,3.059541625011544e-11,2.881162929132271e-10,1.1168241625360244e-11,0.8610089854240104
18,2016-08-01,0.6291928206303672,2.0292830828651556e-10,9.481620855789271e-11,7.761007701098777e-11,4.337767498104283e-10,0.05428159901978496,3.508313507072099e-10,1.669918359706574e-10,9.734077029690767e-10,4.34012811891154e-11,0.3165255780060843
18,2016-09-01,1.975703916574382e-09,1.3563099266634318e-10,6.10255762260053e-11,5.857726384625583e-11,3.36979314417083e-10,0.12677120560634897,2.9623672850740833e-10,1.2942156300581943e-10,8.2007960116916e-10,2.8414225351440622e-11,0.8732287905515819
18,2016-10-03,0.8476044344972372,5.527058760629185e-11,3.293518784876216e-11,3.20800688569671e-11,1.2759783828350513e-10,5.746389557966947e-08,1.2339965678882163e-10,7.649749433546335e-11,0.15239550740359803,2.3260246147220725e-11,1.642281947107304e-10
18,2016-11-01,0.8423314348471009,4.07524442656809e-10,1.9279016737774926e-10,1.8530311742484718e-10,1.0524458919995922e-09,0.1576681795663581,1.164664331493001e-09,5.555025109676068e-10,3.52076030347605e-07,1.2236550561866345e-10,2.982991481066583e-08
18,2016-12-01,0.4231046820703224,0.24085083977212987,2.180131546337339e-11,2.162176290886897e-11,2.0155394957192626e-10,0.06549264905860702,1.9155231479766718e-09,1.3782588377461583e-10,1.432286608059004e-10,2.2327258409273596e-11,0.2705518266350588
18,2017-01-03,0.09131193543704862,0.0007194487220642636,1.3780070708720324e-11,1.1738409617317513e-11,6.194813926242796e-11,0.1638379956569543,2.550886894317625e-10,9.945891613505695e-11,3.7066807041965896e-11,1.3566628532794689e-11,0.7441306196912852
18,2017-02-01,0.7802069016776735,0.05354462606186819,1.1921889178715028e-10,3.005711384081762e-10,2.0129085180721021e-10,2.4536200639988237e-10,3.5722620195224447e-10,4.480641316807603e-10,0.13810344407467975,1.9224004345563213e-10,0.028145026321805405
18,2017-03-01,0.7055002468664253,1.2497908250436362e-11,1.9240443527171316e-12,4.109059151763219e-12,4.508997712785048e-12,1.0876377014191474e-11,1.0795700618172635e-11,7.0989712693479766e-12,0.09868711498268423,2.371044773135824e-12,0.19581263809670843
18,2017-04-03,0.7008002095427527,0.1380486081949706,7.592086562747881e-12,1.9542049559034237e-11,9.290675264428214e-12,1.3927711643516907e-11,1.5491318199276328e-11,2.874556094779084e-11,0.16115118213582072,6.4489714242517765e-12,2.5417630539381542e-11
18,2017-05-01,0.543839570532752,0.28547857767564,1.8816184335362003e-12,8.996027611995118e-12,2.338144949054856e-12,4.631894388937376e-12,1.2390237799924305e-11,6.245611316043351e-12,0.17068185175052294,1.0554994295466097e-12,3.546038315016696e-12
18,2017-06-01,0.7447635423200963,2.476118134109218e-11,1.6728029855009194e-11,0.08351116495545649,1.0610333201662618e-11,1.518643082560632e-11,1.5796852781520946e-11,2.98952190039609e-11,0.17172529258603147,9.730268879111995e-12,1.5707499922659257e-11
18,2017-07-03,0.18215218592149757,0.27627503360753214,1.7663972385930956e-11,0.22891184392256364,1.5343822622919257e-11,3.790057401670896e-11,4.168448130072833e-11,7.735529559666215e-10,0.3126609356339489,1.275684304818885e-11,1.555505862990465e-11
18,2017-08-01,0.5198739736256449,0.14542268104535788,1.8740421211887386e-12,0.043865752716607774,1.3606492843744715e-12,2.1324207055769215e-12,2.1613600527166645e-11,0.1371826977984322,0.15365489477512143,1.0241775176876178e-11,1.6132745979361192e-12
18,2017-09-01,0.6730047810685085,8.655925865780973e-10,1.3502452328493032e-10,0.04324116256468232,8.690247604211798e-11,1.6549814530391296e-10,0.1755466834667108,7.234660847520851e-10,1.8034360287381617e-10,0.10820737062940051,1.1387053947206468e-10
18,2017-10-02,0.4800647214873816,0.1490947831258307,4.559467255376858e-11,3.401573912366634e-11,1.0574115524048866e-11,2.408425213199542e-11,9.935845908865562e-11,0.267912420648101,0.028632503500775862,0.07429557101847334,5.810334719919751e-12
18,2017-11-01,0.7044566906740977,5.750143549823267e-10,1.454085225226949e-10,1.0396027026044466e-10,3.0825265574006147e-10,1.1592795944171569e-09,0.2006130525322491,5.3779069478601e-10,1.4374641744262175e-10,0.09493025372981619,9.038442502225251e-11
18,2018-02-01,0.5171219998736533,3.947276963644312e-11,0.19614966765225147,1.7444683127254715e-11,3.325274109625119e-11,1.421070347127453e-11,0.13718911257693223,1.0712484698451321e-10,3.349146708913604e-11,0.14953921964753897,4.6269477664273e-12
18,2018-03-01,0.6482878482108042,1.0971794326084846e-10,0.0410135715086788,8.119758548070218e-11,3.212909367019782e-10,8.692925558769605e-11,0.13011851658907736,7.247653422488535e-10,9.795839793688934e-10,0.18058006136486998,2.3084601526008316e-11
18,2018-04-02,0.5731700275671934,3.9719348133390344e-10,0.16634741696912317,2.0310248494378326e-10,2.1443806098818915e-10,1.6128486405752612e-10,0.10533784432056441,3.3249398976249907e-10,3.177328588352857e-10,0.15514470948004877,3.6824490601486976e-11
18,2018-05-01,0.41860168117297564,0.0274478043937299,0.3651349683318177,1.6609835326436207e-12,5.90662264027171e-12,2.3493863866528332e-11,2.4437470093576637e-10,1.2512137011833365e-11,1.640137369525517e-11,0.18881554579598253,1.1444845536753418e-12
18,2018-06-01,0.6713438840735136,4.650046714625109e-12,0.06209614499212491,3.087004679157793e-12,4.562991123178927e-12,0.05014203502723511,5.8150774526156905e-12,3.702369031872821e-12,0.037927424848662045,0.1784905110348897,1.7571552611705116e-12
18,2018-07-02,0.7234683243040356,1.7500342991446954e-10,2.899709019861906e-10,8.785023570634387e-11,2.20321975513077e-10,0.16001915622116739,1.7412380287187414e-10,1.5155324701525655e-10,0.07398644978248323,0.042526068522961806,7.05282596833837e-11
18,2018-08-01,0.6746251547662012,4.742815335495333e-10,0.05163030308293599,4.0149832696509616e-11,1.8819548559852962e-10,0.20444038675619705,3.9683261587874295e-10,1.8422140284048437e-10,8.651202365352864e-11,0.06930415398063995,4.38329437636521e-11
18,2018-09-04,0.6829529257999309,0.03565205025316771,6.808263345242584e-12,2.4412676060787064e-12,1.5130722794531852e-11,0.22266666120603146,1.255372419853356e-11,9.334554344207558e-12,4.197166284982119e-12,0.058728362685547424,4.856888469022674e-12
18,2018-10-01,0.6043723543505597,0.05249642362968101,1.9962410252081686e-12,4.734278278522905e-13,1.0129263288716716e-11,0.15081001999902124,1.711605262097032e-10,1.2754943352849767e-11,1.0804356633600171e-12,0.19232120182140433,1.738789914700141e-12
18,2018-11-01,0.5323921847705341,6.233115289299061e-11,2.6444220909629466e-11,1.0812656318240437e-11,0.06588829031282041,3.3780582340032258e-09,2.1962616441858444e-09,0.09285636206930274,4.13936040042145e-11,0.3088631570471134,8.492793726944332e-11
18,2019-01-02,0.6985623845346944,3.3073990856728e-11,2.6044709934039493e-11,2.8641797223215074e-11,3.129881955817914e-09,0.13072014590845069,1.1366554183131958e-10,9.493705877516118e-11,0.17071746577934027,3.087689832485171e-10,4.250050519302773e-11
18,2019-02-01,0.7115974885290677,5.7664664072222946e-12,2.2768794688033905e-12,2.452454294858504e-12,2.9378744425457005e-11,0.18540662192394466,1.2113187535283952e-11,1.2536655327630866e-11,0.10299588940422066,5.412078532978848e-11,2.4121745904387404e-11
18,2019-04-01,0.7260827682057154,4.084209338244274e-11,2.7785496626034272e-11,2.1475842604504555e-11,4.15859538526141e-10,0.26798454820558265,1.6089886244465397e-10,1.5065385572843753e-10,9.494054591449258e-11,1.0697100011025452e-10,0.00593268256927475
18,2019-05-01,0.6859553942279241,1.1743591914012448e-11,6.818535897831473e-12,4.272997601542605e-12,0.10005402558741641,0.08823757457747886,7.475446093482854e-11,8.00364498962169e-11,2.998759919783512e-11,1.7546630865065213e-11,0.12575300538202028
18,2019-06-03,0.7495617567237765,3.101989152241024e-11,2.6380719541501198e-11,2.1667128535352637e-11,3.2637226065361317e-10,0.25043824091099176,1.2742934138452054e-10,9.352252573931275e-11,7.076597672137352e-11,2.90339741330594e-11,1.639040009261496e-09
18,2019-07-01,0.7437637112268453,1.0502673339831156e-10,7.6859996549668e-11,5.255676623884233e-11,3.0083646682714176e-09,0.2562362817744482,5.342618254298957e-10,3.264544457852545e-10,1.1889291452445561e-09,8.309035005962075e-11,1.6231626711678513e-09
18,2019-08-01,2.481868503478335e-06,2.9178820994961374e-08,2.3020986239775112e-08,1.7941031469504425e-08,6.171320407384534e-08,1.7707252496839787e-07,5.070932906144766e-08,3.929867252762092e-08,3.031668001238165e-08,2.325968304755924e-08,0.9999970656205642
18,2019-09-03,5.843635624291189e-10,2.6108794296797036e-10,2.2892248848878812e-10,1.6934415844569517e-10,8.587147413138819e-10,0.12100973166500062,8.177890111617384e-10,4.074779185678821e-10,6.260109164654871e-10,2.0709639211463012e-10,0.8789902641741921
18,2019-10-01,8.288018499316158e-11,1.3827785669365468e-11,1.2915468456933908e-11,8.481013858835475e-12,3.7000556623735094e-11,0.12100908442478397,4.3075885574834585e-11,2.3747076483154953e-11,3.1556348720068715e-11,8.944683367941122e-12,0.8789909153127871
18,2019-11-01,2.4480343937246356e-10,1.79257289718004e-11,1.6634285957448082e-11,1.2844142334932139e-11,4.4757826202846685e-11,0.12100909384916422,5.7716961029825314e-11,2.6306560027337643e-11,5.078727991167913e-11,1.0252763364601918e-11,0.8789909056688068
18,2019-12-02,3.2240847950828705e-09,2.02737876297584e-11,2.3203452333645927e-11,1.5849626062696555e-11,5.301207968708213e-11,0.12100907540525886,1.2361015543233822e-10,3.6302743711628166e-11,5.5205360969593707e-11,1.0929855175133048e-11,0.8789909210322694
18,2020-01-02,0.7107480494367902,6.404291679631041e-11,8.660854204048365e-11,8.406474806398695e-11,1.6480484002418877e-10,5.098099274432043e-10,8.056473764203315e-10,1.4762578801432143e-10,0.28925194579603836,3.894756468877433e-11,2.8656199315264284e-09
18,2020-02-03,3.3969618439737826e-08,1.1917119355840728e-08,1.4130004902639497e-08,1.3202891979823537e-08,1.6846930069226735e-08,6.599924242125737e-08,1.7503006476288396e-08,1.588949647608983e-08,0.9999997861660104,4.5454832686985605e-09,1.983019613421305e-08
18,2020-03-02,4.356755205584e-08,1.1370282627495231e-08,1.61825150977878e-08,1.8163668168692673e-08,5.720495165302522e-08,0.9999996229692381,7.496628052570277e-08,2.645404162985021e-08,8.510904053778781e-08,9.16788945016051e-09,3.4844540136385563e-08
36,2010-05-03,1.0831213865746454e-08,7.0187048208015005e-09,4.504582134388204e-09,5.990003284668653e-08,1.1830585222956122e-08,1.0890813892494115e-08,1.0317882096394367e-08,9.100892669836213e-09,0.9999998530651649,7.635767547358709e-09,1.490436000189322e-08
36,2010-06-01,1.060034219231389e-08,7.724260296264135e-09,5.324822729965678e-09,2.790531659975441e-08,1.9459714035915188e-08,2.1020214129651344e-08,1.4187033995765478e-08,1.0715582883029036e-08,0.9999998591012996,7.985645211589977e-09,1.597576825069595e-08
36,2010-07-01,8.173475418843984e-09,6.348167470561512e-09,4.910900504088444e-09,1.9246715464812002e-08,2.051361888551364e-08,2.6227847759001084e-08,1.5181103784478266e-08,1.1405452287432392e-08,0.999999863493847,7.054861286977184e-09,1.74440102085857e-08
36,2010-08-02,7.183587826896304e-09,6.356264045105866e-09,4.537175029257355e-09,2.920123236421868e-08,1.5347862601914684e-08,1.7163987941638563e-08,1.298746391471919e-08,1.2378421111892345e-08,0.9999998459694469,5.790193177595608e-09,4.3084365093842077e-08
36,2010-09-01,6.752021941085542e-09,5.8610001023407776e-09,4.797462640795024e-09,2.1709187600303085e-08,1.7948115524360272e-08,2.7525649063333628e-08,1.5328151471621194e-08,1.0771488415346647e-08,0.9999998567194108,6.4038544847823415e-09,2.6183658023788022e-08
36,2010-10-01,2.2639689349757836e-07,1.9444291353790909e-07,1.3071875361614447e-07,1.1453130056288044e-06,8.109979035638914e-07,1.282417270401367e-06,6.079682506478221e-07,3.565531337871976e-07,0.9999934370874345,1.5972581707910865e-07,1.6483786237858615e-06
36,2010-11-01,1.0255780615555086e-08,9.699297471441499e-09,6.452937961191747e-09,1.8248537980215933e-08,2.258569418888901e-08,2.1859508256882508e-08,1.8758102104143026e-08,1.5090308800395777e-08,0.9999998241275014,7.3603841155604165e-09,4.5561947146060887e-08
36,2010-12-01,1.910658216834374e-07,2.1755003982658273e-07,7.859034275872229e-08,4.878248894595019e-07,3.1703098231291805e-07,2.593750504663152e-07,2.8746634593496386e-07,2.455305972505194e-07,0.9999938355779189,8.837546412182172e-08,3.99161254737758e-06
36,2011-01-03,6.011254281144394e-08,5.682623003806807e-08,6.794603034487314e-08,6.737979633164028e-08,6.240682478791425e-08,6.39265299026411e-08,6.123324263107358e-08,5.91127479479685e-08,0.9999953175323615,6.797182742367716e-08,4.11555186630704e-06
36,2011-02-01,1.753428658110809e-08,5.537090028542843e-10,2.1373682161939948e-10,1.2410864657098977e-09,6.480926003721804e-08,6.784942703038521e-09,9.18087577646129e-10,9.878664061277833e-09,0.7051864521964992,2.0933454900041767e-10,0.2948134456603931
36,2011-03-01,3.8734943464597014e-07,1.0175881598063118e-09,3.121924149418605e-10,9.658379908717478e-10,4.119273973260544e-09,1.750581327150822e-08,2.9389570936302215e-09,4.367548050040746e-09,0.7051862126812242,2.454558835082225e-10,0.2948133684966744
36,2011-04-01,1.434020338329103e-08,1.6720375882879e-09,1.6947242757554733e-10,1.3582701710910163e-09,9.152378808412961e-10,5.394062166252901e-09,6.851719874314209e-10,6.685861683664564e-10,0.7051869711737979,1.376622500892619e-10,0.29481300348549816
36,2011-05-02,8.467322163960998e-08,1.072890639291915e-07,4.310457909177017e-08,1.0982329559034275e-07,5.289727900045911e-08,5.2201255899600246e-08,5.934373603414343e-08,6.426418384229752e-08,0.9999993584998663,3.469589966830786e-08,3.320761888761859e-08
36,2011-06-01,6.959765584712689e-08,1.1606895276894154e-07,4.291655621486098e-08,1.1831732776325376e-07,4.9602894677627175e-08,5.16247823701377e-08,5.764572062042785e-08,6.198453946942327e-08,0.999996661971124,4.397569398308046e-08,2.7262947522573037e-06
36,2011-07-01,7.512294422015397e-11,5.19069222444144e-11,1.8121999611603207e-11,5.726570644123834e-11,3.3218391554378245e-09,4.0943698955136863e-10,1.5888696099192406e-10,1.6105084545335318e-10,0.7051862775680153,8.996295724915456e-12,0.29481371816935686
36,2011-08-01,7.993510223247887e-08,5.885599260022357e-08,2.658916148423627e-08,1.9655677287708562e-07,3.415977137322302e-08,3.466362544599559e-08,4.4284641143004914e-08,4.886255224649685e-08,0.9999988345063123,1.542133152095299e-08,6.261647366937665e-07
36,2011-09-01,5.303614726466308e-09,5.121668026760738e-09,4.810922331322407e-09,4.728829940723907e-09,5.205407050705579e-09,5.281803238363459e-09,5.263196319111554e-09,5.263886834800441e-09,0.9999999524888291,4.161322999329724e-09,2.370519509640991e-09
36,2011-10-03,9.684599824765492e-08,5.37006672886899e-08,4.45422014313856e-08,9.561431991685887e-08,5.676973383329404e-08,7.885663687919466e-08,8.020216566419568e-08,6.484237217658213e-08,0.9999993077049483,2.8538129804963132e-08,9.238282639583319e-08
36,2011-11-01,6.11975314985175e-08,3.990092676681908e-08,3.7509015553934656e-08,1.303012644651533e-07,3.569993317711373e-08,3.743590270484635e-08,3.7972117450496e-08,3.963145194141222e-08,0.9999961495530593,3.435293079058753e-08,3.3964458663657606e-06
36,2011-12-01,2.0974990625234026e-08,2.3404531379658372e-11,1.4518106509320419e-11,7.460684391805294e-11,1.9141459370698597e-11,4.2763932382608867e-10,5.1332680960507905e-11,2.766207667322571e-10,0.7771663747762569,1.3954085819312959e-11,0.2228336033475347
36,2012-01-03,0.07787938359151057,5.545477024078872e-11,2.4774843700166632e-11,5.989317417088991e-11,4.1998412843130857e-11,5.190330751590255e-11,5.2006627487976e-11,1.0169383257171927e-10,0.4810452131613259,2.9048001486436825e-11,0.44107540283039065
36,2012-02-01,0.26641452048335995,1.0092269937454498e-11,4.982238872645672e-12,1.6861096290467325e-11,9.18117462574935e-12,9.323014228547042e-11,1.1044801641343658e-11,1.5993952240201777e-11,0.342651840083399,5.647245066966348e-12,0.39093363926620806
36,2012-03-01,0.4774754573471553,2.1476498438215994e-11,1.2679561822192278e-11,3.3009225761202376e-11,2.89394247382511e-11,0.052269533657765564,5.2691890709020104e-11,9.284965767394516e-11,0.1429062352312874,1.6928548792078297e-11,0.32734877350521696
36,2012-04-02,0.25299425097884604,6.331597555321941e-12,3.550395884229584e-12,4.553056693222576e-12,1.2487405475141113e-11,0.03931822468073049,4.240573743600706e-11,7.02428751241965e-11,0.2708066601194284,4.968441094276915e-12,0.4368808640764556
36,2012-05-01,0.09267783092703297,3.661422825314214e-12,1.8500506609077813e-12,2.3965720376966793e-12,4.401342589846309e-12,1.8603867931829724e-10,6.721348153041642e-12,6.260582636828828e-12,0.41813917109531296,2.5651667308189206e-12,0.48918299776375906
36,2012-06-01,1.3610248622694745e-09,1.188499494681493e-10,4.396676986091953e-11,5.314857573633072e-11,2.6447102108908813e-10,0.27272058467992677,2.488262135621856e-10,1.581273917077893e-10,3.0916227436372065e-09,5.185195670082558e-11,0.7272794099281837
36,2012-07-02,1.191899427587747e-10,3.3733032049307346e-11,1.586756233985838e-11,1.854868683197552e-11,5.033748131697857e-11,0.24406356846241467,4.639613070187054e-11,4.7083028225174716e-11,0.014597413996195154,1.8926235800218535e-11,0.741339017191308
36,2012-08-01,8.108986878180785e-12,2.24663649656025e-12,1.083087037902815e-12,1.24641887068451e-12,1.559006644037735e-11,0.2364758138028779,9.793626525912209e-12,1.4255016213072423e-11,1.5343048236874733e-10,1.5460156488452175e-12,0.7635241859898219
36,2012-09-04,1.5719104563149015e-11,2.3771198300003833e-12,9.935430535037258e-13,1.1562242440117582e-12,4.407972913393065e-12,0.1023658115551408,2.87084692278044e-12,3.6063799859164566e-12,0.18172652150649451,1.991280534537093e-12,0.7159076669052422
36,2012-10-01,4.330002319924709e-10,7.940288065650232e-11,2.7154791940965003e-11,3.2170077609683917e-11,5.4578329229493763e-11,3.212031777169271e-10,5.087027450013685e-11,5.22102122857325e-11,0.35561849465600914,4.708784408484542e-11,0.6443815042463131
36,2012-11-01,6.766592616927556e-10,1.318584124764383e-10,4.0620445157831576e-11,4.7041354608661615e-11,1.2297956001986526e-10,0.04583753290442076,1.3105938102028741e-10,1.0764968639749311e-10,0.2493828219609707,5.21763945185369e-11,0.704779643824564
36,2012-12-03,1.0542098242581778e-09,1.5507942198318304e-10,4.534670148790743e-11,4.5117532255046083e-11,1.1328184963855916e-10,0.18358935774100685,9.909787815727157e-11,1.1763640367906763e-10,4.634001164031895e-09,5.822978266418753e-11,0.8164106359369926
36,2013-01-02,4.671830357686417e-10,3.00315583213919e-10,1.1034588667671914e-10,1.1190405992787612e-10,2.3008094051781335e-10,0.14207974562214692,1.9820949359488686e-10,1.9539817798096072e-10,0.040945548730434406,1.1195497259876775e-10,0.8169747039220265
36,2013-02-01,3.058986525058048e-10,1.4730312329188836e-10,5.2137321070939635e-11,5.062089437075018e-11,1.0046223152043338e-10,0.14282466048717127,9.023575520941829e-11,8.99577668773316e-11,0.04021059809454893,6.512719801549658e-11,0.8169647405165369
36,2013-03-01,5.6271985921502046e-11,2.118022964605953e-11,8.144203362880584e-12,7.022201977175829e-12,1.5234256540475925e-11,0.18358922498917343,1.177552554008567e-11,1.0709976154397024e-11,9.69791031835887e-10,7.40691729799381e-12,0.8164107739032903
36,2013-04-01,5.293073640550846e-10,8.819278608797221e-11,2.3954200071020493e-11,1.8587643227603227e-11,5.109972420781548e-11,0.1835892616815208,3.5662415923031337e-11,4.352605836028488e-11,1.4784610739440332e-08,2.4448782047513046e-11,0.8164107227190895
36,2013-05-01,6.680770874790885e-10,1.8899362116805025e-11,1.2189704866872528e-11,6.799484692875373e-12,2.988308347565542e-11,0.18358922414264187,1.2923925663724875e-11,6.406388477772107e-11,3.72342969460243e-11,6.8282878249747e-12,0.8164107750004591
36,2013-06-03,0.6901085862395643,2.0754388597673293e-10,5.2791698780017285e-11,2.417384932857332e-11,6.036982032516317e-11,0.04627992759235236,6.453204210681923e-11,7.783339161373554e-11,3.5392129379776663e-11,3.4694476101093566e-11,0.2636114856107521
36,2013-07-01,0.771595536195215,2.1694045852535026e-10,3.576395368170281e-11,1.5731784399169982e-11,5.281353562675558e-11,0.04925814854093385,5.0032915903763375e-11,5.962696103716198e-11,2.1093033462597657e-11,2.772528083131603e-11,0.17914631478412332
36,2013-08-01,0.9243663834877852,2.2499076117802437e-09,7.034045849595734e-11,3.072979093586053e-11,1.2219125724134206e-10,0.07563361288296618,1.177920149273954e-10,1.3739838299184376e-10,7.833398970286062e-11,6.145380821809849e-11,7.611012176818973e-10
36,2013-09-03,0.9264879961682702,1.1536386367208394e-09,6.198852174837375e-11,2.780582751848924e-11,1.2979767032294488e-10,0.07351200186343085,1.2618001109522328e-10,1.4562089680308025e-10,9.219851045269833e-11,7.803263803605733e-11,1.5303624546831442e-10
36,2013-10-01,0.8226572345434323,0.09814405801873438,8.697534003776254e-13,3.181234983389244e-13,1.8048145679679024e-12,0.0791987074268252,1.6151854403589195e-12,1.755436782148561e-12,7.372516271153089e-13,6.478730599701682e-13,3.2596402812769258e-12
36,2013-11-01,0.827375264548642,0.09342215237020624,7.582371633649011e-12,2.9369611283788194e-12,1.1377405480335717e-11,0.07920258299893079,1.1898527202156743e-11,1.322366311958973e-11,4.971007865528406e-12,4.562892557699805e-12,2.5668177774133127e-11
36,2013-12-02,0.9251819666144369,7.768128586614764e-11,9.33005348770872e-12,3.190927829382696e-12,1.2933658480488413e-11,0.07481803322830018,1.384796332691352e-11,1.472357478815755e-11,4.131023569168252e-12,4.4500445399385746e-12,1.6974425583284104e-11
36,2014-01-02,0.9298083615072518,2.0220379383046325e-10,5.0680601959849466e-11,1.8629863857496917e-11,8.304603386397679e-11,0.07019163783124148,9.470145236436845e-11,8.372805489010716e-11,2.4707811271856144e-11,2.4564992115787075e-11,7.924424227879247e-11
36,2014-02-03,0.9329384763028835,6.579846069172081e-10,7.454893936916773e-11,3.295992740110796e-11,1.2012054128499662e-10,0.06706152229030475,1.3288236414065064e-10,1.1896560330704795e-10,4.718200001409498e-11,3.435801927365298e-11,1.8780970610511296e-10
36,2014-03-03,0.9335324070712264,2.36225241146186e-10,4.5930576889874944e-11,1.9150159276202086e-11,6.940612601987653e-11,0.06646759224794936,7.469948653148351e-11,6.672714085577085e-11,2.5741820095431278e-11,1.9162836817196585e-11,1.2378090259779198e-10
36,2014-04-01,0.9277334749166242,7.757795595651315e-11,2.334949998958077e-11,8.348135330071575e-12,2.940674757480379e-11,0.072266524803665,3.410532183220137e-11,3.13486785398861e-11,1.0356562358862912e-11,8.742153463012893e-12,5.64756641569442e-11
36,2014-05-01,0.9193428022835346,5.0219450260712945e-11,2.13161142762748e-11,8.160934060564874e-12,2.726090805515731e-11,0.0806571974769896,3.181729152557975e-11,3.0540055132003354e-11,8.31435653746025e-12,7.888109682845393e-12,5.3958483355059804e-11
36,2014-06-02,0.9184705979039682,5.8020030565718884e-11,2.951287122123934e-11,1.155796978556501e-11,3.642706577730208e-11,0.08152940178605543,4.3132628026651574e-11,4.096720685478204e-11,1.1430754568180427e-11,1.1711151343832493e-11,6.721673636668811e-11
36,2014-07-01,0.9223306606516642,1.2147255800918024e-10,4.782904536991018e-11,2.0948569292264576e-11,6.081486487058584e-11,0.0776693388012188,7.186919852913326e-11,6.733903696566021e-11,2.3672560211105377e-11,2.2639464459523962e-11,1.1053160791332433e-10
36,2014-08-01,0.9194997125246587,5.2016957365930175e-11,2.5690378965704507e-11,1.1814146210060015e-11,3.1094955024608685e-11,0.08050028720631955,3.7454027229650227e-11,3.354106821493009e-11,1.0127688360692453e-11,1.024440403523544e-11,5.703806139991637e-11
36,2014-09-02,0.9136307068372456,2.9942648375205004e-12,9.885377003547202e-13,4.475667718010708e-13,1.1901085331192038e-12,0.08636929314959703,1.8200881706822185e-12,1.604033124851937e-12,2.7523963927961435e-13,3.417090078991566e-13,3.495772810131187e-12
36,2014-11-03,0.8554840212940032,4.404058378366487e-11,1.591934136704454e-11,6.2465928325626065e-12,3.005232317065686e-11,0.10079638965597518,4.031899138889276e-11,3.561837609516909e-11,3.812984371616712e-12,5.249106060458952e-12,0.04371958886876339
36,2014-12-01,0.8117316956450699,2.8765567543947623e-10,1.666566103621973e-10,1.021368917360596e-10,7.829642608458766e-10,0.09333492775427203,1.2526253535479998e-09,2.9837632300090495e-09,4.8512457261827614e-11,6.209457610140877e-11,0.09493337091424892
36,2015-01-02,0.8117317490268304,3.865663157801494e-10,1.5579209793674082e-10,9.993815851088625e-11,4.4578888418225086e-10,0.09333498958334382,5.549072506258071e-10,5.704427034659866e-10,5.455360945808025e-11,4.91972395577627e-11,0.0949332590726396
36,2015-02-02,0.8117316618524216,4.2086538749355084e-11,1.893841607376209e-11,9.603386700114422e-12,3.775562737078143e-11,0.09333491450038404,4.051704486061742e-11,4.200456743208371e-11,5.8448583658293015e-12,5.178110074594052e-12,0.09493342344526584
36,2015-03-02,0.8117316588156402,2.9561734798358743e-11,1.0290470682389075e-11,4.911092778940132e-12,2.1010574011851665e-11,0.09333490608748385,1.989507125712754e-11,2.7052308685341718e-11,2.6730303975117008e-12,2.6189156661706283e-12,0.09493343497886271
36,2015-04-01,0.8117317619807525,2.8323374607132915e-09,2.323043420842841e-10,1.0835751283351524e-10,3.0084224323442816e-10,0.09333510701985194,3.207060959651455e-10,3.578670154510173e-10,5.630294646462876e-11,4.607203370700772e-11,0.09493312674460605
36,2015-05-01,0.8560233318085592,3.028459536409298e-10,1.6906507371401502e-10,5.871416923010755e-11,8.9554751175415e-11,0.14397666488355812,1.18351101594229e-10,1.1943598772650138e-10,2.2572849682246633e-11,1.6825030379130762e-11,2.410517882733445e-09
36,2015-06-01,0.8117323236322853,1.1646557374046059e-09,2.0795764442366514e-09,2.2785691153686357e-10,7.094362999272791e-10,0.09333549624297273,9.37067590869547e-10,6.401440511375315e-09,1.0585066290236661e-10,8.089548931585964e-11,0.09493216841796244
36,2015-07-01,0.8461160903692807,1.7193367309189536e-10,1.0339400079355964e-10,2.057169930088515e-11,4.2773593514486583e-11,0.15388390865472437,5.956910612329905e-11,5.7096560262169687e-11,9.04359346923885e-12,6.687456310422751e-12,5.049253124647089e-10
36,2015-08-03,0.8461160773998764,3.212302357301388e-10,3.2752499537204996e-10,3.831339200424426e-11,1.274203034914166e-10,0.1538838761508355,1.091652654094805e-10,1.0931886354152315e-10,2.0823491437660465e-11,1.2699842007683811e-11,4.5382791836437365e-08
36,2015-09-01,0.8356519844656498,0.0424144947617798,1.8365228823178563e-11,3.652902674146737e-12,4.1165412489464856e-11,0.12193352061957234,3.1849538919650497e-11,2.583000226283602e-11,3.29901081836058e-12,1.8688215757892783e-12,2.6966928647758186e-11
36,2015-10-01,0.8750764586032144,0.011811518825668632,7.819950063825235e-12,2.236155004869283e-12,2.7194380966788173e-11,0.11311202248327082,1.7360454774268734e-11,1.1551494574604749e-11,2.1958024348301924e-12,1.2844322148746757e-12,1.8203531577035313e-11
36,2015-11-02,0.8825095573598715,1.109621714227814e-08,1.1603277860310704e-10,3.672834828824416e-11,1.1736304959912426e-09,0.1174904292372606,3.899027150413381e-10,3.354256872364283e-10,5.3490133962911574e-11,2.3787077134820806e-11,1.7765355391487386e-10
36,2015-12-01,0.8821599787027347,1.331307602494033e-10,3.7029233599915515e-11,1.261479203455733e-11,2.0340392097171482e-10,0.11784002052293066,1.2565984408158567e-10,6.528154548130062e-11,1.2824592178712344e-11,7.1443837445437855e-12,1.7724556752641633e-10
36,2016-01-04,0.8821599889579678,2.602423469993059e-11,1.318641488287692e-11,4.726502979016704e-12,6.297787381768053e-11,0.11784001081877744,3.490433816555587e-11,1.9908504910129307e-11,5.651920189836758e-12,2.951661594097063e-12,5.2923410647848684e-11
36,2016-02-01,0.8549031915219363,4.134738884572248e-11,2.530229622302645e-11,1.2599908050111048e-11,8.190652428641124e-11,0.14509680812067866,5.554975502466964e-11,3.362918763733086e-11,1.513519805953345e-11,7.24910648561301e-12,8.466565620210363e-11
36,2016-03-01,0.8362427247554184,2.386823449696576e-12,1.5036908315395953e-12,7.8646559535676e-13,4.439645610971788e-12,0.16375727522398423,3.1742191673127635e-12,2.043127232192409e-12,1.2695715980548766e-12,4.5317148559918245e-13,4.540749414465654e-12
36,2016-04-01,0.8362426298921388,1.0824228367017377e-10,7.240410347052264e-11,4.280958260177374e-11,1.9552987958120048e-10,0.16375736900565113,1.6853211132780286e-10,9.199222209847846e-11,5.3475149398926104e-11,2.0829387346923125e-11,3.483954684595853e-10
36,2016-05-02,0.8295804676295283,9.494226732246103e-12,4.157040305427088e-12,2.4721429027480964e-12,1.467941322619805e-11,0.170419532300355,1.374866696351879e-11,6.694155589918783e-12,5.248909414451169e-12,1.3929409379140797e-12,1.2229238193953474e-11
36,2016-06-01,0.8295804668785549,2.2800275173584903e-12,1.4114930899391267e-12,8.186116842280668e-13,3.309855335643325e-12,0.17041953309990152,3.1666902513007256e-12,1.90995607779259e-12,1.2606309515518886e-12,4.5105479243699555e-13,6.935217899832358e-12
36,2016-07-01,0.8366423891589786,1.7891228905405651e-10,1.0218448311165241e-10,7.94362096480356e-11,1.9496045108184875e-10,0.16335760592294407,2.1230670464542044e-10,1.2871915541292572e-10,1.6382353910354367e-10,3.7503910036526384e-11,3.820230585508764e-09
36,2016-08-01,0.8366401768967711,1.0773628512962723e-10,6.46287722364979e-11,5.773872576242033e-11,1.118164128609284e-10,0.16335586115029624,1.1925995312310888e-10,7.481991296664672e-11,7.550205443925125e-11,2.2075999883646378e-11,3.9613193547030655e-06
36,2016-09-01,0.6165641075201931,4.0250406818761484e-12,2.1343952783588933e-12,1.9141412492266827e-12,3.6378950107318134e-12,0.021461104226073953,4.010105084373921e-12,2.6289782563091414e-12,1.8252716926858943e-12,6.867585917242395e-13,0.3619747882328703
36,2016-10-03,0.8369687886378265,2.4728161300315136e-11,1.343234990946343e-11,1.220196718569707e-11,2.614079588933412e-11,0.16303121092635817,3.015836028171624e-11,1.986897720822214e-11,1.657339708172991e-11,5.304174466021064e-12,2.874071927713284e-10
36,2016-11-01,0.8369687990902145,2.2154400360246924e-11,1.271670537380257e-11,1.2268284241763593e-11,3.152261595283353e-11,0.1630312006498725,3.241917310483561e-11,2.0723484727596812e-11,1.682601432566865e-11,5.345741548438115e-12,1.0593666711785141e-10
36,2016-12-01,0.6012908518603755,2.0557394996201567e-11,7.035302941398099e-12,6.341375824572767e-12,1.8410712728255697e-11,0.03380496014358218,2.1095125582264492e-11,1.3671100588041083e-11,9.837114118363122e-12,3.192257650563667e-12,0.364904187895902
36,2017-01-03,0.3300937711158686,5.3863237195579963e-11,1.678714988080514e-11,1.540774916470137e-11,4.7887823210310974e-11,0.04700372117021486,5.052767952295221e-11,3.350191950113433e-11,2.167288380817958e-11,7.0718868985172076e-12,0.6229025074671962
36,2017-02-01,0.7105865355101715,1.1506846324234511e-11,4.222436646439753e-12,4.696843573342301e-12,1.1182396124130686e-11,0.08942713228724593,1.1680424249574076e-11,7.956148211160507e-12,7.257753789868705e-12,1.7952333076179565e-12,0.1999863321422845
36,2017-03-01,0.7609095766731396,1.0399747950871264e-11,4.066605115958264e-12,4.90452013736575e-12,1.1590677239672933e-11,0.12541700466102518,1.214095951858026e-11,8.318014201796986e-12,6.7617627097000635e-12,1.8068033535810325e-12,0.11367341860584593
36,2017-04-03,0.8250663451435349,8.962513472817384e-11,4.432762837576673e-11,4.7128577480152634e-11,3.3414079615360895e-10,0.17493365350400858,1.7578942971080059e-10,9.243242439906615e-11,8.836053515065863e-11,1.8147418808440702e-11,4.625044821154028e-10
36,2017-05-01,0.8356854431400766,1.1389700388143202e-11,3.993007831576717e-12,4.174975873216335e-12,7.65786788436737e-11,0.16431455670817416,1.5336260100347178e-11,9.209787644099937e-12,1.2529643802023598e-11,1.6152343419454044e-12,1.6921691831715386e-11
36,2017-06-01,0.8342377310050431,3.4143908431996408e-12,1.5934729351650557e-12,1.5670210201859125e-12,6.750005662871912e-12,0.16576226896043134,5.500212086127931e-12,3.348023198120762e-12,6.373875286111574e-12,5.98535391134503e-13,5.380113645801384e-12
36,2017-07-03,0.8288824898946899,2.171086500400452e-10,8.701623536182968e-11,8.22622182548529e-11,8.180755305542406e-10,0.17111750781111995,3.401689522452249e-10,1.6748797292313734e-10,1.263881192174058e-10,2.8461842194384334e-11,4.2722058556680113e-10
36,2017-08-01,0.8256504627661926,2.2757760883339026e-11,7.217229352271658e-12,6.820840621524299e-12,2.113655265819483e-11,0.17434953708135237,2.323175519190981e-11,1.5358773751893265e-11,1.6077412073186934e-11,2.359452060797156e-12,3.74953629422896e-11
36,2017-09-01,0.8256504071625442,1.9008959799840876e-10,8.684815355005186e-11,7.960186595627798e-11,3.460017400601528e-10,0.17434959094986327,3.2879279743690335e-10,1.6552779003387822e-10,3.4176175947896694e-10,2.7392753282978718e-11,3.215762001138639e-10
36,2017-10-02,0.7376173370342054,0.11395055628339752,3.168785432044215e-12,3.0475102099796767e-12,6.919723954674643e-12,0.1484321066025208,8.764525427171704e-12,4.9907924208841364e-12,1.3258422157289107e-11,8.900915347329082e-13,3.883656070911036e-11
36,2017-11-01,0.8272957925697467,3.3515729001613125e-10,1.273806517491744e-10,1.1706664756926353e-10,2.7972981653080653e-10,0.1489383024234181,3.903598230619127e-10,1.9985154222347035e-10,0.02376590332774822,3.9995018804166306e-11,1.895460852147378e-10
36,2017-12-01,0.8278664561035552,1.803286918507093e-09,7.44473990815052e-11,6.034629462449419e-11,1.333795295677265e-10,0.1060841616546685,1.9913214649493238e-10,1.0812437820691233e-10,0.06604937971932144,2.49686797980366e-11,1.1876933025423368e-10
36,2018-01-02,0.8220621394610319,1.8824309749589776e-10,9.88309688935425e-11,8.697225123810672e-11,1.5881878453742806e-10,0.09123944142553232,3.2567005956547673e-10,1.2328428563333805e-10,0.08669841800280433,3.928905636215843e-11,8.952296036700566e-11
36,2018-02-01,0.7987952453404499,1.1019371286859848e-10,7.999322493645588e-11,6.66019081166227e-11,3.348515580589851e-10,5.624723242750146e-09,0.12088330564317429,2.0603401770267581e-10,0.08032144246401683,8.677588764349044e-11,4.318518992730469e-11
36,2018-03-01,0.8079862797616367,1.0986865087859445e-11,7.051366077972834e-12,6.359770396672096e-12,5.2735966884638156e-11,0.015309692969798144,2.2255816366436547e-10,2.264030062568121e-11,0.17670402693503562,6.184592522340568e-12,5.0124046784144014e-12
36,2018-04-02,0.7968843511708871,3.731279490984783e-11,2.5243389955100637e-11,2.326245956522944e-11,1.4008696143617392e-10,0.016797997177872434,5.989970138726038e-10,7.712028331578301e-11,0.18631765070061818,2.8365382638012544e-11,2.0234072538692258e-11
36,2018-05-01,0.7964700285098211,5.471537718450506e-12,2.1324056215734375e-12,1.4514195515096707e-12,6.891966837961502e-12,0.014073412983519233,1.327681235328354e-11,5.448312899172695e-12,0.18945655846742288,1.941548247661404e-12,2.6228383259063916e-12
36,2018-06-01,0.8180082113803895,3.5841618708799344e-11,8.743074931027776e-12,7.597619356104209e-12,2.7596100387177574e-11,0.1283082783384022,5.146619537827254e-11,2.079824573503491e-11,0.05368351009910505,1.629203959167786e-11,1.3768309689430245e-11
36,2018-07-02,0.8130340883388903,5.795190771032934e-11,1.807789185743069e-11,1.421203783942148e-11,5.12988360944025e-11,0.18696591117104097,7.480883312614989e-11,4.6680824811374533e-11,1.541430613172794e-10,2.7321533749200114e-11,4.557385775223646e-11
36,2018-08-01,0.7963599860638549,8.122525115180334e-12,1.3800254189944819e-12,1.4865495697622957e-12,4.478537593270207e-12,0.10715391122124379,2.9967524132870274e-11,5.827398209972827e-12,0.09648610265644454,4.155631227641734e-12,3.038514112027129e-12
36,2018-09-04,0.7952143783525156,4.499981230357999e-11,3.25572235201845e-12,2.9448805453712243e-12,1.3079099579793206e-11,0.2047856213909927,3.249561793771978e-11,1.468539389452269e-11,1.039762406154161e-10,2.9786778649848815e-11,1.1268183527044231e-11
36,2018-10-01,0.7544492468214603,5.2781193137197295e-09,2.613024104848559e-11,1.685294427626639e-11,1.0143589664663689e-10,0.13187380900713247,2.5168062721451174e-09,0.028303042583691408,0.03864833412207938,0.04672555947813569,4.815609181431384e-11
36,2018-11-01,0.7333862053121131,5.10288291507062e-10,2.8789822367078728e-11,2.3610710587417855e-11,1.9576659255560759e-10,0.04356069222553379,0.004775588222981421,0.07392168040805172,0.1443558326601254,3.349072336707202e-10,7.783204223866448e-11
36,2018-12-03,0.7222277678191271,6.251287444165067e-11,8.693920730586169e-12,1.084461773536206e-11,2.4071197217159306e-11,3.7693808766115176e-11,2.9900014993223314e-11,1.442577243767725e-10,0.2777722317972189,1.7849628659910944e-11,4.783018604467222e-11
36,2019-01-02,0.7277666165492298,1.3858871206258717e-11,5.091277830253705e-12,1.3083966767094097e-11,9.447107820776227e-12,2.3595148457814246e-11,1.2436791545446492e-11,9.164576472329823e-11,0.2722333832659136,9.39599951717107e-12,6.301600658078483e-12
36,2019-02-01,0.6518852370254451,0.07128476540695272,1.0363581124334321e-12,2.160954652645038e-12,2.001166128295932e-12,4.280154353644683e-12,7.54462707643027e-12,0.07383347453486673,0.20299652300420212,7.729124453038826e-12,3.780897491730017e-12
36,2019-03-01,0.5785385009431948,0.07872692398498166,3.697575571812791e-11,3.420293412326451e-11,8.109211129027869e-11,1.7265824136512994e-10,0.008912032001865982,0.27452196351240615,2.514152966247058e-10,0.05930057836910773,6.120993489862686e-10
36,2019-04-01,0.6562088504643862,6.642653791984978e-11,1.785180027480138e-11,1.2837513492866007e-11,5.027025071864903e-11,0.03742290771958256,1.468620775079658e-10,0.26762474069662,7.354520716567294e-11,0.03874350070699217,4.4625776904461897e-11
36,2019-05-01,0.6747784255120115,1.2078778870153815e-10,5.553935541504249e-11,4.038279429534204e-11,4.359009397320482e-10,0.08345159434733215,1.4042310939248553e-09,0.24176997753324095,1.5263105994223163e-10,2.396102032341254e-10,1.5833226378981658e-10
36,2019-06-03,0.7065802288040232,3.599633425412996e-11,2.168746006934318e-11,1.8922844545967146e-11,1.7098324547086012e-10,0.19292709150431805,2.4231568626829887e-09,0.10049267638519946,5.483707142948662e-10,2.7307469371835324e-11,6.003440610502615e-11
36,2019-07-01,0.692366227863189,3.0214171780797924e-12,2.072540980524504e-12,9.672442359656113e-13,7.331377720385853e-12,7.508677065470965e-12,0.3076335925398228,1.7955388494006443e-07,1.896631905331136e-11,1.6189316764427815e-12,1.616755448210279e-12
36,2019-08-01,0.6818169749452972,5.269010945282216e-11,3.432754875632544e-11,1.7657533444307343e-11,2.4240892125133096e-10,1.8679685100062136e-10,0.26238292208873515,0.05580010221012973,9.944883720582493e-11,8.733185397278719e-11,3.517631958023156e-11
36,2019-09-03,0.7224202216359811,1.2149855490163382e-11,9.72992855004699e-12,5.422094337067736e-12,5.87643108688522e-11,0.2775797771703673,2.0267685632639336e-10,4.567758386096312e-11,8.277402785837859e-10,1.3808171637564178e-11,1.76825759189883e-11
36,2019-10-01,0.710511249820382,1.789533015243827e-11,1.598865883787128e-11,6.670751253719894e-12,6.937848579194227e-11,0.28948873850694584,1.1195135336211895e-08,1.0030251017319804e-10,2.0189876376480118e-10,1.4092598036663621e-11,5.130963114148647e-11
36,2019-11-01,0.7171071292422397,2.584029147795511e-12,1.7823375084317067e-12,7.019702736726354e-13,3.894649950657719e-12,0.2537533826775554,8.2442249025345e-12,3.3337273805706816e-12,0.029139485214676575,1.165526393930113e-12,2.8438218872142693e-09
36,2019-12-02,0.7390320674606211,2.5749352828857168e-12,3.92821649840612e-12,2.2160771882034214e-12,5.957267200551229e-12,0.2609679324464199,1.2060561302496737e-11,4.712703309513024e-12,5.004142296371347e-11,1.8980405837666623e-12,9.569830314638006e-12
36,2020-01-02,0.7281605373220345,2.423600642896991e-12,3.464820290939876e-12,2.604624010017091e-12,5.6065308189360056e-12,0.11392983511643145,9.188100373630784e-12,4.198247695536622e-12,0.1579096275265977,1.915843520686617e-12,5.534589299191936e-12
36,2020-02-03,0.747313419767493,2.9047298670531814e-11,3.3652158050513173e-11,2.265002535866842e-11,7.56920337721569e-11,0.25268657809232514,1.1867650293604397e-10,4.8709792531070563e-11,1.7305711660203559e-09,1.8761675743450463e-11,6.242127647182725e-11
36,2020-03-02,0.7610027000697185,3.5429520382141137e-12,3.988323904579397e-12,3.894441442325179e-12,1.2209863360575993e-11,0.23899729986796794,1.2858012615155028e-11,5.060532536556778e-12,1.300920250199894e-11,2.4042602038467576e-12,5.3459870822273305e-12
