Date,Exact_SSD_9M,Exact_SSD_12M,Exact_SSD_18M,Exact_SSD_36M
2010-05-03,0.015407465320352963,0.01455412418483484,0.0044124948625442065,0.0032073753816511653
2010-05-04,-0.01422071040569206,-0.018143485090443105,-0.027917768794446164,-0.007431097393432074
2010-05-05,-0.007099176283189563,-0.005840947431688836,-0.008746289165902475,0.0019151506175308993
2010-05-06,-0.017128889022636703,-0.016516645406988936,-0.007986335425131174,0.029542103378190913
2010-05-07,-0.010556677153980603,-0.012725302317018957,0.0019370081807592204,-0.0018567074237859878
2010-05-10,0.03281959923086394,0.03448715761973424,0.03559851479685119,-0.005918627574448977
2010-05-11,0.007350920727035032,0.008501348966190208,0.002650082784859915,0.026282243742438833
2010-05-12,0.010795389750458696,0.012595007679350822,0.00949194118331112,0.006132918242382675
2010-05-13,-0.00974604217275871,-0.011390896659699907,-0.008207248688144382,-0.006919307786266677
2010-05-14,-0.014848563190628657,-0.015579699932067623,-0.011703468983930961,-0.0015759376955220528
2010-05-17,-0.0008898703353587433,-0.0007946541732792225,-0.007158468059366443,-0.008390811937483367
2010-05-18,-0.010414256176867786,-0.010875887305446254,-0.010621378279040578,0.0010891171618767517
2010-05-19,-0.009848011721107549,-0.011788420564089963,-0.016312798776262332,-0.02393506028293622
2010-05-20,-0.028386901881230175,-0.029319165598567586,-0.029621184104485214,-0.006773569179579481
2010-05-21,0.015378615439542016,0.012093958743835856,0.014732772131683136,-0.005352164142714405
2010-05-24,-0.006116561192362604,-0.0033473412349607212,0.0010049325943675227,0.014060013221272129
2010-05-25,0.003754414085588456,0.0032379241634696034,-0.00368794185525932,0.004450566128627488
2010-05-26,-0.0016920413981829092,-0.002004043674692642,0.004127461362177397,0.009458081162406103
2010-05-27,0.026270700528431615,0.027797729745497612,0.03309916571353729,0.0018570255699674547
2010-05-28,-0.005145601150034571,-0.00501311550646497,-0.008053473592208461,0.0016007634702718038
2010-06-01,-0.0029006793690341806,-0.0072539180252956,-0.008347603164982164,0.008664250812211869
2010-06-02,0.006862992807702798,0.008355577246489571,0.015191339266993068,-0.0010841851830184072
2010-06-03,-0.010215458572983825,-0.006435924177474508,-0.005721547529630508,-0.015194518899862995
2010-06-04,-0.015523140139549321,-0.020571472718494452,-0.020380521595131353,0.010427288289191568
2010-06-07,0.009432649042004014,0.00351196483555757,-0.0019927364353126333,0.019296878622165312
2010-06-08,0.0045544438383493206,0.00713744468256167,0.009663155070299117,-0.004033234779798008
2010-06-09,0.0001597968913039813,0.0019598718745531024,-0.000872706961695469,-0.003636383413619527
2010-06-10,0.00883706111948291,0.01500295047155437,0.017791603577445234,-0.013188419827929095
2010-06-11,0.010063518072490495,0.010321443338113849,0.006670716333668979,0.00874170698021288
2010-06-14,0.002745150232126265,0.004295544247123912,0.0019516467300304454,-0.0034164117710415894
2010-06-15,0.015533059653557325,0.012903359043545889,0.01883561333154343,0.0116220689054576
2010-06-16,-0.006677822472934869,-0.004728870671125584,-0.003146963021294324,-0.005454962765502892
2010-06-17,0.008692779832065154,0.006138741128340545,0.00424224549850174,0.013047448660237595
2010-06-18,0.0032601333096536787,-3.2374669180261475e-05,0.003778843597444367,0.007629205636256111
2010-06-21,-0.014844741633586653,-0.008587857953761213,-0.0010989346400032255,-0.019864870490195724
2010-06-22,-0.006216873820707038,-0.010165029056740696,-0.010914874843792933,0.008804695547405776
2010-06-23,-0.001280496073165299,0.0019056150819964008,8.781803259872975e-06,-0.004116919847513261
2010-06-24,-0.006682333670597176,-0.01116473051351425,-0.01027542692862587,0.0028938064185290873
2010-06-25,0.017062123683555058,0.016053815938624462,0.012938968365959123,0.012036265387611267
2010-06-28,-0.012490803940063265,-0.0068461128996186536,-0.007632457411111745,-0.013603824961702534
2010-06-29,-0.011742037214924976,-0.01414783758542807,-0.02049989674409545,0.001486497441719218
2010-06-30,-0.0020489540061306897,-0.002936773943941608,-0.003544379810221861,0.0033809150399840317
2010-07-01,-0.033926829105657426,-0.02096961012251154,-0.011758910760453633,-0.038132796968377417
2010-07-02,0.009081055038660092,-0.002475769151028117,0.007176050169903954,0.012388898344284562
2010-07-06,-0.016344400551444288,-0.017919293878998207,0.0031630902732941012,-0.016710232423057324
2010-07-07,0.012916535500203176,0.026140883283027747,0.017794352013479616,0.0104712148887797
2010-07-08,-0.003075783786167652,0.002893527919459455,0.0011487130200981952,-0.004416921299755897
2010-07-09,0.009540067272001422,0.010333466989739453,0.011195213707851778,0.009811461691878739
2010-07-12,-0.007365876129237747,-0.0030558146276070167,-0.008046348564308789,-0.008617811364961007
2010-07-13,0.009449322032412326,0.014848528054490625,0.010645600014912491,0.008692724345342922
2010-07-14,-0.0006069462108652246,-0.002363363703961791,-0.0014530897041021146,-0.0005069070123580554
2010-07-15,-0.00046610471018550335,-0.0012576390774991812,-0.0029976747267096305,-0.0005917129981810588
2010-07-16,-0.014203528130336037,-0.020781881051979728,-0.02301325386512079,-0.013194664000278869
2010-07-19,-0.006295096208708511,0.0009837826166595718,0.004377000804226852,-0.008056866807258131
2010-07-20,0.008630201965253473,0.012346280755133299,0.016963561493954137,0.007949521823371497
2010-07-21,-0.007233072549918841,-0.011825497791442067,-0.00903554311813772,-0.006858147974930613
2010-07-22,0.010441708453231223,0.02034707489244891,0.021469656577702553,0.00871818905198513
2010-07-23,-0.005108019131249576,0.0017182542149476996,0.0013978576964944556,-0.006589116253369548
2010-07-26,-0.0023082344337644147,0.00839194009550445,0.0023011839464398285,-0.004909979713788512
2010-07-27,-0.015708590424066558,-0.00946817375793382,-0.008167307092416079,-0.017399535580349054
2010-07-28,0.002046091674757165,0.000518340498670319,-0.0022037425349488845,0.0023786150074571895
2010-07-29,0.0032486631885195127,-0.0014146525377286738,0.002660020997500521,0.004482352549152494
2010-07-30,0.010285782821748732,0.008736535670619555,0.007212764286442237,0.010499578911907824
2010-08-02,0.018129941768171478,0.01625264005000567,0.01863634908372128,0.00043296674132228737
2010-08-03,-0.004673487889676445,-0.0035159333187760717,-0.0034282642913303716,0.0038947275992437347
2010-08-04,0.0023140380898681767,0.003569958376351955,0.004055270376922303,0.006293674390026866
2010-08-05,-0.006979308079518203,-0.005755966882465785,-0.0030607782214757497,0.002227570431802361
2010-08-06,0.00040832401554339703,0.0012477685014514895,-0.00048590403316946354,0.007351622734805316
2010-08-09,0.006525778254916815,0.005028920210867783,0.004941771612991907,-0.00373383121504869
2010-08-10,-0.0059188286016734,-0.0046125255451503235,-0.008943442790849417,0.002810917014768103
2010-08-11,-0.012515324476473811,-0.011984847471266118,-0.02424954458021624,-0.003312726220387928
2010-08-12,-0.009246127392923556,-0.005412544534242263,-0.0026052657221228293,0.012186807876256235
2010-08-13,0.004043486285984556,0.00280063851424159,0.0007461609137268422,-0.0002525783284829531
2010-08-16,0.007570725625191188,0.006873481492699724,0.005850873863892814,0.008337590362238667
2010-08-17,0.01363370283611454,0.011956831843731764,0.009745183267161296,0.00016701592206268514
2010-08-18,0.001534916920149249,0.0019432253109628863,0.0013860988286161315,0.003924853120594857
2010-08-19,-0.012194591532136756,-0.010898900164683457,-0.00936019779247562,0.0014140573193371384
2010-08-20,-0.002545348745100869,-0.002797105426133416,-0.0007322937163066963,-0.0034886464280693076
2010-08-23,-0.0034903143544235435,-0.0032984154085555785,-0.006922846059986581,-0.0015837499989705042
2010-08-24,0.0024498255603036994,0.0022561819991834694,-0.011337734128271201,0.004842224788440513
2010-08-25,0.009702442591867581,0.010059496791970794,0.0016431338124707699,0.008308407364318138
2010-08-26,-0.0010233290124844726,-0.00197008055600752,-0.006838416852130684,-0.0032959912409479993
2010-08-27,0.002017329653762841,0.0031762446372331386,0.012906315051630497,0.00041338597293044666
2010-08-30,0.0009775951412907308,-0.0002547902356199273,-0.00975378774452758,-0.0008263657871073591
2010-08-31,0.008737237417369264,0.00880592007515798,0.0025189978193181453,0.009676602746438577
2010-09-01,0.019519139611276305,0.014683264985953553,0.017953776684123266,-0.00319461932175328
2010-09-02,0.006991331112425011,0.008674140746007558,0.003697867500399208,0.00493054813175961
2010-09-03,0.00799951212407099,0.005550122521811749,0.005254793358995875,-0.0035162334663834042
2010-09-07,-0.006564513717811294,-0.004189904951772298,-0.0059897230841106245,0.006893124902533364
2010-09-08,-0.00037265979607369233,0.0010018596719192743,0.003458540765307147,8.151715436546732e-05
2010-09-09,-0.013587048736685873,-0.010613311559107773,-0.003911402971623938,-0.009371701372250442
2010-09-10,0.0029355674352040616,0.0033385289376149717,0.0028623083463913844,0.0013985340757391121
2010-09-13,0.01359807543779484,0.007925221317591028,0.013147862773991695,-0.0009036424444082409
2010-09-14,-0.00047197784386478084,0.0077428340897320695,0.0016133186510894387,0.019733543360845134
2010-09-15,0.0029058829100243,0.003897248408773216,0.001931092415111169,-0.0006450106015064778
2010-09-16,-0.006377746019220716,-7.723175640710428e-05,-0.004068212442785435,0.005567166495502945
2010-09-17,0.00326475579060542,0.0012203208868427871,0.0013196226837725697,-0.0007221077448000444
2010-09-20,0.019815032853704197,0.013664608543694168,0.012799238306652503,0.0026497670362706236
2010-09-21,-0.007637417027815907,-0.0028249591599204364,-0.0018660552849196,0.009129488373668969
2010-09-22,-0.008027660661908444,-0.006016286430804659,-0.003358717717243437,0.0015077752520454427
2010-09-23,-0.017907207266370306,-0.012047397415408702,-0.008661726182699385,0.0007924404781782631
2010-09-24,0.018040505401960095,0.015622473087033252,0.013224618489473889,0.0030878818871107596
2010-09-27,-0.005019663379278692,-0.005899746849704353,-0.001971429568690642,0.00023678904495971003
2010-09-28,0.004718248962563361,0.006422336554579156,0.004819387533844936,0.008917275579004076
2010-09-29,-0.00692902253025957,-0.003629865273577714,-0.001381049274833097,0.000782154366691734
2010-09-30,0.002016629683955717,0.001300822923244605,0.0035899232731225464,-0.0003125693908188624
2010-10-01,0.002494171139245271,0.006190783367649648,0.005586258273418791,0.00781796477034274
2010-10-04,0.007495476319725871,0.0032503811803993167,0.0013648130304023992,-0.0034907508488948597
2010-10-05,0.010331983837954167,0.017416598881873975,0.01466258042271361,0.01969476678197208
2010-10-06,-0.0008353959777198767,0.000179002618877937,-2.2919799672379295e-05,0.006259932042381088
2010-10-07,-2.3693785273643977e-05,-0.0036555005025300544,-0.00276734779196957,-0.01092477972568374
2010-10-08,0.0009730209463346706,0.006000818743375288,0.005839958427498643,0.009894939360257267
2010-10-11,-9.035990126824393e-05,0.002114283308482687,0.0020906005344483915,0.004784942697026862
2010-10-12,0.002768699002460587,0.00247376066507102,0.001450494445069294,-0.002494408617451403
2010-10-13,0.0073335452258318275,0.012832482586825657,0.011170560540294056,0.015989636896667107
2010-10-14,-0.0057116210965149185,0.000829094069262708,-0.0002644046674364302,0.005071852627100032
2010-10-15,-0.004064669564165904,-0.004478602256688231,-0.0028392967514141807,-0.00794065680323772
2010-10-18,0.011651890768068978,0.008946219058829249,0.00625648979948695,0.004488389132608335
2010-10-19,-0.0076706587121441044,-0.02078732978030708,-0.017161480225177324,-0.031054355353366904
2010-10-20,0.016860134446726793,0.015849695432570983,0.013007714544691568,0.00929988238577985
2010-10-21,-0.0038235998945056957,-0.007205568207050537,-0.0058261237911605614,-0.014087704725766207
2010-10-22,0.002119852923209623,0.0012858147918623861,0.001970424156718927,0.002008149524245767
2010-10-25,0.002069127754418338,0.004967758819683367,0.005069954265341043,0.00863336492523299
2010-10-26,-0.009284527947269541,-0.0038497003051082513,-0.0023571038031069335,0.00022921904532448252
2010-10-27,-0.007497250736210539,-0.0086156154902471,-0.0073432699696742475,-0.010391184723006756
2010-10-28,-0.003928348302028808,0.0028979195128426474,0.0027853696723794986,0.013279733233561386
2010-10-29,0.0025133927735858886,0.005055468894958156,0.004063961682535079,0.010514958525154742
2010-11-01,0.0030231808991673637,0.0019039269632190308,0.00028769328532280276,-0.005278214438733756
2010-11-02,0.005929630157585843,0.005756303247468565,0.005643489615961747,0.004320856856056762
2010-11-03,-0.0028977483865396296,-0.0035135936134598985,-0.003659361362373485,-0.006943905074696999
2010-11-04,0.027262617624492353,0.02802938891733153,0.02839891202937549,0.033898235176511006
2010-11-05,0.007316234226695858,0.0065743433283931806,0.005419268981236807,0.002573006253286043
2010-11-08,0.0008645265448664828,0.002108427093981924,0.0038036495032524225,0.010265387622344194
2010-11-09,-0.03065287680144473,-0.028685438762880194,-0.02438428183376245,-0.015894923217822442
2010-11-10,0.012250135100392781,0.01218455474005822,0.011689631157734526,0.012169105632608057
2010-11-11,-0.003538192589242516,-0.0026626992834242707,-0.0016486049515454383,0.0030603173231615287
2010-11-12,-0.01699529815118435,-0.0184808545824337,-0.02059287754081777,-0.02883917404123562
2010-11-15,-0.009618715591154093,-0.009660006093489873,-0.009199398977439134,-0.009499620168851261
2010-11-16,-0.024646890184054956,-0.022611432462636968,-0.019819188246820378,-0.010949984858740394
2010-11-17,0.0027666860162161187,0.0017769001381610122,0.0005162072414894122,-0.004504819273726622
2010-11-18,0.010570630145657053,0.010869632140995292,0.011618682916952741,0.013115441975217022
2010-11-19,0.003534561940629185,0.00319550846258197,0.0025116648857547055,0.0008327704638607795
2010-11-22,0.005433756248198931,0.005981638115266974,0.006900998859996304,0.009682289197559722
2010-11-23,-0.0019090129658127766,-0.0007171718303432822,5.7118728839897964e-05,0.006967392925156543
2010-11-24,0.010701854486529648,0.00893942470452053,0.0072834003785978855,-0.001711262323796275
2010-11-26,-0.004270609554985546,-0.004661782928895677,-0.005590125809174095,-0.007974303077129827
2010-11-29,0.0009192607506966773,0.0012296964856098151,0.0014498454486722347,0.0030049874105531555
2010-11-30,0.003034693922256262,0.004515128904743214,0.005671316485589807,0.014306069454673925
2010-12-01,0.0032731551483300863,0.0009564504027086627,0.004717812434030832,-0.00029528344948671686
2010-12-02,0.008489092004339956,0.008975620246883937,0.0069447549089080565,-0.0013295655646314783
2010-12-03,0.008671694413756717,0.004483678687137725,0.008850254458456415,0.021227759589476706
2010-12-06,0.004295151716885972,0.004851161785646476,0.004364262430966811,0.007532331179999652
2010-12-07,-0.006474741956504579,-0.0059873717447201024,-0.0076389454404877325,-0.01876202428928375
2010-12-08,-0.013833197002710575,-0.013585042810668732,-0.01062811597240964,-0.012527512886092461
2010-12-09,-0.003424525913561024,-0.0038510336174938436,-0.0013001436842478876,0.004302943021162166
2010-12-10,0.003950976437354114,0.003446635563082788,0.0034937115222266756,0.0002955745734850284
2010-12-13,0.0029328090682986625,0.00270427307209691,0.002171892130527372,0.004726364317338759
2010-12-14,-0.005355356906956037,-0.007563644635317657,-0.003627485295993292,0.0009554029318218957
2010-12-15,-0.010082847448032376,-0.010282395128866365,-0.009379943803762265,-0.010867927232667308
2010-12-16,-0.0017369746821800402,0.00014980992030249444,-0.0005566594922049541,-0.006607212551611514
2010-12-17,0.006064801377039903,0.008048108631415982,0.005227750106065401,0.0029146032333291823
2010-12-20,0.009814393347107011,0.00909838286813524,0.007491717429790102,0.0067809570669903054
2010-12-21,0.006812267708877103,0.00778223296222899,0.005944853050353743,0.0015543867243955067
2010-12-22,0.0036735139132650727,0.0034421535157239305,0.0018305316906219956,-0.0019952591092897327
2010-12-23,-0.003851570597238652,-0.003815513950514614,-0.003434079740387602,-0.0028878172943912358
2010-12-27,0.00839223166486108,0.009488847558031841,0.006318102849733035,0.002673440408569043
2010-12-28,0.009084047452064085,0.004450982394896441,0.00725397919695144,0.01629376472707891
2010-12-29,0.002645218801334768,0.004135657616617155,0.0032399781397675913,0.003570952763098466
2010-12-30,-0.0004524720699544378,0.00032373053917428263,-0.0014159607710213427,-0.0049379293795161075
2010-12-31,0.00393802714767049,0.003247882758741031,0.004162242191829955,0.012333008768124168
2011-01-03,-0.004934372611428509,0.007595981399663092,0.004422949101716803,-0.005190216271428599
2011-01-04,-0.023503369704225223,-0.020926005746454805,-0.02046020702366921,-0.023550694296361648
2011-01-05,-0.002750843457145054,0.00044718505871541324,7.982968456567549e-06,-0.0028200461956452362
2011-01-06,-0.004076225228077969,-0.006811305734885728,-0.0057503583322398265,-0.004018725806428107
2011-01-07,-0.001844040471186235,-0.0005925628838532813,-0.0010776479733647646,-0.0018680319588465217
2011-01-10,0.003997029732663428,0.0017821987133622664,0.00224385763550945,0.004042452499466829
2011-01-11,0.0058034827023313385,0.0014260607842601972,0.0026676180613161315,0.005890276771230847
2011-01-12,0.004078034316470508,0.004015553177949475,0.004089937015261485,0.004076816213831109
2011-01-13,-0.01026189677696485,-0.002846757878807359,-0.004644162566556089,-0.01040894041479181
2011-01-14,-0.00996435649609252,-0.0010416448825736153,-0.0030119460171728015,-0.010145396363011993
2011-01-18,0.0056095977108738615,0.0071110752826976115,0.006480420943375838,0.005576844250145775
2011-01-19,0.002008329966233581,-0.006040938113833051,-0.004084524746390954,0.0021734212031801863
2011-01-20,-0.01864071160265132,-0.008549388129285022,-0.010770374514610758,-0.018845296052535036
2011-01-21,-0.0012740140588978445,-0.00011438838035349863,-0.00041734004389047804,-0.0012957081849211958
2011-01-24,-0.005003993918117271,0.0004156715920147599,-0.0007044382583148637,-0.005113272115612559
2011-01-25,-0.0018475337506764784,0.005476596467315365,0.0033992495245068486,-0.001994377262370164
2011-01-26,0.008077077092957172,0.004379912500123623,0.005374879980957654,0.00814753025140546
2011-01-27,-0.024191995600477727,-0.0025821382324781135,-0.0077748498972340565,-0.024626254650339706
2011-01-28,0.017993661176356233,-0.000572294516697177,0.0034647844184535464,0.01836924929192658
2011-01-31,-0.0029702418142115747,0.005658703960753596,0.0035670847208952696,-0.003147024079075302
2011-02-01,0.009947408687487001,0.010221975259496922,0.00497448845617267,0.005771941222951244
2011-02-02,0.006628439792432061,-0.001302473691488501,-0.00133526603037143,-0.0018869998480945988
2011-02-03,-0.0037959117516177215,0.005005289970949792,0.007379018396069844,0.010283220870171935
2011-02-04,-0.002944256077452493,-0.0012758992171435142,-0.004829859335132356,-0.00503507664128668
2011-02-07,-0.0009555315927046688,0.005349937151913166,0.0044536760390340956,0.003000977782632712
2011-02-08,0.006824468569614143,0.006924441838047504,0.007112844359098388,0.009098099689888086
2011-02-09,0.0031312250336476177,-0.0005886571836924842,-8.088239101295016e-05,-0.00016687761978218297
2011-02-10,-0.004002770309208696,0.0016579335357714377,0.0009790793636300344,5.6162359158712355e-05
2011-02-11,-0.001058076456312083,0.004211796961318464,0.001379730440501691,-0.0008864007154579331
2011-02-14,0.004313504762537346,0.0022100118003738184,0.0024333680915287624,0.003407755679964205
2011-02-15,-0.009350998311181028,4.419090542815797e-05,0.001954920965910574,0.004302103485974927
2011-02-16,0.006909364420244512,0.003646086425106744,0.0015890726100158572,0.0013415584906665068
2011-02-17,0.002516187503263845,0.0019561503562342737,0.003928803068653453,0.005245828252236566
2011-02-18,-0.0011468757639809231,0.0011484273955842945,0.0030041885273826264,0.0030914056634477167
2011-02-22,-0.007332954611861098,-0.013130637641214226,-0.0016494185479856368,0.0020226515397819894
2011-02-23,0.014793874881983452,-0.00404064147413787,0.00033602879462297597,0.00383114327770465
2011-02-24,-0.005585504310789783,-0.0023515998882937474,-0.006465281376656899,-0.0075290538043134006
2011-02-25,0.019523399350349354,0.014046839156552027,0.012075417793375665,0.010413864268455322
2011-02-28,0.0017906135924780615,0.009961186449250072,0.011747566356413611,0.008755886258082832
2011-03-01,0.009702140238202353,-0.009001553881238534,-0.004747531617905214,0.0033741370305663257
2011-03-02,0.003670512534296686,-0.0052007508090153995,-0.0036524732143163046,-0.0032443459386306416
2011-03-03,0.002214601567137265,0.002547149124305759,0.0009380379158376276,-0.004971084691649958
2011-03-04,0.002966955262405393,-0.0013469485950219785,0.0002832293244233003,0.0036065243561143566
2011-03-07,-0.004802398797599041,-0.003066772650070668,-0.0027682803136695063,-0.0002691259240491085
2011-03-08,-0.006250640420098386,0.0066359476614932964,0.004777154232079655,0.002343210179720022
2011-03-09,0.0019681331349319636,-0.0005414086551713372,-0.0008233965683308137,-5.07605008883779e-05
2011-03-10,-0.01464135756930646,-0.013768356834407284,-0.013535383119185352,-0.01280800030184196
2011-03-11,-0.0037710650824493543,0.00706012322034812,0.0063125275949115055,0.005289577457016275
2011-03-14,0.0011419676462792164,-0.003509599406272325,-0.00203403436919335,0.000308932108257783
2011-03-15,-0.02991005216493005,-0.011264840577708579,-0.012815968271106159,-0.014697630669936868
2011-03-16,0.0012724749022630598,-0.008607156344523833,-0.008191979916376184,-0.0045030225941889365
2011-03-17,0.026046889498003593,0.006690230701117843,0.006629622314122795,0.006037571183414914
2011-03-18,0.004816446953705443,0.009892155345641945,0.00908635808571994,0.010179368611613233
2011-03-21,0.006356921385817631,0.008719777247562123,0.008899800760275078,0.007124303086651867
2011-03-22,0.0055004633056961886,-0.0038046752906651217,-0.0030886405079435715,-0.002345321039399513
2011-03-23,0.0019035728333590216,-0.0018190993362959366,0.0007237543070664618,0.003304737191916786
2011-03-24,0.0044080472621992,-0.0008175062904612745,-0.0007933258566325811,-0.004380864924501021
2011-03-25,0.0023025210112190926,0.004426214946672916,0.003535344988357584,0.002506162399494308
2011-03-28,-0.010778010150095222,-0.0030309240488171694,-0.0035919754243575637,-0.004007884715099454
2011-03-29,0.005363492165541429,0.0013560944801507544,0.0012741717274632816,-0.0004888945829188075
2011-03-30,-0.00032813603371180204,0.00944463032457272,0.007998239126751546,0.006627170861775285
2011-03-31,0.011959762426325217,0.008176341949512356,0.007766676745510329,0.00844059764884619
2011-04-01,0.003652317099395898,0.005417937679841647,-0.001435463733078271,-0.002874001811701184
2011-04-04,0.002130585007868207,0.007924877264083028,0.0015784492603089404,0.003040907344912146
2011-04-05,0.00037794315247438083,0.0029756275296402477,0.007618130485812895,0.011446932991149187
2011-04-06,0.0017206113162133376,0.002770181395851891,0.0014902016606243645,0.0017891089603225923
2011-04-07,-0.001205240177312186,0.0009930652326472192,-0.004781755896590203,-0.00262561444174524
2011-04-08,0.002785191595786724,0.01851497366676075,3.6290777681522816e-05,0.003554153678106336
2011-04-11,-0.0092343688901606,-0.016299547625375128,-0.003207545773130351,-0.004801935258068441
2011-04-12,-0.011792968765390308,-0.01828748229623403,-0.004646453458485461,-0.005604076305481388
2011-04-13,0.006464461419217546,0.006540615990101242,0.0008298700276943304,0.0009824623519786115
2011-04-14,0.001185675189314125,0.003928311601702203,0.012839254794909596,0.013755742788697577
2011-04-15,0.004113968905657155,0.006095439002748349,0.009860935082418254,0.009878282197947164
2011-04-18,-0.008599739330110366,-0.005928690485225249,-0.0018691073876819081,0.0016284596767996485
2011-04-19,0.0028434133037359014,0.00028102832696909986,0.004103541718432525,0.002320642654439484
2011-04-20,0.018600332730014085,0.015063279000097535,0.00887219650813506,0.00620815098418288
2011-04-21,0.0072006224691923285,0.00672743705304816,0.004447716733583674,0.0031342570223132594
2011-04-25,-7.174114020525201e-07,-0.002290469908982609,0.0036940146546819413,0.0025904426636584555
2011-04-26,0.005002769681861856,0.00044929311739487276,0.002935656510117295,0.00023472623139983396
2011-04-27,0.005559204802322846,0.007383549105746281,0.012852907431040488,0.015762991941235472
2011-04-28,-0.0014198432840456243,-0.004813690276561448,0.008029800526348635,0.006869632086364549
2011-04-29,0.003951899421182046,0.010414945750269558,0.005141329857318877,0.01029593928869946
2011-05-02,-0.007177335417356962,-0.012817076169635459,-0.005358897095913743,-0.012863361876759525
2011-05-03,-0.007007803310820761,-0.003636906567854622,-0.0059973219078180776,-0.0035236961911928556
2011-05-04,-0.00854493750295968,-0.014371925355531215,-0.00969797619783429,-0.01434486461072275
2011-05-05,-0.019949455773269804,-0.02946005372355004,-0.01395226409526842,-0.028836340365687094
2011-05-06,0.004345962817616663,0.012495513585461809,0.0014852122989798414,0.012755286341871345
2011-05-09,0.012776606677595316,0.01468134522278078,0.009429211226938402,0.014315216719018227
2011-05-10,0.009007461954965686,0.0036194000526252068,0.009690369078792857,0.003528221460069028
2011-05-11,-0.013958220246856367,-0.00956957543507497,-0.009705688750376027,-0.009195407770356481
2011-05-12,0.004642450163381595,0.00035257999869710136,0.0009277609989901185,0.0003412258675129457
2011-05-13,-0.008988588322873884,-0.0064135772192856644,-0.00845638156333249,-0.006548820769791572
2011-05-16,-0.013189054556741324,-0.0019701271661871082,-2.335447926579541e-05,-0.0017854152412066972
2011-05-17,0.00025648197951920205,-0.004222932642431577,-0.002113086539665913,-0.004333693695863931
2011-05-18,0.011242150809177327,0.006174565784929109,0.007663162487490646,0.005941693073332504
2011-05-19,0.0004923329289833627,0.0002094392871552466,0.0023355970497007388,0.0003433225098841784
2011-05-20,-0.0009373478734285211,0.012578370514519741,-0.00023363622888602335,0.012633093484533522
2011-05-23,-0.01240677919060262,0.0020057706411660573,-0.004080161032854218,0.0023052072655916256
2011-05-24,-0.0004937386258056882,0.005277710541694854,0.004025995988685508,0.005141000962896489
2011-05-25,0.007226608719256671,0.00022982277171863097,0.0022944258113779255,-6.725965128914395e-05
2011-05-26,0.005512214515723074,-0.0023229960360691567,0.005801213965361098,-0.0024229343978046016
2011-05-27,0.006434054745283894,0.009914815308699015,0.0076714160549414614,0.009985125147380999
2011-05-31,0.010964513033632274,-0.0003018512186921853,0.007973855225727756,-0.0004007783669900564
2011-06-01,-0.01776376619998881,-0.013969470677884592,-0.015476052366635365,0.0018042667317558078
2011-06-02,0.001017796578517045,0.0009211608938074913,-0.00583090188147331,-0.0027350092731629944
2011-06-03,-0.009208391871263063,0.0010066487880653983,0.004355990244299002,0.004816053661685113
2011-06-06,-0.007771376891808126,-0.00816638822098155,-0.008031117757266086,0.0017307063718987078
2011-06-07,0.00011493662803743687,0.005161173099624661,0.006074443977545258,-0.0003986754457826066
2011-06-08,-0.00610506855272135,-0.0001239082088701532,-0.002974205166627628,-0.0040553126105472605
2011-06-09,0.003282595847623668,0.0010644017214379749,-0.0043984978916977975,0.005006297164766978
2011-06-10,-0.013469532961604323,-0.014177714853201826,-0.01774179881058142,-0.008767262516014791
2011-06-13,-0.0030786544790585625,-0.003911003863833196,-0.001622909490305542,-0.009849871163104243
2011-06-14,0.01242298601444173,0.009531827015973098,0.010539594192726114,0.006090530243927249
2011-06-15,-0.01435763363167678,-0.015081292888966664,-0.007531007331045486,0.003026756639755091
2011-06-16,-0.002729619815625717,-0.0004939230663808179,0.004308362030375672,-0.0010058375715748988
2011-06-17,-6.998996842902756e-05,0.0018823500033852095,0.007915830680523872,0.006511391155075671
2011-06-20,0.004384499287708592,0.0019520889614115596,0.007292018325451992,0.0006002481594999085
2011-06-21,0.01612036492326883,0.0069169037272662735,0.006295938656169254,0.004865677450640993
2011-06-22,-0.004768020524864575,2.1272597775358058e-05,-0.0011038369798289562,0.0015256601784769737
2011-06-23,0.0006363271722650641,-0.014890851329245357,-0.018330456668774225,-0.017550886982079822
2011-06-24,-0.013460438982984048,-0.010628088280131147,-0.005529008154017966,-0.01402181039423657
2011-06-27,0.008744771240922327,0.0025776631105482455,0.0006278621098732173,-0.003623649280591812
2011-06-28,0.012466949695695501,0.011306833975399926,0.005936827980505083,0.0034997054518478648
2011-06-29,0.005923449994868898,0.010895964496070677,0.008353035817487605,0.006427712404632818
2011-06-30,0.006021498026723501,-0.002865990815892311,-0.001644463430485457,-0.00801730680216373
2011-07-01,0.007364483770902208,0.010761129944440935,0.00730654852039779,-0.00011561963532739397
2011-07-05,0.008754105818529387,0.008328864884491392,0.011982916034770683,0.01540415548281797
2011-07-06,0.0045179842481298926,0.003545595306055517,0.007926570057221326,0.008315678634761283
2011-07-07,0.011316276919773036,0.01433585726195408,0.008112822853210216,0.004841850626920749
2011-07-08,-0.0008283864673359901,-0.0013680535017373552,0.0022671304247575486,0.0048255868068766685
2011-07-11,-0.010283107873819291,-0.013739116208446141,-0.006714710966925665,0.0011689181493935762
2011-07-12,0.0008373653672759118,-0.0009407650960492909,0.0051399762398693805,0.0064931732361430605
2011-07-13,0.0064421458671672475,0.004258290055788908,-0.002306279065067747,0.0034176780797744695
2011-07-14,-0.007284693857641609,-0.008853973486159485,-0.0046259124771596445,-0.0009126130086202602
2011-07-15,0.007225885005165765,0.01129908655260369,0.00828755262534921,0.006265740798227348
2011-07-18,-0.0048976937345976,-0.004695844127346114,-0.0007533272513453207,0.004159304444622419
2011-07-19,0.009694262801122273,0.01559207055492698,0.004912197184894762,-0.0038616264684556982
2011-07-20,0.0025999985250464075,0.0003344166405882068,0.007730898566515327,0.008343598228170232
2011-07-21,0.002310868954930335,0.003275494237639399,0.0017028577546502083,-0.0030151836162742598
2011-07-22,0.005563842546008643,0.008790476098495157,0.006297444474657143,0.007329019204772814
2011-07-25,-0.004077965643518096,-0.003225295823834277,-0.002554537782360866,0.0027576688266407667
2011-07-26,0.0005174448244296544,0.003691761094515048,0.002467280937054655,0.002586639324257142
2011-07-27,-0.017642277304527866,-0.020354547947086857,-0.018189675883461244,-0.010863916032052102
2011-07-28,-0.00025127445419689023,0.00040461611241437274,0.0009422799906330501,0.0008732812222686177
2011-07-29,-0.00040187250438274933,-0.0031327778037733536,0.0026868076403685406,0.004396344709682477
2011-08-01,-0.00647340964147868,-0.00393733114002404,-0.010758511945512314,-0.0036009413441037
2011-08-02,-0.00012351942596000253,0.008333306393437132,-0.01121127023273154,0.024093291546293843
2011-08-03,-0.0005711866386144107,0.002936194513850068,-0.00525808751423461,-0.00018573244999340712
2011-08-04,-0.027133442798674315,-0.01841417475948117,-0.03252645282630867,-0.005263566227785797
2011-08-05,-0.005032405682353093,0.002701541623836068,-0.013390420763481622,0.006909836427903185
2011-08-08,-0.019514491242727434,0.0033957530988406597,-0.04253711399173994,0.03319922874418281
2011-08-09,0.03839046471981207,0.02146256845927986,0.060678617156627576,0.008915852351357851
2011-08-10,0.0039705814562341155,0.011048370688958661,-0.0015035980750159326,0.03540708696574774
2011-08-11,0.010005434681563433,-0.0008814678082201179,0.024422444283761828,-0.021938301957889414
2011-08-12,-0.0011873844697085042,-0.00028552033555893675,-0.0016636898413001679,-0.004568067169305758
2011-08-15,0.019886456149821846,0.012036908994446269,0.026880523264975878,0.010766635494822114
2011-08-16,0.0020565427857970535,0.005701203987189437,0.0026927444276479864,0.012339882013581755
2011-08-17,0.0024041223330898615,6.28212182615873e-05,0.0029268022366613663,0.00287488619724331
2011-08-18,-0.011858387239286484,-0.0027830859519816066,-0.021107052009640113,0.018919798518622313
2011-08-19,-0.0004909406311990835,0.0027807655558609624,-0.007482656611279759,0.012547772021115294
2011-08-22,0.013706040845353432,0.018704327003151316,0.010072496876551353,0.0257849077822658
2011-08-23,-0.004649995083557041,-0.012367745205723339,0.0018007044338183037,-0.03748840643825256
2011-08-24,-0.012950907045717068,-0.020566971078416388,-0.004161531283163014,-0.0338830209007262
2011-08-25,-0.00689409160423685,-0.0023925818915718723,-0.010182048698230644,0.004136339982646072
2011-08-26,0.024443129942173278,0.028190297280300532,0.01850645929699646,0.029647234760634262
2011-08-29,0.006469877849705144,-0.004844769897706313,0.01417296070925809,-0.02017237675996695
2011-08-30,0.018716035963725775,0.022503523307207205,0.012762143709027578,0.029961477773959803
2011-08-31,-0.002441884134109427,-0.004723773722460631,0.004195912917622881,-0.007705198953785069
2011-09-01,0.0008439757935987784,0.0008439892024099315,0.0008439754806561645,0.0008439897665086425
2011-09-02,0.030190556552199804,0.03019064315699511,0.030190586126077824,0.03019064598206292
2011-09-06,-0.0018555547740797208,-0.0018555536113972772,-0.0018555562234120234,-0.0018555534248001339
2011-09-07,-0.031820514386718304,-0.031820619295755054,-0.031820546970800695,-0.031820622553305276
2011-09-08,0.02671098225732986,0.026711062993562962,0.026711023278003943,0.026711065079970227
2011-09-09,-0.0061052999207103316,-0.006105279509998791,-0.0061053028069371655,-0.006105278581958977
2011-09-12,-0.02230209565947797,-0.022302149337719675,-0.022302120348329603,-0.022302150843164694
2011-09-13,0.01058464448895303,0.010584677827804574,0.010584667943694176,0.010584678071467483
2011-09-14,-0.007449217998768458,-0.0074492345349654685,-0.007449218652428327,-0.007449235493488554
2011-09-15,-0.01585691251419833,-0.01585696206373656,-0.0158569281757032,-0.015856963648888247
2011-09-16,0.009346331029418961,0.00934635796681633,0.0093463554199766,0.009346358272452412
2011-09-19,-0.015451909185157322,-0.01545191798493366,-0.015451919980730403,-0.015451918233510633
2011-09-20,0.014251884906368398,0.014251923949473607,0.014251906076290304,0.014251925007636718
2011-09-21,-0.012458771122316645,-0.012458769982835887,-0.01245880202037969,-0.01245876926934565
2011-09-22,-0.026153538037525494,-0.026153541684487885,-0.026153537496459024,-0.026153541730265528
2011-09-23,-0.05471742539005098,-0.05471753194977629,-0.05471746229282128,-0.054717535528695495
2011-09-26,-0.013892327852782826,-0.013892370445812801,-0.013892341027645682,-0.01389237189126886
2011-09-27,0.019355247029647644,0.0193552663371586,0.019355254918888683,0.019355266752559795
2011-09-28,-0.02745440594409722,-0.02745441931956529,-0.027454413732543925,-0.027454419718399067
2011-09-29,0.009473793042059206,0.009473791236555378,0.009473794929445292,0.009473791391483855
2011-09-30,0.002282746186851989,0.002282816896275782,0.0022827857845800856,0.002282818465433575
2011-10-03,0.02752010346846739,0.01834751304335659,0.027520082972912235,0.018347497608160075
2011-10-04,-0.012680576377513601,-0.020626278506871848,-0.01268057684295104,-0.020626263957758902
2011-10-05,-0.007198679116254132,0.01154533803142889,-0.007198657300472211,0.011545337650181117
2011-10-06,-0.01845763738692859,0.006459292563840692,-0.018457605389304046,0.006459296875436074
2011-10-07,-0.007387706187982993,-0.008162582020007508,-0.007387707477348667,-0.008162583268682841
2011-10-10,-0.014123772704212608,0.025694253742484664,-0.014123725332663708,0.02569425569538225
2011-10-11,-0.0033459205183299953,-0.007166030382295304,-0.0033459233595869373,-0.007166028811681542
2011-10-12,-0.014545998934843346,0.007156003538839939,-0.014545972307907957,0.007156006168433614
2011-10-13,0.00995754951523819,-0.005880136230722787,0.009957532162051709,-0.005880134613248295
2011-10-14,-0.014529612660937937,0.006777515999098773,-0.014529585828525187,0.006777518231357502
2011-10-17,0.01728807770674714,-0.004773555051382966,0.01728804905399038,-0.004773559715238524
2011-10-18,-0.006210945776229388,-0.004796446606609904,-0.006210939349173251,-0.004796438013062013
2011-10-19,-0.00034700283842761635,-0.012172522899983053,-0.00034701661001102304,-0.012172522567375091
2011-10-20,-0.007120648764808705,-0.013135612291670993,-0.007120652590979181,-0.013135608273714685
2011-10-21,-0.010582642663224083,0.011092094762310638,-0.010582616001113166,0.011092097600905779
2011-10-24,0.0016796413306956722,0.009403210785587583,0.0016796529359777222,0.009403216032249527
2011-10-25,0.02541479595802133,0.0283815081219136,0.025414789503734544,0.028381492083860066
2011-10-26,-0.017469675227381742,0.010930593256728538,-0.01746964319913324,0.01093059180594249
2011-10-27,-0.03389749176085754,0.012843543731049133,-0.03389743230231016,0.01284355142007837
2011-10-28,0.010517110521929097,0.0004128112354148612,0.010517098169724784,0.00041281063984193307
2011-10-31,0.039655408358093065,-0.013441800730052623,0.03965534483893034,-0.013441801950988399
2011-11-01,0.0334742903980322,0.0002390811500516023,0.00023908383946749068,0.00023896861932791997
2011-11-02,-0.012473696613904182,0.01003699723535867,0.010036996943883403,0.010037029944691342
2011-11-03,-0.013733282530921011,0.015734079330760205,0.01573407944462118,0.015734071699949004
2011-11-04,0.001202929152144428,-0.005066357986391325,-0.005066358221582832,-0.005066368155225807
2011-11-07,0.006352910865374638,0.02417318374375284,0.02417318629528428,0.0241730994233251
2011-11-08,-0.012796161086788407,-0.008286640098767372,-0.008286642147428072,-0.008286565358529268
2011-11-09,0.020739940241693046,-0.0084134865877342,-0.008413483694847209,-0.008413618634941578
2011-11-10,-0.014900208703977423,-0.0054048216354655836,-0.0054048223957914796,-0.005404802162534201
2011-11-11,-0.006101765894919715,0.016477779586181723,0.016477779509944137,0.016477814996617157
2011-11-14,0.016083048802355875,-0.004368877120886342,-0.004368876398289188,-0.0043689256714212425
2011-11-15,-0.0013614928762955168,0.0009238098554528473,0.0009238091242003808,0.0009238324207096152
2011-11-16,0.009117725439662818,-0.010671469632815605,-0.010671469698180377,-0.010671467645513365
2011-11-17,0.00802268799503173,-0.0257127159000454,-0.02571271702208414,-0.025712689657744935
2011-11-18,-0.0002513463294526139,0.003111842164740358,0.0031118426264073952,0.0031118527902274044
2011-11-21,0.0059493182143898005,-0.024579374241101286,-0.024579375233408276,-0.02457937638824432
2011-11-22,0.011161738737393774,0.011070318278659133,0.011070319786420002,0.011070263671027165
2011-11-23,0.009803407022526873,-0.002903614004762699,-0.00290361172258245,-0.0029037098118246873
2011-11-25,-0.014521250417248369,-0.008675652343130887,-0.008675652802550624,-0.008675607623550916
2011-11-28,-0.0004968165398741812,0.0197675105279589,0.019767509852368727,0.01976752281461441
2011-11-29,-0.008199236256198485,0.0015003295098607575,0.0015003296028897426,0.0015003186242852342
2011-11-30,-0.015615987095404857,0.019475073391126068,0.01947507179395289,0.019475169702598036
2011-12-01,-0.005016981245968283,-0.002938930745874349,-0.002938928688435808,-0.004116757652077009
2011-12-02,0.014016615443337061,0.0011201109518369833,0.0011201011520592938,0.0006695997902556649
2011-12-05,-0.0020234670720576985,-0.01472145601002388,-0.014721458897085931,-0.009551122585847774
2011-12-06,-0.009543265835923983,0.0051397502936681196,0.005139759853326558,0.003635538527930674
2011-12-07,0.0035815448647151344,0.0072541363410586176,0.007254137193133796,0.008073725066551815
2011-12-08,0.01249015304619753,-0.02018886235314993,-0.02018888748270326,-0.020746415492006384
2011-12-09,-0.02056046335031208,0.0025303944642957273,0.0025304164133773876,0.006857288494880154
2011-12-12,0.011138844408612037,-0.026502300314331095,-0.02650232602108681,-0.024551853803651467
2011-12-13,0.009320962330262486,-0.02185322364311054,-0.021853243346940967,-0.01960097443892382
2011-12-14,0.018889619153835753,-0.03508986852820374,-0.035089903770706025,-0.02596685646362384
2011-12-15,-0.0037075225467439786,-0.003662747585462343,-0.003662745346553353,0.000880135005777547
2011-12-16,0.011661491611136377,0.01903756774479317,0.019037569357693573,0.017265598520386116
2011-12-19,0.012671469866936475,-0.002319130289677083,-0.002319144094422837,-0.0037332359665346914
2011-12-20,-0.02494548083357579,0.013624300532591742,0.013624334875541856,0.017345709109723235
2011-12-21,-0.013909597622537505,0.0011466797736687064,0.001146690807079913,0.0008140666013720672
2011-12-22,0.004198585989262816,-0.0071265498918955394,-0.007126554193946412,-0.0023353979868988833
2011-12-23,-0.011120643052951903,0.0017303416136796616,0.0017303526879290057,0.002314184662378811
2011-12-27,0.0047502458183961704,-0.008956508657937453,-0.008956515877902969,-0.005964916682290453
2011-12-28,0.01848861027037313,-0.025046792008729515,-0.02504682176786548,-0.022134653984243587
2011-12-29,0.00182347156226231,-0.0045686383043049145,-0.004568639504221309,-0.001582403490479385
2011-12-30,0.0032270777127301883,0.010975176392309128,0.010975178563486135,0.007573156377190849
2012-01-03,-0.015010374822013261,-0.015010389811788512,0.005171177341854255,0.017657446730599026
2012-01-04,-0.01188954757083375,-0.011889552500445546,-0.015719124674403524,-0.0047752909319965535
2012-01-05,-0.0017798552287924315,-0.0017798556259707454,0.007560648148420482,0.00806806481913721
2012-01-06,0.007894515280218038,0.007894520306295769,-0.0015169418722642764,-0.0029422395541873385
2012-01-09,-0.0017685056030968867,-0.0017685068234759448,-0.003214948863251937,-0.003922973532685846
2012-01-10,-0.0016874060162936702,-0.0016874115620619128,0.009143344898029503,0.012042945370850667
2012-01-11,0.013015631321412474,0.013015636866188578,0.007968010048772721,0.006387312172376449
2012-01-12,-0.0014182329286420545,-0.0014182336463107138,-0.006097495169947733,-0.0007846110351146478
2012-01-13,0.009942119565492666,0.009942125924388256,0.003221168287436481,-0.002655359903067852
2012-01-17,0.004632948444629068,0.004632947373222764,0.007642017434070644,0.008080814739815631
2012-01-18,-0.012104981240756447,-0.012104991387389368,0.003944116670496975,0.007403567690237618
2012-01-19,-0.013753372152049505,-0.013753380680308019,0.00093358921641529,0.001064503483446494
2012-01-20,-0.011325599985069256,-0.011325605722262004,0.0034172984100698657,0.005161389904519547
2012-01-23,-0.006325879394466338,-0.006325884225290457,0.0031227077628179466,0.0053975327565667095
2012-01-24,0.0018068779388439793,0.0018068783979367663,0.006353867572229628,-0.00016184924782693393
2012-01-25,-0.002404298901578352,-0.0024043055115801587,0.010807215642080089,0.019747427552928406
2012-01-26,0.013256110619406257,0.01325611603409726,0.007944609717671474,0.005274876508672349
2012-01-27,0.0031434091043967033,0.003143409149582618,0.0010155358228408314,0.0052643685356256395
2012-01-30,0.011772102494539662,0.011772111084836775,-0.004349488890522864,-0.005891551547943241
2012-01-31,0.011550798017627954,0.011550802064478708,0.00600901236733261,0.0059226090507249075
2012-02-01,-0.01145472062317129,-0.01145474271836143,0.0014765865121150537,0.006527596700747565
2012-02-02,-0.0004196756290787974,-0.00041967958641589534,0.008787475843809843,0.004718950240654936
2012-02-03,-0.021488552953252298,-0.021488584345051992,-0.01993568698656175,0.002271097681433135
2012-02-06,0.009950535551141181,0.009950548021863573,-0.002744012027824949,-0.0023896044503418585
2012-02-07,-0.012401107639730787,-0.012401123129574735,0.015073582754041095,0.00473258424948853
2012-02-08,0.0007739918086938878,0.0007739905099975663,-0.0070712749703377865,-0.00032479202214561836
2012-02-09,-0.007476759986596805,-0.00747676762222348,-0.0028486383709451983,-0.0019080039521488653
2012-02-10,0.012987997891484483,0.012988022233603692,-0.005237501920208925,-0.0072794775202403034
2012-02-13,0.0012822934035785461,0.0012822869688372026,0.002213688169735347,0.007202533236256399
2012-02-14,0.005292913594092863,0.005292922519403523,-0.002328215422780712,-0.004114586590199757
2012-02-15,-0.0017832861314052277,-0.0017832865870346505,0.005923912423073712,-0.0021569361696017145
2012-02-16,-0.007996710158544971,-0.007996726876361797,-0.0006543309574198194,0.0075476609458044065
2012-02-17,-0.0002569220340545734,-0.00025692173637046104,-0.0038690074633645328,-0.001849321325487186
2012-02-21,-0.011065879175433786,-0.011065892737449129,0.021930050658832495,0.002188456515616619
2012-02-22,0.012577274833211059,0.012577287655297812,0.011226736868065714,-0.0006796569904585029
2012-02-23,6.12661429576017e-09,3.9154719681950636e-10,0.00046260339792511627,0.00680750297474838
2012-02-24,0.006510621235264876,0.006510625790408286,-0.004565987422046016,-0.00013738276340861691
2012-02-27,0.008850674025133192,0.008850686028357624,-0.0030772711489918947,-0.0013131516148459368
2012-02-28,-0.003290039996395617,-0.003290048071324194,0.01042520116441804,0.003991191690303252
2012-02-29,-0.006094436623596644,-0.006094432863031142,-0.05302901429467324,-0.020960511202099137
2012-03-01,-0.009413909412673772,-0.009413916729851878,0.008319125789377971,0.00729242458061009
2012-03-02,0.00939179328691567,0.009391799098422856,-0.0008252630187137152,-0.0005886346388034163
2012-03-05,-0.007938530380998367,-0.007938532237566331,-0.00992882995768259,-0.00262675223047542
2012-03-06,0.012132318091572834,0.012132329955958232,-0.010329888967106555,-0.010933346512010346
2012-03-07,-0.006121340834674228,-0.006121346123022033,0.007578987350638247,0.00594603179234775
2012-03-08,-0.010007008645449825,-0.01000701684720538,0.01072652667522655,0.004354826129396209
2012-03-09,0.0019863554060341577,0.001986354935417459,0.004330881801686236,0.0046537709887018676
2012-03-12,-0.0001721595674988401,-0.00017215880729234433,-7.744751874139305e-05,0.0014861535837519847
2012-03-13,-0.017593577862871378,-0.017593589246168453,0.016312931562336874,0.012181872208251739
2012-03-14,-0.025195558546705007,-0.02519556680772871,0.002159093582973479,-0.002945593805200152
2012-03-15,0.0015316185264174073,0.0015316179202127741,0.0032846180655374097,0.002328452731391709
2012-03-16,0.0019777559266409843,0.0019777561769316527,-0.0005719784635039834,0.0018373493886155881
2012-03-19,-0.011935727729021331,-0.011935734338576564,0.006724765774086833,0.005286400251181717
2012-03-20,0.003996411932421563,0.003996415978799413,0.0010912353395791476,-0.0006900867813322769
2012-03-21,0.011308091171190972,0.011308096347347564,0.0001716715679904193,0.0002698481069109838
2012-03-22,0.0032201838914096637,0.00322018758501496,-0.0022094137513456744,-0.005887728671584775
2012-03-23,0.009451445769749824,0.009451447955945273,0.00023584357849701942,0.00400460881233509
2012-03-26,-0.005123271494063291,-0.005123279055958869,0.01749708793661181,0.014453306674767824
2012-03-27,0.0071919475153917976,0.0071919511578963195,0.0009166458022114474,0.00012033181887832067
2012-03-28,-0.0014102235868651807,-0.0014102215836498103,-0.004387470811010608,-0.003996112717473929
2012-03-29,0.007503169675787546,0.007503174003509821,-0.0036716597869794992,-0.001483018507668579
2012-03-30,-0.0169104408192079,-0.01691044958565974,-0.0014596465523014622,0.0016396368940495073
2012-04-02,0.0055402665605639445,0.0055402665639869226,0.009995612770848254,0.007298043604038804
2012-04-03,-0.01732888180354954,-0.017328880290437807,-0.0015670769507136473,-0.0075284051898616726
2012-04-04,0.013745978348250512,0.013745974495098767,-0.013846784288226222,-0.012236601995468603
2012-04-05,0.007225822523100892,0.007225821335870087,0.006292765952752421,0.002097283142406301
2012-04-09,0.023381107770936188,0.023381103437062435,-0.006546994590867013,-0.0038255683579727405
2012-04-10,0.011336843778289798,0.011336840596936999,-0.014207090316562277,-0.010085755617071568
2012-04-11,-0.011980194988348788,-0.011980191959369894,0.004491229152453921,0.006298243299255082
2012-04-12,-0.004156528496666235,-0.00415652619530274,0.01134629251848322,0.011491183049918018
2012-04-13,0.01617659553242732,0.016176591962150814,-0.0149128581589333,-0.00809917181989128
2012-04-16,-0.001455351727646735,-0.0014553507860859266,-0.010574818537808133,0.0024212358162272515
2012-04-17,-0.0006001195330626636,-0.0006001187002676842,0.018825050805367567,0.00850050799784709
2012-04-18,0.0029164536923327543,0.002916452533590096,-0.0027752267260106795,-0.005068874442597192
2012-04-19,0.0009408356160542951,0.0009408354086067089,-0.010428590714763247,-0.002607575852451458
2012-04-20,0.00017101048626940693,0.0001710113148801205,-0.002496341687135784,0.004822317193829081
2012-04-23,0.007260057499530841,0.007260055226938502,-0.00870744680215835,-0.007328796441153525
2012-04-24,-0.007038935444325174,-0.007038933306559813,-0.00490590716139602,0.005306767227744404
2012-04-25,-0.005123732703860098,-0.005123730816139555,0.024872890741351916,0.012093596382105812
2012-04-26,0.006008559362907726,0.006008559035908866,0.006074272422122872,0.005188283210969756
2012-04-27,0.0008538678042110144,0.0008538682281170596,0.00572061193367204,0.005151848673015724
2012-04-30,0.0002555496696538459,0.00025554951112514936,-0.006430368644494277,-0.0020883861237147036
2012-05-01,-0.005186497999696315,-0.0051865035143559245,0.0016668879996439578,0.00401131565955912
2012-05-02,0.007042796436660937,0.0070428023361962955,0.0028726104984806568,-0.0023678923890018528
2012-05-03,-0.0002557433148589812,-0.0002557385194221825,-0.00992397959956496,-0.006902264104479541
2012-05-04,0.007848505991548656,0.007848519751146458,-0.022979011716413138,-0.00529813040849683
2012-05-07,0.00016926197742117119,0.00016926050786192901,0.0010978470410394907,0.002510968444499123
2012-05-08,0.005331819417409134,0.00533182714939903,-0.003268616669022567,-0.00933223451030655
2012-05-09,0.0006734892969485196,0.0006734937718009391,-0.002946369712132058,-0.005954030418723856
2012-05-10,-0.0029449635596780176,-0.002944966290055029,-0.0019676662042945226,0.000998672672224779
2012-05-11,0.008269055143830606,0.008269062858534121,0.0002698601438989923,-0.002237042335682834
2012-05-14,0.013974721831284434,0.013974740426448848,-0.008488733306715792,-0.013128850582518033
2012-05-15,0.00404417811378655,0.004044184613530807,-0.0030619873438512304,-0.0072677864603822055
2012-05-16,0.0028767316100687897,0.0028767385467189195,-0.006523948114164843,-0.006802269868056315
2012-05-17,0.01770349319555104,0.017703515670770872,-0.019784082857620976,-0.006895799879161628
2012-05-18,0.00024163168828151326,0.00024163593024987572,-0.012407071108665164,-0.002346393575138137
2012-05-21,-0.0020933099771396316,-0.0020933230352848213,0.026503264674829326,0.013509835435516026
2012-05-22,-0.011134683185998294,-0.011134688320224347,-0.0014352944032228296,-0.006112177486543329
2012-05-23,0.006935581462033368,0.0069355872275247464,0.002113993036888499,-0.00038290175430417516
2012-05-24,-0.003808441296848456,-0.0038084432707617254,-0.006076020991143656,0.0010002036198673747
2012-05-25,0.0037415979395717383,0.003741600939903062,-0.001166896016286508,0.0014443662126931438
2012-05-29,-0.003079083507222336,-0.0030790921851961157,0.012119692920020013,0.0035802775286438225
2012-05-30,0.02536148549497662,0.02536151256696282,-0.00753311596189021,-0.00993860571503688
2012-05-31,0.011574508099357806,0.011574517043101962,-0.003278092483625847,0.002505591233637172
2012-06-01,0.023739924902979898,0.023739853398865852,0.023570440886493575,-0.011323703107108228
2012-06-04,-0.007900811729220181,-0.007900797557530353,-0.007897246191835895,-0.007163123957902604
2012-06-05,-0.013376807990788313,-0.013376764288280682,-0.013257234901270325,0.011360988992335471
2012-06-06,-0.019984580868935592,-0.01998450950591141,-0.01983642327696978,0.010666958832400042
2012-06-07,0.0015194941595520243,0.001519484441901174,0.0014891186180364445,-0.0047647228729761895
2012-06-08,-0.00023922685241149695,-0.0002392119926430149,-0.0001885175922130969,0.01025170458547809
2012-06-11,0.004551910674392384,0.004551881156039384,0.004456904327870488,-0.015103412742287183
2012-06-12,-0.009142711020431333,-0.009142677926346073,-0.009077225335977669,0.004405284957660843
2012-06-13,0.00986903032786574,0.00986900367614387,0.009816421595643778,-0.0010149157024888743
2012-06-14,-0.0012715923437719033,-0.001271580216496432,-0.0012159132558630164,0.010247533852542618
2012-06-15,0.005569326952210319,0.0055693279395174,0.0055713796663705495,0.005994008053022799
2012-06-18,0.0053795011355994085,0.005379494202843967,0.005389807518675073,0.007511702017576277
2012-06-19,-0.013062514480268295,-0.013062473867900045,-0.013002380961074481,-0.0006217778399481136
2012-06-20,0.004943471085237464,0.004943455446645592,0.004924459773827353,0.0010103101119094669
2012-06-21,0.005315629774546565,0.005315588732776431,0.005239742909977572,-0.010384224119473175
2012-06-22,-0.013337402965035269,-0.013337362449511989,-0.013289963958861898,-0.003522964067927095
2012-06-25,0.014557734518796597,0.01455769012680442,0.014488638792891825,0.000262866587421763
2012-06-26,-0.003941893375176325,-0.003941881441718232,-0.003916252591714559,0.0013627944507137552
2012-06-27,0.0015826580331092582,0.001582663546492467,0.001591075989382691,0.003324216176297746
2012-06-28,0.002449932344671726,0.002449924533331288,0.002479753949120806,0.008619515184087169
2012-06-29,-0.013007320105274753,-0.013007251669608696,-0.01287178103688953,0.015033661282386266
2012-07-02,0.010870209717772047,0.01031774263391001,0.010317746869389749,0.010666438093117571
2012-07-03,0.0032488332801393627,-0.007685121853017816,-0.007685132627747182,0.0027181614485894765
2012-07-05,-0.003964950064523826,0.005110029344665533,0.005110035415355684,-0.003485858940560338
2012-07-06,0.0037594197723012173,0.009293643721272693,0.009293653448364097,0.0038773288402756292
2012-07-09,0.0025683217010345947,0.008814673702628225,0.008814681348964347,0.0029656742194689133
2012-07-10,-0.008218706569309377,0.0020284208828715016,0.002028428609775111,-0.00761588883878026
2012-07-11,0.0011011251522383744,0.001245544072850127,0.0012455456323192163,0.0011749724248513004
2012-07-12,0.003829375317557981,0.007076070341564585,0.007076076672636624,0.003945042096197914
2012-07-13,0.009381103076322188,-0.0026250357701066147,-0.0026250448613855874,0.008616864219292954
2012-07-16,0.0024737963942745547,0.004645275220787287,0.004645279186060156,0.0025845898320798846
2012-07-17,0.0061746315939799,-0.007860291034526696,-0.007860301114719918,0.005107814285013127
2012-07-18,-0.004664778868308124,0.0005437670980053212,0.00054376597301317,-0.004300169901357301
2012-07-19,-0.008898507458220024,-0.0025618920745531827,-0.0025618932325858516,-0.008327802621472032
2012-07-20,-0.0018621371754928187,0.012218925049755058,0.012218939036910553,-0.0008977392808611911
2012-07-23,-0.0047569606423704955,0.00561263937487988,0.00561264840072406,-0.0040784548716734405
2012-07-24,-0.0011663210588069917,0.007875614567093205,0.007875623644381498,-0.000518458464158643
2012-07-25,0.00013302840369837786,0.0025788355075319286,0.002578838092691464,0.0004935137277686846
2012-07-26,0.005364360942559889,-0.00915554332776208,-0.00915555680670795,0.004451239536202898
2012-07-27,0.004020301377667492,-0.018862292510196214,-0.01886231515880461,0.002555129113697226
2012-07-30,0.005207696079144699,0.007472606743377518,0.007472611614886281,0.005267795032867474
2012-07-31,-0.0008127723742911083,0.0020082529764639907,0.002008254718815029,-0.0007058324667698316
2012-08-01,-0.004822004240562189,-0.004998924058514978,-0.004998924202391525,-0.004843254203604361
2012-08-02,0.0032319971826784625,0.005668265856797348,0.0056682665817754715,0.003524618915863218
2012-08-03,0.004639963964240886,-0.0161371542421916,-0.016137156401346896,0.0021444120797322543
2012-08-06,-0.0008529571884490621,0.00039175555863232636,0.0003917553089965419,-0.0007034540651708929
2012-08-07,-0.011924156982037344,-0.01286545915501046,-0.012865460181425379,-0.012037217477851556
2012-08-08,-0.0065963506917915415,-0.005324311595444364,-0.005324311932271696,-0.006443565397557915
2012-08-09,-0.002863668887032101,-0.0007193907639123036,-0.0007193909456974284,-0.002606118441386671
2012-08-10,0.0018563914687954616,0.005037060375484843,0.005037060711522692,0.00223842348194225
2012-08-13,-0.0008812066659210767,-0.0016703099512245653,-0.0016703098764312477,-0.0009759863021196803
2012-08-14,-0.003641978654685657,-0.013546950722170407,-0.013546951625056706,-0.004831670654375163
2012-08-15,0.0021147672093915298,-0.014056125159683191,-0.014056126276347374,0.00017247190453613257
2012-08-16,0.005465762532337779,-0.00852104402513279,-0.008521045096599626,0.003785799030733424
2012-08-17,0.0009068865700444099,0.004875269670238304,0.004875269925312226,0.001383531373818189
2012-08-20,-0.00221397341273676,0.002055963944105193,0.002055964044911727,-0.0017011087771125618
2012-08-21,0.0024231042287369527,0.004432075437297774,0.004432075597921696,0.0026644029351695123
2012-08-22,0.0016588911659853136,0.016504422113081774,0.016504423154826864,0.003441996542072333
2012-08-23,-0.0020672751858400794,0.004179739470384147,0.0041797399686161005,-0.0013169426031871367
2012-08-24,0.0027637670501243893,-0.0009608548164409629,-0.0009608550026551589,0.0023164005583629415
2012-08-27,0.003392667541382942,0.005849161225072546,0.0058491616901088775,0.0036877184729503087
2012-08-28,0.003319147877872721,0.0023900217980092234,0.0023900219069794494,0.003207550028908065
2012-08-29,-0.0008384613136332749,-0.004370718060881913,-0.004370718317948152,-0.0012627227323339656
2012-08-30,-0.0012660223520911977,0.00518777270763848,0.005187773422038247,-0.0004908532258950243
2012-08-31,0.004608645252134018,0.014133710746927713,0.014133711220835959,0.00575270639340374
2012-09-04,0.005542067121170099,-0.0010258863046787785,-0.0010043503471912905,0.0052271211636653785
2012-09-05,-0.001987290742955788,-0.0011809895443478519,-0.00471249352975654,-0.001948607728748451
2012-09-06,0.007799717891428604,0.020585864689672592,-0.01665100815209021,0.005340632045467739
2012-09-07,0.0001542209410518283,-0.001572005346288614,-0.004654595073206914,0.004070618095276232
2012-09-10,-0.0073369930938099,-0.012185584656737407,0.0024188978968474498,-0.006594470553739874
2012-09-11,0.001688394466673471,-0.0017988534329048491,-0.0062735859803401545,0.0021509348017602066
2012-09-12,0.0008027667078753006,0.002283360514195805,-0.01246424843074316,0.00023231984521921643
2012-09-13,0.010896177444461088,0.01282466866643789,-0.0039341583925309,0.012062584512898532
2012-09-14,0.0028808601427052047,0.007438412144876712,-0.026578155476927483,0.0017776351734934577
2012-09-17,-0.001210506102208252,0.0009085224568811903,0.012004147359378143,-0.002334554555439016
2012-09-18,-0.00716872107027637,0.0010272398888817543,0.005011413802406649,-0.004866375856274234
2012-09-19,-0.003770545837741314,0.002045998092600459,0.006565604299377415,-0.0033130763884595443
2012-09-20,-0.011911999096241912,-0.0008498970185978328,0.0024771409337096687,-0.010633236142010958
2012-09-21,0.00025604615612828853,0.00032093480053095873,0.0011528221287417275,0.0007448734596728264
2012-09-24,-0.002837924294407338,-0.005277099432024298,0.00781577167923195,-0.002818562446556447
2012-09-25,-0.012392506079425169,-0.013058128555382287,0.009877367318394902,-0.009844665820770766
2012-09-26,0.00011506633839200699,-0.007359656098396514,0.010751270561253988,-3.156343830052782e-05
2012-09-27,0.004139537255519416,0.01291502824713154,-0.007118270520289159,0.0050726368333822115
2012-09-28,-0.0019666139169452115,-0.00787832023557849,0.0005645854975747627,-0.001516810995025136
2012-10-01,-0.0008498582160410981,-0.0028267879972852833,0.0037105116246662437,-0.00393319923753184
2012-10-02,0.002384498493551855,0.003993003698549146,-0.0013662512648364726,0.004504036680034788
2012-10-03,0.0056855728860155975,0.005036969154459898,0.0003219935520472578,0.0019296935631306878
2012-10-04,0.002142793158438997,0.0019153639188097483,-0.01247099875222232,0.0022772368410768087
2012-10-05,-0.006043888794810875,-0.003887783038865305,-0.012953918828852839,-0.0012359959565661051
2012-10-08,-0.007320342737269902,-0.006679561085993667,0.008419074522598363,-0.002558441983275723
2012-10-09,-0.014302583253274324,-0.012234729147103674,-0.001800779501146777,-0.004569183129243618
2012-10-10,-0.003798585209991334,-0.002249644849044077,0.007051959071241074,0.0022738393065576475
2012-10-11,-0.0020051057429643516,-0.00215960395607711,0.006921493808596116,0.0005039902502535854
2012-10-12,-0.00042921767460322487,-0.0011533411569869959,0.002506891216817999,-0.004895615997180469
2012-10-15,0.005843466367555038,0.00682072050796513,-0.0022588236119247033,0.000702069317204582
2012-10-16,0.011308869821725017,0.011050882665500474,-0.01382448104762862,0.006213441734718287
2012-10-17,-0.0013327766277795431,-0.0014609026835664537,-0.009263730228558408,-0.0015162697066365858
2012-10-18,-0.010844339519447521,-0.00568928290865532,-0.006123292584735033,0.005026478485805849
2012-10-19,-0.020028449683391323,-0.018505810411551193,0.013570417580334462,-0.009197027526858628
2012-10-22,0.004063878908757412,0.002090478206048246,-0.006406782608356238,-0.001945397117933899
2012-10-23,-0.007484115535338572,-0.008844971502907237,0.014301671341653433,-0.01108427349363726
2012-10-24,-0.004094048069816578,-0.003025267637137324,-0.009861551194747577,-0.0017245802187229003
2012-10-25,-0.00021211211958735112,-0.0009123339789153332,-0.0051041369247014625,0.0007040427752066097
2012-10-26,0.003869614570199336,0.0002936522803234816,0.01472769418748893,-0.005803144491714196
2012-10-31,-0.00460947307725694,-0.001545633237075864,0.0058710763470626376,0.008194818079957554
2012-11-01,,,-0.008187674233052448,0.00188219731241477
2012-11-02,,,-0.0007355314792741322,-0.0005595325660158384
2012-11-05,,,0.005643841405603072,-0.003429124104848838
2012-11-06,,,-0.009434977962772048,0.007308488994582047
2012-11-07,,,0.018146187992192152,-0.002029109987961372
2012-11-08,,,0.014839125557109362,-0.005463095640699001
2012-11-09,,,0.0011122617810363983,-0.0020761824257193606
2012-11-12,,,0.0016665384795653472,-0.0021321908918634455
2012-11-13,,,0.00332870347387628,-0.0009227056807269607
2012-11-14,,,0.0009475359654917464,-0.013096339232748009
2012-11-15,,,-0.0019725157271954607,-0.0049350860990101135
2012-11-16,,,-0.0008697792392400074,0.00396030315243536
2012-11-19,,,-0.005618392394638715,0.011425306673452564
2012-11-20,,,-0.010027198897754585,0.004067882697320904
2012-11-21,,,-0.0005625683466011059,-0.0009899934659956583
2012-11-23,,,-0.0009648376714244492,0.008217554953877902
2012-11-26,,,0.004749804690332514,0.001383763053776273
2012-11-27,,,0.003926245904442064,-0.004833594100159429
2012-11-28,,,-0.0014366868427345967,-0.004142281148233537
2012-11-29,,,0.00015970694691742988,0.004821116228693295
2012-11-30,,,-0.0027175167622341323,-0.0003803508923249858
2012-12-03,0.0011491120062265335,0.003720986197407833,0.0009241635558585542,0.0034755461326165223
2012-12-04,0.005471201444482455,0.0018811349436082577,0.005775254519398549,0.0023266200104586784
2012-12-05,-0.0006667686004318791,-0.0029664391161049156,-0.00047824971421467284,-0.002616435770301487
2012-12-06,0.0026699836407568307,0.008689059775317353,0.0021541138768999013,0.00800514104289098
2012-12-07,-0.008305428081803122,0.00250417741582766,-0.009236146875566158,0.0013201900655612812
2012-12-10,0.0040690349187588225,-1.3797472952596329e-05,0.004420323145598643,0.00043597159825490254
2012-12-11,-0.006877630740275735,0.0017291997010587007,-0.007601472188835143,0.000608450985495471
2012-12-12,-0.010972482840651445,-0.0034898151935530103,-0.011609854065299236,-0.004380672009629577
2012-12-13,0.00012871265513826643,-0.006971342496160312,0.0007338488393237402,-0.006129685006600536
2012-12-14,0.006948431687000164,0.0003834076573466592,0.007499375644178048,0.0012504914349656744
2012-12-17,-0.013511675583954417,0.003653217964327185,-0.01496758666680599,0.0015455721831026165
2012-12-18,-0.00870968724135677,0.008647309742647115,-0.010184887327868212,0.0065470166184806765
2012-12-19,0.0029815907899136867,-0.0010107996043486195,0.0033191709774856104,-0.0005097019472152083
2012-12-20,0.0010976237942996125,0.011885981208751117,0.00016546414502513552,0.010738092364864728
2012-12-21,0.010010653865618351,-0.0007004635681699799,0.010915539732538768,0.0006521762183240072
2012-12-24,-0.0015745220867349134,0.0010288782137952486,-0.0017996142614083676,0.0007533961683518535
2012-12-26,0.002997815058683111,-0.0040720247417466784,0.0035967923072178693,-0.003196867599902421
2012-12-27,0.0033785368620018893,0.003590815719935637,0.003355519992237133,0.0036165723238672206
2012-12-28,0.004825977702574595,-0.005566779303012857,0.005709175598668119,-0.004308172216687317
2012-12-31,-0.015267556607389389,0.008379217384110281,-0.017273724924367788,0.00548053966283503
2013-01-02,-0.012260204449807134,0.017621545867444074,-0.0133684914235154,0.00857235160222831
2013-01-03,-0.013401519466767414,-0.0038830594943938053,-0.013549483023188732,-0.002542114281514791
2013-01-04,0.003945033690942066,0.002407737603433519,0.0039000187565749974,0.004163304724679297
2013-01-07,0.00023898791465262468,0.00023081808445572026,0.00042235357219253217,0.0016333753440065945
2013-01-08,0.006117460038763821,-0.002607608289189305,0.0065853561105479515,-0.00035756670145396227
2013-01-09,-0.0006914224416743137,0.0034142070052273414,-0.0009226947564439659,0.002169549912065277
2013-01-10,-0.0021735291569793974,0.004923308676440269,-0.0027704094824480383,0.0008387948656927648
2013-01-11,0.008660093807279034,0.0006331728065681795,0.008923336784478358,0.0005489924395812526
2013-01-14,-0.002601477455420805,0.0003146227134544009,-0.002753613416671378,0.0020419449076045457
2013-01-15,0.00436549985128682,0.000528194679580131,0.0046018234132097395,0.004794152516970673
2013-01-16,0.0018166746693794567,-0.0005734814035192073,0.0020820930755182186,-0.0006473656145679718
2013-01-17,-0.0092772741454144,0.004411536372060451,-0.009973220230064752,0.0012974100375094339
2013-01-18,0.007386969038568189,0.0012226867543939672,0.007723311657362103,0.004526540466490638
2013-01-22,0.0018618428670707729,0.0029222396849891623,0.0019156277349459006,0.004617295475340558
2013-01-23,-0.0014786811066579972,0.001287117130358279,-0.0014965599830359427,-0.0005663172455264857
2013-01-24,-0.003177879165614759,-0.0016273546758959565,-0.0034973600072068143,0.0007256396907282024
2013-01-25,-0.012763186224654766,0.006132069409288508,-0.013704222429555225,0.0025048133850195794
2013-01-28,-0.0036921292277213545,0.0006476413566774629,-0.003643353875659939,0.0015234799557028269
2013-01-29,-0.005053097965079218,0.0027825458584910625,-0.00552709673107527,0.0017571435229299405
2013-01-30,-0.001605508107708915,-0.0049009046763267144,-0.001710206960575215,-0.007715059835177177
2013-01-31,0.004552155548379852,-0.004138202184980722,0.004882540534896712,-0.004434116722556309
2013-02-01,0.005144938835923265,,-0.012665610046440345,0.002995195411154668
2013-02-04,-0.01284197680147031,,0.01255271046854501,6.259028219946843e-05
2013-02-05,0.003333330938121505,,-0.008776264206019744,-0.0031873988862762153
2013-02-06,0.0016170905485250017,,0.008111987185720926,0.004145731332757739
2013-02-07,-0.006667485285567942,,-0.002257414223464207,-0.003908358253410943
2013-02-08,0.006112977399601335,,0.003947767189194889,0.008020362932358324
2013-02-11,-0.0009998369300842805,,-0.0007313123652622093,0.0006103019569336834
2013-02-12,0.0038384782575583286,,-0.0023079912773399857,0.005848860719352098
2013-02-13,0.0011551724663392301,,-0.008010305802279035,-0.00184345394483814
2013-02-14,-0.002285598398174014,,0.008844301193487234,-0.0022904003536357385
2013-02-15,-0.002206165319424505,,-0.00285314385611332,-0.0007193795556551179
2013-02-19,0.009034988508756886,,-0.004759686079479679,0.005667548070773426
2013-02-20,-0.00923508415464253,,0.0028589362532469116,-0.00584357207219419
2013-02-21,-0.011353043034588086,,0.005622033788985579,-0.004978090068582207
2013-02-22,0.01213533955657435,,0.0008422437368936961,0.008381003072175678
2013-02-25,-0.01755472013587688,,0.018998990447729076,-0.01234723069920509
2013-02-26,0.0055372350824887725,,-0.005567460106307322,0.005294908883973628
2013-02-27,0.010185918229729429,,-0.0027769132871901894,0.005103420502972669
2013-02-28,-0.00021664023135981497,,0.001811267897468393,-0.0009697964682486044
2013-03-01,-0.0011666329712863436,0.003510259666406381,,0.0037175569510299314
2013-03-04,0.003284578587075855,0.00640506157169865,,0.005151658162069259
2013-03-05,0.007663491651814858,0.006954149972467494,,0.005901530653488114
2013-03-06,0.001491672566939883,-0.003505134709031682,,-0.004101424317106332
2013-03-07,0.0017694785702464485,-0.00495895232708816,,-0.005252680363496103
2013-03-08,0.001175162397688497,0.0006767487093995514,,-0.0005131896940770315
2013-03-11,0.002495844928301422,0.0008659792180688285,,0.0008758661554365283
2013-03-12,-0.003656997513265864,-0.0027756275425149194,,-0.0017044874055850132
2013-03-13,-0.0013529463292060425,0.0008287541096763817,,0.0006289206603647188
2013-03-14,0.007975502901968514,0.005500842468738257,,0.004587403181671748
2013-03-15,0.0018194896305772942,0.0024829861020678563,,0.002718978124486236
2013-03-18,-0.008308396013138859,-0.004410806202539656,,-0.0031242991411476223
2013-03-19,-0.0021794908795162065,-0.0038578382508726466,,-0.002719325841801973
2013-03-20,0.004443986220950666,0.0019299507578608148,,0.0005285587082811873
2013-03-21,-0.007096293347200553,-0.0019193260044931687,,-0.0006808740155392556
2013-03-22,0.0068562674470593575,0.004875980720987577,,0.00443600920753585
2013-03-25,-0.009925662358836618,5.1279509910005124e-05,,-5.4650827351393484e-05
2013-03-26,0.005179816584396006,0.007989069674561507,,0.0072614409169484894
2013-03-27,-0.0033442856326729004,0.002423959817876194,,0.0030768930123332033
2013-03-28,0.0037403284127796315,0.0026876996795970995,,0.0018569979543924498
2013-04-01,-0.011383716260523376,-0.007951471303217264,,0.0038134535718397883
2013-04-02,-0.0027141519607306714,-0.004044963684913893,,0.0017949675631529676
2013-04-03,-0.010726820650718845,-0.010714198747738287,,-0.0012261115517193005
2013-04-04,0.008055563788156427,0.010512238295870986,,0.015469089180922258
2013-04-05,-0.0014776316924175277,0.0017435487568021961,,0.008136478879453075
2013-04-08,0.006384775942982732,0.0066881489997820944,,0.005148921699619081
2013-04-09,-0.0013052700072927255,-0.0022297440143371604,,-0.00033991254906876256
2013-04-10,0.01408062714952241,0.012508486449690145,,0.0025221533242913586
2013-04-11,0.002198744251024481,0.00238226130726218,,0.005141908582337308
2013-04-12,-0.002270559141263025,-0.0008399480583937878,,0.0047288218582604135
2013-04-15,-0.0285610379621438,-0.02962093721795091,,-0.015306627437666816
2013-04-16,0.013580622209719569,0.01468778815687244,,0.01202959208021629
2013-04-17,-0.014638526815750102,-0.013600377584684225,,-0.007436683598957841
2013-04-18,-0.004081563338718939,-0.003924084300107871,,-0.0007849406124242523
2013-04-19,0.009274632324900998,0.011006312698131814,,0.01219283925974201
2013-04-22,0.0026323391054857486,0.0017709675837858999,,-0.000971516086044111
2013-04-23,0.01311043336001552,0.011803844936238015,,0.0038991953862890535
2013-04-24,0.004880526645043855,0.004299890944390318,,0.002227402780925254
2013-04-25,0.005159516085363487,0.0034218867273587577,,-0.0035403495319060734
2013-04-26,-0.0029182375341590726,-0.0035029274403261066,,-0.0009656389196150541
2013-04-29,0.006800089532043742,0.006440995010791381,,0.006301842608511042
2013-04-30,0.003762990036174481,0.006443406113054397,,0.009649862854976767
2013-05-01,-0.006002168098355701,-0.0067660619938518345,-0.005557519878406362,-0.004620917152165748
2013-05-02,0.003932550534920506,0.004799210312435742,0.005523083285162563,0.005119986534480137
2013-05-03,0.00906609788175807,0.007790786473292662,0.0003453389991723383,-0.0010699984242515945
2013-05-06,0.0005218626952680828,0.0019953590070267814,0.004155859824942819,0.0037632062431402357
2013-05-07,0.0025413611695700665,0.003533191498057215,0.004288750900122838,0.003804498599795379
2013-05-08,0.007386859381091519,0.005305635665790486,0.0006646396093474542,0.0007188889721689397
2013-05-09,-0.008527520994711896,-0.007968036914157652,-0.0060257758593398585,-0.005821684338173288
2013-05-10,0.0014578407815506978,0.00226691243285292,0.0017832941535135944,0.0010420059983841973
2013-05-13,0.0007694324502402296,0.0020805147962737686,0.0030914113099910034,0.0024551076579735114
2013-05-14,0.0019880515110784988,0.002628592176868085,0.0017413412459688488,0.0009956884763715763
2013-05-15,0.005980591921633075,0.007194697178292338,0.009478772225268712,0.009313869670019933
2013-05-16,-0.005772480005785998,-0.005732749364016336,-0.0031035155781250373,-0.0023047581590678844
2013-05-17,0.0058479210109507115,0.005935736088994191,0.003166015967857276,0.002230173650998979
2013-05-20,0.004404022773242277,0.0038082697298177245,0.0018566981406384364,0.0016760812827357199
2013-05-21,0.0032757865916202234,0.003975582595671409,0.005953879545116698,0.006067161060719202
2013-05-22,-0.014299241791582184,-0.01740990436803569,-0.02306097469290521,-0.022575213515745922
2013-05-23,-0.014944526326204913,-0.016313193711877453,-0.015647353222764043,-0.014441287681020275
2013-05-24,-0.006612655044822115,-0.005419468942817633,-0.0020220994425290476,-0.0018213065293830038
2013-05-28,-0.001520317366303362,-0.0034940434514041277,-0.010793193586011069,-0.011653995500430116
2013-05-29,-0.012207236889436656,-0.015229745780307039,-0.016925784300530527,-0.015259158628208177
2013-05-30,-8.357471490333012e-05,-0.0029574934425666078,-0.00846943772668389,-0.008112241153676914
2013-05-31,-0.017165127118478025,-0.01611595280515703,-0.012061022347408266,-0.011548381256170833
2013-06-03,,,,0.002959636594277609
2013-06-04,,,,-0.007667573634891296
2013-06-05,,,,-0.010520302507945053
2013-06-06,,,,0.0075655898586243575
2013-06-07,,,,0.008646379073675214
2013-06-10,,,,-0.0022116857427502017
2013-06-11,,,,-0.010220350495376486
2013-06-12,,,,-0.012223435975635409
2013-06-13,,,,0.016312185887603387
2013-06-14,,,,-0.0036819341003799058
2013-06-17,,,,0.007190453439450079
2013-06-18,,,,0.007046852285654266
2013-06-19,,,,-0.01625523172960647
2013-06-20,,,,-0.028124912096352327
2013-06-21,,,,-0.0008795786100741571
2013-06-24,,,,-0.007861421851046668
2013-06-25,,,,0.009049673930767334
2013-06-26,,,,0.010477570392653813
2013-06-27,,,,0.008682637275611235
2013-06-28,,,,-0.00035297384797350144
2013-07-01,,,,0.0044715880639519786
2013-07-02,,,,0.0030347127436318893
2013-07-03,,,,0.0017881989576694409
2013-07-05,,,,0.0033579107139336665
2013-07-08,,,,0.001403612021294895
2013-07-09,,,,0.007271947739227357
2013-07-10,,,,0.004125569734889377
2013-07-11,,,,0.020233286640635548
2013-07-12,,,,0.0022545134541979168
2013-07-15,,,,0.002757856376076085
2013-07-16,,,,-0.0007287872025168181
2013-07-17,,,,0.0026870092501593843
2013-07-18,,,,-0.00103282777422713
2013-07-19,,,,-0.007330196707951964
2013-07-22,,,,0.0028927783069044445
2013-07-23,,,,-0.0060773468102764145
2013-07-24,,,,-0.0016158218984469804
2013-07-25,,,,0.005126614370711529
2013-07-26,,,,0.004570463862280609
2013-07-29,,,,-0.003125967852171952
2013-07-30,,,,0.003551846457629863
2013-07-31,,,,-0.001315535522081837
2013-08-01,,,,0.00793674626014363
2013-08-02,,,,0.0060256731824779265
2013-08-05,,,,1.8209568286824917e-05
2013-08-06,,,,-0.005298913660081509
2013-08-07,,,,-0.0011266136421370354
2013-08-08,,,,0.004801954191246029
2013-08-09,,,,-0.003611166858778948
2013-08-12,,,,0.0016603873835130695
2013-08-13,,,,0.00409087601730052
2013-08-14,,,,-0.003361627994210453
2013-08-15,,,,-0.016666148911242906
2013-08-16,,,,-0.0006297567589429467
2013-08-19,,,,-0.0022507542419874654
2013-08-20,,,,0.0046315853737076106
2013-08-21,,,,-0.004003378622801242
2013-08-22,,,,0.009839976922442154
2013-08-23,,,,0.007010949071617495
2013-08-26,,,,0.0008593135191976101
2013-08-27,,,,-0.017966024199791247
2013-08-28,,,,0.0029544193294598338
2013-08-29,,,,0.00709866468073535
2013-08-30,,,,-0.0060482865765624045
2013-09-03,,,,0.00424176499926717
2013-09-04,,,,0.009725175372526118
2013-09-05,,,,0.0005449669845651999
2013-09-06,,,,0.0014508651082463433
2013-09-09,,,,0.010874464336157841
2013-09-10,,,,0.004010418503368158
2013-09-11,,,,-0.0011237902123125837
2013-09-12,,,,-0.0006926606634675938
2013-09-13,,,,0.0008784482227550563
2013-09-16,,,,-0.002982198416835949
2013-09-17,,,,0.0067961315581072405
2013-09-18,,,,0.012019749127222807
2013-09-19,,,,0.0017855573255131417
2013-09-20,,,,-0.002792223105094252
2013-09-23,,,,-0.0013369365645486226
2013-09-24,,,,0.0007929082243665318
2013-09-25,,,,-0.0030216659422909096
2013-09-26,,,,0.006678795033535543
2013-09-27,,,,-0.0009905765660843573
2013-09-30,,,,-0.002336895421993573
2013-10-01,0.009097450351871627,0.008243666276426687,0.008059797889865793,0.009244822598597078
2013-10-02,-0.0010903246753538006,-0.0020069813459879745,-0.002089346150625131,-0.0005905223423969436
2013-10-03,-0.009802670559260849,-0.006215469573073964,-0.00684281364141803,-0.010737407065184551
2013-10-04,0.006822775370398356,0.00437741624297597,0.0043878747024275805,0.007701913738801107
2013-10-07,-0.008115490374076762,-0.008642736653243189,-0.008744005798818226,-0.0076626591693374005
2013-10-08,-0.01632923398522532,-0.009798568851488066,-0.010392747723275069,-0.01744460038148026
2013-10-09,-0.003191679930852565,-0.0010163145616872854,-0.001533340284103741,-0.0035872955002100534
2013-10-10,0.01923824816189573,0.016983663852954203,0.017734320169290163,0.019914495557904616
2013-10-11,0.008846420315364385,0.008943831960185413,0.00926388807790379,0.007889909758925392
2013-10-14,0.005339904030845811,0.003648094631565326,0.0032687934569477642,0.005668307728988972
2013-10-15,-0.004929961766030709,-0.00597257404535108,-0.006375036004208499,-0.004210524027448413
2013-10-16,0.010854981964531649,0.009327766658254456,0.009977733313985873,0.011526215126744895
2013-10-17,0.006498060526175255,0.008366218028638295,0.008952968627662311,0.006285093391250551
2013-10-18,0.013120586222429871,0.0075384827087748,0.007909078871507689,0.014623016117011568
2013-10-21,0.0007877725255781325,-0.0014360523391940732,-0.0013682013925201066,0.0013560338819388598
2013-10-22,0.002389793202529899,0.004068452395988481,0.004715539053752646,0.0023398174231912326
2013-10-23,-0.004464561872804283,-0.003199195697360908,-0.003458067445074252,-0.0050083177128532295
2013-10-24,0.0038954657191792945,0.004085380004465992,0.004184293231370367,0.003831241450954635
2013-10-25,0.004935549678723855,4.478725044779474e-05,0.00015237877488425433,0.006278714255750161
2013-10-28,-7.557610813240606e-05,-0.0005945755642237966,-0.0008204995565491875,-0.00011607812281303301
2013-10-29,0.001956478909545108,0.002348057745787564,0.0023802058225670547,0.0017745147614475283
2013-10-30,-0.00440803875401776,-0.00887905967079097,-0.009227597363795893,-0.0026084826282336262
2013-10-31,-0.0030673236059364753,-0.003821474510115996,-0.004083606405194567,-0.0022857972888552505
2013-11-01,-0.00043409970714259407,-0.002355861653962133,,-0.0010597847159164416
2013-11-04,0.0014440919899539138,0.005108990541949825,,0.0023477104534420042
2013-11-05,0.0003303215454131589,-0.001937710090275599,,-0.00037156207737337233
2013-11-06,-9.987802150569907e-05,-0.00034849499642016743,,-0.0005620253844244666
2013-11-07,-0.01689154160046467,-0.015389129995123062,,-0.016454956393623123
2013-11-08,0.011043922134389879,0.01152110250600999,,0.010967418159447835
2013-11-11,-0.0016348401030275449,-0.00017426047184203628,,-0.0014735892539131734
2013-11-12,0.0016297537169019669,0.0005778721193865514,,0.0017511252712878143
2013-11-13,0.011481826269887498,0.009528589311459649,,0.011210704102337644
2013-11-14,0.003301986757893296,0.002087733833397479,,0.002969624305384674
2013-11-15,0.0018241423978348702,0.0028077008899517093,,0.0020944018561178867
2013-11-18,-0.00863509832700552,-0.006476580100468509,,-0.008261619055276535
2013-11-19,-0.0031197656644716396,-0.003996311594168187,,-0.003567163682591388
2013-11-20,-0.0031523243407003366,-0.0024797143127608078,,-0.003378320773507292
2013-11-21,0.009477609305412565,0.011304408720098712,,0.010218268730536847
2013-11-22,0.005474090589281227,0.004690184594573762,,0.00565681574237117
2013-11-25,0.0023504585014979475,0.0013318331784605353,,0.002316059374401747
2013-11-26,0.0050591676083816045,0.0050816185546672926,,0.005312620978376761
2013-11-27,0.006285128922613978,0.005031030600065754,,0.006153513982513236
2013-11-29,0.005517033996971562,0.003075066165424878,,0.0050236610968613085
2013-12-02,-0.0023957809465114006,,,-0.0032800003832393733
2013-12-03,-0.0008425430993228849,,,-0.00048227674146449686
2013-12-04,0.0003705074932803411,,,0.0001520448365106037
2013-12-05,-0.0012011710283604204,,,-0.0014015746177932782
2013-12-06,0.006545959479227225,,,0.0070763766530791035
2013-12-09,0.004003716575515212,,,0.00393936948050538
2013-12-10,-0.0005829294220410191,,,-0.00010587990068959918
2013-12-11,-0.011278971418388408,,,-0.012477215428005424
2013-12-12,-0.0024617288075739012,,,-0.0026725511637831208
2013-12-13,-0.0008268692228903711,,,-0.000833731890042994
2013-12-16,0.0047876467300850345,,,0.004849488785173831
2013-12-17,-0.0016552174838230177,,,-0.001508962102539889
2013-12-18,0.010034731572587025,,,0.010380304941804475
2013-12-19,-0.002510900643796063,,,-0.0026505708259283636
2013-12-20,0.008650385449954459,,,0.010572882373539462
2013-12-23,0.00895032936810217,,,0.009309722172283994
2013-12-24,0.00029782914195854566,,,-0.00017570332967194362
2013-12-26,0.0029343323350038133,,,0.0027800110263376883
2013-12-27,-0.0021218224116716497,,,-0.002532442295200197
2013-12-30,-0.0011083222241981452,,,-0.0008600986398590052
2013-12-31,0.005578423485902328,,,0.005560348747332711
2014-01-02,-0.006307019498956855,,,-0.007080369455602411
2014-01-03,-0.006110719401924222,,,-0.006712338563058754
2014-01-06,-0.0027542106661522323,,,-0.003138794267100679
2014-01-07,0.007778420325129793,,,0.0087952705508048
2014-01-08,0.0017269836664607209,,,0.0018368856950792176
2014-01-09,-0.0025461073246118853,,,-0.00267772259599797
2014-01-10,0.0031828109138246326,,,0.003828385095621114
2014-01-13,-0.012573335612370626,,,-0.013389694742358516
2014-01-14,0.01624368134755153,,,0.01740797007168506
2014-01-15,0.007220576073427597,,,0.007564129840429364
2014-01-16,2.61247384476455e-05,,,0.0005757422996661979
2014-01-17,-0.004713689164453145,,,-0.004966010109462988
2014-01-21,0.006604486106620166,,,0.0071422304205866136
2014-01-22,0.0019399268604572044,,,0.0022416926052731077
2014-01-23,-0.0030413538535229304,,,-0.0021483606374119585
2014-01-24,-0.017568920339764323,,,-0.0178314119982672
2014-01-27,-0.008179465760796227,,,-0.009494102029531052
2014-01-28,0.00022004011244148507,,,-0.00037015993055573496
2014-01-29,-0.009476150391540622,,,-0.009387189590447624
2014-01-30,0.01579094627358956,,,0.01698647727735012
2014-01-31,-0.002283311996728086,,,-0.002002512041345379
2014-02-03,-0.019797556042916817,-0.020201366944191952,-0.022178880707171538,-0.02059480469305161
2014-02-04,0.006381081468956686,0.005949613140483784,0.006042551634079454,0.006150797387864215
2014-02-05,-0.0021816563445303983,-0.0031119227133982346,-0.004208616758721476,-0.00303740707663783
2014-02-06,0.011300407496146593,0.011418638784055659,0.008490105314222236,0.011609506354753487
2014-02-07,0.015818270197425568,0.016508257529716637,0.012005323093196518,0.016698556710537025
2014-02-10,0.004923744247895833,0.005499075490046506,0.0031739944834287743,0.00553175501656318
2014-02-11,0.009860159226190641,0.01004513093099083,0.008080101888132353,0.010237491963175666
2014-02-12,0.0013586494266041057,0.0013602048357207572,0.002022692466482657,0.0014394894413091725
2014-02-13,0.006702335325343864,0.007281003698632174,0.008774279564470007,0.007300640623791781
2014-02-14,0.0019437887280731702,0.0018952420174486741,0.0016439608812278616,0.0019114213584925297
2014-02-18,0.004343533353725831,0.00469192737523277,0.006592575130359613,0.004721568991894005
2014-02-19,-0.006187365853760654,-0.006661816994061446,-0.007406440360764382,-0.006691565504289934
2014-02-20,0.0044339727381520035,0.004128035822097214,0.007068416391396109,0.004207873813894526
2014-02-21,-0.0009875378908018111,-0.0008153738027566476,0.0011683225653217149,-0.0008893943145234506
2014-02-24,0.004846427915666169,0.004721794979146737,0.005537776700843055,0.004809909671441219
2014-02-25,-0.000747303980844372,-0.0003209600069174285,0.0003707234689006783,-0.00043333090606489813
2014-02-26,-0.0004780302943318777,-0.00040082922201679927,0.0028772656369963428,-0.00047020169340435824
2014-02-27,0.0057630967479884295,0.006407970898003816,0.004981539997580571,0.00641940587127096
2014-02-28,-0.0007644318338914836,-0.0009760118691070268,-0.0019108830691537833,-0.0009945891748140612
2014-03-03,-0.006516970427226164,-0.006520257283139898,,-0.006479712127066638
2014-03-04,0.01145177570081143,0.01117003001468983,,0.010868456673232661
2014-03-05,0.002123305208424546,0.0023937275298895073,,0.002712490322489657
2014-03-06,-0.0009618031735047943,-0.0010466827239537478,,-0.0014747603270166185
2014-03-07,-0.004789283755468448,-0.004819651918907895,,-0.0050353129205510435
2014-03-10,0.0007761253927464244,0.0006882902867266708,,0.000919214352741305
2014-03-11,-0.003855317626774078,-0.0038823015278179316,,-0.003842476040377184
2014-03-12,0.0034821797115761246,0.0036948781622445203,,0.0039804120906816115
2014-03-13,-0.012544726217373542,-0.012555090632614105,,-0.012300739443913132
2014-03-14,-0.005989582462366885,-0.006255477787902169,,-0.006365980128703891
2014-03-17,0.007770467904498142,0.007871255058666852,,0.00771581250305419
2014-03-18,0.010814678282671212,0.011180883953852635,,0.01151193007356687
2014-03-19,-0.005368686981569925,-0.0055317471914837464,,-0.005569402016653962
2014-03-20,0.002865054751144295,0.0026949832643572797,,0.002474451978070726
2014-03-21,-0.010455252291316044,-0.010612004238844487,,-0.010513211579302555
2014-03-24,-0.007506576314246691,-0.007751873870834897,,-0.007708886459788025
2014-03-25,0.00311197353830429,0.003042147952791841,,0.0028188088128662647
2014-03-26,-0.011066750946364338,-0.011321763901052334,,-0.01150327624533415
2014-03-27,-0.0050377957838792144,-0.005075706901249439,,-0.004901756672405171
2014-03-28,0.0019212880902840337,0.0017551622961678888,,0.0014520140592229139
2014-03-31,0.006341950570300506,0.0064517092903148944,,0.006485001147818993
2014-04-01,0.014241226948386764,0.015011819559461006,,0.01567869255021709
2014-04-02,0.0019617959179508574,0.0017640122789459559,,0.001976612503111794
2014-04-03,-0.006329472808624346,-0.006733453436272022,,-0.007048085651466124
2014-04-04,-0.021486065934402433,-0.023342358719354393,,-0.02419229806075372
2014-04-07,-0.007554859628584476,-0.007979315652085931,,-0.008374822765952293
2014-04-08,0.008171386211682698,0.008564193125526504,,0.008739160448537965
2014-04-09,0.014442706742775173,0.014982143023121128,,0.01554601115766416
2014-04-10,-0.025588531443666785,-0.027035532456351152,,-0.028063530180968344
2014-04-11,-0.0095960013687572,-0.009703188366288515,,-0.010207234241348798
2014-04-14,0.006686725423425384,0.006823347965344798,,0.0070906345267728816
2014-04-15,0.003015590462740216,0.0035912589767213925,,0.003516062571628234
2014-04-16,0.011151399186529918,0.012109772206154418,,0.012416917461977825
2014-04-17,-0.0007638781446923801,-0.00086289768181662,,-0.0005769646483876116
2014-04-21,0.006394306245935375,0.0066184825570074915,,0.00682898268002968
2014-04-22,0.00669285866636281,0.007497414597681298,,0.007614397141420293
2014-04-23,-0.006980963731861022,-0.007377995907457476,,-0.0077484776310593265
2014-04-24,0.008035200748726922,0.008816032592255534,,0.009012006617130775
2014-04-25,-0.013327390892952446,-0.014279405925134641,,-0.014724363221362573
2014-04-28,0.00249824657728874,0.002456343092674619,,0.002663185269532675
2014-04-29,0.006682153779214108,0.0070667512266743785,,0.007305114502333741
2014-04-30,0.002630353354728051,0.0027873040450353543,,0.002748514000792882
2014-05-01,0.0038748201716896935,0.0020791364775176236,,0.003600698644602963
2014-05-02,-0.0007796772870419833,-0.0008929163429033109,,-0.0011813968474375205
2014-05-05,0.0021653814682511302,0.003986825065868017,,0.004346887142224046
2014-05-06,-0.007686419430104411,-0.010015656881641655,,-0.011592161379972644
2014-05-07,-0.0018116666005884325,-0.0019030072999522238,,-0.002934497525985121
2014-05-08,-0.0010334902314364082,-0.0007649342007124154,,-0.0011949911774710355
2014-05-09,0.001379993994865096,0.003086649690601159,,0.003141694076981127
2014-05-12,0.011140585725774773,0.013027832380812602,,0.014819355342768202
2014-05-13,0.0018838629799235002,0.0008836010490194192,,0.0013241382372731047
2014-05-14,-0.002291813617543523,-0.003926772417654501,,-0.003916610840981882
2014-05-15,-0.004917113550576255,-0.0063121136317259765,,-0.006579652951643626
2014-05-16,0.00415458580290074,0.005528298347637273,,0.005786843860371203
2014-05-19,0.002630011737349217,0.005730287614702877,,0.005796970102838406
2014-05-20,-0.003661986830637775,-0.003096038320146737,,-0.0031518529227755297
2014-05-21,0.007122628474116646,0.00738714099968809,,0.008282489759637938
2014-05-22,0.0028002079385616003,0.0035740296869523186,,0.003921181365616324
2014-05-23,0.0057226899147813474,0.005726136664583998,,0.007128475553324347
2014-05-27,0.010133110447255985,0.009887328343466442,,0.011928593431362123
2014-05-28,-0.0012472762806971457,-0.002318180092137941,,-0.0018326359731908387
2014-05-29,0.004864852466311134,0.005175595946775529,,0.005448756278965192
2014-05-30,5.199991896726689e-05,0.0003208200432622365,,6.543218899916272e-05
2014-06-02,-0.0011618154664554908,-0.0021000566030588605,,-0.001511567516395737
2014-06-03,-0.002059018511231087,-0.002488856941373985,,-0.0014058202958199169
2014-06-04,0.002893119884037525,0.0030380967742289736,,0.003403023475524829
2014-06-05,0.009044643970885884,0.007037249996838943,,0.007764242784749203
2014-06-06,0.0032663236699360582,0.00474993641043439,,0.0052740161370095654
2014-06-09,-0.002786024496642115,-0.0008712585142661397,,-0.0008092117049706244
2014-06-10,-0.0005759530486794863,0.000791103304127474,,0.0012843751635772547
2014-06-11,-0.0003644649821624974,0.00013330812543233163,,-5.078472300831611e-05
2014-06-12,-0.005506193590792221,-0.005942139744766396,,-0.007579842038218334
2014-06-13,0.0024004141706569352,0.0023339176152205104,,0.0026504187355778923
2014-06-16,6.443077653322867e-05,0.0011481053596443787,,0.000999332486589302
2014-06-17,-0.0002556096564762308,-0.0009203773319059136,,-0.000148524140786563
2014-06-18,0.006143063443963234,0.005985130462157536,,0.005794756160933967
2014-06-19,-0.000759924532717971,-0.002747646908294145,,-0.001637218844461148
2014-06-20,0.0024298919081572204,0.0022811496423579924,,0.001697543967611177
2014-06-23,-0.0009753022510183697,-0.0003625643193720711,,-5.714914867911632e-05
2014-06-24,0.0008239361786912059,0.0009494420352139338,,-6.449909807207481e-05
2014-06-25,0.004419489140686424,0.005710174051893037,,0.006055980846304626
2014-06-26,0.000857652326421386,0.0012698813944691302,,0.0008821737033560895
2014-06-27,0.004154759934296929,0.00337471526513042,,0.003912399747159076
2014-06-30,0.001107594838215627,0.0018390901455352308,,0.0017691992059285196
2014-07-01,0.007303908262777912,0.006899481166758637,,0.009465669991731814
2014-07-02,-0.0007202282255562056,-0.000917583405986862,,0.0007240705507335953
2014-07-03,0.0032616357298703904,0.0042246089574643556,,0.005539561919195795
2014-07-07,-0.0006903403911441132,-0.0008534064789514216,,-0.0022265174430603175
2014-07-08,-0.00659404883349325,-0.007159144082499417,,-0.010246073453392832
2014-07-09,0.005671989134898548,0.006031886572114633,,0.006911350093958217
2014-07-10,-0.001656127671731114,-0.0024388480948562305,,-0.002893364297825326
2014-07-11,0.005627869231169424,0.006430778474079867,,0.006439359277340675
2014-07-14,0.004276069012907518,0.003816693421363359,,0.005182978775704919
2014-07-15,-0.0027043636027450644,-0.003146661425900894,,-0.0033336711574889753
2014-07-16,0.0040775963698360595,0.0042599265322632515,,0.004082466961721144
2014-07-17,-0.00826940383161187,-0.007806936749585045,,-0.011236629546846904
2014-07-18,0.012186790779861867,0.01184084922184503,,0.014371658980516296
2014-07-21,-0.0006081384034642634,6.123253684168155e-05,,-0.0007648762047597035
2014-07-22,0.00529389452670961,0.0054559642544225375,,0.006022370783801925
2014-07-23,0.004655980539293412,0.004794107534682567,,0.00581826883931571
2014-07-24,-0.0021183718925306583,-0.002464108958759127,,-0.0016235719942925527
2014-07-25,-0.0019032229299628662,-0.0006056202576672266,,-0.0026916404283039634
2014-07-28,0.0009036379189896667,-4.594018695420656e-05,,0.00017877864446104937
2014-07-29,-0.0013287214675405442,-0.0006224192309041284,,-0.0013380569145434757
2014-07-30,0.00044866563593447446,0.0001848944209909725,,0.002549580727821388
2014-07-31,-0.01690188207264013,-0.016584414900056934,,-0.018871390630767454
2014-08-01,-0.0012803345135675981,-0.0012803345355025632,-0.0019254842757548333,-0.002763843634443649
2014-08-04,0.004870798694962027,0.0048707987133754386,0.005406393949691202,0.006102389395896982
2014-08-05,-0.005366439280704374,-0.005366439296157899,-0.005981787689223389,-0.0067814207910513995
2014-08-06,-0.00045573765240648697,-0.00045573765847253914,-0.0005320041151160515,-0.0006311108746755608
2014-08-07,-0.0005438669933832549,-0.0005438670290290663,-0.0012499117049454109,-0.0021674028373150967
2014-08-08,0.005244581650171043,0.00524458167232502,0.00577410233096353,0.006462203984570009
2014-08-11,0.004641415940130938,0.004641415952601447,0.004979536861178494,0.0054189183159693375
2014-08-12,-0.0016967283187538252,-0.0016967283026034744,-0.0013537196712896224,-0.0009079867194661827
2014-08-13,0.009733022640203549,0.0097330226330579,0.00996169567287091,0.010258851774646822
2014-08-14,0.005788009061839739,0.005788009072240693,0.00562616690023737,0.005415856193076685
2014-08-15,0.006123074233664526,0.006123074236669062,0.005780956246424107,0.005336380667674179
2014-08-18,0.003989600486872377,0.00398960051445173,0.004985746285962746,0.006280218067246938
2014-08-19,0.0037752630140422093,0.003775263040749352,0.0042661795249046485,0.004904115815560599
2014-08-20,-0.00034393458182346615,-0.0003439345936266778,-0.00025160273198187997,-0.00013161930242416826
2014-08-21,0.002778941414905709,0.0027789414166408634,0.0025769047608223115,0.0023143621112257603
2014-08-22,0.0023695980750385428,0.0023695980945273205,0.002140531398414228,0.0018428637503802446
2014-08-25,0.003579614486893401,0.0035796145053338044,0.003567315591612379,0.003551333401450272
2014-08-26,0.0001154153782790139,0.00011541538548375767,0.0003544897019296922,0.0006651620619991203
2014-08-27,0.0019512079996163237,0.001951207983891099,0.0014813748565735423,0.0008708359775714519
2014-08-28,0.00022923050953801643,0.0002292304911089096,-0.00012902732690960042,-0.0005945762990264058
2014-08-29,0.0030804239213020005,0.0030804239198576164,0.0032526242939369078,0.003476395280658797
2014-09-02,-0.0004353737179901106,-0.00012253991495490035,-0.00019535756404072475,0.001165524572865967
2014-09-03,0.002687708874983159,-0.0031242391274782706,-0.00413172912976566,-0.004905727698493787
2014-09-04,-0.004021570861376714,-0.002795149951987213,-0.002640151229697873,-0.0018787313325195427
2014-09-05,0.010228501298458922,0.00498562874851841,0.003964498715215694,0.00443225726499905
2014-09-08,-0.0009792689947833806,0.0012671521441774125,0.0016758196869040135,0.0017750474521545845
2014-09-09,-0.005991472050385874,-0.006998111064638416,-0.0071366522130518854,-0.007644086381735901
2014-09-10,-0.015462833753666704,0.0027276802863529844,0.006019520250707284,0.00700335741743143
2014-09-11,0.0006547195982992554,-0.0008824649041297242,-0.0011849425018421189,-0.0010157404335505223
2014-09-12,-0.0300509196538646,-0.009684197992467855,-0.005927389238728734,-0.00556467694240051
2014-09-15,-0.0046668555079837125,-0.007482735471468262,-0.00793447798236003,-0.008687290085946603
2014-09-16,0.00934585358881926,0.007237890071667522,0.0067623435512211855,0.00762523262295232
2014-09-17,-0.00034406831481682593,0.0007126073190297923,0.00088284091339351,0.0011579185164377758
2014-09-18,-0.008371603956047951,0.004498848737304984,0.00686674316749108,0.007159980763105032
2014-09-19,0.001597172996124525,0.0013863027765021081,0.0014338105370498835,0.0005328532152207116
2014-09-22,-0.0075804038901141745,-0.007724102264845059,-0.0076824269187454625,-0.00839296703555368
2014-09-23,-0.00681723250619691,-0.0022603972541140153,-0.001354080382249645,-0.0019558790834813032
2014-09-24,-0.00276518376630458,0.006590491782923303,0.008226451817809635,0.009325226536121868
2014-09-25,-0.0039349837511608214,-0.014264727756540207,-0.015974069728976553,-0.018193910387564693
2014-09-26,0.01297002869179595,0.009502247821867982,0.008777939291303508,0.009595143477651936
2014-09-29,-0.0010772663710961919,-0.00011882810401396836,0.00012029411512288853,-0.0005098599263394885
2014-09-30,-0.0050070831771898625,-0.0004672262202849132,0.00033204484010067623,0.0008089600721128867
2014-10-01,0.018792290703139213,-0.008550140184495817,-0.010548378825930385,
2014-10-02,-0.008564529866512025,-0.0018326212354726618,-0.001340640108014589,
2014-10-03,0.00436119755736543,0.008695623678685593,0.009012392066327436,
2014-10-06,0.0005485522156841103,-0.0015640207492180814,-0.0017184117368200334,
2014-10-07,0.013032093713929344,-0.0083646275314952,-0.009928342016203628,
2014-10-08,0.0005768863373711066,0.015425386110251465,0.01651054368751511,
2014-10-09,-0.004555299744589378,-0.013669303519876148,-0.014335372844379943,
2014-10-10,0.009335679271016296,-0.01764069853156156,-0.01961218529141137,
2014-10-13,0.0057124860849878676,-0.011095573647452788,-0.012323939718416064,
2014-10-14,0.006431853618351584,0.001460800217120731,0.0010975058569085128,
2014-10-15,0.007654312443880675,-0.0034349269727537335,-0.004245350406432514,
2014-10-16,-0.006364940384382915,-0.006297286923092989,-0.0062923426732241685,
2014-10-17,-0.005267454164682089,0.009234263251584307,0.01029407728973438,
2014-10-20,0.003826139633039311,0.012566758064030579,0.013205539655295383,
2014-10-21,-0.007403306415260502,0.019067812338217034,0.021002373774009372,
2014-10-22,0.0009728727194097479,-0.003848919647380344,-0.004201305719475698,
2014-10-23,-0.008462168785995684,0.010015777192586476,0.011366181837765924,
2014-10-24,0.001124971315581928,0.006669143203865334,0.007074322191590224,
2014-10-27,0.0018185711809867089,0.0009471073136028889,0.0008834190205200653,
2014-10-28,-0.005891795888486423,0.010606424524869233,0.011812146930276482,
2014-10-29,0.0021645064659617723,-0.0024399415694142863,-0.002776443691339562,
2014-10-30,0.00085851161794629,0.0018376009100186622,0.0019091546825409078,
2014-10-31,-0.0023154829480982737,0.010349414759594947,0.01127499040121473,
2014-11-03,0.006884954179343037,0.0023361952510248785,0.002490638243763656,0.0029128757910340483
2014-11-04,3.7733077474520166e-05,-0.0019855438662595907,-0.002390532183646639,-0.0024750423855952755
2014-11-05,-0.0014159946649888715,-0.00022183932077503982,-0.00011009959703288346,-0.00015243584052698693
2014-11-06,-0.00419466864991364,0.0011335399864446497,0.0017140437969147713,0.0017144996294814324
2014-11-07,-0.001143352429392921,0.0017175233012133393,0.00095914092687825,0.0003453801331344265
2014-11-10,0.006732036804853622,0.000865643579956468,0.001643743437188457,0.002465334026645987
2014-11-11,-0.0016423623012596536,0.00262005818528103,0.002744162938037678,0.0025825304550863345
2014-11-12,-0.004580381246852181,0.0012124993747900325,0.001361713793567711,0.0010897437406505433
2014-11-13,0.005090612800267319,0.0038875127208158246,0.00398007932098621,0.004150579162066638
2014-11-14,-0.004588872758516654,0.0034817593151878507,0.0033385858976873904,0.0027928781692027455
2014-11-17,0.0020704132602132356,-0.0028996821676143284,-0.0029032430993979376,-0.0026272837902587072
2014-11-18,0.005329213364873801,0.006490668479328389,0.006719237802988707,0.006868587372084057
2014-11-19,-0.0075496411820180406,-0.004917174754530663,-0.00475532063048323,-0.004911191281748073
2014-11-20,0.003680898298831545,0.0046175647408320435,0.004518303988208661,0.004484008385101154
2014-11-21,0.00485018586745299,0.002792201746553207,0.0025009429423191068,0.0025306636249873074
2014-11-24,0.004901412669993685,0.00633283429159166,0.006716556288698589,0.0069096402607993655
2014-11-25,0.0016872311290187726,0.00295702593631053,0.002488810939617983,0.0022232381143173774
2014-11-26,0.008652275488858606,0.005694507716668554,0.005881715121131133,0.006246121524677416
2014-11-28,0.0031788237327449826,0.005328547455727936,0.005083424351932235,0.004877628315735434
2014-12-01,-0.00847368582586849,-0.005313292943876108,-0.01045670665150233,-0.009968782986825936
2014-12-02,0.003009700718750584,0.005512145578567668,0.0018487395749567244,0.002936926181904382
2014-12-03,0.0013401016408040255,-9.408236226482889e-05,0.0021360098048325824,0.0017362497650677973
2014-12-04,0.0013008002048586719,0.0016146848218524842,0.0009160052160849276,0.0006423002478829225
2014-12-05,-0.001874591852064599,-0.0034099666440667894,-0.0008373734139366721,-0.0009477895696495554
2014-12-08,-0.0015411160050153425,0.0020212423433345525,-0.004074410682846189,-0.00403561268895335
2014-12-09,0.0037336824048870786,0.004111208285840267,0.003466657474806842,0.003473246524088047
2014-12-10,-0.009401162091849973,-0.005703315133314458,-0.012097645000884208,-0.012172003065601952
2014-12-11,0.0039413240430815994,0.002771894148467909,0.004643448480762205,0.004408628420798723
2014-12-12,-0.00756716436540989,-0.00940530189644231,-0.007039981035428281,-0.008397691228646007
2014-12-15,-0.010058566176551638,-0.012136248640825378,-0.00902386424598366,-0.009805915190457457
2014-12-16,-0.009130441540883319,-0.006076082994511829,-0.011570660879447466,-0.011997335760408612
2014-12-17,0.016318950311525575,0.021443149236469727,0.013921820310778377,0.01611602003457796
2014-12-18,0.015025401419520138,0.01246291789465297,0.017480846901062923,0.01853889610785556
2014-12-19,0.004195056852816357,0.0010784850405331002,0.0058230846639259135,0.004780250319147854
2014-12-22,0.005943736661917231,0.012161224907881171,0.0023128813994726266,0.003736483125099151
2014-12-23,-0.005198098758137809,-0.0030332375067432726,-0.006102120822562231,-0.004988671420619994
2014-12-24,0.00012230465043501805,-0.0025396618197691657,0.001584163728748705,0.0008157401785685945
2014-12-26,0.005819023387958938,0.004684912476934597,0.006562691614962865,0.006442582144680265
2014-12-29,0.002107335817557359,0.0036688323286700555,0.0010152913005907606,0.001063820818607213
2014-12-30,-0.004107934251301126,-0.002629717056648383,-0.005189798661132508,-0.005226286275724372
2014-12-31,-0.010542710950955101,-0.014752114163807456,-0.008342638786074535,-0.009749132133268622
2015-01-02,0.011153316075526826,0.013462891952649717,-3.20744284290293e-05,3.0464480043089452e-05
2015-01-05,0.0156166269417333,0.009622429727595305,-0.008278644836544889,-0.009921338483881647
2015-01-06,0.01794420852845412,0.013201967540007081,-0.006797814813218706,-0.008260695793842388
2015-01-07,-0.001818885526275845,0.0083154816366084,0.009763924497728003,0.01173518263736821
2015-01-08,-0.013089749856032574,-0.003124002326919287,0.012327737047855425,0.014658557975576775
2015-01-09,0.01085823007865451,0.004719500881277003,-0.0028939792363000725,-0.004276453233042656
2015-01-12,0.005739028668689915,0.006859676014966746,-0.007029869330922194,-0.007204875319718791
2015-01-13,-1.3646503025707245e-05,-0.0009012121253766404,-0.00023338823343315368,-0.00038380257964239635
2015-01-14,0.007595849178895825,0.008212816261509286,-0.0027598957629869007,-0.002949273164105054
2015-01-15,0.015614653560900539,0.007755688162919223,-0.006936139748014174,-0.008844332651516231
2015-01-16,-0.01255661312740319,-1.8377025839845875e-05,0.006589470705997251,0.009163014771900764
2015-01-20,0.013098501101508194,0.0006899995277080765,0.009061191224220035,0.006931343309330457
2015-01-21,-0.011461146215444959,-0.005097769624563537,0.0016092057768160675,0.003009122436706271
2015-01-22,-0.003405217644889658,0.009116510859358226,0.013854787518705006,0.0163728927381546
2015-01-23,0.013767032224359202,0.003955444459053259,0.00467360786681189,0.0028244461909910567
2015-01-26,-0.002938837104621447,0.00377384432054813,-0.00154883436416172,-0.00041885243899269446
2015-01-27,0.0015521248204298688,0.0008348839542209921,-0.0201438858530206,-0.020867329390804476
2015-01-28,0.01614087795663748,0.002670137986699218,-0.0006090432726524436,-0.003267136438594501
2015-01-29,-0.006489303316370532,-0.0005743167053648702,0.006205585220768095,0.007522116943308966
2015-01-30,0.017392161239903746,-0.005055364589745385,-0.0023914097024586045,-0.006593474603090744
2015-02-02,-0.0037754121620682656,-0.003110731396686935,-0.0032571407458048215,0.006461068414635602
2015-02-03,-0.021162509024310883,-0.003414381564978419,-0.01988772589577363,0.006649556280743991
2015-02-04,0.0017082099038145638,-0.0017657655004786265,0.0016016252392105441,-0.0009424158739225305
2015-02-05,-0.010976723879558666,0.0026805947371872888,-0.010164031800629665,0.0071367417001011535
2015-02-06,-0.017702989809448132,-0.02445520300624149,-0.017218546198578117,-0.009339787822425462
2015-02-09,-0.0016041956205442088,-0.004837203739512206,-0.001669851778127676,-0.003415629087371802
2015-02-10,-0.007952750807085707,-0.0013270716435232676,-0.006977155359608085,0.01219484037425441
2015-02-11,0.001849540858344364,-0.0010014040273123865,0.0019244579294561562,0.0028475751113276686
2015-02-12,-0.0033068754072425642,0.005755425688794398,-0.0026876192587571477,0.010275528113569845
2015-02-13,-0.010268194964561246,-0.008120844294038913,-0.009485480698014415,0.005378247774907541
2015-02-17,-0.015054365843228595,-0.007571456268739833,-0.014391623391770565,-0.0008803094797785179
2015-02-18,0.005940405569143447,0.007944070189994679,0.005751486473820797,0.0025761096399640414
2015-02-19,-0.006615639755762611,-0.015456424852180685,-0.006133669164782567,0.0013578754603513687
2015-02-20,0.0029334310682073536,0.006936267507771342,0.003088521672956989,0.006618377034396442
2015-02-23,0.011458449946997414,0.009424158878576918,0.011025014702120925,0.0026559505714549574
2015-02-24,0.01312227150046981,-0.006390898497479142,0.012611605209453905,-4.622212117451059e-05
2015-02-25,0.004317937882895362,0.0018930224329552303,0.004035782801520976,-0.0015921512292562967
2015-02-26,-0.013667840907070076,-0.01201104502534969,-0.01288953234543552,0.0018123301893974459
2015-02-27,0.00840804243293047,0.008080835939168226,0.007875718225880353,-0.0020478945051414107
2015-03-02,0.002907725215095784,-0.01652429820331205,0.007745854269308814,0.006146627496761226
2015-03-03,-0.004432684470888475,-0.0034775903759611516,-0.003576193230669344,-0.0043042174532978515
2015-03-04,-0.0029326249587049644,-0.0005349804499468537,-0.006106182488553853,-0.004009584051538987
2015-03-05,0.0010832989920235483,-0.000906746306898243,0.002203025462560724,0.0015790967648224143
2015-03-06,-0.013709327509294008,-0.0230495421504855,-0.01994969290288914,-0.014404264281459902
2015-03-09,0.0042925197772272165,0.009121240700833278,0.004888264878947741,0.003960320722652227
2015-03-10,-0.011534402356022006,0.011959631659607325,-0.011537250231576172,-0.013913423094695681
2015-03-11,-0.002875930120293851,0.006731988477622587,-0.0031537623568812997,-0.003921562990253395
2015-03-12,0.004952661320710862,0.0008540161311398569,0.01083862666340677,0.006914834441714749
2015-03-13,-0.004064337144065673,-0.0028562639085223246,-0.0028725505020239612,-0.00387333816050647
2015-03-16,0.012182753332974174,0.009687041978218434,0.011888281677202097,0.012357981925653651
2015-03-17,0.0030767986824612277,0.007539796387370881,0.0008228594649917893,0.002032510968788267
2015-03-18,0.01192595068016907,0.019441631401086585,0.014197570034997884,0.011762299206977897
2015-03-19,2.425630331994781e-05,-0.0046969831285661266,0.0007121852595687211,0.0006830207825065966
2015-03-20,0.00620738100004682,0.006982513784991406,0.013813679511738388,0.008128419926889532
2015-03-23,-0.0017756884374909427,-0.0012207642617064615,-0.0016702541254246612,-0.0018041466997400155
2015-03-24,-0.0006590853002523436,0.00810126166833035,-0.005537822988149562,-0.0028283819178452864
2015-03-25,-0.019684342880073046,-0.0092044956254043,-0.02066415421906929,-0.02100277267382821
2015-03-26,-0.0061125106864992,-0.014695855134016748,-0.004128401363012025,-0.00472205684799915
2015-03-27,0.005867148983165132,0.011478250668171716,0.0029381877731949765,0.00452919380698729
2015-03-30,0.00782592421536397,-0.0032983535783851488,0.01258804104941423,0.010203861945961
2015-03-31,-0.007764757785046994,0.001202001137808307,-0.009889677273897479,-0.009231039655846807
2015-04-01,0.009287118994261555,0.01128511606366931,-0.003715549743644314,-0.0031368410927511982
2015-04-02,-0.008233350890420672,-0.009460066690261079,0.0034011750889214173,0.00027363785450902725
2015-04-06,-0.0026966348049824174,-0.0041960058659011035,0.009045796182102253,0.007104581727661378
2015-04-07,0.006269419555009666,0.007367676364883515,-0.007975752227443391,-0.002268542902897013
2015-04-08,0.0019067587575864113,0.0010752228112154824,0.005417390405789086,0.006619795472188118
2015-04-09,-0.008927600080505877,-0.011024155988540913,-0.004377914314813045,0.0019197970964301909
2015-04-10,0.0020201167265129203,0.0017333988995956214,0.002196948877347471,0.003396350088408167
2015-04-13,0.0005718186609475023,0.0009960145633944094,-0.002568955033090968,-0.0021574430909772927
2015-04-14,0.004996385874826685,0.006082662586434563,-0.00035744203754505953,-0.0013453111867185008
2015-04-15,0.0006462676785066546,-0.00012636619238543103,0.0008260816780885403,0.004283447321394992
2015-04-16,-0.004224721328675656,-0.004615343088840776,0.00016796103551378394,-0.001350239130791939
2015-04-17,0.005788392760323942,0.008736545231610795,-0.011271999232313973,-0.012032069193138296
2015-04-20,-0.003827952086645401,-0.006422933249779867,0.00966260530247878,0.011490323543723207
2015-04-21,-0.0026817850551643166,-0.003640719872920793,0.003263165854584851,0.003209893304519213
2015-04-22,-0.01091885365255427,-0.013176477495493303,0.004124029942288725,0.003203925072856264
2015-04-23,0.004194503172972161,0.004252539058498827,0.0033403713103040307,0.0037189230934820696
2015-04-24,0.007775267601753151,0.006976462624927113,0.009032285943980584,0.011793512300681378
2015-04-27,-0.0005312633639598266,-0.00025536062496286124,-0.0020591813764269393,-0.0021824567791092764
2015-04-28,-0.011317062555509398,-0.012601941190624315,-0.0019731136911180017,-0.0030909739080487862
2015-04-29,-0.011000295520624578,-0.011652209448588777,-0.011747008902606552,-0.008147698370007643
2015-04-30,-0.001916502907099081,-1.257458996292799e-05,-0.015928649675667577,-0.014145930238593606
2015-05-01,0.006252286029660401,0.007285061514276044,0.007586604230391967,0.009355910693476173
2015-05-04,-0.001236258364505144,-0.000806705189439145,-0.0006812871935934123,5.46048020080724e-05
2015-05-05,-0.012412812473742207,-0.01299058569375694,-0.01315927996325999,-0.01414909616636791
2015-05-06,-0.009551898185696978,-0.009155384228689908,-0.009039612796527617,-0.008360322151541779
2015-05-07,0.007935104744829563,0.007646839875048575,0.0075626742710866845,0.007068831329323314
2015-05-08,0.009935362820261329,0.010314365546167938,0.010425024168104534,0.011074315315593388
2015-05-11,-0.009192571280089228,-0.008399812335159703,-0.00816834800522628,-0.0068102275472976025
2015-05-12,-0.002671645479093885,-0.0029474729599352394,-0.0030280071790230625,-0.0035005429237394718
2015-05-13,-0.0005765812599495239,-0.00018711952127108944,-7.340714895880217e-05,0.0005938019041844307
2015-05-14,0.011520828276116123,0.011983387300361574,0.012118442117948672,0.012910878321630655
2015-05-15,0.005221494279725958,0.004444600932071765,0.004217768930493519,0.0028868287290145117
2015-05-18,-0.0011295830007826322,-0.0003097756667144012,-7.041393336796968e-05,0.0013340446686155995
2015-05-19,-0.0031152702588178767,-0.0028139675814546467,-0.0027259952885493374,-0.0022098165242028537
2015-05-20,0.0009104545263753567,0.0008697290614736957,0.0008578383187909247,0.0007880692041719134
2015-05-21,0.007474145025797741,0.007132985130773629,0.007033375598848839,0.006448915142373074
2015-05-22,-0.0006274467108629731,-0.0006820826266176353,-0.0006980348474681884,-0.0007916347469540913
2015-05-26,-0.004046985314996906,-0.0051553556570136565,-0.005478970043043951,-0.007377782363582176
2015-05-27,0.012515607129905968,0.013051489362932748,0.013207952588059322,0.014126002935347335
2015-05-28,-0.0023029661585914083,-0.0022955561199607764,-0.002293392587488954,-0.0022806980270537124
2015-05-29,-0.003834708308853272,-0.004151147735242322,-0.004243539552981764,-0.0047856499583993
2015-06-01,-0.0003123582995613402,0.00023434616569663894,0.006629163226037699,0.0028894932847226716
2015-06-02,-0.005977561798977206,-0.005559788644130736,-0.005557824004938298,-0.004752104019729822
2015-06-03,-0.001968644980370461,-0.0012296261053249729,-0.0037427493722156178,-0.00043007783606160077
2015-06-04,-0.0022372136629971715,-0.0030364728748016228,-0.005286850764090581,-0.005143390863783006
2015-06-05,-0.004926884719907037,-0.004546900828857488,-0.0057792453255148995,-0.004120833908792975
2015-06-08,-0.007798783133979482,-0.008149450682310861,-0.006917423780972832,-0.00851895399565889
2015-06-09,-0.0032920260538220735,-0.0030497354024363304,-0.00383955649281076,-0.002779069719785455
2015-06-10,0.007854927498198529,0.00872497643098371,0.011004284735097639,0.010975902803564384
2015-06-11,0.006558590767678471,0.0058001684830941615,0.0033752089872726245,0.003728503659910339
2015-06-12,-0.006070571661893026,-0.0063886057936550795,-0.005370317990472132,-0.006748496408246801
2015-06-15,-0.0032528560859189882,-0.0035076785817100965,-0.005087783821559061,-0.004395089771095923
2015-06-16,0.006082482030453757,0.005988741855239761,0.006457235733096263,0.005924756797519184
2015-06-17,2.7295951017947995e-05,0.0004335125074066531,0.004855894484360806,0.002324067294164462
2015-06-18,0.009500151486474073,0.01025503138230942,0.014124587203420566,0.012681031738045898
2015-06-19,-0.0003120130708841444,-0.001001193596499138,-0.005845352552352912,-0.0035439257564188996
2015-06-22,0.00013739618817550705,0.0012136608142938165,0.00045141436441810753,0.003102569661310231
2015-06-23,-0.000961628016908043,-0.0006976208015717295,-0.002714502839028518,-0.0006917873717810628
2015-06-24,-0.0015590094145321145,-0.002092510192613196,-0.005146279413010785,-0.003886812491406468
2015-06-25,-0.0023891282685750623,-0.0023306360644197604,-0.005101087825226209,-0.002910293607196784
2015-06-26,-0.007835381070263395,-0.007656971318215439,-0.0014215453788813941,-0.0057532698638819236
2015-06-29,-0.01056959855234858,-0.012510020052244702,-0.02015810652470477,-0.018171358409954267
2015-06-30,0.0008287332774404544,0.0012353539081504908,0.0019749069786205936,0.002205903276468495
2015-07-01,0.00259635388780195,0.0038442270840549817,0.010843770589692605,0.004639980122216246
2015-07-02,-0.004568195189050778,0.0008525139599583791,0.0011409548084715885,0.0007408351683847471
2015-07-06,0.002823661490492067,0.0016666630113130812,0.0011416253764341684,0.0008926633129009042
2015-07-07,0.003919278953517847,0.003822606127046611,0.007479081819771489,0.0035669134107364046
2015-07-08,-0.01051120504288893,-0.0124368301195066,-0.012058999946415053,-0.013403789790822724
2015-07-09,-0.000361531653890943,-0.004220718630547085,-0.0023631137763262277,-0.0035103386163670637
2015-07-10,0.009189234034594634,0.009331508138366954,0.012305368636451177,0.010487348065393079
2015-07-13,0.007950353607546213,0.013610807570102065,0.011308941670148035,0.014377695266071093
2015-07-14,0.004791515854729204,0.005944887961016262,0.00485472242782208,0.006066959374694225
2015-07-15,-0.002367729366698226,0.0029045484379924174,0.0014192907882618138,0.002551576622032712
2015-07-16,0.006094345173650733,0.01275250474708914,0.011789296466793662,0.01302079450468498
2015-07-17,-0.003061293480469292,0.012910876718277025,0.007828727385249923,0.013266317228302679
2015-07-20,-0.004317388127913167,0.0019734022555724,0.002490553872539248,0.002257201319403184
2015-07-21,-0.003100319356624631,0.0005371562575086524,-0.0013517599401554321,0.00031340238438596637
2015-07-22,0.003953728972262111,-0.007972555237332967,-0.00529304519501901,-0.008624036992926729
2015-07-23,-0.008121974988923865,-0.0006375230438674352,-0.006769808493048053,-0.0012384427958493116
2015-07-24,-0.010877220751724986,-0.007457856303593686,-0.004435698993469665,-0.00791374433726457
2015-07-27,-0.005116081720513079,-0.005676543589428731,-0.004372682590427024,-0.006182709175481158
2015-07-28,0.005406504732480099,0.005582351057374114,0.005462667075528101,0.006173115228578048
2015-07-29,0.0024080586833564285,0.0023481593267654487,0.004704209481672479,0.0026263557954261433
2015-07-30,0.002330494151740939,0.005315239186259094,0.0011840502393230552,0.005205577104374029
2015-07-31,0.006007608399343639,0.00047505240412730487,0.0023133095257670574,0.00015731792707144907
2015-08-03,5.8839458063327513e-05,-0.00047294689077778386,-0.00025433993888530324,-0.0010253314831968673
2015-08-04,-0.003293187614619317,-0.0030575257851409676,-0.0031544017682333006,-0.0028127358115292433
2015-08-05,0.004168415070554517,0.004761507565748454,0.00451769889032469,0.0053775728074847064
2015-08-06,-0.010223522128099972,-0.011193913669307531,-0.010795004823051246,-0.012201892276357986
2015-08-07,0.0020884996589475946,0.001528144456525774,0.0017584955130277218,0.000946084218169593
2015-08-10,0.005868285035992698,0.006795610777236419,0.006414405333150822,0.007758855750152761
2015-08-11,-0.006122622020243567,-0.007240368404324605,-0.006780884758733082,-0.008401409785210624
2015-08-12,0.0013738163264704938,0.001720515726121705,0.0015779944864849705,0.002080644282373934
2015-08-13,-0.0020008841785628746,-0.0019387408124043166,-0.001964286733323876,-0.0018741901936223996
2015-08-14,0.0017282685423594035,0.0016969390764436133,0.0017098180080532812,0.001664396225536948
2015-08-17,0.007436788609109598,0.007585095791463659,0.0075241297007258325,0.007739147471621866
2015-08-18,-0.005757936219474783,-0.005650622643091449,-0.005694737129249185,-0.005539152029267759
2015-08-19,-0.002744842441398856,-0.003385999858195648,-0.0031224326022029794,-0.00405199241946225
2015-08-20,-0.018877435267557925,-0.02034953275671893,-0.019744382378558727,-0.021878650865786456
2015-08-21,-0.03280575855712511,-0.03462559642880985,-0.03387749698294959,-0.03651592424768461
2015-08-24,-0.029574249141094064,-0.031060608540982908,-0.030449595412712162,-0.032604542194082306
2015-08-25,-0.006629039548402415,-0.00614966362918795,-0.00634672579698567,-0.005651719916214558
2015-08-26,0.034109363473599455,0.036822892065774285,0.03570741392140353,0.03964152749086464
2015-08-27,0.019556619076603367,0.020520994369176128,0.020124558721081477,0.02152272418335285
2015-08-28,0.0005433531741595987,0.0004210337385375238,0.00047131685672387267,0.00029397617248437606
2015-08-31,-0.011301770328633422,-0.011485653067013988,-0.011410062555232742,-0.011676658892503819
2015-09-01,0.006268412359457872,-0.025138768147236524,-0.024368049932569504,-0.026453057143041737
2015-09-02,-0.006572131513663296,0.02235203244760322,0.021614383681412823,0.02328137689184356
2015-09-03,0.004036709003836788,-0.0033529675001271954,-0.0031568689574315687,-0.003574327518185423
2015-09-04,0.0070464583059620806,-0.008553654815346885,-0.008132263772559873,-0.00914883272743892
2015-09-08,-0.01117669362935757,0.02136345900439381,0.020502833755119656,0.02272834182868998
2015-09-09,0.0032712255086187175,-0.008684785629337421,-0.008363500810400574,-0.009290907479903675
2015-09-10,-0.005198082591746689,0.00807684527992685,0.0077235035775957694,0.008461873970892375
2015-09-11,0.005034222673313675,0.005647570653288272,0.005663120914422777,0.005584311460135317
2015-09-14,0.0013489028756450774,-0.0023003483440092744,-0.002208229554548742,-0.0025372629291992186
2015-09-15,-0.015266218945499866,0.006861565821113862,0.006241395141419141,0.007985634424264502
2015-09-16,-0.002568324241131534,0.004138770300297828,0.003950234112126695,0.004614180813379772
2015-09-17,0.01086256477483533,0.0022544844904190983,0.002491598450835643,0.0019453550056543047
2015-09-18,0.011690765771296062,-0.009515785011406496,-0.008922445366697462,-0.010595039996109133
2015-09-21,-0.01263561085934921,4.320552759412138e-05,-0.0003461822256755011,0.0005532602355296115
2015-09-22,0.010820247299003842,-0.010363406785482983,-0.00978515016666868,-0.011440912552668877
2015-09-23,-0.0004403646083203765,0.0006333058523810334,0.0006162650184666637,0.000505447186885045
2015-09-24,0.004978978052376977,-0.00198378089687366,-0.0017740899053512729,-0.0022878044474768863
2015-09-25,-0.0065630929971806475,-0.008504741624070904,-0.008508111005960477,-0.008697147508665546
2015-09-28,0.013175554457147442,-0.021222034302563916,-0.02030854384479248,-0.022891056363512845
2015-09-29,0.003042291122545832,-0.003923319398177343,-0.003762367811918109,-0.004301887970202725
2015-09-30,-0.002206779060077163,0.018810368236389752,0.018279494779307785,0.019474081737657467
2015-10-01,0.0007796780500160404,0.004812221672485621,0.004481959059378101,0.004417798302476172
2015-10-02,0.0048242488283811525,0.007084314478232937,0.015775011337693014,0.016184431277675604
2015-10-05,-0.005539560024279764,0.01274147911080011,0.010097161937857634,0.011283145210914424
2015-10-06,0.0020425671060858145,-0.0014157691320168802,-0.0033671189303717823,-0.0037408208170480605
2015-10-07,-0.002501771173808583,0.009466020582302854,0.00458677820993698,0.005083588433660915
2015-10-08,-0.0026010372002607993,0.006134351083455651,0.0021039958320165676,0.0026385525031792072
2015-10-09,0.0005592157808623013,-0.0010642302520727292,0.004237777214155333,0.004281038621123849
2015-10-12,0.0033507666996476057,0.007159656677006459,0.003223503390781589,0.0029785925140075153
2015-10-13,0.0009272501529278077,-0.006504999915834201,-0.005223483254244681,-0.005622861692683996
2015-10-14,0.005468384923255603,-0.005273536374067333,-3.293404594074305e-05,-0.0005284371347942102
2015-10-15,-0.0034105227455819924,0.011140439377978508,0.0131932781994495,0.014102406630278591
2015-10-16,-0.0008324596512014687,0.006574031226649505,0.0035948506294198198,0.003678559945819856
2015-10-19,-0.00046287098024911185,0.01172661339269198,0.004449183271829295,0.004730195421505896
2015-10-20,-0.003426642794282633,-0.0011539752435606868,-0.005301342382402896,-0.005218402716902381
2015-10-21,0.0034384204796686683,-0.00184938711183027,-0.003670525324644264,-0.004395438021412274
2015-10-22,0.0010188147276277927,0.00782470848872006,0.017537177335290904,0.018119092962532075
2015-10-23,-0.005643533984156481,-0.009534466492790088,0.02244787968901651,0.023638734369044623
2015-10-26,0.002604775370205223,0.0006887306239726013,0.0015355630383398476,0.0012154521857051866
2015-10-27,0.0025059573570977074,1.8014259688326213e-05,0.0021079280933397173,0.0019367503873303415
2015-10-28,-0.005183643025071443,0.00020421114782291646,0.006443072826431921,0.007164094997569757
2015-10-29,-0.006141697112258407,-0.0033360644169908565,-0.003751072865420564,-0.0033070705718115717
2015-10-30,0.0019666739625034935,-0.0069083245421043635,-0.0026563293540931687,-0.003120327566573587
2015-11-02,0.009519732858078554,0.009263573421657024,0.009290348144486876,0.009427460325426741
2015-11-03,0.002723925692376705,0.0019961330561214866,0.002015832280930481,0.0021167111032308773
2015-11-04,-5.389164673223961e-05,0.00022354445229908087,0.00022173997166068048,0.00021249926556650493
2015-11-05,-0.002439840974322104,-0.0026881548004086386,-0.0026882428823715473,-0.002688693880309087
2015-11-06,-0.00024026485584340975,-0.0012650587705682538,-0.0012391880583121325,-0.0011067053050631036
2015-11-09,-0.009510757219069639,-0.009989262776431375,-0.00999768434673142,-0.010040810777435568
2015-11-10,-0.001995375523426419,-0.0018490532095518544,-0.0018583397385922153,-0.0019058955329304757
2015-11-11,-0.0011405277387087963,-0.0013471759197130053,-0.0013457082760372726,-0.0013381926124465676
2015-11-12,-0.008433428141810462,-0.007864848422134326,-0.007889342243991496,-0.008014774062602174
2015-11-13,-0.01670093385985616,-0.016395996255741497,-0.016438712415896704,-0.0166574596439146
2015-11-16,0.01274864012963546,0.012428782999132111,0.012454570234165376,0.012586625351609473
2015-11-17,0.0005141637960261201,0.0007618309087499787,0.000760071532735175,0.0007510617738633019
2015-11-18,0.016730979591568145,0.017008003838155816,0.01703682995122458,0.017184446992219504
2015-11-19,0.0008880693242679093,0.0014660018060885663,0.0014559565940375785,0.0014045154589898466
2015-11-20,0.005758089206539465,0.005514764131764018,0.005531334991464238,0.005616193566090959
2015-11-23,-0.0023558918824528835,-0.0021214850906983536,-0.002131518431193562,-0.0021828986083257404
2015-11-24,-0.0006482192997108606,-0.0007746122546269258,-0.0007759488781026602,-0.0007827935532401071
2015-11-25,0.0008377087527839656,0.001060903266262881,0.0010584753856436899,0.001046042390383416
2015-11-27,0.001355655469861293,0.0010957803022773754,0.0010998114560429155,0.0011204548356404155
2015-11-30,-0.00217208044194435,-0.0017056299038200327,-0.0017165903820592539,-0.001772718510789098
2015-12-01,0.009405690139665844,0.010447317544770678,0.010441647461702591,0.010411755674837861
2015-12-02,-0.0057402999199574,-0.005334595439038228,-0.0053450832448502916,-0.00540037199150438
2015-12-03,-0.01613589254414603,-0.018260075284541,-0.01824354188491091,-0.018156381175934617
2015-12-04,0.020884451543814485,0.02150826226937254,0.021531837985613908,0.021656120722203975
2015-12-07,-0.0035374956825307254,-0.002696626316245693,-0.0027196015816064144,-0.0028407205203611137
2015-12-08,0.00014783686140005817,0.00013918790514413877,0.00013853308751378039,0.00013508102419348993
2015-12-09,-0.013066405571669923,-0.01337314037431509,-0.013395941780137302,-0.013516142932507021
2015-12-10,0.0036717591184006063,0.004107799931692946,0.0041129745195698526,0.004140252768422501
2015-12-11,-0.019087568372969654,-0.018053992438373755,-0.01811664263076341,-0.018446914807109176
2015-12-14,0.005686943335090957,0.004957418178039742,0.004990558562304068,0.00516526436017218
2015-12-15,0.0049981203969648265,0.004557572436857111,0.0045769378858139306,0.004679026682991172
2015-12-16,0.012652100444870357,0.012692706915735874,0.01272019155772217,0.012865081584313171
2015-12-17,-0.012192532805793794,-0.01125342090939184,-0.011295219801427083,-0.01151557070986403
2015-12-18,-0.016299989351139188,-0.016017514472932357,-0.016057473859416947,-0.016268126813918145
2015-12-21,0.009761243566497095,0.009655501088389888,0.009673842085409055,0.009770529838028588
2015-12-22,0.005384432150783394,0.0048077658570718435,0.004830059208354352,0.00494758300129889
2015-12-23,0.006199180244249178,0.005512587617417835,0.00553673959327607,0.005664061599373524
2015-12-24,7.688667086480354e-05,0.0005781705297350272,0.0005686260998985745,0.0005183105506271372
2015-12-28,-0.00044145507744503074,-8.645377239078015e-05,-9.208938567073407e-05,-0.00012179885184426227
2015-12-29,0.013068636066277475,0.011590037419910725,0.011642295672573586,0.011917785357745243
2015-12-30,-0.007822370397478488,-0.00798590252719908,-0.00799884970021438,-0.008067102778832743
2015-12-31,-0.01072793968760537,-0.01027942412286881,-0.01030680540558495,-0.010451150926328522
2016-01-04,-0.018133123643141437,-0.01765452410065143,-0.017574119455859117,-0.017761216992660547
2016-01-05,-0.0015654058837384901,-0.001537994323738249,-0.0020213489766650523,-0.0020061541689597594
2016-01-06,-0.007777114474813815,-0.007481882087337694,-0.006733390531843832,-0.006885916182458107
2016-01-07,-0.027400847254303237,-0.02676916998843732,-0.027193226842800438,-0.027412014050572673
2016-01-08,-0.00694663048146137,-0.006744180828275496,-0.006622754238736244,-0.006706539044201011
2016-01-11,0.0023460762154485,0.0022281172824542912,0.0013318987559525425,0.0014245491570742588
2016-01-12,0.01076732826960448,0.010633263594071731,0.01194964318464926,0.011930956781688831
2016-01-13,-0.029999798600218543,-0.02927500361607715,-0.028970452692600367,-0.029263500648275587
2016-01-14,0.01856717558529705,0.01812672428079351,0.01748029532009069,0.0176828759853481
2016-01-15,-0.02686485762878547,-0.026191315551402874,-0.025234575115806276,-0.025542675504205543
2016-01-19,0.0017749239425762316,0.001709289891919371,0.0015240175189509075,0.001558928131349818
2016-01-20,-0.0021344429170150584,-0.0019838087015656984,-0.0013753441419326804,-0.0014651969068555577
2016-01-21,0.0005853713677846814,0.0005196222520708052,2.423296533902804e-05,7.565478639938035e-05
2016-01-22,0.025309708499694064,0.02472136921486429,0.024875892880107917,0.025092436951556465
2016-01-25,-0.012715517925908292,-0.012372454817211128,-0.012318422950845,-0.012452344317308347
2016-01-26,0.00803366936075064,0.007877776117761708,0.00793861580354916,0.007994937393496552
2016-01-27,-0.021916130385870244,-0.021431972379986283,-0.021844052223949303,-0.02200712212630828
2016-01-28,0.012618494889602878,0.012376427186098602,0.012538658087147379,0.012622515000073721
2016-01-29,0.01906606755098114,0.01877281798822934,0.019338568760905048,0.019420550480417034
2016-02-01,-0.0030614173931624144,0.00184940446527813,-0.0030217773416257717,0.0018545277141319492
2016-02-02,0.018552233563351138,-0.016814901155340706,0.018275133728063792,-0.01581277218832606
2016-02-03,-0.008293354463171011,-0.004174793292911494,-0.008269256949558355,-0.005304340333230663
2016-02-04,0.004845585870597315,0.0003182722421451595,0.004811507270794347,0.0006192991087929127
2016-02-05,0.001166651531521689,-0.028673458844960413,0.0009192138001078609,-0.029519074767484065
2016-02-08,0.021519575901580764,-0.011460843959332537,0.021265849799054503,-0.009946917660169445
2016-02-09,0.0010646440786297295,-0.0025524926844324456,0.0010359035220581245,-0.0024999291025600157
2016-02-10,0.008812842309735938,0.003697118380982567,0.008778571948198645,0.004562616211874763
2016-02-11,0.0070034234740529696,-0.0004314468782444089,0.0069451641299124655,-0.0002217354988292793
2016-02-12,-0.0166019345885384,0.011383009232305315,-0.0163825338236683,0.01060749078459949
2016-02-16,-0.010570140847679325,0.018253719971943957,-0.010341850750537878,0.017741299071608013
2016-02-17,-0.006148839477554923,0.01842802204060005,-0.005950330006616705,0.018469427707724143
2016-02-18,0.012296258141592686,-0.008715572237761303,0.012132806410106736,-0.007974114637432497
2016-02-19,0.0008399194239357856,0.002462680327765946,0.0008545378771573607,0.0026527600865103714
2016-02-22,-0.0005338847157873349,0.013338237705296359,-0.00041828407539002603,0.01380224544033626
2016-02-23,0.004047339579944705,-0.013357423474609687,0.003905969743025903,-0.013484551442616113
2016-02-24,-0.0019777766675688384,0.00794356197352997,-0.0018983151605236755,0.00787660948287794
2016-02-25,0.0035824014870500125,0.00869462118254809,0.003625598959066201,0.00893962433097111
2016-02-26,-0.009644694457444812,-0.0018628715032926418,-0.009586864396187365,-0.0024726992485447174
2016-02-29,0.004370911372198553,-0.00720551536639458,0.004278795950275439,-0.007052659653184761
2016-03-01,-0.017608775747801935,-0.017608633395770075,-0.01760874031369295,0.023957728412472068
2016-03-02,0.004126900445129149,0.0041268161506454355,0.004126898995158247,0.0009920722086431525
2016-03-03,0.003644470991437574,0.003644436879608573,0.003644471682603181,-0.0009834033155883626
2016-03-04,-0.006412668439699301,-0.006412624185461101,-0.006412660288588446,-0.0007336312141744503
2016-03-07,-0.0003111808291142517,-0.00031120494878890094,-0.0003111802080257665,-0.005194925454708192
2016-03-08,0.011045708656590008,0.01104563117742395,0.011045690302100621,-0.005118617082250296
2016-03-09,-0.00607823901542799,-0.006078208182191214,-0.006078230041218576,0.0043841774438232615
2016-03-10,-0.004102165877062643,-0.0041021562545344335,-0.004102161792072937,-0.0019480721721548875
2016-03-11,-0.010104275557903311,-0.010104171605391322,-0.010104252436380507,0.012967205168803805
2016-03-14,0.0031407833648095036,0.0031407470821871518,0.0031407789399115166,0.0019277770602038186
2016-03-15,0.0009390868526103073,0.0009390706096669424,0.0009390831765025672,-0.0001598085469042545
2016-03-16,0.002971547085001764,0.0029715819704950945,0.002971554418422016,0.007936925908786974
2016-03-17,0.004132436167919353,0.004132391547670741,0.004132437729508434,0.000210278187058058
2016-03-18,0.0020963257209893832,0.0020963201227929412,0.002096323931099331,0.0016538696197570103
2016-03-21,-0.007670818147925129,-0.007670748238587826,-0.0076708123893229445,0.002015050066471738
2016-03-22,-0.00023435157580581944,-0.00023437833697913905,-0.00023435145758461524,0.002521794848997504
2016-03-23,0.01132484207239628,0.011324741551967622,0.011324823246594007,-0.005029077566157489
2016-03-24,0.0003861072969854764,0.0003860869189647402,0.00038610594599740647,0.0002970404806490089
2016-03-28,0.001312597153318419,0.001312599428229414,0.0013125983915367452,-0.00095434369429175
2016-03-29,0.01048473728576444,0.010484684397308583,0.010484740835446212,0.015145395134277193
2016-03-30,-0.010529055735982748,-0.010528923730594794,-0.010529043910905006,0.002348404718452041
2016-03-31,0.007094021062564754,0.007093970911764168,0.00709401569280848,-6.188179109722316e-05
2016-04-01,-0.0009156281823956749,0.0076728668679528255,-0.0006818362793983715,0.009310230143272868
2016-04-04,-0.0012266901894342325,-0.004312984836515898,-0.001104701293448035,-0.0030822209987373286
2016-04-05,-0.004807447019012097,-0.005632118085307241,-0.003762993656634408,-0.006271784528304385
2016-04-06,0.0014295648485908282,0.012445185875264502,0.0008529371262586602,0.012558532819264187
2016-04-07,-0.004365556382567231,-0.009294053015555982,-0.0032569416692226493,-0.009992648789597302
2016-04-08,0.0043589274482931754,-0.0008722897709979038,0.003650269186279047,-0.0016487555617723966
2016-04-11,-0.0019677142324266437,-0.0006275679730333507,-0.0019226196125755744,-0.0032796959032777274
2016-04-12,0.005798447517685582,0.006925146679875363,0.004955839825361043,0.005876918683182703
2016-04-13,-0.003622302231066462,0.008632368404295527,-0.0031488728181425394,0.011266124489113986
2016-04-14,-0.005452983228771379,-0.0024007623795127297,-0.0054093513681612165,-0.0007098951217940928
2016-04-15,0.007599863881668153,-0.0008527120542037262,0.007663914429086212,-0.0007084697465779743
2016-04-18,0.0038740799620387576,0.004118165752904432,0.003330355163959214,0.0037517945320626467
2016-04-19,0.0001129694275189418,-0.002263729764819383,-0.00010167519584244344,-0.005623797435839384
2016-04-20,-0.0163394812578277,-0.0002333587193123953,-0.015985287683241627,-0.0011206377489395142
2016-04-21,-0.01663562941813623,0.0007443131544386632,-0.015926606139792365,-0.0008983390036745789
2016-04-22,0.009512667442259119,-0.01468869497225807,0.008711465313066774,-0.013040923170455205
2016-04-25,0.007052107112955231,0.00051070511103642,0.006310327121065604,-0.0006761544933940991
2016-04-26,0.0030268962635940483,-0.003298299854339421,0.002525053644731098,-0.004810065364585304
2016-04-27,0.0004683915908958041,-0.006094359081524587,0.0010994596133181633,-0.005074020859674993
2016-04-28,-0.0014287841610719852,-0.006597268602890568,-0.001060422189959534,-0.009429925787969778
2016-04-29,-0.008011269840248057,-0.000890501396443566,-0.007310105157676785,-0.00398733849642149
2016-05-02,-0.0033158343214560316,-0.0033158350549966414,-0.009307162135722732,0.0061309845785499795
2016-05-03,-0.002271986656025118,-0.0022719817666680287,0.012267503659962627,-0.0055490512814863726
2016-05-04,-0.006099540467117005,-0.006099540482941166,0.005747866776595852,-0.00440051088857264
2016-05-05,-0.0011455632102678299,-0.0011455629599318947,0.006570500495912798,0.0009021427310369816
2016-05-06,0.009093139302093881,0.009093143520629326,-0.0038204265187573934,0.003695263362988887
2016-05-09,-0.020539014130580416,-0.020539022203593556,0.003376165260362609,0.002892859758823831
2016-05-10,0.0027352085086174175,0.002735202875483143,7.074970881420213e-05,0.011373903931987055
2016-05-11,0.009423024569970427,0.009423028625534128,0.004850197257983448,-0.006533695043985571
2016-05-12,-0.007861103998158713,-0.0078611071013753,-0.004251314746790693,-0.004442949234603927
2016-05-13,0.004539402833635818,0.004539407705970419,0.009140139713241579,-0.0014032573000180098
2016-05-16,0.0007395024263349951,0.0007394990778327327,-0.008079649672098767,0.008910694983383627
2016-05-17,0.0034482492564851456,0.0034482526208707244,0.001076086072770758,-0.010120594560059993
2016-05-18,-0.01734577603166114,-0.017345783338300124,-0.014278105767967139,0.000562667123425603
2016-05-19,-0.0019150378208292198,-0.0019150369763009836,0.0038633235031945083,-0.003573159470890255
2016-05-20,-0.0013347995622980504,-0.0013348039775805379,0.0009834354607652265,0.009268836283741168
2016-05-23,-0.0028401641928997782,-0.0028401648728177058,0.0021657070692844968,-0.0007109969293664056
2016-05-24,-0.017341004290384855,-0.01734101785278234,-0.003943986519210044,0.01586043945859023
2016-05-25,-0.0027280350656620476,-0.0027280402166173154,-0.0036616254976561745,0.005322849411622361
2016-05-26,-0.003419393667873899,-0.003419396763962,0.005082330621731208,0.0033126499722994753
2016-05-27,-0.00823466696423043,-0.008234672459837179,-0.0012567889123061685,0.00406708096549904
2016-05-31,0.003805519944950177,0.003805522350672453,0.0023128056991109634,0.001988642606452495
2016-06-01,0.0011057800445443873,0.0011627286575077464,0.0014040796284522472,0.0007668330985032961
2016-06-02,0.005308170156530578,0.005344817896008894,0.005500132752584974,0.0029572965959275823
2016-06-03,0.0048917333062074375,0.00507201866502015,0.005836076874675497,-0.0014752403870421445
2016-06-06,-0.00766980951459774,-0.007665201635234536,-0.007645673177492711,0.0017488024147424975
2016-06-07,0.005775588058989534,0.005710848401280764,0.005436478563510341,-0.0016903605480846802
2016-06-08,0.00631324867082788,0.006294783956590459,0.006216529655954425,0.002343172083239876
2016-06-09,0.002589737473534087,0.0026642698407694167,0.0029801416407271237,-0.0002532387522895596
2016-06-10,-0.003902439401925647,-0.0037336374030459522,-0.003018246318772534,-0.008584845473614733
2016-06-13,0.0005886083341823743,0.0006631471114419622,0.0009790460982227033,-0.006171063724237863
2016-06-14,-0.0024415662066229636,-0.0024087092443191367,-0.002269459828209417,-0.00012588550566047598
2016-06-15,0.008997549192788352,0.00889811692161843,0.008476718135124689,-0.0017253479403820477
2016-06-16,0.005562999455738391,0.005549432309147551,0.005491933998181228,0.003292532027801772
2016-06-17,-0.00201614742276061,-0.002097433187700855,-0.0024419261123574186,-0.010785107704793765
2016-06-20,0.00039009742285321403,0.0001762552334294509,-0.0007300183564837058,0.0033970170976145293
2016-06-21,0.00310728038955886,0.002958165655869911,0.0023262100694180425,0.0018446283576808338
2016-06-22,-0.0012587518705519097,-0.0012026807219171981,-0.0009650484715109124,-0.0017256236356500661
2016-06-23,0.003669764226097443,0.003378261276975942,0.0021428576075451936,0.00988627662260482
2016-06-24,-0.005890656311586818,-0.005258991259431076,-0.002581963879981224,-0.02959341735839701
2016-06-27,0.0027345434022770635,0.0031635105377452576,0.0049814940500397965,-0.01221095790638725
2016-06-28,0.01949113494623492,0.019155266649760673,0.017731840386865094,0.018534223090284085
2016-06-29,0.01045614042952709,0.010106360227961379,0.008623974767942365,0.013384425650143231
2016-06-30,0.009810381428170646,0.00969218553596545,0.009191265599837406,0.010226143391482057
2016-07-01,0.0013116431951758357,0.0017101604001357811,0.002221243943071207,0.006469356237758385
2016-07-05,0.010867303057269741,0.011197566440297306,0.011253077916288268,-0.0030638575918165425
2016-07-06,-0.0036858243879433227,-0.00374483538052696,-0.003519808999942458,0.007117841433410046
2016-07-07,-0.009878992071442272,-0.009267112791610082,-0.008881044771409673,0.002460724537770286
2016-07-08,0.015521980864817757,0.015289111605385979,0.014956528899119912,0.014143335503565193
2016-07-11,0.00563640574409267,0.0051161520606525495,0.0045330289752608215,0.0033452557446304126
2016-07-12,-0.0011771333397376244,-0.0017639282752476735,-0.002379969166852819,0.0015381997599377157
2016-07-13,0.005769538987466579,0.006164730305946577,0.006400683251568897,-0.00010091195625093625
2016-07-14,-0.008834219901017381,-0.009482086110876019,-0.009694527405143436,0.0033412670720500263
2016-07-15,6.175703198213576e-05,-0.0005711693601425526,-0.0009080443851363408,-0.0027490639001744623
2016-07-18,0.0025928077914086686,0.0022984690772745314,0.0021625480012709706,0.005384261394498736
2016-07-19,0.004640981850373926,0.004948218016478964,0.004977306215013873,-0.0021265119461165187
2016-07-20,-0.0008251939015451249,-0.00045445367768407434,-0.0006648259221991935,0.008881519833486104
2016-07-21,0.0028420288453726555,0.0019866450517711204,0.0019882473124356224,-0.0015868822323468754
2016-07-22,0.007738555927051758,0.008078230704617951,0.00781183902251626,0.003757364928699804
2016-07-25,-0.0021842281512081995,-0.0017378928302085156,-0.0016951791304187676,-4.4108342177170325e-05
2016-07-26,-0.0043192342647885434,-0.004253972508278971,-0.004008820082115112,0.0012159811347594075
2016-07-27,-0.006237954445449323,-0.005738824743835146,-0.004975163965619697,0.007842830247948612
2016-07-28,0.008496858790442307,0.0081592874666856,0.007739183166156251,0.0026187767627912847
2016-07-29,0.012553152401511832,0.01226391938599727,0.01209895209307298,0.003180564771536701
2016-08-01,0.0021437080881931843,0.0018607952165749248,0.003427019850415057,0.002657852359319345
2016-08-02,-0.014410479117027145,0.008125691958829503,-0.01039523778151038,-0.008038764043242648
2016-08-03,-0.005744961852234458,-0.004759424767617879,0.0002710617108149549,0.002859876938571071
2016-08-04,-0.0037072305053022798,0.0016968846152910124,0.0009158973235490266,0.0036210880941410857
2016-08-05,-0.0005372792710440564,-0.017863950176832847,0.005684047591426389,0.006330228631019697
2016-08-08,0.0016003364055769327,-0.0008624105820436638,-3.7490041415606935e-05,-0.0006235351535671153
2016-08-09,0.0053285036264636345,0.004080325763334092,0.003704234750552692,0.0035432538203465417
2016-08-10,-0.0007235155634784139,0.004688951307794114,-0.0017524052891160363,-0.0015149542736241541
2016-08-11,-0.011047576300725302,-0.0069228334217883705,-0.0013737734305917198,0.0021303115759508788
2016-08-12,0.003817447726834985,-0.0021147984148784348,0.0022254462953264723,0.0019471855125100382
2016-08-15,-0.0007085966566446118,0.003453646531324045,0.0018570520216423573,0.0020299698765667744
2016-08-16,-0.010884067883789959,0.004928067719619853,-0.007411744432247382,-0.005055877760443109
2016-08-17,0.003794946073295627,0.00023350940762545297,0.002733851771931625,0.002480779268884431
2016-08-18,-0.003142938319654288,0.0047470839693446645,-0.0009213880051287881,0.000472147159588824
2016-08-19,-0.006555892385293646,-0.008829673999807996,-0.0024702166627153595,-0.001069132058069974
2016-08-22,0.004974707329524669,-0.0014847395902510207,0.002657177533900262,0.002019968948559781
2016-08-23,0.0005149608361611562,-0.0001564923217149695,0.0013617665947849233,0.0016720976444041932
2016-08-24,-0.004816297920965746,-0.011114632071650239,-0.0055815868490670505,-0.0057934932675490205
2016-08-25,0.004162233933677987,-0.0008706095496065474,0.000198605915132936,-0.001980655672241829
2016-08-26,-0.009332300826645632,-0.001425973533628458,-0.002526180803081259,0.00026896472739750796
2016-08-29,0.009354558475380971,0.0019833428203241237,0.004710738666494,0.0033306186756724312
2016-08-30,-0.002437583283331635,-0.010055453906180142,-0.002858032559999051,-0.0033480387437253155
2016-08-31,0.0008171082338221302,-0.0019995193301532307,-0.00024953509992561623,-0.000627452084681579
2016-09-01,0.0035586385176897637,-0.0022481801232731424,-0.002019267075289827,0.0007172188335989631
2016-09-02,0.010092181278178208,0.007619723806456699,0.006542179861024381,0.004972524534851485
2016-09-06,0.01616637703741798,0.007681178989849536,0.007654203177571946,0.006789259607262538
2016-09-07,-0.002660758910200737,0.005565414896404827,0.005136360003758923,0.002517611512285929
2016-09-08,-0.0058597674937210225,-0.012250677061535426,-0.01227053436689551,-0.008304342219473689
2016-09-09,-0.009244174636567789,-0.03815143468119894,-0.036670837902462165,-0.03020400845936332
2016-09-12,-0.00020597102205452983,0.011136711025279343,0.010411325214167936,0.01535983182482925
2016-09-13,-0.008123880374688227,-0.024243370736628377,-0.02336326388675645,-0.014843719112325337
2016-09-14,0.0034019160806073364,0.0030941720867244398,0.002984749990161801,0.004132230290997376
2016-09-15,-0.005597376037754664,0.003273548160618748,0.002754842387894585,0.010856851263163398
2016-09-16,-0.002235527579073324,0.0009484620432284581,0.0014355454014510602,4.9705582852825424e-05
2016-09-19,0.002641686540889776,0.008288360844883148,0.007499240814050924,0.0005290918850411915
2016-09-20,0.0007582348295132091,-0.001201514448395796,-0.0008804426717084004,0.0006877870608640748
2016-09-21,0.014448436466942141,0.012550266343155238,0.012245439788403943,0.01088492252288573
2016-09-22,0.003607661387361611,0.01725277015945801,0.016617289342898675,0.01154651353600524
2016-09-23,0.0008230716469399408,0.002807420265950847,0.0025508427819697123,-0.0028477439576411506
2016-09-26,-0.0005291190563266023,0.0026222903759516697,0.002877496083172502,-0.004163517364820205
2016-09-27,-0.007557283951718894,-0.009467644556422858,-0.00831998770098185,0.0024184180284523875
2016-09-28,-0.002243752431939402,0.007550058831565646,0.006886656509283907,0.003962421728358814
2016-09-29,-0.0021667934377664353,-0.012335264098069863,-0.011320035419780385,-0.009238084197307863
2016-09-30,-0.003689490426885336,-0.006999136119421632,-0.007131479571886034,0.0019261079424354019
2016-10-03,-0.0017045224971818076,-0.015253065490018192,-0.0016019813191917942,-0.0017366585355303448
2016-10-04,-0.032618372925412246,-0.014657304747065381,-0.006576614299403198,-0.0031773722700268268
2016-10-05,-0.00014565574534411923,-0.015902948500790267,0.002768060583276885,0.0022100624471005437
2016-10-06,-0.008379389449802942,-0.0007429319100417702,-0.0018413996306172508,-0.0013313581510169309
2016-10-07,0.00021052655374765499,-0.0014989347590273364,-0.001754136926104729,-0.0017230925997396005
2016-10-10,0.004161985096887164,0.0059345960890025045,0.00590034479424619,0.004336804841286467
2016-10-11,-0.0066763631591922985,-0.009646325483250803,-0.012859929614227252,-0.012302080689225867
2016-10-12,0.0012812133192360447,0.009208416918244982,-0.00047910777556496847,-0.0005526770152365655
2016-10-13,0.0014183163130950334,0.006138900249140967,-0.0026626077822230272,-0.0023806082250239268
2016-10-14,-0.004941710736268887,-0.003995468057440882,0.00016357081104748078,-0.0012828025724245073
2016-10-17,0.0023466732575824854,0.0017338837209669705,-0.0019068489359273775,-0.0012456389331589623
2016-10-18,0.0072005647983170735,0.006598631944172535,0.00848812558491027,0.007980448638865524
2016-10-19,0.005765914333232977,0.0023055865571696686,0.000801304565075383,6.40130081617229e-05
2016-10-20,-0.0030427556900811032,-0.0022398982782141645,-0.0014724426632799765,-0.0008225737096641031
2016-10-21,0.0006556457990409064,-0.0024894942052025907,0.0032819590196639247,0.0033736016592822776
2016-10-24,-0.0016584383649818311,0.002767287932721562,0.009846365799434275,0.009349735222093921
2016-10-25,0.006972108529727485,-0.0009413860238403008,-0.0015434971617130722,-0.0022300871581211225
2016-10-26,-0.006040543072107429,-0.011640523990676313,-0.006613247574854617,-0.006790431343540935
2016-10-27,0.0009000811071499143,-0.021085236978199324,-0.0035888666276115344,-0.005593971342830193
2016-10-28,0.003933046123400338,0.0017554943518716356,-0.004604831049820698,-0.00561752440336436
2016-10-31,0.003202973650148952,0.013159605573540773,-0.0003450263992225405,0.0002135670910669219
2016-11-01,-0.0015775732296877023,0.004591303784757052,-0.006323948542288203,-0.006283205157490488
2016-11-02,-0.003005658004702947,0.004904707858555305,-0.006060696132543228,-0.005994410036404764
2016-11-03,0.0009559095389642392,0.004289756275855801,-0.009474158759743423,-0.009462717019035014
2016-11-04,-0.004167165446928423,-0.000691426288616738,-0.0015414626643144836,-0.0014745991861300556
2016-11-07,0.010916194175780419,-0.010981825222586655,0.01867074967113092,0.01849775954223529
2016-11-08,0.0008906739759504837,-0.002798035072614259,0.004862535499997304,0.004805749560783568
2016-11-09,-0.015640377108331834,-0.004793992671223295,-0.0028061659284063316,-0.0030584576403042073
2016-11-10,-0.020528259015230314,-0.016643228898092298,-0.015932020055092543,-0.01592462670209737
2016-11-11,-0.018724930571883198,-0.021726716361325935,-0.0005227658662995278,-0.0005552257418445261
2016-11-14,-0.0055881357589631555,-0.00829630956552272,-0.009453761631216593,-0.009431657035080995
2016-11-15,0.014402064633789588,0.010179090575800508,0.012463525268269065,0.012415663334603309
2016-11-16,-0.005483599124153559,-0.003675573446148958,0.006423813480071239,0.0064403675366057865
2016-11-17,-0.0017956665634743007,-0.004285244324522461,0.003804083212129083,0.003686183733801311
2016-11-18,-0.0056186031478475,-0.008238804688044655,-0.0036026319994656732,-0.003598079360168372
2016-11-21,0.007063044834820498,0.004524570744424402,0.009150877677330652,0.009108425565780062
2016-11-22,0.007723878047177609,0.0016660952306002536,0.002505917625146528,0.002487859682801048
2016-11-23,-0.013373772867875337,-0.01863960992159828,-0.004012315656538557,-0.004011471786697503
2016-11-25,5.732566759539467e-05,-0.00429018254268031,0.002938237974749396,0.0029290336489866493
2016-11-28,0.006006395265570061,0.00971227847610632,-0.0007530436188881775,-0.0007013545220146953
2016-11-29,-0.0014501274794058428,-0.0038703239040771315,0.003574354276960528,0.003578278960350705
2016-11-30,-0.004685938185961949,-0.011459810147751338,-0.012752227842427195,-0.012774181588901864
2016-12-01,-0.002044558069433076,-0.004048323775821645,-0.013144039094279206,-0.016101612850617456
2016-12-02,0.002153858542185809,0.0010804131488777384,0.0038923204357101697,0.005084817350894424
2016-12-05,0.010764647446672646,0.011034029550213369,0.009355298680053116,0.007331648512562285
2016-12-06,0.005444630219276672,0.007592141092867004,0.0053171729490016206,0.0037730272655223645
2016-12-07,0.005697308694499206,0.008055772929848014,0.013665217982839477,0.015190951916406409
2016-12-08,0.007642474055421137,0.01081180730128872,0.005634893443897708,0.003182207998320495
2016-12-09,0.0006159515302994011,-0.0014417874850729448,0.002682782325282248,0.0039015204693612394
2016-12-12,-0.005249912022104797,-0.0066344030486883985,-0.0025434874860232122,-0.00024202127140161855
2016-12-13,0.0011016437746048248,-0.0008588302543512006,0.005457059146870975,0.0075282253739260745
2016-12-14,-0.010156825886268308,-0.013087803561649073,-0.01053293729883947,-0.009601744939922505
2016-12-15,0.00413243175169039,0.0016937311915701404,0.0012135484328281378,-0.0010178585093491028
2016-12-16,-0.0006199381194049499,0.0004716365002719284,0.0018931441862473752,0.0031616143391323937
2016-12-19,0.004328844091779976,0.006124878171176115,0.006929269330648243,0.006757571696251736
2016-12-20,0.005080685360612475,0.004152326428866295,0.003952128835509015,0.0029648704389652735
2016-12-21,-0.0033247877190381377,-0.004590152731039495,-0.005702653118198295,-0.005835807191134895
2016-12-22,-0.004795875861589491,-0.006926556366798651,-0.003840477955312903,-0.0023676493786829126
2016-12-23,0.003668213277660524,0.004730550336198521,0.002401476151473328,0.0014199630649042287
2016-12-27,0.0039026508493426567,0.004853462824006364,0.0036205384912688016,0.003760100792598063
2016-12-28,-0.004461771032115686,-0.006692659230222101,-0.006917510637641823,-0.006638760793364247
2016-12-29,0.0018277267553078662,0.004232028014773119,0.0032066642760225487,0.0038001321777497276
2016-12-30,-0.0013877021560351425,-0.004475981352407424,-0.0017541684195468755,-0.0015153572816975353
2017-01-03,0.0001546883633511984,0.0020379207257007195,0.003956471110388579,0.005192379664862562
2017-01-04,0.010137474236394299,0.012048085138139925,0.012012909741397083,0.011078491019489392
2017-01-05,-0.0034233767649022345,-0.0024162182985818033,0.005464453347450811,0.004605282249456159
2017-01-06,-0.0017650378639874364,-0.003944331633680815,-0.000618033893821982,0.00253700161309916
2017-01-09,-0.0065237833906405425,-0.005254019905322101,-0.005099648147410004,-0.004156203128625028
2017-01-10,0.002352250035347553,0.005529938959891176,-0.006224113116482992,-0.004596818990076403
2017-01-11,0.0037730954670527617,0.003955868719969069,-0.003783643025537575,-0.0027891593017197324
2017-01-12,0.0011657957959882368,-0.0006761473224465621,0.0032884631198502605,0.0025645909104305186
2017-01-13,0.0022783811356402173,0.004377799891551866,-0.00154142388847375,2.2912184025335124e-06
2017-01-17,-0.005519803001295788,-0.005031794852322667,0.007196086401521049,0.004326128124366731
2017-01-18,-0.0008112902502646325,-0.001700667567213928,-0.0006587514407361455,0.001117574596507578
2017-01-19,-0.005012335245993322,-0.00559450355247958,-0.008759214532763593,-0.006832695755180671
2017-01-20,0.005662029884042766,0.005904493595237828,0.005286270311972224,0.005158834943735412
2017-01-23,-0.0015257989020069013,-0.0010791531751710858,0.007975490342922689,0.005982643245806113
2017-01-24,0.006533245508218364,0.008502276135327435,-0.000319516938366752,0.0020477858808791442
2017-01-25,0.0030813477308411445,0.00244957455297048,-0.006010806171143528,-0.0013525631896131184
2017-01-26,-0.00045740999549372737,-0.0033534356843452594,-0.0007856862121630546,-0.0006958998974571655
2017-01-27,-0.003103903039972218,-0.003282808605625173,-0.006485876771789593,-0.005267487656137179
2017-01-30,-0.007387039058803621,-0.0084296604616794,-0.006275328926798794,-0.006949388746305473
2017-01-31,0.003716269122478325,0.008175813657585839,0.0063309571344185725,0.004160001430576483
2017-02-01,0.005662771811408215,0.0011491541052797737,0.004598137036621325,0.001949128614541989
2017-02-02,-0.0007053843623326963,-0.00019727845563377762,0.00028375684701481633,0.0017230070450752757
2017-02-03,0.003958200132659278,0.008751000489413931,0.0035589855532815284,0.003096535340657588
2017-02-06,-0.0013074269487553015,-0.0024090861953952407,0.0023477568154218714,0.0010510474198701595
2017-02-07,0.0005057784028367392,-0.0035787909753371657,0.002235433036981371,0.0025534876473575106
2017-02-08,0.0012379933900706086,0.0008905650903401989,0.002282654233480178,0.003975748314011274
2017-02-09,0.004807988285578863,0.006943441727916935,0.002606831487846931,0.002034142032378156
2017-02-10,0.004257238047798409,0.006191716925137233,0.0035523044787899843,0.0037166826780735975
2017-02-13,0.002357767118724499,-0.0013461094544665534,0.0036205021215307133,0.0038068009836311205
2017-02-14,0.002555259965663118,0.0022566904554477594,0.0028028414821082534,0.0006892529238310804
2017-02-15,0.0042270026471119375,0.004266100986977261,0.005453356759903456,0.0031188448864675877
2017-02-16,-0.0014717728945801423,-0.0014710144737031979,0.0005157749577834559,0.001447719084870448
2017-02-17,0.0022136570680706463,-0.0011354790630735746,0.00293189449787361,0.003992385500385
2017-02-21,0.004264537654223686,0.00453504757152195,0.004707739266121519,0.005901642629467125
2017-02-22,-0.0009285578579274085,-0.00276889543171825,0.00015703445577126498,-0.00023881421510626308
2017-02-23,-0.002278779768335733,-0.0009081726721794165,-0.001895033153412635,-0.0013598317877035091
2017-02-24,0.0008636117995206164,0.0006716845214234765,0.002476552389104849,0.003300539330327024
2017-02-27,0.0019740841051303472,0.004047846076038112,0.000958871172532253,0.0013989545507411038
2017-02-28,-0.0035110647778717613,-0.007586961807684589,-0.0032848679512813028,-0.0032219623485685136
2017-03-01,0.009717662242557708,0.009185457971971872,0.006967202858519937,0.0058620428676254945
2017-03-02,-0.007550593019594141,-0.00787482143435867,-0.005828962467553779,-0.004887350174736515
2017-03-03,0.0011947790267925608,0.0017290758467549984,0.0004716072482663944,0.0012792962659575685
2017-03-06,-0.0035789569235061963,-0.0030410445349493627,-0.003108771846048447,-0.0027962744535236362
2017-03-07,-0.004032315006645757,-0.003844429159125436,-0.002916260215238626,-0.0022029371960932405
2017-03-08,-0.003480170913691532,-0.005419474936181837,-0.002984752283342939,-0.0014350729071067132
2017-03-09,-0.0018373292202194154,-0.0027458810039646788,-0.0029077831772450127,-0.0021265369028295508
2017-03-10,0.002460107442278413,0.0013383232010665345,0.0025742787241033248,0.0032863678023936924
2017-03-13,0.0013206735138043208,0.0007256219803046912,0.0016857408584540503,0.0007654572349523496
2017-03-14,-0.0033558227269904362,-0.002930969659587102,-0.0022973213387125838,-0.0012755824983884207
2017-03-15,0.010295475257009088,0.009340902909477467,0.010155083466818376,0.008525609424107196
2017-03-16,-0.0001585772641630878,-0.0006021882524728561,-0.0004542739753052447,-0.0013747100374561856
2017-03-17,0.0010877328804497065,0.001535685220966039,0.0008803829735097541,0.0010480759352075335
2017-03-20,-0.00021146364556389225,-0.0005299437016080402,0.0009149256240520985,0.0011355961829056088
2017-03-21,-0.01355838888589223,-0.01388817905541339,-0.010695287332023863,-0.010999949832784413
2017-03-22,0.004013154921048277,0.0033559376212188804,0.0049156878446955194,0.0055963884136329125
2017-03-23,-0.000437558498924239,-0.00031164018858942773,-0.0004702833675878661,-0.0012598174863197324
2017-03-24,0.002042331152941649,0.0020128492376472345,0.0014041742267363899,0.0018988837491528954
2017-03-27,0.0014949446794361612,0.0010009896104396878,-7.926642305774344e-05,0.0007664859931007511
2017-03-28,0.005358544173506228,0.005618027402545592,0.004753685505475639,0.004306175478008682
2017-03-29,0.0041937714765995,0.004889379806952205,0.004615248006642329,0.0049165480127539895
2017-03-30,0.002464621911088611,0.0031041017712483423,0.0008207447908948764,0.00046087566351771513
2017-03-31,0.00026662557770377787,0.0004678509763760747,0.0008973677204190371,0.000525925251551826
2017-04-03,-0.0005792602144835653,-0.002791197580451234,-0.00102421619961447,0.0012660899143914362
2017-04-04,0.0011239428062651924,0.0019214663902056772,0.001314420841945363,0.0003605172815665222
2017-04-05,-0.0028562006627963444,-0.003857147303045138,-0.004420482213321397,-0.002827368293168257
2017-04-06,0.0008019648090158804,0.002517186276840625,0.0010635517619872476,0.0001782535136451467
2017-04-07,-0.0005030687665570137,-8.661202134251486e-05,-5.3980121938146085e-05,-0.0011446204158768283
2017-04-10,0.0007491488730704566,0.0018945009174986145,0.0005711399657578248,0.0011241762287976036
2017-04-11,-0.0034334945761270302,-0.0008059407153079696,0.0004057618293819223,-0.001903370114082788
2017-04-12,-0.0022749922788568933,-0.004170985465681449,-0.0035976141436034393,-0.0023692846001037255
2017-04-13,-0.003260214793851385,-0.003640168063258267,-0.0033669298360811855,-0.0027370764062405327
2017-04-17,0.006308631128443921,0.005896893459564787,0.006951732823369852,0.006294904139170321
2017-04-18,-0.0010399799884478497,-0.001240487154968543,-0.00027078647570119503,0.001033074769665283
2017-04-19,0.0006636547716799328,-0.0011220254669426475,0.00017052968748739006,0.0003661185225210761
2017-04-20,0.006486634911745572,0.006425614340739292,0.00792572215663725,0.006224904328073695
2017-04-21,-0.00043914179859047873,-0.00198437284149441,-7.282936626534132e-06,-0.00018667023260248564
2017-04-24,0.009318976158411036,0.008509423418305278,0.009085747710733758,0.00909507435917166
2017-04-25,0.005215228617699296,0.006162593596555722,0.004776752125528942,0.0038592383847450298
2017-04-26,-0.0012204655035433802,-0.0006558947594390459,0.0005137703307926246,-0.00019516874056615434
2017-04-27,0.004021600882985075,0.002239089395389466,0.0035675575103006917,0.004895485367397615
2017-04-28,0.000983048013267911,-0.001966191255361376,-0.00010352785839198584,0.0018454867835396216
2017-05-01,0.0061572076554810284,0.00609996597342168,0.004926671982831891,0.0060697306249345405
2017-05-02,0.0007150797128539084,0.0012914409832644768,-0.0005661300343612834,0.0022423114460868535
2017-05-03,-0.0020540146229838714,-0.002987025951777435,-0.005887691230738521,-0.002567451716405678
2017-05-04,-0.002408881644567191,-0.0014338601207878985,-0.001915432407258527,-0.0005048073116711125
2017-05-05,0.0035690194831937334,0.0031446425419817425,0.004145494648839262,0.0031982113522393734
2017-05-08,0.0015887576042576477,0.0017062724459369744,-0.0003842600099280807,0.0009288363713423024
2017-05-09,0.001892998323635481,0.00206078952653876,0.0007469241919263346,0.0028966221176780615
2017-05-10,0.0023786390226260214,0.0013158532120332886,0.002074175511477521,0.0002923754962077455
2017-05-11,-0.00030514137537867225,-0.0003255720204173822,-0.001744816894887914,-0.0006641321264396383
2017-05-12,0.001391826272720757,0.001742730455597636,0.0001951500425866524,0.0031145060087966535
2017-05-15,0.0030199191527118053,0.002957184366187327,0.004400545015680785,0.002206014211334918
2017-05-16,0.0032622221185355828,0.003624651973898451,0.0031147850440312024,0.004096834222973603
2017-05-17,-0.017866330249517684,-0.018504336127764105,-0.01842467031617898,-0.018854402322630404
2017-05-18,0.006018080854210923,0.0061718959038182955,0.00439666813634927,0.0074947977652496745
2017-05-19,0.004240577259314159,0.003771631824200501,0.004516365625629049,0.003917445046240382
2017-05-22,0.0067862118976506555,0.0070589348456728505,0.007222331561214303,0.006581329011335629
2017-05-23,0.00048466116966826707,0.00034129197480084467,0.00040375546324743585,-0.00026396531034244284
2017-05-24,0.003456693252777139,0.003960818555336333,0.0033619440694765807,0.004769208345822177
2017-05-25,0.004421741468476036,0.0060224055953238455,0.0046312083685491594,0.007167776140651116
2017-05-26,0.0016863644371203745,0.0019431101110652042,0.0023956266247039423,0.0017619245217045062
2017-05-30,0.0004860113280093646,0.0006377952806605845,-0.0023458404410812666,0.001521896011257023
2017-05-31,-0.0007684862985561652,-4.679600269261638e-05,0.00019667985466298386,0.00011491677425894027
2017-06-01,0.0034116297556069973,0.0034039932442815157,0.0037508042267768564,0.0032646256316347477
2017-06-02,0.00808251632324679,0.009129037765431638,0.010194482684068184,0.011490990522984253
2017-06-05,-0.0013750756219348757,-0.00020398237539331183,-8.636318825708558e-05,-0.001203786297803165
2017-06-06,-0.0026755452578441576,-0.0019738398520513243,-0.0009871053729665338,-0.002412472716528981
2017-06-07,0.0011257454403109512,0.0019341272477527332,0.0019124983656249078,0.002477643241168989
2017-06-08,0.0005506066579940242,0.0002122102080748988,0.00015809606441429422,0.0004348466556469545
2017-06-09,-0.01482902140103592,-0.0189049183551962,-0.020827195604810878,-0.021113038602099125
2017-06-12,-0.0038368932328935582,-0.0037394627328093174,-0.0046884609623758745,-0.004523199970691915
2017-06-13,0.00647759875437535,0.006286986634259829,0.006619257139680317,0.006797350922682771
2017-06-14,-0.003662958577532532,-0.003695871778172514,-0.004197461248015432,-0.0010666848336735517
2017-06-15,-0.004598532397650103,-0.00430552193295667,-0.004884400717553981,-0.003963613221671685
2017-06-16,-0.0015542263824524759,-0.003413986392682786,-0.0030604755235352638,-0.0032909098735144867
2017-06-19,0.010749107055737296,0.011829143361742159,0.011974422887228175,0.013713153990886512
2017-06-20,-0.0070506850057633404,-0.00648977417364642,-0.007118180641482859,-0.005048757574825987
2017-06-21,0.0038333097847745258,0.0064667863908663996,0.008052408413182957,0.008599536741730104
2017-06-22,0.00048632726808535914,0.0006184798585145983,0.0007950481052204883,0.00012688628343459024
2017-06-23,0.003740136362015793,0.003929753123831243,0.004039828278796237,0.0031238756058058316
2017-06-26,-0.0021249822999000797,-0.0040805235047804405,-0.004213698267924869,-0.0032755050911031747
2017-06-27,-0.010790797030429036,-0.013272301143767186,-0.013833118492622342,-0.01690295112609558
2017-06-28,0.010967289731322232,0.011213442946372654,0.011512883722869256,0.011478763874971168
2017-06-29,-0.011900495028011578,-0.013492967308470747,-0.014823814642876644,-0.015867673718795643
2017-06-30,0.0019917295367722436,0.0004087886247625729,0.00022042525507975477,-8.005292256237819e-05
2017-07-03,,-0.005495127726283061,-0.0033911266246721607,-0.009282774942516751
2017-07-05,,0.004506081660627995,0.0015188585490834299,0.008196746616279135
2017-07-06,,-0.00593910307532465,-0.008138925628892207,-0.008889258851543158
2017-07-07,,0.004944217846528152,0.0018967911275831828,0.007914546857108825
2017-07-10,,0.003948783253728409,0.0026763080647905124,0.005666175102247982
2017-07-11,,0.0014122661889359794,0.0036028419358784558,0.0026238750316822886
2017-07-12,,0.00931629967259722,0.009826577922763086,0.011017173859229195
2017-07-13,,0.001754108734316078,0.0011965248960426307,0.0007494325951640287
2017-07-14,,0.005832724018995968,0.007349794213789175,0.006733163491456365
2017-07-17,,0.0001166520583629318,0.0010709490350805154,0.0008800121760699595
2017-07-18,,0.003555972169459699,0.003371858591431269,0.007032349404809098
2017-07-19,,0.004081221293168643,0.005639785364492318,0.004932666477640832
2017-07-20,,0.0013848944378204281,0.0005952185119890455,0.0015875296022084633
2017-07-21,,-0.0010074897236767605,0.0012101291657035838,0.00037975417100260086
2017-07-24,,0.0021903282306040433,0.0020349517150368528,0.003129024331226351
2017-07-25,,-0.0009023339852401,0.00045297847936163024,-0.0043464571660956595
2017-07-26,,0.0029476638925600564,0.003470479134123309,0.0029748686609567827
2017-07-27,,-0.003661106768668177,-0.004382263991311006,-0.006049875845372079
2017-07-28,,-0.00022895494780424486,0.0013550430246662018,0.00032326324208132933
2017-07-31,,-0.0018021184535216442,-0.0012311455874418592,-0.003307991956016092
2017-08-01,,0.001505907779935028,0.0016145225444524202,0.0031265712536440375
2017-08-02,,0.0016413901339006158,-0.00042495758946392684,0.0023408889839545053
2017-08-03,,-0.0028696764319235553,-0.002948607169908009,-0.0014086228598592784
2017-08-04,,0.001353654385747278,0.0006449518073344522,1.655195526044451e-05
2017-08-07,,0.003271861263885929,0.0035895337068626893,0.005425730464820056
2017-08-08,,-0.00282249188643677,-0.0014840993113246401,-0.002055188471546211
2017-08-09,,-0.0013761893508936773,-0.0010084718218855424,-0.00013574313864961446
2017-08-10,,-0.015959148466264235,-0.014562475232736311,-0.016213312854956037
2017-08-11,,0.004127955066413898,0.005225446459168372,0.0063469626569398006
2017-08-14,,0.008317968517274173,0.008984463760045467,0.009736573623430382
2017-08-15,,-7.68758412566978e-05,-0.0019226641278440953,-0.00016103557577183878
2017-08-16,,0.0017064524402957452,0.0025453989974931145,0.0020733464797082976
2017-08-17,,-0.013333028118432426,-0.01382889744852427,-0.015577506924662414
2017-08-18,,0.0018881363423931773,-3.8008319564276556e-05,-0.0006257597600816876
2017-08-21,,-0.0013750640176350745,0.00012015242790828836,-0.0006254212806914007
2017-08-22,,0.009662564636516631,0.009864944023837408,0.01191193541652899
2017-08-23,,-0.0010277402977467765,-0.0012843780936963444,-0.0017545525989944846
2017-08-24,,-0.0015557752446026954,-0.0012165008764841907,-0.003073825147509643
2017-08-25,,0.0003264906655480179,0.0003891108059219382,-0.0010676253102604625
2017-08-28,,0.001619611087363634,0.004528032192023553,0.0024495034314510602
2017-08-29,,0.0009188622579114356,0.0014938367449191551,0.003808458077152033
2017-08-30,,0.005685966134200244,0.007407969196036598,0.009647399189159132
2017-08-31,,0.009535819301568127,0.00924518136645734,0.009366518178203859
2017-09-01,0.000847271890095716,-0.000315391320500055,-0.0011538144262850597,-0.0024631367369104566
2017-09-05,-0.0041935870558447675,-0.005634470704428556,-0.005299060989159395,-0.004643407129221887
2017-09-06,0.0028030733433630555,0.0036685346295905943,0.0027783571928083933,0.0014410455274674334
2017-09-07,0.0067402546369418155,0.0030878983259746097,0.002505264706092663,0.003719220557952323
2017-09-08,-0.0037947236763181233,-0.006032819404888161,-0.007839145087037763,-0.007529057030474618
2017-09-11,0.005208252436881647,0.007855317079431146,0.00800372124955499,0.0074224266447943015
2017-09-12,0.0018387184019758032,0.0022497688199968444,0.0016642432003239668,0.001064739412774234
2017-09-13,-0.003537854689273696,-1.3793095463894947e-06,0.001016431942399455,0.00044188533813658486
2017-09-14,5.121093068555583e-05,-0.0021448086743473226,-0.0033305789311536896,-0.0041315719961943845
2017-09-15,0.0013886699219986566,0.002553603377918749,0.003210446438598274,0.002904619150509325
2017-09-18,-0.0012563463721695074,-0.0006130010149532239,-0.001045348002013716,-0.0020852889654138507
2017-09-19,0.0026429498000245504,0.0018105359501984365,0.001140143004482071,0.0009895506005862685
2017-09-20,-0.0035060447226145956,-0.001138517998548021,-0.0015727699785836294,-0.002423423815739798
2017-09-21,-0.0038190450203491977,-0.004058175527805587,-0.004541869944816836,-0.005152384543536985
2017-09-22,0.0009203256250522007,0.0008203413796251771,-0.00024340996194929673,-0.00030141513797089054
2017-09-25,-0.0054651066988325794,-0.004311564334649748,-0.005344585278733556,-0.007604686382866666
2017-09-26,-0.0021391808087256425,-4.0669322985035676e-05,0.0006323326827316705,0.00182337423603524
2017-09-27,0.00027866100150125136,0.004039763471545601,0.0048113706545582155,0.004812670183959714
2017-09-28,0.0008590741017998486,0.0004828981516240337,-9.539014986879163e-07,-0.0008024795170160856
2017-09-29,0.00510093843462235,0.004494919908167075,0.004944615418038562,0.006338021025566226
2017-10-02,-0.0007853320942717035,,0.0013060508841138104,0.001787122058482831
2017-10-03,0.005088339048970895,,0.0018983332680547458,0.0019647018892503623
2017-10-04,-0.0002377409134302417,,-0.00010994016628937107,0.0003559348414270873
2017-10-05,0.002762568113462478,,0.00611417716719784,0.006974157567872842
2017-10-06,-0.0010091449452481612,,-0.0009678929153731346,0.0004219807275958414
2017-10-09,0.0007355461980334327,,-0.0008555787473701702,-0.0008516758428595246
2017-10-10,0.005848831476156836,,0.0019518424049942155,0.0011176312895012591
2017-10-11,0.0029965594031718355,,0.0012847737720398278,0.002401925669935615
2017-10-12,-0.0001555965786809602,,-0.0013610025332540371,-0.0007966663395066239
2017-10-13,0.00613712631684957,,0.002643042100018487,0.0037086963766343965
2017-10-16,-0.00015632749910719432,,0.0016666978139461084,0.002330825835435667
2017-10-17,-0.0019522631659100423,,0.0002864873380365609,0.0008019557193742488
2017-10-18,-3.71893950105813e-05,,0.00024852600407091515,-0.0013255718332558508
2017-10-19,-0.0025556577488808534,,-0.0021370412059207033,-0.00263955898849998
2017-10-20,-0.0010055643809172945,,0.0024262054795720273,0.0009406502011778087
2017-10-23,-0.0035799868052693584,,-0.004501996967847565,-0.00539884589667265
2017-10-24,-0.00021927343363768734,,0.001774358614076612,0.0005652567892082413
2017-10-25,-0.003342398432520014,,-0.0031932538931651773,-0.004050696107780342
2017-10-26,-0.0033012849321047326,,-0.0014638607158938975,-0.002608999659926587
2017-10-27,0.012053683499281289,,0.016253009089169733,0.02325320918555982
2017-10-30,0.0015251402472717804,,-0.0003129390928986203,0.0018774172149121054
2017-10-31,0.004018153496361737,,0.0029992988852988066,0.003628653929290827
2017-11-01,0.0013264477993547904,,0.00014493800293567487,0.00047793177420597116
2017-11-02,0.001666624809519094,,-0.0007836121780965443,-0.0009048728303429781
2017-11-03,0.0022378586447433443,,0.007595843668547457,0.00824854388963961
2017-11-06,0.0028427797391535363,,0.004254075495444498,0.0035669274059607382
2017-11-07,-0.0013795934967753254,,-0.0003275821697369888,0.001024161744284359
2017-11-08,0.002765280518580281,,0.002399738177743248,0.0030862147479013002
2017-11-09,-0.005173929046088449,,-0.004050388065686437,-0.0046636984297891045
2017-11-10,-0.0038590464709687263,,-0.001367147519975778,-0.0024943834842744974
2017-11-13,-0.0015267065714509945,,0.0006148286992852133,0.0013700333732600048
2017-11-14,-0.0007709441485474064,,-0.0037909278690638018,-0.0019557727602098358
2017-11-15,-0.0024419761196965554,,-0.002573046079217049,-0.002296748511038247
2017-11-16,0.007568984836926654,,0.008474722869718945,0.009275855103045218
2017-11-17,-0.0016083847937405338,,-0.0009025064946388744,-0.0017686148843542957
2017-11-20,0.0010527214676160528,,-0.00130527877514047,-0.0010036019929555978
2017-11-21,0.008158586159219272,,0.00895872578646568,0.009491899659864904
2017-11-22,0.002344420257371246,,0.002165147510355232,0.0017117982273245822
2017-11-24,0.004686679544608392,,0.0026371731924910904,0.00255877678903242
2017-11-27,-0.00406514645900698,,-0.0006045319721254452,-0.0004827982714653367
2017-11-28,0.004205953666067918,,0.0016806792486704543,0.002314695374080469
2017-11-29,-0.009462459842966594,,-0.01371453810154759,-0.016040514727387822
2017-11-30,0.0019732875227975247,,0.005264269642254775,0.006254784898822469
2017-12-01,-0.0011954799203332945,-0.00227359189600114,,-0.0018226830688141103
2017-12-04,-0.004861954846468394,-0.005750065599069772,,-0.009711058066264185
2017-12-05,-0.00030031826662371035,-0.0009211924017734413,,0.0006013533105200214
2017-12-06,0.0004795232136737941,0.00048482548327095535,,0.003967578920806985
2017-12-07,0.001084436428063245,0.0012106632705091288,,0.001104519705368341
2017-12-08,0.0042440996946589765,0.004106698200975383,,0.003657966084731473
2017-12-11,0.003088397824161307,0.003572782913466017,,0.00594179244342852
2017-12-12,0.000365608035436176,0.0001480871722571777,,-0.0010785913640672042
2017-12-13,0.003979581286362514,0.003588129513115972,,0.0029629236815204504
2017-12-14,-0.0027557384861063043,-0.0028097679506044245,,-0.0002669602763252888
2017-12-15,0.0032267754386791653,0.0039465675214677325,,0.009937282047149679
2017-12-18,0.007577189829555249,0.008413452630415522,,0.006278833578564794
2017-12-19,-0.005744154689748095,-0.00461451043592248,,-0.006232180660364065
2017-12-20,-0.0030929276951955006,-0.0017251138524349678,,-0.0018907052692815523
2017-12-21,0.0031067813748214042,0.0023762253361306732,,0.0008168168365485928
2017-12-22,0.0014656711525906027,0.001363060504793688,,-0.00045512317555635926
2017-12-26,-0.0010064578900233457,-0.0011902130499638237,,-0.003703582641160095
2017-12-27,0.003259837098120382,0.0021603576444066386,,0.0017369827516064264
2017-12-28,0.0004921552832318527,0.0009269685503063642,,0.0012477452996572532
2017-12-29,-0.0008367999171796975,-0.0011248651047415885,,-0.004526015226414335
2018-01-02,0.007137703511243975,0.010885363956370634,,0.014474668360093692
2018-01-03,0.006491572789792304,0.005998617830538918,,0.008195380954595287
2018-01-04,0.005202752932960993,0.004762831044343999,,0.00186831063172664
2018-01-05,0.004643597429042899,0.005460994476704659,,0.007905715189304205
2018-01-08,0.0005901243560949445,0.0011372859239638332,,0.0031265999609811413
2018-01-09,-0.0021044556639523812,-0.0022848126649309504,,-0.0015707316758106274
2018-01-10,-0.0020681556913391534,-0.001940131465666863,,-0.0018236253750721115
2018-01-11,0.005868176985840367,0.005890267923084652,,0.006286412840913823
2018-01-12,0.007449416748943612,0.008351266026218615,,0.007246133304590169
2018-01-16,-0.0009541730713960385,-0.0009706918813145426,,-0.001824481512692875
2018-01-17,0.005823243580781031,0.005373951654324393,,0.008044922248264186
2018-01-18,-0.002234643729534171,-0.0015566713013621058,,-0.0008911644918358918
2018-01-19,0.0027572512816776014,0.00361109704099597,,0.0024841664237057427
2018-01-22,0.005419293362597332,0.0060760872646169325,,0.009043460089153979
2018-01-23,0.004952466553112833,0.0055293260213649465,,0.0076205833510780115
2018-01-24,-0.00026907390357480806,0.000606096285437174,,-0.004772911210995729
2018-01-25,-0.00032820120557387945,-0.001159378194765054,,-0.00012266644506302876
2018-01-26,0.008195306974532943,0.008954436576287571,,0.012327556657200927
2018-01-29,-0.008103927218466107,-0.0077514393625798435,,-0.005113879860211564
2018-01-30,-0.008362628769575213,-0.008128870963981403,,-0.007675622471376161
2018-01-31,0.002656260433816925,0.004023317083693672,,0.004530636958138259
2018-02-01,,-0.0024971635659047312,-0.002957468016035498,-0.007060036752319935
2018-02-02,,-0.01834014333112131,-0.01741387576093554,-0.017604299845289755
2018-02-05,,-0.03208343453813675,-0.02993472871251169,-0.031219024468080763
2018-02-06,,0.0170793942201548,0.016403361890817862,0.020079877082754962
2018-02-07,,-0.010970908869494173,-0.010846703680659134,-0.011049817785600002
2018-02-08,,-0.027396337237870615,-0.029067689279898834,-0.03410477388923147
2018-02-09,,0.007300769280624627,0.007127670583087415,0.013269350479489921
2018-02-12,,0.013903038004043498,0.013106193978731053,0.014560931934431361
2018-02-13,,0.0014551280629080286,0.0023071307075651125,0.004536467961443324
2018-02-14,,0.01569943915846706,0.01495323997762881,0.015882658298533487
2018-02-15,,0.010276961133899035,0.011739263597619586,0.015492210020090595
2018-02-16,,0.0003862385481518479,-0.0007459945176417906,-0.00346937936610416
2018-02-20,,-0.004650197240092193,-0.0009373774257255735,4.637597035999778e-06
2018-02-21,,-0.004271029735156182,-0.0033425576834467557,-0.003300848017598921
2018-02-22,,0.0030283835505633557,0.0025077607697543457,0.0004783020627850825
2018-02-23,,0.011870612725178213,0.013743429164488412,0.016792103374781476
2018-02-26,,0.00935920777182776,0.00967323062556503,0.010944397944349009
2018-02-27,,-0.012552992829332709,-0.0114138776111243,-0.011254873460783271
2018-02-28,,-0.006551438602466236,-0.006516911482214485,-0.004981985328065559
2018-03-01,-0.007198882068727823,-0.012944730940036722,-0.011080736560390256,-0.013483269355986352
2018-03-02,0.004701831765927253,0.006319535357597752,0.0057347179830328195,0.008242538339675339
2018-03-05,0.007639339765476448,0.007561858616709295,0.00844607733615094,0.008619326350360362
2018-03-06,0.00424192312104052,0.0046670163094747865,0.0037428981072743827,0.005337843410024179
2018-03-07,-0.003361529832685929,0.00028510992585155636,-0.0004922146488881104,0.0007216898288514953
2018-03-08,0.00016536084147089446,0.0033627510449000734,0.00282702077234633,0.004114908965247911
2018-03-09,0.013090953256832166,0.012621741513742894,0.014149152941434665,0.01576563184481369
2018-03-12,0.0018993278560556592,0.003348487851770591,0.00333394491868104,0.004381260951697691
2018-03-13,-0.007565955577940716,-0.009155800803744694,-0.00962947076780892,-0.010584986667714588
2018-03-14,-6.347657277205332e-05,0.0005623519423529345,0.00027663964464425515,-0.00011886610775755747
2018-03-15,-0.0010219156208228684,-0.0010154332064538515,-0.000564376060837761,-0.001830422619374199
2018-03-16,7.093156872268161e-05,-0.0017611005701536155,-0.0011580041730384497,-0.0028814133590623747
2018-03-19,-0.012911254625373174,-0.014405275574981306,-0.015792112950961928,-0.016905038547916286
2018-03-20,0.003712313262559225,0.0014614294117040797,0.002871187564809877,0.0018054711140605005
2018-03-21,0.00609709878752933,-0.0001501296430188917,0.0004187723387472905,-0.00041696437898928914
2018-03-22,-0.015146303365855254,-0.018385507547876483,-0.017924377246508614,-0.020490033066882594
2018-03-23,-0.008746373042308655,-0.016370732419943926,-0.016340322665270267,-0.019016647130326133
2018-03-26,0.018609362283779844,0.025808215528495628,0.02539337754479846,0.030892707289901733
2018-03-27,-0.017311618529942424,-0.020421131643909813,-0.021555300670579612,-0.027070931743034123
2018-03-28,-0.007641907325521957,-0.006442825819586472,-0.007620616587175818,-0.01169375732436342
2018-03-29,0.012626674032310643,0.013291085468441407,0.014447020242990282,0.014956858992051233
2018-04-02,-0.017793717409078886,-0.01901831180849383,-0.020986860074241952,-0.02078093401834743
2018-04-03,0.007698059566215412,0.007112601622839362,0.008069662309667193,0.007432575777781243
2018-04-04,0.0010670350605482483,0.005702333751089465,0.008971401819456165,0.012753612595966373
2018-04-05,0.004404771890473395,0.003049036160005887,0.005143957459475893,0.0034565886845756497
2018-04-06,-0.013863464949882928,-0.015057272492644335,-0.01622695426752461,-0.01888315118047479
2018-04-09,0.008592866778851245,0.006273826428857317,0.007392908373740425,0.0062579805023331835
2018-04-10,0.01872615927768609,0.01721663967710113,0.017111927383830685,0.01799203146267504
2018-04-11,0.003054784068731764,-0.00025007589003837047,-0.0026991753596073108,-0.003086491300049307
2018-04-12,0.00016332188983494265,0.003235518663388744,0.006626254242020283,0.007305644685919368
2018-04-13,-0.0032013456864501484,-0.003903770239460176,-0.0026777679369179817,-0.0028663879681822013
2018-04-16,-2.4752371337763052e-05,0.002833737493187925,0.004098292760162905,0.006342792673082446
2018-04-17,0.005263187083474255,0.010243142818091439,0.013187409016799543,0.017374160714095588
2018-04-18,0.012708666517119282,0.005746725017458626,0.00437521791133664,0.0016426843762070637
2018-04-19,-0.005505805246607266,-0.007181501141399277,-0.0069126438762536855,-0.007826590548467365
2018-04-20,-0.007275868198226121,-0.010834945691240168,-0.010394228607174894,-0.014149646772315387
2018-04-23,-0.002808322983373553,-0.002880414623875598,-0.001793010855139983,-0.003494780149379928
2018-04-24,-0.008340268022891732,-0.011907196111098422,-0.013933645357279525,-0.01605550907826937
2018-04-25,-0.0007003591869864206,-0.0016249012336842963,0.0003430170799894947,-0.0003676066661518468
2018-04-26,0.010723531769130839,0.01424293170349748,0.014006871887423817,0.016240630694845333
2018-04-27,0.0013295176673134793,0.002478549402582433,0.0006673606579701729,0.0014116550788423172
2018-04-30,-0.0007155449373483591,-0.0033280376001307457,-0.00398695349935987,-0.0069751168794386495
2018-05-01,-0.005694797208435469,0.0002790824259579641,0.002554247571377575,0.007716959125541914
2018-05-02,-5.883069195392164e-09,-0.0025762817250239503,-0.002520687530085359,-0.00480438313952101
2018-05-03,0.00630015459419877,0.003404982730943496,0.002128779698493372,0.0009297856231810041
2018-05-04,0.006829876006627013,0.01068858909919226,0.010866302886487588,0.015529962909504603
2018-05-07,-0.0005652767229366679,0.0021218764670593053,0.0036558654118883285,0.006641603709644841
2018-05-08,0.0028280213443294374,0.0016101933323282842,0.000293668179385183,-0.0007971821899519426
2018-05-09,0.009024159109258465,0.008925070397879022,0.007288983904838299,0.008201218789466072
2018-05-10,0.005030808759186845,0.008000992995171275,0.00779710068841902,0.009663545841290764
2018-05-11,-0.00611783915105394,-0.0037201401569620786,-0.0005274403958925926,-0.0009882483411361523
2018-05-14,0.007274678755709933,0.004758043003874866,0.0026466028349299395,0.0005157614793029344
2018-05-15,0.0011110840094871609,-0.004863800438182365,-0.0070619396430450995,-0.012040249547049344
2018-05-16,0.005549442760430742,0.006417822463471488,0.004613373825449699,0.004918510734940336
2018-05-17,0.0011037353831467361,-0.0017036420356857248,-0.0007136613566780737,-0.0030262800558417996
2018-05-18,0.0005511484587503543,-0.002174979858619233,-0.003349771339460655,-0.003917821621643563
2018-05-21,0.0077136340005309455,0.006831846963104442,0.006291170000920823,0.004586308234679666
2018-05-22,0.0010934794413637225,0.00035184344344946553,-0.0009970676083409478,-0.0011704663528161994
2018-05-23,0.005461548676772771,0.0054565113108568705,0.0005776466605117934,0.007028253349919464
2018-05-24,-0.006518227871607182,-0.004190651451882563,-0.0024770808431078747,0.0015006700941868746
2018-05-25,-0.014762208342187605,-0.007771289256107208,-0.00479304964204811,0.000303754472722287
2018-05-29,-0.009433968959412163,-0.00909062606855049,-0.011104314044695541,-0.003242264419352594
2018-05-30,0.012885235819883238,0.010678920846556781,0.011438916939660117,0.005886055431648192
2018-05-31,-0.002765456789786094,-0.002012816454119629,-0.003312202188112122,-0.0009526018399053473
2018-06-01,-0.0066555296739261,-0.00327311582988375,0.009435633764636185,0.011898185298882666
2018-06-04,-0.011725191579055787,-0.008584653711804006,0.003756641952266647,0.00640702530726352
2018-06-05,0.001694910701963077,0.0019071836570424784,0.0025513039189406345,0.003045490055181039
2018-06-06,0.003384185266015693,0.0037548588183087344,0.004694081762086386,0.003763201704970191
2018-06-07,0.003934703228425992,0.0021090243002394133,-0.004640775463961871,-0.005435152019841322
2018-06-08,-0.0005600049122677592,-0.000466607754348031,-9.509174046411343e-05,-0.00027284604384351
2018-06-11,-0.0005602056800294146,-6.777232725499429e-05,0.0020812436120872723,0.002063851569238857
2018-06-12,-0.0005603974368754206,0.0003202350380125849,0.0029232091071988873,0.004156243043879069
2018-06-13,0.003925787571285404,0.003323216195624524,0.000839859072964738,5.079511633367443e-05
2018-06-14,-0.01117298009126298,-0.007950619301846559,0.0051450036859510264,0.009429296718468106
2018-06-15,-0.02429375877337631,-0.021146215189982304,-0.007578887447622885,-0.0036260006880807555
2018-06-18,0.008685573002215487,0.007283994757830241,0.0006012525004180643,-0.0006914910150581811
2018-06-19,-0.010332914802329963,-0.00919813286952653,-0.004121861132719818,-0.001707972421205754
2018-06-20,-0.001160154406953645,9.000314590233162e-05,0.003998117105077146,0.004445498894620979
2018-06-21,-0.007549290470559989,-0.007721630509970587,-0.007424237058360754,-0.006526733029399177
2018-06-22,0.019894709231788512,0.01654870825019873,0.0028055482455048896,-0.0016966211478531411
2018-06-25,-0.011474611341449163,-0.01314738984439381,-0.01806401697053656,-0.018343169713538634
2018-06-26,0.009866499707323157,0.008991651557230826,0.004485891725718787,0.0032396164478889285
2018-06-27,0.005172266195292206,0.0023320727156045775,-0.00853423463675006,-0.010221092914971116
2018-06-28,-0.0005716068735115286,0.000816416573578107,0.0058040263969218854,0.00690507090010914
2018-06-29,0.011441592175463975,0.01011699670286028,0.004156673784136962,0.0019520621515999553
2018-07-02,-0.002613452397505196,-0.004321885849477661,0.0030897416402201104,0.005300738366664402
2018-07-03,-0.008061958031434118,-0.007417673178979409,-0.0068159354099954494,-0.008408678765599685
2018-07-05,0.01017771990749004,0.009767820457869654,0.009934286423446907,0.010627917885538619
2018-07-06,0.011863171342621982,0.011185659426186132,0.01185527607277542,0.013259143724817644
2018-07-09,0.007700968315078843,0.0074631662032389485,0.005879004026711404,0.0061118301515305316
2018-07-10,-0.00028150150984182086,-0.0004677323566480158,0.00028417804570913087,0.000581157951773789
2018-07-11,-0.015101430452774267,-0.016940624737848912,-0.005338457672302446,-0.0034060416150151836
2018-07-12,0.013216986767162375,0.01248054186202764,0.012987890236984531,0.013994532950447372
2018-07-13,0.001148982212732348,0.001206428653424522,0.0007593187481557384,0.0011530548924227801
2018-07-16,-0.008713050205149505,-0.009872223568428212,-0.003333808378072932,-0.002723512212272925
2018-07-17,0.004437149380026392,0.004135150698887381,0.0033516507303440954,0.004594123747107861
2018-07-18,0.0017793318519033529,0.0024517354651652353,-0.0016060213152370678,-0.002284481609644191
2018-07-19,-0.003716170228163104,-0.0034802977591641025,-0.002973106979820179,-0.002881757775640085
2018-07-20,0.0022568910207701855,0.0027118867119628447,-0.0013423544832237052,-0.002475517468388631
2018-07-23,0.0033050100384759994,0.003327105956850124,0.00012465937605749341,0.0002822346024235562
2018-07-24,0.004516439074227591,0.004588979243600332,0.003782169991987177,0.003993257997537974
2018-07-25,0.013801988995052429,0.013769913425289012,0.010838141170523884,0.011066825805965156
2018-07-26,-0.010044082814556423,-0.00910712773519889,-0.011846765197784614,-0.012678669936528823
2018-07-27,-0.010308957817325574,-0.009724294694299963,-0.009629154405276643,-0.010659234454447655
2018-07-30,-0.007413569172879895,-0.006181216140126367,-0.01064126562717615,-0.012130994269900547
2018-07-31,0.0031298588887642234,0.0023002256428133697,0.006382335298068872,0.007242450480844681
2018-08-01,-0.00176635434648871,-0.003424752033087687,-0.0003707067185008095,0.0014437827734011908
2018-08-02,0.010047347035924019,0.009734828344617896,0.009541394781036607,0.010469982448388692
2018-08-03,0.0015586675416672717,0.0020633067265632687,0.003357128029263968,0.0033097378216287586
2018-08-06,0.004768466355961056,0.004366792517998712,0.003992349117238827,0.004255047368462102
2018-08-07,0.0041189952754624275,0.004743329203332724,0.0023231423569769413,0.0025642359279752116
2018-08-08,-0.002436579413870128,-0.003810273157533245,0.000137414045405884,0.0013413956071376115
2018-08-09,-0.0004960862820970257,-0.0012111022704100734,0.000878619276766012,0.0002780648608721424
2018-08-10,-0.004428367777145472,-0.004045958562188126,-0.004701215114402592,-0.0053489313764716806
2018-08-13,-0.0032843597116656285,-0.0034108552926273455,-0.0017227289742784357,-0.0025597277861729804
2018-08-14,0.0060043797067465335,0.005308191406522571,0.003884072697458814,0.0048441399126912775
2018-08-15,-0.01428634192512903,-0.01553216169871938,-0.009318312796773066,-0.010723196578552814
2018-08-16,0.005800361749986147,0.005920475326681933,0.003108700173599243,0.0025345416309919045
2018-08-17,0.0021821295107089843,0.0023318206431416685,0.00099884360642319,0.0012047281478219734
2018-08-20,0.0007659854965132082,0.0007336615911709221,0.0011722797808706225,0.0004907942278362683
2018-08-21,0.005086772655545672,0.004373237764480677,0.00223018320954688,0.0028467181598592134
2018-08-22,0.005944645664119091,0.007231669293846116,0.004612667906372423,0.0037279731446484545
2018-08-23,-0.0018680440416154265,-0.0018175355737620395,-0.0011390659656019984,-0.0018878689177869016
2018-08-24,0.007831869740758089,0.00798715752018854,0.0074988572529913556,0.009295900578759024
2018-08-27,0.006209603532473074,0.006225024712691437,0.006638048353168896,0.007867289009176314
2018-08-28,-6.601392949528599e-05,-0.0005878157591170814,-0.0005656549655862421,-0.00024318147150255694
2018-08-29,0.00911570483480237,0.009780699337634991,0.009100249910958725,0.009771553667035632
2018-08-30,-0.001461878074075898,-0.0015636802771538106,-0.0013622425528907478,-0.0016502671737439012
2018-08-31,0.0018403594016835677,0.0016758958581597435,6.562583690311384e-05,0.0006674853553482019
2018-09-04,-0.0043278709581854,-0.004691606175984396,-0.00471101231111482,-0.004592210916499391
2018-09-05,-0.008827377630471072,-0.007190658061823563,-0.009746231044325211,-0.01081515172919525
2018-09-06,-0.007187832593745715,-0.007261207232285718,-0.005868932550350675,-0.006356259672325913
2018-09-07,-0.0025214297781352628,-0.0014106342977116201,-0.004401368099491955,-0.004800298751174233
2018-09-10,0.0027589592682130803,0.0026513071200344714,0.0033720008839250673,0.003434702823396602
2018-09-11,0.005904456647468326,0.005775073505834395,0.004205584746292422,0.004567979284289409
2018-09-12,-0.0012320850222944724,-0.0005040708813079347,-0.0011684636716890358,-0.0018617147394717221
2018-09-13,0.00511858872660689,0.002131580962467882,0.007001845842393647,0.008803029127061084
2018-09-14,-0.0019905851062245743,-0.0011978566820717836,-0.0032869204588962474,-0.003307098965014791
2018-09-17,-0.010760162328259536,-0.00991888266668605,-0.010283425152001353,-0.011453413426210464
2018-09-18,0.00658841885810881,0.006729960846278401,0.004016340104298743,0.004435724851969327
2018-09-19,-0.00045400792059046376,-0.000313432049792473,-0.0016086898092557305,-0.0018306607157326925
2018-09-20,0.0083655952838813,0.00788893023695801,0.008912023899561973,0.009740483237479213
2018-09-21,-0.0038438468978297296,-0.003441255477278437,-0.0038653871686253876,-0.004435449512275108
2018-09-24,0.0028234598329136616,0.003052954857310009,0.0020700699669006363,0.0016868524094182933
2018-09-25,0.0012990118895332935,0.0015730363566467103,0.0008866125904375526,0.0008706577144962444
2018-09-26,-0.0014982582174887982,-0.0037813780953706772,0.0014571227424537384,0.0020006931275216916
2018-09-27,0.005715662054960832,0.004507785721022327,0.006200732508930138,0.006871511864858971
2018-09-28,0.0017476937714094062,0.0031455570015539013,-3.153319127100395e-05,-0.0007109471901381275
2018-10-01,0.006609937025306063,0.006606887160840094,0.003076271474121783,0.001475706444124097
2018-10-02,-0.0006369806294865566,1.1455706798758626e-05,-0.0003794670738671064,-0.00031942435056602517
2018-10-03,0.0028530756425526375,0.0024114223416134757,0.00027027435635565086,-0.0012742509113384765
2018-10-04,-0.015345009041442596,-0.01537552379397176,-0.01547862557944975,-0.016003601704986336
2018-10-05,-0.00874580167470872,-0.00856694757720837,-0.00958037522248621,-0.010476851283092113
2018-10-08,-0.0048044382607524755,-0.004671340274716551,-0.0048326972993165875,-0.0056684840999147125
2018-10-09,0.004089952533721761,0.004669351050116967,0.00464935666125337,0.004174995692200882
2018-10-10,-0.03364885665498549,-0.03278944711485721,-0.03226561149714684,-0.03456115845997597
2018-10-11,-0.011700258495299824,-0.011411302903306242,-0.009546428694507975,-0.0074377069103053845
2018-10-12,0.020179794718202193,0.01910486577461599,0.017821742568989635,0.020872514759861335
2018-10-15,-0.007105496127290104,-0.006655314377995803,-0.0067564455894820186,-0.008846766150617968
2018-10-16,0.01986674745516363,0.019119376105767288,0.020305589462358335,0.022486783648834486
2018-10-17,-0.0023163008001877428,-0.0028636263187615573,-0.0025892334593026175,-0.0009588644550255802
2018-10-18,-0.01801779067539032,-0.017439687032682356,-0.017202240146131722,-0.018135862503257476
2018-10-19,0.0009825512397925984,0.0010271419516678373,-0.0003549793164871172,-0.0006748710518491484
2018-10-22,0.003588485212772919,0.00341870201058154,0.003013559540719724,0.003672823006057578
2018-10-23,-0.008237879684763819,-0.008704479570381068,-0.006436920556485127,-0.003183403238329284
2018-10-24,-0.031179768510323645,-0.029333190416817735,-0.029826059630015167,-0.033906233260674996
2018-10-25,0.02307922854259174,0.02195628845061294,0.02219449055623775,0.02570941849135581
2018-10-26,-0.01468416651227663,-0.012859828055347987,-0.013766458201187052,-0.018263598887118686
2018-10-29,-0.015798181033754084,-0.01575166311698305,-0.015050427644760363,-0.016486156281291693
2018-10-30,0.009248781886263968,0.00809802297478022,0.009304236247851679,0.01143242887430572
2018-10-31,0.0112578181382713,0.009842060639839006,0.010971704739293502,0.016221459202993324
2018-11-01,0.005114185663474976,0.005656247208664916,0.0053194643513357585,0.011922939318664656
2018-11-02,-0.008597315387157809,-0.010472302466446677,-0.009448220708515483,-0.012002971092934906
2018-11-05,0.014065045424961457,-0.0015867344907099076,-0.0013872419272674282,-0.001923860946858306
2018-11-06,0.005166860736629672,0.003057439839556921,0.0029152630720494046,0.0053203444812670725
2018-11-07,0.012830124619396593,0.017740434343309165,0.016498940576172672,0.02349078374351034
2018-11-08,0.0004165953693995136,-0.005764283615170133,-0.005569304735122849,-0.0051895245840134835
2018-11-09,-0.0008948828798526039,-0.012921076238840618,-0.012592866571990774,-0.014069484953944033
2018-11-12,0.0004993663916967061,-0.018292852537387754,-0.017237909982226303,-0.023397078774362118
2018-11-13,-0.0009062032214332742,-0.007985506641223345,-0.008150139716222993,0.0005114782784079553
2018-11-14,-0.0027159914484156493,-0.0015493873520900034,-0.0013836266968455136,-0.0045288320085034185
2018-11-15,-0.005713157152839058,0.009796589563575764,0.00875979918432081,0.012947624008834637
2018-11-16,0.010101966313675954,0.0001800890586924095,-1.605451271244544e-05,-0.0014647737533282376
2018-11-19,-0.00019770867263649929,-0.01899172035603221,-0.017483066041898896,-0.02387020586692233
2018-11-20,-0.010611504443722917,-0.02002543169532966,-0.01921929208715236,-0.013351545221301851
2018-11-21,0.0011842511243572332,0.0070491168640793665,0.0070746808533683585,0.006182948860480234
2018-11-23,-0.002237596655033571,-0.013287785881123539,-0.013340545600569196,-0.005778224033747002
2018-11-26,0.0028538482697629927,0.014966668108397703,0.01410470771329162,0.01704185524297265
2018-11-27,0.004203221085297557,0.0008731726094577168,0.0006123358947047854,0.0016226989921639939
2018-11-28,0.010018224021747936,0.01793928084674233,0.016890074210908896,0.024557278592922224
2018-11-29,8.465394402248527e-05,0.0003734771880292118,0.0004794982389129571,-0.0017653390552495052
2018-11-30,0.009379088383496728,0.00305318354342814,0.002396538245066726,0.005081715061967413
2018-12-03,0.005367139768838244,0.01305255115526481,,0.014713685075636251
2018-12-04,-0.014802411475382837,-0.026675935781198493,,-0.026008161839798573
2018-12-06,0.02475381308915533,0.007281418572977328,,0.005146482896654339
2018-12-07,-0.013099413752748151,-0.02323070766916406,,-0.02159213945985352
2018-12-10,-0.006454015757906893,0.006957573646656473,,0.006598883190170561
2018-12-11,0.0004904254289126074,0.001751606146899575,,0.0020610632881906976
2018-12-12,-0.01543543494137963,0.004380183293172085,,0.006947501916065499
2018-12-13,0.005779140248355366,0.0007622530235643985,,-0.00039433621163879537
2018-12-14,-0.002879210035158922,-0.01678365394226133,,-0.018696188302642597
2018-12-17,-0.03766489227116064,-0.01779106977433628,,-0.014443335290147323
2018-12-18,0.01030663261246816,0.005688482287880738,,0.005201629869222369
2018-12-19,-0.010976249443712218,-0.017059052267972167,,-0.019427173388791096
2018-12-20,-0.015014919097855847,-0.01145625424219216,,-0.006187636559311233
2018-12-21,-0.013918359176686332,-0.022359892204184825,,-0.0235956530342593
2018-12-24,-0.03562307850175058,-0.019226545306644638,,-0.01486817670347214
2018-12-26,0.0334540552018666,0.044743195454877024,,0.04426206808265764
2018-12-27,-0.00013483546718074898,0.003269434098939581,,0.004907366575700488
2018-12-28,0.0032376027705948557,0.0011295631347463572,,0.0007512825336128426
2018-12-31,0.002689153698736702,0.006933488423197447,,0.006526589596280431
2019-01-02,-0.018634106966742277,0.0035258044738935763,0.003608788845298239,0.00310461562142824
2019-01-03,0.007115328917345094,-0.022167263675856717,-0.019787126429227204,-0.021308401003239615
2019-01-04,0.009142168649973663,0.02963328395640201,0.02699424984300073,0.02893597811317362
2019-01-07,0.008188735625402663,0.008108731597803514,0.008521756194764805,0.00960591834236515
2019-01-08,0.01765121444682218,0.006060685403901645,0.005512892467913367,0.0058457209564530075
2019-01-09,-0.0011749094439346928,0.006191724615095928,0.00658418435109744,0.007678292047255694
2019-01-10,0.011771383303741948,0.001996277366673758,0.00015215544251746333,0.0004790662717563657
2019-01-11,0.002856620969316952,-0.001940529004865781,-0.0017506439236568078,-0.00219217129325926
2019-01-14,-0.0029851223208870593,-0.006700845573919976,-0.006253123730510566,-0.00578308967065839
2019-01-15,0.008186962055749645,0.014229085243341565,0.012869546274786474,0.013742607409645648
2019-01-16,0.0060441485295169,-0.0002861392270068662,0.0005478698978164963,0.0007366441152803033
2019-01-17,0.003961183355514814,0.0053728744345535335,0.005316805899331355,0.0053815925783162
2019-01-18,0.0025563525327233095,0.006517949839317555,0.004706938456827438,0.004775059799789796
2019-01-22,-0.00217846814997707,-0.013950789276286514,-0.012500095426468827,-0.013609962724508727
2019-01-23,4.7325346484754555e-05,0.0008367493885168724,0.0006124655586777284,0.0005625535812396517
2019-01-24,0.0033795567691447866,0.005623694899986463,0.005114414572130222,0.004286204156728561
2019-01-25,0.010543408085641406,0.008262561800600199,0.010216176186421889,0.01267503926568099
2019-01-28,0.008582965566987686,-0.009083566911689598,-0.008161518587970542,-0.008036825719160569
2019-01-29,0.007230182606768864,-0.006253209835252754,-0.004977749151181987,-0.005347573256110338
2019-01-30,0.007313362867692211,0.01945594650218636,0.018650302045531045,0.020071761034175493
2019-01-31,0.009663377205903406,0.012286993309301485,0.0116629041640899,0.011024714149382244
2019-02-01,-0.006316238502235951,-0.006354331077098764,-0.004330780672969627,-0.003137637074067332
2019-02-04,0.006035266875777031,0.007480721430576418,0.007564868775819262,0.008242059472781501
2019-02-05,0.005605636376160535,0.005748585996859015,0.00740887967223608,0.0066283983410920025
2019-02-06,-0.005696670660592755,-0.006549184345403307,-0.0027260937100755766,-0.0034748354368244966
2019-02-07,0.008069446138907586,0.008270352836620812,-0.008080597018556969,-0.009098459806302573
2019-02-08,0.000516493482597743,8.256626079254795e-10,0.002578402697199713,0.002108526894197618
2019-02-11,0.0019285884224497707,0.0027341716980047613,-0.0019086425717518304,-0.000986230468876306
2019-02-12,-0.00583072040186527,-0.006283231664156707,0.01026696696476816,0.011314501186979443
2019-02-13,0.004051313137867024,0.0051300243077886274,-0.0006094979232047862,-0.0002489817507581019
2019-02-14,0.003506286090562948,0.0032045812028679986,0.0025062960971005406,0.002107162192725744
2019-02-15,0.006116788400523989,0.006744088099274527,0.003896059875068359,0.00532212592826692
2019-02-19,0.00010096532493018486,-0.00023496835363610218,0.0034462531989165528,0.004601617995861574
2019-02-20,-0.005822562307112874,-0.006230148324633183,-0.0008333085443338809,-6.870125423796089e-05
2019-02-21,-0.00024990038239058925,0.0009462770161518551,-0.005424497075544713,-0.00502023189801873
2019-02-22,0.005914706742810693,0.005908775342200159,0.0067411904004132045,0.006319816562889938
2019-02-25,-0.007277202201329005,-0.00787135823882152,0.0019372723239157556,0.0022435600994468274
2019-02-26,-0.002107074470676399,-0.0030786145500791198,0.0018284552286841988,0.0006198696494402485
2019-02-27,-0.005756056005379597,-0.00498883444044678,-0.0032810677429288147,-0.0017258095421501397
2019-02-28,0.0018964825046452226,0.0026262577267426286,-0.0028491638158633908,-0.002929500383028754
2019-03-01,-0.003119703536430743,-0.0038394636350065747,,0.004835554187945309
2019-03-04,0.004350483244706672,0.004937528641448489,,-0.0008207700940597879
2019-03-05,0.0024549054591153797,0.0026566536387757486,,0.0002390515798081578
2019-03-06,-0.003662870195697537,-0.0036202480223013526,,-0.005601628360852068
2019-03-07,-0.0014308951142881457,-0.0011000110328692509,,-0.008103376563547126
2019-03-08,0.001121130833362462,0.001454262833913263,,-0.0013751106025337069
2019-03-11,0.012666576015078304,0.012534003687435305,,0.014396680022176006
2019-03-12,0.004348517363275518,0.004877455781647926,,0.004101752022846983
2019-03-13,0.004226929852122406,0.004090794110114352,,0.005754699701206066
2019-03-14,0.0011317840168997516,0.0004561606130607563,,-0.0017698095935340249
2019-03-15,-0.0023231483230609514,-0.0019582750850271314,,0.00586683782854747
2019-03-18,-0.004536719214595063,-0.004476911285949065,,0.002078868983904812
2019-03-19,-0.002738321311447924,-0.0029466630895353665,,0.0018558329031114242
2019-03-20,0.0035623442178522916,0.003952150628328742,,0.0033257427922362484
2019-03-21,0.015442385643532494,0.01592400336080174,,0.009735548971141367
2019-03-22,-0.005355403391667728,-0.004496258796503647,,-0.0170215467844549
2019-03-25,0.001439635141519523,0.0013153052718676212,,-0.0006090654903739457
2019-03-26,0.006846765944929667,0.0069382281874803735,,0.004308957373075144
2019-03-27,-0.002123028179664427,-0.0014116436995421486,,-0.0041513250541740845
2019-03-28,0.008457568937671231,0.008951433431536914,,0.0024033801407517016
2019-03-29,-0.0010066575858102634,-0.0009230096388756525,,0.005353456470011381
2019-04-01,-0.0010031821820952462,-0.0022245773533456064,0.005808778440491718,0.008461658539547877
2019-04-02,0.006252391946084037,0.006396757778042786,0.0032892706523160713,0.0027773411626830133
2019-04-03,-0.0012747748520860515,-0.0020537976108814817,0.0018426600758254255,0.0035877040990715263
2019-04-04,-0.0011661823069880656,-0.0010655632572196796,0.00047340425058593505,0.000284134829526888
2019-04-05,0.006260952460369701,0.006303102588035432,0.004142271020138675,0.004058214106274262
2019-04-08,-0.005015171866992896,-0.005332543570308356,0.0008642394352550303,0.0015263567721647414
2019-04-09,-0.004263549100265621,-0.004246972690434574,-0.0017349169039690925,-0.002443389336983025
2019-04-10,0.008620166518403255,0.008385554654735122,0.004599576704109209,0.005125003716272037
2019-04-11,-0.0007279225745438511,-0.0013121208550931896,-0.003300666170680735,-0.001564905825118016
2019-04-12,0.004061673415934485,0.003350953910117973,0.0012590186662125706,0.0030904180224948863
2019-04-15,-0.004633219652467694,-0.004186511893533223,0.0007640635616605727,-5.54286548078449e-05
2019-04-16,-0.01990874123372105,-0.020625153378389577,0.0006882599001128798,0.0017285173917827462
2019-04-17,-0.007895149550411427,-0.007958202128027569,0.0025861228566582345,0.001511955740192904
2019-04-18,0.006735023950673558,0.007367718794760431,0.002379404880807857,0.001280857847796827
2019-04-22,-0.009719025557591321,-0.010245719621576728,0.0007018890965032829,0.0014044297363606719
2019-04-23,0.01200913908944739,0.011900968802222934,0.009882743822430588,0.009400780652884962
2019-04-24,0.006811722247401498,0.007451130634271829,-5.916430549269475e-05,-0.002275967349209756
2019-04-25,-0.001870625553117127,-0.0020095635587443067,0.0025442624068217597,0.0026608877125874272
2019-04-26,0.007301698399498655,0.007352335590089195,0.0016070626039163239,0.0009378605208643954
2019-04-29,-0.008995893294334912,-0.009379837827823114,-0.00035885912044286613,0.0009358691220001236
2019-04-30,0.008301130496292011,0.00900568385468411,-0.0041966274840655,-0.004741030270943439
2019-05-01,-0.0006303687881688433,-0.0008216751687897724,-0.001787662024320197,-0.0026205387668801596
2019-05-02,-0.0008833297768362764,-0.0011388715403128874,-0.0035511995956428056,-0.0031579801051899625
2019-05-03,0.011167433968209748,0.011520833883576997,0.012393649260022344,0.01161428395564017
2019-05-06,-0.004239373803881667,-0.004378551885474071,-0.004102446186072166,-0.003789914412968008
2019-05-07,-0.018579692603959547,-0.018646230215988987,-0.014619244135224039,-0.013956794614916706
2019-05-08,-0.0015754426716937668,-0.0016455359285443378,-0.0024329478033274466,-0.0019793184557835566
2019-05-09,-0.0002717722803504203,-0.0006496023587108848,-0.0027434677080115707,-0.0036551422660525534
2019-05-10,0.007327372887999413,0.006877741573062228,0.0020140500662509434,0.0014011790997476821
2019-05-13,-0.013056600240515196,-0.014656727094447354,-0.022742012527389853,-0.02497611980562097
2019-05-14,0.006289828078311352,0.006636198796072272,0.007638959699983674,0.007698093061979516
2019-05-15,0.009398773402328264,0.009748083585324169,0.011401736558807832,0.010269141335630257
2019-05-16,0.006154855969208057,0.0064427859180343884,0.006905393491176573,0.007236973088674134
2019-05-17,-0.004890748926038443,-0.005284712052707722,-0.007010021787215901,-0.006794886205679377
2019-05-20,-0.015321241775986337,-0.015436573121179109,-0.01374848068309548,-0.011788503041815238
2019-05-21,0.009224931435329233,0.009315290468148813,0.00798804855276751,0.007677159551214874
2019-05-22,0.0003235876888131736,-2.9633038885602033e-05,-0.0018744446046377993,-0.002330766713725841
2019-05-23,-0.003995322642487189,-0.004831139006377493,-0.008607718213177686,-0.010592952756705572
2019-05-24,0.001797062182615599,0.001626891493114709,8.843720352139359e-05,-0.0006071074902571542
2019-05-28,-0.00769486509137871,-0.0074040444948237335,-0.002748766892127938,-0.0021626260463184412
2019-05-29,-0.011491017214539146,-0.011249648119222746,-0.007085312711085336,-0.005947593588589277
2019-05-30,0.004191390667169376,0.004192314478088823,0.004530561447515938,0.004064224160799248
2019-05-31,-0.0019745476002589655,-0.00300786082154541,-0.008444664046720922,-0.011472738217566824
2019-06-03,0.0066891072697395585,0.002933762472884274,-0.014828505617270088,-0.0141051453800107
2019-06-04,-0.011401449388221106,-0.005315573353170251,0.018249744055956075,0.01870431763111642
2019-06-05,-0.005652061675280881,0.017664199211037016,0.004155593214412487,0.004396281099636374
2019-06-06,0.003226128137459308,0.002078673851075651,0.006763183035990685,0.006447218220264837
2019-06-07,0.00865159959371123,0.004317387970100077,0.016642215031990558,0.015572025844341059
2019-06-10,-0.009412395530044096,-0.00400240429815858,0.00637888227615786,0.0065709884082983255
2019-06-11,0.0006131510979902609,0.002451644453985352,0.0011767691517447915,0.0012226902945202279
2019-06-12,0.0007656387674907344,0.0030565210056528545,-0.004140636107558888,-0.004168996777058609
2019-06-13,0.0034436325823313904,0.004158337117430382,0.005302162814093177,0.005082827258426641
2019-06-14,0.002516681919689351,0.0007947868111948204,-0.0025572924270317004,-0.0025890840079410395
2019-06-17,0.001749621820391119,0.009619140270641691,0.004952666867842023,0.004441780977045691
2019-06-18,0.0050115005182049584,-0.00026620310921054,0.01214725221390576,0.011934243251196441
2019-06-19,0.0014356305826137496,0.004929195634485816,0.0031741929030047367,0.0034051483185318994
2019-06-20,0.0026408788804283567,0.004759875350446619,0.007631838977397175,0.007587495139201438
2019-06-21,-0.010986749708116233,-0.013719021449900623,-0.0038627603408665882,-0.003488340404439279
2019-06-24,0.0074565263849072725,-0.0021176387701691427,0.0018912594743327757,0.0014495639083712147
2019-06-25,0.0030966475317486435,-0.012626533330480515,-0.012091696890084384,-0.01195779320266636
2019-06-26,-0.006399756055393763,-0.018336367610393985,0.0018829934252487632,0.002004950140354281
2019-06-27,0.007047060275244954,0.012168268201863387,0.004629385248914889,0.004337349785381392
2019-06-28,-0.0006774039517061611,0.0029455488209030618,0.0007949517420152066,0.0008131771275720939
2019-07-01,-0.019369362759182444,-0.0026899128309921905,0.009437526483487724,0.009926184774176647
2019-07-02,0.021359720116708933,0.017866649087408426,0.004923838930632703,0.0035854986197200716
2019-07-03,0.0016490648416086428,0.010713232120248281,0.0074242647961273965,0.00605026686918282
2019-07-05,-0.011150226306805048,-0.004454083877859151,-0.004913585601001755,-0.004119158541273379
2019-07-08,-0.0064326125740041444,0.002389883388602506,-0.004868423087166708,-0.005278517762201976
2019-07-09,0.0035037421774511512,0.0033553302095899093,0.003627898249803499,0.0028203123800628806
2019-07-10,0.01578747836431644,0.006945822416383504,0.006000743799160991,0.007597631078556316
2019-07-11,-0.008443582307619067,-0.01246341961327559,-0.003961565340865491,-0.0023190608651995764
2019-07-12,0.006254718755580342,-0.0004431533976092129,0.00458594956916744,0.004294218572063007
2019-07-15,1.0465392404755165e-09,-0.0006901327689849701,0.003858453342771698,0.0027429914433596335
2019-07-16,-0.008462548743024012,-0.0030708269279132137,-0.004593720194431646,-0.004214922298845913
2019-07-17,0.01646530208185418,-0.0010234924153216755,-0.0008913878562150663,-0.0017798992459195546
2019-07-18,0.014117938876491197,0.0016664224742902643,0.0008707553584418219,0.0015138972340528595
2019-07-19,-0.014727384071679608,-0.016126805132131515,-0.006051858420210761,-0.00554503732425801
2019-07-22,-0.00014876237446264512,-0.0008245505302082435,0.00640504943292629,0.006454175529556792
2019-07-23,-0.00565260938228922,0.009328730204976708,0.0034691867717246854,0.00470452228470511
2019-07-24,0.005086336402252985,0.001299252666937812,0.006332716225121309,0.005725861296036793
2019-07-25,-0.007070006024350635,-0.0060219693924094715,-0.00827562073672803,-0.00755139178279268
2019-07-26,0.0016489386727735332,0.004208629402954852,0.008262529171373174,0.007548919066181619
2019-07-29,0.006659671897437344,0.0031834718266081515,-0.002473715715866414,-0.0025732292445485535
2019-07-30,0.0033449541032686218,0.007467999923821997,-0.0025866464027109537,-0.0030873730666903607
2019-07-31,-0.013112962272545,-0.005006738891416263,-0.008226042985537413,-0.009303041049649366
2019-08-01,0.019860356207682825,0.024022151435941226,-8.483218524715416e-09,-0.0012840411672303462
2019-08-02,0.009241401190587004,-0.003812035965589158,0.00483730443952718,-0.009850754932764123
2019-08-05,0.0172882329053799,0.013981803988877372,-0.019704462906674894,-0.024484603395194038
2019-08-06,0.007993166898122232,0.008128390990155923,0.01107814076330608,0.011538103830971008
2019-08-07,0.0003571995030147245,0.01518966234848048,0.00971421274417305,0.003635116846768959
2019-08-08,0.0021424201819214206,0.00503470065829512,0.01756350366922577,0.015767805875632788
2019-08-09,-0.0019952696032416828,-0.0033161684282424953,-0.0012093545956892067,-0.007256464069169988
2019-08-12,0.020849646098502726,0.009698499584795047,-0.0026417499605676975,-0.006372161522915304
2019-08-13,-0.0034273944317335897,-0.005959501349823456,0.0014347758058314314,0.014981472037717002
2019-08-14,0.022529521914513836,0.006841583364374301,-0.015208254491965187,-0.020107006543008708
2019-08-15,0.01111940275390096,0.006654980939675163,0.009959637125438086,0.0006606313040103212
2019-08-16,-0.008010216148778183,-0.006402190308709517,0.010304660283869505,0.011604827813969867
2019-08-19,-0.014302505161898814,-0.011696277300823286,0.007238424141822993,0.010144100560234313
2019-08-20,0.010344394120457573,0.007795361226533634,-0.0070774616895745695,-0.0037139245443682375
2019-08-21,-0.006665161329615804,-0.0031644137079337143,0.004167193525911484,0.006763249803736495
2019-08-22,-0.006640799868491132,-0.0025395037999357056,0.004586508958511019,-0.003062471114770327
2019-08-23,0.01643454965010003,0.019589788805176648,-0.014023223351071404,-0.02086918517042888
2019-08-26,-0.004042308358662414,0.00013876024098703695,0.0077177324517678884,0.010595797691330929
2019-08-27,0.01540903318067196,0.009570728635907471,-0.0028446424458840156,-5.4487715971670435e-05
2019-08-28,0.0012871646525260158,-0.002816523418673774,0.003291637557578688,0.002574747830773495
2019-08-29,-0.003788734908964315,-0.0071645379310622094,0.00776467677611763,0.009913385840737948
2019-08-30,0.000271435586457351,-0.0025672617313766133,0.0007595598646736707,-0.0017245451920374958
2019-09-03,0.0012925672074181127,0.013913037386245941,0.008925412205944219,-0.0066546607425102275
2019-09-04,0.0014943946378068824,0.006243592403041898,0.007541956954514471,0.01084351111303183
2019-09-05,-0.018110309673997394,-0.024001111170984094,-0.008555643228240515,0.008206880868547997
2019-09-06,0.007115145072000653,-0.008523127321021456,0.002840693871196647,0.0012593359661571921
2019-09-09,-0.017765249640514232,-0.003734491228691185,-0.006382390389820505,-0.0064395644490882345
2019-09-10,-0.017527850649273834,-0.008557937066770755,-0.011194468419632779,-0.006943513420146744
2019-09-11,-0.0017769029888060443,0.006063673848237767,0.0007399608542443712,0.006289839357676762
2019-09-12,-0.00655090329282896,0.0020563594524274755,0.003881654695066837,0.0011848980568425556
2019-09-13,-0.0213590639475114,-0.008279178399634407,-0.011978959378192617,-0.008508491063746843
2019-09-16,0.012743582862606967,0.008348293824007803,0.00921553844117881,0.0003105665880139719
2019-09-17,0.0054237279100873585,0.001981311256556363,0.010165058844455089,0.004973013516550179
2019-09-18,0.004243641838766246,-0.006285303034137367,-0.002496638349753825,0.0008778732558779199
2019-09-19,0.0030081155453405995,0.004050827259073718,0.0034788693617964868,0.002035679891915282
2019-09-20,0.01321075867744132,0.011820482199569514,0.0015986305151089169,-0.003975205051445107
2019-09-23,-0.00021145110399753566,0.0055963813578842145,0.00138538462685043,0.0002599682414972805
2019-09-24,0.0120541775416244,0.005286916772101902,-0.0004914085388743683,-0.00624831869753559
2019-09-25,-0.01462708949160679,-0.018545372987105846,-6.222752895383954e-05,0.0040491004047887
2019-09-26,0.0064325159399894,-0.0002820862688856989,0.008163967078915329,-0.00087491406399893
2019-09-27,0.0024581147620326505,-0.005148427518333163,-0.0045852557995505186,-0.008282148766465125
2019-09-30,0.0024521959296903437,-0.015525317610576038,0.0018075045750128823,0.007556138936828378
2019-10-01,-0.009436897473525763,0.003010442124770715,-0.007930665136281429,-0.004923689104275213
2019-10-02,-0.0042222717405366915,0.0024432611544311696,-0.003415668366609673,-0.011509498936413131
2019-10-03,0.009676027193781443,0.009121967198526829,0.009608984425004812,0.010438740542829308
2019-10-04,0.00602997155578934,0.007383184863356636,0.006193713687378336,0.012600074518224652
2019-10-07,-0.0021406244438983905,-0.008288249389246648,-0.002884539239682608,-0.004544298446583029
2019-10-08,-0.005255881804150383,0.0026939661078743643,-0.004293870025165768,-0.009864231913559915
2019-10-09,0.0019408587784308308,-0.005648648269270449,0.0010224509796812537,0.005300471329474286
2019-10-10,0.0016144250228943473,-0.014894474600478415,-0.00038330474309542683,0.001190759590059351
2019-10-11,-0.0004298429819591664,-0.012376827137527696,-0.0018755557496524997,0.005567738815515029
2019-10-14,0.0004300487252330023,0.007262940478902172,0.001256890889590801,0.0020281904526138206
2019-10-15,0.0012893516903403255,-0.012088371865603556,-0.00032948589817278584,0.005535778482917125
2019-10-16,0.00010724286714860634,0.00121643083728075,0.0002414657661087604,-0.0014102126961413504
2019-10-17,0.006545012682492782,-0.0024297913477505395,0.005458988875038876,0.0011737782118822829
2019-10-18,0.007675065229045158,1.7582700738012161e-09,0.00674634210017997,-0.006827978411253516
2019-10-21,0.007616631321050955,-0.007522592884392134,0.005784654644681446,0.004123463382457767
2019-10-22,-0.0029395232684379558,0.005847110755445411,-0.0018762601920042526,-0.00396525987849792
2019-10-23,0.002211141897727697,0.0010046237241386972,0.0020651424165071745,0.0016611454673407342
2019-10-24,-0.0025214937836180703,-0.002007227583058833,-0.002459281235093604,0.006330970615538327
2019-10-25,-0.008531774582750402,-0.0048851673515253845,-0.008090531326877719,0.004260016097072037
2019-10-28,-0.006055310867697412,-0.009096461982276757,-0.006423340977101214,0.004375940171632597
2019-10-29,0.006092200362549481,0.0006560654098457533,0.005434402161547146,-0.005312428179477735
2019-10-30,0.003612118809361472,0.014634166119955317,0.004945885168345541,0.0076795639023294416
2019-10-31,-0.001799507212815589,0.013490143746948529,5.067222684023996e-05,0.004229920094873732
2019-11-01,0.006700059445899111,-0.003078036246645271,-0.0005589300728043191,0.005758693471463298
2019-11-04,0.0023945750883260313,-0.01316172692470136,-0.007745977750996007,0.001011635326032214
2019-11-05,-0.0017613979305921598,-0.011246582458497526,-0.016289312470724893,-0.002931127822607343
2019-11-06,-0.0006216424424088318,0.006051753729899617,0.0026425267872578714,4.8861591318556056e-05
2019-11-07,-0.0008528477848745684,-0.01811850540277852,-0.010960486156690019,-0.0026447262057519142
2019-11-08,0.0023851285901814357,-0.004207290931472399,-0.0026269566572868657,0.001609197338234489
2019-11-11,-0.0009481557428237958,0.0006672418057428276,0.0020107386363083387,-0.0008628592068355943
2019-11-12,0.003220393473241336,0.004592496612480813,-0.006087999516730213,0.003313648155560255
2019-11-13,0.0014708419852221032,0.0064888169679656665,0.0088378278145062,0.0019411524966902658
2019-11-14,0.0013855520680174519,0.010329548252102364,0.008075768350625857,0.002174477539088827
2019-11-15,0.005694888770084678,-0.0010876500098631944,0.0046381673792548215,0.004919339445798686
2019-11-18,0.0009895907905968307,0.0018147347265263037,0.004489361097767865,0.0011124024870800997
2019-11-19,0.002820421984864498,0.008332870324402608,0.0025191201406250274,0.003188581599125674
2019-11-20,-0.0027963061802921837,0.010347606665323823,0.0007808333509447074,-0.0016614019923157969
2019-11-21,-0.0030161622520249007,-0.00625877125311469,-0.013112221660062156,-0.0033441222814566784
2019-11-22,0.0007706008650367396,0.0012881004359032498,-0.00309646740640563,0.0007341429046246095
2019-11-25,0.010095863424696847,0.0029308389187589377,0.003138926855148021,0.00909582313630205
2019-11-26,0.0026805791787671844,0.005844217121503868,0.012383695806305113,0.0029927777831429835
2019-11-27,0.0050504355748525204,-0.002905068517253847,0.003804479230777809,0.004120137109268933
2019-11-29,-0.00408612204654964,-0.0021320954759624475,-0.004300364247201847,-0.0036318543233222578
2019-12-02,-0.013314763560334428,-0.013332901861584614,-0.014929981850565573,-0.01104635276444998
2019-12-03,0.020798484321153804,0.020967328179777703,0.008195090808137536,-0.00031656158465295564
2019-12-04,-0.009896896864367939,-0.009985125948127284,0.0024124083498611934,0.0011367974993889045
2019-12-05,-0.004823970698411736,-0.004864071774175621,-0.0001141217454713187,0.0001909458858123385
2019-12-06,-0.0054393629886092115,-0.005534533328172973,0.0011322924586847308,0.006462288734824427
2019-12-09,0.0021288966755555333,0.002168204777676836,0.001966049602273023,-0.0027868287218914107
2019-12-10,6.688897967263261e-05,7.219659754203073e-05,-0.0050923274688311655,-0.000596841733297813
2019-12-11,0.007845883291873678,0.007860916340061338,-0.0079802657317784,0.005965858820963821
2019-12-12,-0.016317597930410342,-0.016457845128742408,-0.013894495615569658,0.0012212872770580453
2019-12-13,0.011519143408942925,0.011567655670465703,0.0015944478731279167,0.00545231892009474
2019-12-16,-0.008878553529204919,-0.00899011603166915,0.005235742855915484,0.005073081297495986
2019-12-17,-0.001367331624176659,-0.00137877635592979,-0.008473751790723932,6.392576165493173e-05
2019-12-18,-0.008159716172214787,-0.00821234254611602,0.009719743411193135,-0.001578388788745834
2019-12-19,0.0016273071684631578,0.0016000373800098696,0.007983530051068699,0.005037539172460377
2019-12-20,0.0013349257965087637,0.0013190253576514251,0.004985483857396766,0.0033233476098092738
2019-12-23,-0.0014397034634692529,-0.0014637707346410345,-0.004592707188556702,0.001570058241514504
2019-12-24,0.002844665851964844,0.0028583788594200125,0.0026612589405111157,0.001129770679138402
2019-12-26,0.0024491802953549805,0.0024115853475107636,0.0041407293132551615,0.007150638848835348
2019-12-27,0.00108223829891321,0.0010935856721083497,0.0029106509244378903,-0.00033681331562978906
2019-12-30,-0.0036581833229379097,-0.0036411056677243983,0.00041889321392944663,-0.005793810603182328
2019-12-31,-0.00972549760388929,-0.009793966838490396,0.00511177134749255,-0.0011629345539896781
2020-01-02,0.014546470313496169,0.008282346777997933,0.013992897400173156,0.014605189114414838
2020-01-03,-0.004000429131049155,-0.003205885584799234,-0.0026724553495499712,-0.0028201281344917297
2020-01-06,0.007374040892413021,0.0053566213762597705,0.007613618287348279,0.005701150107066785
2020-01-07,0.0007980899475824358,-0.0027742346527464983,0.0010393283134718157,-4.0002687124955554e-05
2020-01-08,0.004061572772138992,0.005103161937412461,0.003172376316548307,0.003535338552373444
2020-01-09,0.005224104851143123,0.004902615129802583,0.0043877644232777485,0.00567754511793461
2020-01-10,-0.0005826971257006406,0.0008835920974998724,-7.447676984643837e-05,0.00010243676779993667
2020-01-13,0.007176132144737054,0.010136077896591036,0.006053736561108561,0.006883466028594534
2020-01-14,-0.003236828931851753,-0.0036400668785463693,-0.0030564776471420307,-0.00242186635321179
2020-01-15,0.0016569551773471683,0.0031685242660148397,0.00197818654097031,0.001974550790287989
2020-01-16,0.007017841151825287,0.008252076292935702,0.00635747824497328,0.006371532369412883
2020-01-17,0.0042348621831532944,0.0036213901877818803,0.004051115713788051,0.0029210107779694345
2020-01-21,-9.359304559060982e-05,0.0023556984157581257,-2.4538641567172314e-06,0.0010432824803697678
2020-01-22,0.002112916872742139,-5.736904327480263e-05,0.0019766308320768203,0.0023781827667629725
2020-01-23,0.0029934336477676635,0.004539728886213797,0.002936119578378464,0.0034945852306510904
2020-01-24,-0.005134684908290608,-0.0059237004953213955,-0.004290308547011486,-0.0042830924047096925
2020-01-27,-0.014333783892821386,-0.014168900974037887,-0.01270665981868261,-0.012190651944870571
2020-01-28,0.009772908056364386,0.010336982140950336,0.008334910878691128,0.008882609303175179
2020-01-29,0.0024980332642678856,0.0005065100243321907,0.0027225674278252257,0.003153426258366115
2020-01-30,0.0027578070857226717,0.0025183968003713022,0.0025509100532959223,0.0026198506866786566
2020-01-31,-0.010877505465740766,-0.013121678836227271,-0.009595596461696231,-0.009592362281229116
2020-02-03,-0.006495680924531897,0.012427094439910687,-0.006495686688922545,0.011086669077431052
2020-02-04,-0.013008933807084412,0.01676333224010435,-0.013008947113088356,0.01370212612105218
2020-02-05,0.0012293121253861628,0.0008993086370702279,0.0012293101343592635,-0.00029903393137139747
2020-02-06,0.00538839747934383,0.007936952703182785,0.005388399283237712,0.007589601827129012
2020-02-07,0.002645853716202808,-0.0014738168170166934,0.00264585731351302,-6.1012051011157976e-05
2020-02-10,0.0025712508531446853,0.010515939977434606,0.0025712495598946834,0.009731527951198353
2020-02-11,-0.0034419505061751947,-0.0007058996581830462,-0.003441954403782208,-0.001144823015048271
2020-02-12,-0.0008127438060800125,0.007246246311577407,-0.0008127473706586318,0.0059994832527963575
2020-02-13,0.0056934453049052505,-0.0004184632233863666,0.00569344902953958,1.2380296457834953e-05
2020-02-14,0.0041784261147105725,0.0031186788935074292,0.00417842737722009,0.0032461398314515043
2020-02-18,0.012818806288542182,0.0014728234806403505,0.012818814086188433,0.002017206907867055
2020-02-19,0.005831217797804345,0.007958930510158899,0.005831220310362364,0.007146036554184419
2020-02-20,0.004084655726414436,-0.006399559559687577,0.004084658511080146,-0.0049582937976664085
2020-02-21,0.015025201915258229,-0.014399153343277361,0.015025213013733286,-0.011995203486966676
2020-02-24,0.008985108229555951,-0.02955087281337656,0.00898512468847106,-0.0250467847401718
2020-02-25,-0.01787425764743598,-0.02171331177112783,-0.017874258872832425,-0.018975389389942816
2020-02-26,0.004370498159730616,0.003393244821817286,0.004370501858279625,0.0025133135294674058
2020-02-27,0.0001948160409564047,-0.03980937659049144,0.00019483168197421936,-0.03467961828890719
2020-02-28,-0.036493447706199854,0.0044520054588446205,-0.03649346592594811,0.006288055222096139
2020-03-02,0.005526303166574967,-0.007357426222136527,-0.007357466969625941,0.03751196859516524
2020-03-03,0.031434319229981245,0.015525493031424817,0.01552551892056008,-0.020692744629579228
2020-03-04,0.0017545325514443217,-0.010618531128856261,-0.01061857326749773,0.029213039290527744
2020-03-05,0.02160093634086171,0.02489168078789603,0.024891735601208824,-0.01717187924736354
2020-03-06,0.000380966657423025,0.05204379356849756,0.05204388675158389,-0.0004014222770023869
2020-03-09,0.0016502257187367053,0.027103025222413382,0.027103140078663393,-0.046385101106326605
2020-03-10,-0.02110132787825854,-0.0512579800609692,-0.05125808511100352,0.02918652111920805
2020-03-11,-0.003560364633856795,-0.03679764710223156,-0.03679765035230011,-0.04193996437869526
2020-03-12,-0.039888260301935055,0.0061967418847477815,0.006196851420169182,-0.06829639468859557
2020-03-13,-0.03051621451257069,-0.022603099833450793,-0.022603196214500063,0.05905906186779313
2020-03-16,-0.011446122119997461,0.06476531263102868,0.06476552185485182,-0.07568007139946487
2020-03-17,0.013555476291311437,-0.06668285266198752,-0.06668298890625236,0.04177861976684278
2020-03-18,-0.019921997685642522,-0.05641251537089071,-0.056412526261017656,-0.03662920257486846
2020-03-19,-0.01890548669883834,0.027225445902057627,0.02722548777164499,0.011074598674580896
2020-03-20,0.014995707911162665,0.0751952942767321,0.07519542058536904,-0.011841522855981178
2020-03-23,0.044179581407654794,0.04120931094243089,0.04120936593610817,0.010398452547923787
2020-03-24,0.048530346596601714,-0.01861431739948506,-0.018614426036176617,0.05448134411902946
2020-03-25,-0.013689636326000315,-0.0022712158618403326,-0.0022712477650134945,-0.006178041652848099
2020-03-26,0.012822229133458797,0.004921993784850287,0.004921951972300085,0.04125103704590535
2020-03-27,-0.006460488913368382,0.02669264271958643,0.02669270543725733,-0.019793576369878628
2020-03-30,0.004400648108670439,-0.008228828552456963,-0.008228863062726025,0.025713573976525343
2020-03-31,-0.03184667689999052,-0.008116890022952095,-0.008116887656528887,-0.008438789169682956
