Date,SPY,QQQ,GMV,MV_gamma_5,MV_gamma_50,Minimum_CVaR,Mean_CVaR_lambda_0.01,Mean_CVaR_lambda_0.1,Exact_SSD_9M,Exact_SSD_12M,Exact_SSD_18M,Exact_SSD_36M,Relaxed_SSD_9M,Relaxed_SSD_12M,Relaxed_SSD_18M,Relaxed_SSD_36M
2010-05-03,0.012961949572252385,0.014013009139877353,-0.000187980135645,-6.291048224194018e-05,-0.0001919143846057,-0.0003351969224426,0.003207374742933,-7.830332805192075e-05,0.0154074653203529,0.0145541241848348,0.0044124948625442,0.0032073753816511,0.0190854750046704,0.0214726407362617,0.0088285296018729,0.0113304676351564
2010-05-04,-0.02351479609648599,-0.030042035360654862,-5.988173967841348e-05,-0.0009373626907296,4.245137904534957e-06,-9.8790343039723e-05,-0.007431094866008,-0.0003289581480049,-0.014220710405692,-0.0181434850904431,-0.0279177687944461,-0.007431097393432,-0.0214804856324777,-0.0298481446320229,-0.0224456899775945,-0.0213312846793176
2010-05-05,-0.005956302391782575,-0.00516212922202719,0.0004157021281923,0.0013550640408448,0.0008866986266873,0.0004353261521101,0.0019151525040461,0.0007176675359892,-0.0070991762831895,-0.0058409474316888,-0.0087462891659024,0.0019151506175308,-0.0083719104542664,-0.0117885980069172,-0.0102779452826273,-0.0080245985160323
2010-05-06,-0.03321369911067429,-0.03341623640585123,0.0033653786760396,0.0110537725321351,0.0043232881781958,0.0044210419894807,0.0295421110050522,0.0048328923553091,-0.0171288890226367,-0.0165166454069889,-0.0079863354251311,0.0295421033781909,-0.0180430858550473,-0.0376786451535074,-0.016387306536426,-0.0131949256901688
2010-05-07,-0.014875094647182507,-0.0249088666690096,-0.0046061138798192,-0.0022662124874476,-0.0045024364582588,-0.0041291272013035,-0.0018567071239111,-0.0041995063361298,-0.0105566771539806,-0.0127253023170189,0.0019370081807592,-0.0018567074237859,-0.0167397288358839,-0.0206376276637899,-0.0021613793191357,-0.0039038144581798
2010-05-10,0.04404111148092493,0.05197093309616685,0.0008516960096671,-0.0014364156962086,0.0006166065081691,0.0002458159010627,-0.0059186344989078,0.0005244152243191,0.0328195992308639,0.0344871576197342,0.0355985147968511,-0.0059186275744489,0.0400550422770517,0.0594257433041408,0.0361852105295,0.036821351870668
2010-05-11,-0.002840845395602032,-0.0010467433526959447,0.0017696442430745,0.0069647666030221,0.0025961679397745,0.0026835336031516,0.0262822482260227,0.0035504644386239,0.007350920727035,0.0085013489661902,0.0026500827848599,0.0262822437424388,0.0115553462842982,0.0016536973777924,0.0033277237820919,0.0042286242279094
2010-05-12,0.013985919306796601,0.018860234576522084,0.001507523013591,0.0014054459739574,0.0015796013001285,0.0015546822781873,0.0061329176555278,0.0018540458503439,0.0107953897504586,0.0125950076793508,0.0094919411833111,0.0061329182423826,0.0177627049531442,0.0209384995335516,0.011194263471268,0.0096455117323739
2010-05-13,-0.01243067093179906,-0.015837052970900545,-0.000443620348399,-0.0011146774832657,-0.0007131337349917,-0.0006941142755473,-0.0069193077033753,-0.000973053971405,-0.0097460421727587,-0.0113908966596999,-0.0082072486881443,-0.0069193077862666,-0.0114264979427961,-0.0134517225734556,-0.0092471175473691,-0.0089543206205977
2010-05-14,-0.01810525204333857,-0.019226969169114816,0.0016211083641504,0.0019287019636076,0.0018570372757316,0.001664755221014,-0.0015759358927328,0.0016639346566662,-0.0148485631906286,-0.0155796999320676,-0.0117034689839309,-0.001575937695522,-0.0177055774969003,-0.0231366815043229,-0.0138331216922441,-0.0144632756056519
2010-05-17,0.0005267751264441678,0.003196256394748742,-0.0027214945309707,-0.0038988336803421,-0.0023872703665454,-0.0029236992943026,-0.0083908125387435,-0.0025484218461812,-0.0008898703353587,-0.0007946541732792,-0.0071584680593664,-0.0083908119374833,-0.0012249782082929,0.0013235951091739,-0.004354123164175,-0.0042444030859924
2010-05-18,-0.01360210743290835,-0.013806285831724496,0.0039934193354436,0.0034914704492987,0.0039117959236572,0.0040404063317354,0.0010891189385147,0.0037409268164423,-0.0104142561768677,-0.0108758873054462,-0.0106213782790405,0.0010891171618767,-0.0144031884073144,-0.0195803511018165,-0.0111321625972314,-0.0118912601808776
2010-05-19,-0.005694027848265892,-0.007969160403998532,-0.0018035295446413,-0.0067076531915694,-0.0024881833329006,-0.0026736881555083,-0.0239350626277263,-0.0033972908927094,-0.0098480117211075,-0.0117884205640899,-0.0163127987762623,-0.0239350602829362,-0.0143058503163854,-0.0096820720935407,-0.0130433483506375,-0.01247638648419
2010-05-20,-0.037759611107978874,-0.037125314356259986,0.0005897371013645,0.0003456130544248,0.0004441420024869,0.0003405368778277,-0.0067735656650711,-0.0001958484272381,-0.0283869018812301,-0.0293191655985675,-0.0296211841044852,-0.0067735691795794,-0.036331028051016,-0.0466898782359759,-0.0328956923520378,-0.0296657137901134
2010-05-21,0.0145993207353321,0.011048609253466068,0.0030320247934478,0.0012561550999308,0.0027119903080941,0.0028626101422528,-0.005352167666378,0.0025178603078839,0.015378615439542,0.0120939587438358,0.0147327721316831,-0.0053521641427144,0.0140145628832534,0.0210648262647577,0.0186654385043332,0.0173100595490175
2010-05-24,-0.012831317792079133,-0.004014904857941315,0.0001780068670074,0.003097380639188,0.0007815676445999,0.0009111009630067,0.0140600162128583,0.0013768084738177,-0.0061165611923626,-0.0033473412349607,0.0010049325943675,0.0140600132212721,-0.0068970713162325,-0.0129624490572463,-0.0027849305414051,-0.0050006464817517
2010-05-25,0.0010213536137675394,0.0008960507970987575,0.0024757014337259,0.0028400550084974,0.0026851293332861,0.0025389959058084,0.0044505672562484,0.0026363308948074,0.0037544140855884,0.0032379241634696,-0.0036879418552593,0.0044505661286274,0.0037901237625683,0.0015515075743977,-0.0006533004118696,0.0007145420094473
2010-05-26,-0.006028452362750625,-0.011185675111642812,-0.0025791394987926,0.0007523620607463,-0.0026260600580901,-0.0023417108807241,0.0094580827171044,-0.0022059585389559,-0.0016920413981829,-0.0020040436746926,0.0041274613621773,0.0094580811624061,0.0018368121415373,-0.0032923290673296,-0.0002620291368235,0.0018427986798247
2010-05-27,0.03349820913470647,0.037782606193162094,-0.0019097145475699,-0.001791007243745,-0.0020863312569566,-0.002022898546913,0.0018570208347021,-0.0018675779795543,0.0262707005284316,0.0277977297454976,0.0330991657135372,0.0018570255699674,0.0336729550295315,0.0467223612043481,0.0319475123443717,0.0324464818280641
2010-05-28,-0.012549737268557126,-0.005885881289053763,0.002719716400237,0.0023796506028654,0.0028997500532801,0.0028541272728068,0.0016007649674132,0.0028103548738835,-0.0051456011500345,-0.0050131155064649,-0.0080534735922084,0.0016007634702718,-0.0077814141178337,-0.0110909180882422,-0.0065213180883895,-0.0073736316297398
2010-06-01,-0.016823709520664143,-0.009210396383459107,-0.0009529885120154,0.0021300483120696,7.037419243394183e-05,-0.0002175037981886,0.0086642532970402,0.0006305642663428,-0.0029006793690341,-0.0072539180252956,-0.0083476031649821,0.0086642508122118,-0.0109879508309996,-0.0172388693666782,-0.0097525932786672,-0.0006750238458707
2010-06-02,0.026039455256370525,0.02368262795325471,-0.0010611480135185,-0.0023725226853864,-0.0012916354632092,-0.0013456356056813,-0.0010841871290205,-0.0012241358777168,0.0068629928077027,0.0083555772464895,0.015191339266993,-0.0010841851830184,0.0158592427424468,0.021420479765329,0.0166347780128143,0.0067629596868606
2010-06-03,0.0034442018653584316,0.009513761744602611,-0.0004345899825183,-0.0054018822334217,-0.0011808420859529,-0.0012048125882524,-0.0151945208950892,-0.0019745999625871,-0.0102154585729838,-0.0064359241774745,-0.0057215475296305,-0.0151945188998629,-0.0010216662390533,0.0043438464084646,-0.0063110689159899,-0.0079728823319656
2010-06-04,-0.035137038878272575,-0.034268590615509464,0.0054662190106369,0.0094746097925229,0.0065637698775584,0.0062571424102997,0.0104272920133452,0.0069376694554894,-0.0155231401395493,-0.0205714727184944,-0.0203805215951313,0.0104272882891915,-0.030323081549483,-0.0412802050720225,-0.0252189060961695,0.0019228548224513
2010-06-07,-0.012450814963943402,-0.018185863409584724,0.0014808900260425,0.0074040287364633,0.0021302510004186,0.0023419193881764,0.019296882074457,0.0029380605143207,0.009432649042004,0.0035119648355575,-0.0019927364353126,0.0192968786221653,-0.004418189793609,-0.0128785632405968,-0.0014421239027924,0.0038184199067689
2010-06-08,0.010711995419080855,-0.0018072179532243604,-0.0021982621835806,-0.0020032615829527,-0.0025134198131429,-0.0022595094291019,-0.0040332362510746,-0.0025998713693791,0.0045544438383493,0.0071374446825616,0.0096631550702991,-0.004033234779798,0.0036801981521254,0.0042929467583045,0.0112646196472807,0.0038712607445541
2010-06-09,-0.005345897330229499,-0.00837312000595658,-0.0003926073036926,-0.0010223544855705,-0.0007608517689692,-0.0005031141098484,-0.0036363838120502,-0.000928767020951,0.0001597968913039,0.0019598718745531,-0.0008727069616954,-0.0036363834136195,-0.0010928467527334,-0.0008975687536447,-0.000637224211868,-0.0030183767092055
2010-06-10,0.02923143589662791,0.028526210921262285,-0.0033366123337745,-0.0076831705435767,-0.0040995951024664,-0.0039641142485058,-0.0131884237672971,-0.0045797127318005,0.0088370611194829,0.0150029504715543,0.0177916035774452,-0.013188419827929,0.0214844911350525,0.0305899685096213,0.0207366346659239,0.000222143486434
2010-06-11,0.004855692034679171,0.009540539106501544,0.0061979629203117,0.0071028238590629,0.0063604337421458,0.0061392902177817,0.0087417071934252,0.0064297459088467,0.0100635180724904,0.0103214433381138,0.0066707163336689,0.0087417069802128,0.0107207574746926,0.0113920390313853,0.0078343896821917,0.0086188190340034
2010-06-14,-0.0015500033532908075,-0.0002198303979126237,-0.0005176416472767,-0.00123624622069,-0.0007807651442268,-0.0006856549740753,-0.0034164124209674,-0.0009539626474519,0.0027451502321262,0.0042955442471239,0.0019516467300304,-0.0034164117710415,0.0037395576887295,0.0052063755528504,0.0029475813028751,-0.0025728881276892
2010-06-15,0.022737532647313374,0.026819146991683196,0.0020767973247157,0.0028292788713286,0.0022245834901637,0.0023090384134059,0.0116220686216721,0.0026204577816484,0.0155330596535573,0.0129033590435458,0.0188356133315434,0.0116220689054576,0.020612480105393,0.0234331253327195,0.0201908980039824,0.0109912747858921
2010-06-16,-0.00035722072606958477,0.0040676723575288065,0.0023026530835215,9.044665372637262e-05,0.0020812887360861,0.0020358906229946,-0.0054549635846452,0.0016730800542863,-0.0066778224729348,-0.0047288706711255,-0.0031469630212943,-0.0054549627655028,-0.0042409633110891,-0.003438121419145,-0.0042198630675458,0.0003525193214961
2010-06-17,0.0016078175752367585,0.003198301086185573,0.0049344045925043,0.0066159372654259,0.0054143592550135,0.0053814206015345,0.0130474501002393,0.0058932761323426,0.0086927798320651,0.0061387411283405,0.0042422454985017,0.0130474486602375,0.0054907359852982,0.0032680063029521,0.0037540228661486,0.0053251878945102
2010-06-18,0.001084225644796044,0.0008306176273336074,-0.0008488031195778,0.0009202392629197,-0.0004387122726673,-0.0004017732140226,0.0076292066708378,4.599740284372267e-05,0.0032601333096536,-3.2374669180261475e-05,0.0037788435974443,0.0076292056362561,0.001646883231562,0.0002580255032154,0.0031131459438875,0.0029544052053485
2010-06-21,-0.0028640784247271345,-0.008510974331471965,-0.0020107601307431,-0.0056416774028975,-0.0026389979160754,-0.0025418317454823,-0.0198648734368713,-0.0033737585979538,-0.0148447416335866,-0.0085878579537612,-0.0010989346400032,-0.0198648704901957,-0.0120214100285153,-0.0099811909481291,-0.0025365992270206,-0.0017088725528454
2010-06-22,-0.01651566996445808,-0.00772500290157585,0.0032130357141324,0.0049864249091498,0.0036123072587472,0.003517030159057,0.0088046977615705,0.0038453911386058,-0.006216873820707,-0.0101650290567406,-0.0109148748437929,0.0088046955474057,-0.0115872087535866,-0.0165200319317586,-0.0128991216271099,0.0010504746386549
2010-06-23,-0.0031032641040635855,-0.004109023854230731,0.0015790596135027,0.0014537111476291,0.0017876572669492,0.0014060265883049,-0.0041169206445567,0.0016592389149594,-0.0012804960731652,0.0019056150819964,8.781803259872975e-06,-0.0041169198475132,-0.0018574568127861,-0.0016874750124673,0.0002915310946376,0.0019495785304932
2010-06-24,-0.01657031080421789,-0.015200757262459397,-0.0024909587075181,-0.0008883513611515,-0.0024817619529448,-0.0022169726133449,0.0028938082839793,-0.0023360147000576,-0.0066823336705971,-0.0111647305135142,-0.0102754269286258,0.002893806418529,-0.0116930635583916,-0.015406620121679,-0.0115549135275873,-0.0062937908677184
2010-06-25,0.004189307432358014,0.00019895676479131374,0.0029025971988778,0.0054066920502899,0.002688470744147,0.0031026427543667,0.0120362658491646,0.0030075558335516,0.017062123683555,0.0160538159386244,0.0129389683659591,0.0120362653876112,0.0141994237979167,0.0139800544528589,0.0151093573288594,0.008527496875899
2010-06-28,-0.0031520840505219194,-0.0035345121322692963,0.0042023387643268,0.0003154838556689,0.0038610853573826,0.0035860287176301,-0.0136038267238556,0.0030934415195471,-0.0124908039400632,-0.0068461128996186,-0.0076324574111117,-0.0136038249617025,-0.0094139435021383,-0.0076777460791731,-0.0093042376954779,-0.0026093592113061
2010-06-29,-0.030875142008476963,-0.038572322754044874,-0.0021731879917554,0.0010398446366122,-0.0015691768944058,-0.0016843942909354,0.0014865002084567,-0.0012929297741006,-0.0117420372149249,-0.014147837585428,-0.0204998967440954,0.0014864974417192,-0.0246707279024805,-0.0325854844763463,-0.0226632344858697,-0.0080337971477376
2010-06-30,-0.009500052599765718,-0.015218363280684266,-6.413289587225979e-05,0.0014545328860688,-0.0001154028410821,0.0001499546557612,0.0033809159172031,6.671507633893015e-05,-0.0020489540061306,-0.0029367739439416,-0.0035443798102218,0.003380915039984,-0.0076178292292272,-0.0108640059762733,-0.0043732256723603,0.0011827682580301
2010-07-01,-0.004456617420717124,-0.0028091593269805593,-0.0022842236938828,-0.0116320154783378,-0.0032678500566241,-0.0035294935084388,-0.0381328018009425,-0.0047612117827808,-0.0339268291056574,-0.0209696101225115,-0.0117589107604536,-0.0381327969683774,-0.0120431733800007,-0.0144690591399069,-0.0104802682611074,-0.0103752972358425
2010-07-02,-0.00544938089847069,-0.002817469620715607,-0.0013604623673475,0.0015972457635158,-0.0007010324912435,-0.0006418487097353,0.0123889004667065,-4.46938188516377e-05,0.00908105503866,-0.0024757691510281,0.0071760501699039,0.0123888983442845,-0.0046163774604458,-0.0061092932819376,0.0016065192223944,0.0012160112938714
2010-07-06,0.006555833443631975,0.00306063406989443,0.0019812069710085,-0.0040129409906024,0.0014125356026828,0.001492134221616,-0.0167102349144507,0.0007313750883908,-0.0163444005514442,-0.0179192938789982,0.0031630902732941,-0.0167102324230573,-0.0089689531053586,-0.0147696873872822,-0.0017122908529307,3.645392276265708e-05
2010-07-07,0.03149581907472254,0.03192492554691051,0.0029949949718879,0.0032747832738113,0.0028215132243729,0.0030318961007016,0.010471214390159,0.0031626461877605,0.0129165355002031,0.0261408832830277,0.0177943520134796,0.0104712148887797,0.0138987455113374,0.0270607113786642,0.0248444627602731,0.0008959948349921
2010-07-08,0.009895731549716569,0.0054596174895309435,-0.0005659114856754,-0.0022584046551785,-0.0010669361225253,-0.0009481780473523,-0.0044169222145579,-0.0012668992173573,-0.0030757837861676,0.0028935279194594,0.0011487130200981,-0.0044169212997558,0.0002562317110272,0.0061109799354093,0.0032729193758134,-0.0034786596452116
2010-07-09,0.007465205981112,0.009502331410518927,-0.0006429614810092,0.0017303226421783,-0.0003966340945777,-0.000386608023096,0.0098114625046505,5.6725865225537575e-05,0.0095400672720014,0.0103334669897394,0.0111952137078517,0.0098114616918787,0.0047823570698586,0.0108401511240348,0.010834449450108,0.0016552656577643
2010-07-12,0.0006484277327076793,0.002913348126784454,0.0005113754605892,-0.0013423677602101,0.0006740488361789,0.0004777225491354,-0.008617812225416,0.0003278139958327,-0.0073658761292377,-0.003055814627607,-0.0080463485643087,-0.008617811364961,-0.0015953572721852,-0.0050684674731362,-0.0037905710393262,-0.0029999824988524
2010-07-13,0.01508864287439815,0.012960845069864169,-0.000468524645331,0.0006913080277883,-0.0007065411482162,-0.0005433132118314,0.0086927244997254,-0.0002892850558643,0.0094493220324123,0.0148485280544906,0.0106456000149124,0.0086927243453429,0.0069284334747284,0.0186613932832647,0.0128806191255966,-0.0002900882717364
2010-07-14,-9.141433049675296e-05,0.005073875606467659,0.00391080525924,0.0027712904361509,0.0039293963818765,0.0038858260546088,-0.0005069073233838,0.0037661524030669,-0.0006069462108652,-0.0023633637039617,-0.0014530897041021,-0.000506907012358,0.001594572100678,-0.0020095832901077,-0.0002346549664674,0.0041632114396647
2010-07-15,0.0002737596889832439,0.0008781197261364948,0.0041713165342733,0.0029243724875112,0.003903353650942,0.0040608374668389,-0.0005917133150257,0.0036245799447163,-0.0004661047101855,-0.0012576390774991,-0.0029976747267096,-0.000591712998181,0.0023463326524126,-0.002944530977674,-0.0018232079906886,0.0038886473611085
2010-07-16,-0.027534923607559936,-0.027631408808838964,-0.0002072006572263,-0.0018180909401347,-0.0002994165029382,-0.0004204018633275,-0.0131946640500482,-0.0009212161962712,-0.014203528130336,-0.0207818810519797,-0.0230132538651207,-0.0131946640002788,-0.0116590756583987,-0.024164720660101,-0.024639869706466,-0.0037487810731141
2010-07-19,0.005906978867100454,0.008569950988979391,-0.0011853017663421,-0.0033343426910681,-0.0013447303164686,-0.0013871449937991,-0.0080568682277093,-0.0015741500531982,-0.0062950962087085,0.0009837826166595,0.0043770008042268,-0.0080568668072581,-0.0008262885933724,0.0019570536989689,0.0054869547179045,-0.0037250334422695
2010-07-20,0.011091239985649759,0.012075113935281712,0.0033107729376022,0.0039463293043204,0.0033490205074218,0.0033854821740504,0.0079495216320841,0.0035480085267605,0.0086302019652534,0.0123462807551332,0.0169635614939541,0.0079495218233714,0.0085419399130696,0.0131867330930858,0.0151731807801898,0.0054971140761914
2010-07-21,-0.012997598229863572,-0.013698645477487226,0.0028692221115236,0.0011908766210693,0.0026603977668617,0.0026276747320159,-0.006858148519635,0.0022241813228021,-0.0072330725499188,-0.011825497791442,-0.0090355431181377,-0.0068581479749306,-0.0025791875674666,-0.0120212681559879,-0.0115859215367902,0.0039148514307821
2010-07-22,0.022321597851834296,0.02531359082164708,0.0004080798092198,0.0008295247750007,0.0001429915781032,0.0003634505536773,0.0087181885185509,0.0005118396328882,0.0104417084532312,0.0203470748924489,0.0214696565777025,0.0087181890519851,0.0098305399734661,0.0234058620896757,0.0234889241447637,0.0005201207553204
2010-07-23,0.008679351522351553,0.006335865661708517,-0.0013834468608184,-0.0032044402309129,-0.0016984644324575,-0.0018337548546282,-0.0065891174215728,-0.0018428443550387,-0.0051080191312495,0.0017182542149476,0.0013978576964944,-0.0065891162533695,-0.0016504280124348,0.008198921996823,0.0035008561260063,-0.0054455444210922
2010-07-26,0.010415402726156708,0.008250388672709885,0.0007236687686003,-0.0004140231055703,0.0003709389953956,0.0002456366302991,-0.0049099810563847,9.41088449055716e-05,-0.0023082344337644,0.0083919400955044,0.0023011839464398,-0.0049099797137885,0.0054935781049885,0.0127019821932882,0.0061819410197505,-0.0013978499903622
2010-07-27,-8.96076152482328e-05,-0.0004308309033724811,-0.0037841183939207,-0.0072402996642325,-0.0040456084416723,-0.0041855517538141,-0.0173995372874983,-0.004569622601123,-0.0157085904240665,-0.0094681737579338,-0.008167307092416,-0.017399535580349,-0.0085152427289971,-0.007312209754109,-0.0058665181887599,-0.0093168986267776
2010-07-28,-0.006454575195188883,-0.007970667941973542,0.0022569331983239,0.0033273091569672,0.0023151305025832,0.0023756377735359,0.0023786154215021,0.00224528021627,0.0020460916747571,0.0005183404986703,-0.0022037425349488,0.0023786150074571,0.001531198691305,-0.0044044422102508,-0.0033134460987604,0.0024230807866816
2010-07-29,-0.004872275759256417,-0.007383036269194343,0.0017793271986286,0.0022358814804712,0.0014556309312221,0.0017055432590407,0.0044823530917554,0.0014813853589787,0.0032486631885195,-0.0014146525377286,0.0026600209975005,0.0044823525491524,-0.0010621780063085,-0.0019884255599627,-0.0012406490887369,0.0020523484769734
2010-07-30,-0.00018153162146061774,0.002187632626671876,0.0051932152334905,0.0070068738120243,0.0050932173022324,0.0052694336872005,0.0104995794566524,0.0051948472894327,0.0102857828217487,0.0087365356706195,0.0072127642864422,0.0104995789119078,0.0101813485439505,0.006638816836056,0.0059962179931498,0.010059873038986
2010-08-02,0.02258107321939251,0.018772757497872883,0.0006064476367926,0.0002466949122366,0.0001640596980703,0.0004014736747111,0.0028560664762748,0.0001749264759696,0.0181299417681714,0.0162526400500056,0.0186363490837212,0.0004329667413222,0.0148157976085,0.0155873010111529,0.0239755473793167,0.0162055240629622
2010-08-03,-0.004788964322611111,-0.004284996863654134,0.0032658784581671,0.0033627947573047,0.0032406079102507,0.0033355100620613,0.0028711153211355,0.0032273710170329,-0.0046734878896764,-0.003515933318776,-0.0034282642913303,0.0038947275992437,-0.0038108114982063,-0.0031251165725386,-0.0056036313540781,-0.00248240594749
2010-08-04,0.006683529615619577,0.010114126929534395,-0.0015949697711382,-0.0006444549112316,-0.0015990413143286,-0.0013938180395564,0.0063533248885483,-0.0013140269024489,0.0023140380898681,0.0035699583763519,0.0040552703769223,0.0062936743900268,0.0068428867519636,0.0051386425359498,0.0055321007786835,0.0035992080832965
2010-08-05,-0.0010624459843792122,-0.0023436544651044278,0.0030338924225161,0.0028106111958983,0.0031894079898167,0.0032308225685071,0.0011255196675648,0.0032117919935421,-0.0069793080795182,-0.0057559668824657,-0.0030607782214757,0.0022275704318023,-0.0063364539080802,-0.005075298075834,-0.0058648820809313,-0.0039027235821809
2010-08-06,-0.004076231699026378,-0.001494493688176779,0.0046045311957518,0.005649432436658,0.0050326903398321,0.0049361568616568,0.0064714411041475,0.0051211440979346,0.0004083240155433,0.0012477685014514,-0.0004859040331694,0.0073516227348053,-0.000182953996995,0.0004899487426097,-0.0022865824045228,0.0015865146022397
2010-08-09,0.005338736216386364,0.00684322908278423,0.0004677684332001,-0.000618745611539,0.0001723564398279,0.000147492160468,-0.0026320241051681,-0.0001143809779527,0.0065257782549168,0.0050289202108677,0.0049417716129919,-0.0037338312150486,0.0055142596321732,0.0042187637669145,0.0068692239774572,0.0034308274312229
2010-08-10,-0.005398859003855394,-0.008708877548466276,0.00238060343051,0.0032214527831841,0.0027633029853495,0.0027196948984664,0.0018839981410916,0.0028593859598529,-0.0059188286016734,-0.0046125255451503,-0.0089434427908494,0.0028109170147681,-0.0077909409241447,-0.0064790221465909,-0.0096906664285209,-0.005854222555394
2010-08-11,-0.02740694181769454,-0.02721177090367033,-0.0006248458069586,0.0003042294142585,-0.0002450696775951,-0.0003572881465367,-0.0048886746175912,-0.0004715094940753,-0.0125153244764738,-0.0119848474712661,-0.0242495445802162,-0.0033127262203879,-0.0199299831710721,-0.0182318380353458,-0.0265169925536432,-0.0163129469376364
2010-08-12,-0.006130229118588293,-0.007929810257082504,-0.0027074286754474,0.0006403954295499,-0.0020491743666802,-0.0020428525357414,0.0104252703261109,-0.0014876773831773,-0.0092461273929235,-0.0054125445342422,-0.0026052657221228,0.0121868078762562,-0.0019725160150049,-0.0009020792347844,-0.0059530237459335,0.0001436648262925
2010-08-13,-0.0029458979365457605,-0.00710474943149908,0.0027998189185662,0.002931795902872,0.0028656034014864,0.0028001386180753,-0.0002349631679596,0.0028362480676713,0.0040434862859845,0.0028006385142415,0.0007461609137268,-0.0002525783284829,-0.0027097523873773,0.0001762877782253,-6.211748690354781e-05,0.002863097982253
2010-08-16,-0.0004611392008206927,0.001788755350611293,0.0060999948989595,0.0067474804323848,0.0063365320967221,0.0061776378763607,0.0076999249483458,0.0062917245505793,0.0075707256251911,0.0068734814926997,0.0058508738638928,0.0083375903622386,0.0065978622974489,0.0063621786828321,0.0032243511715149,0.0077001521153149
2010-08-17,0.012285040328390506,0.012723409663357721,-0.0017573395545813,-0.001690919323096,-0.0020307551732942,-0.0018968135703476,0.0017408123752311,-0.0019331796852309,0.0136337028361145,0.0119568318437317,0.0097451832671612,0.0001670159220626,0.0119731865381393,0.0106104169935363,0.0142129782753747,0.0093562407835729
2010-08-18,0.0018253009550890376,0.0039670622029917,-0.0002383982138762,0.0005945173300336,5.623548539768208e-05,2.152198569760344e-05,0.0037170374508304,0.0003050602519718,0.0015349169201492,0.0019432253109628,0.0013860988286161,0.0039248531205948,0.0026825371507205,0.0020643302509088,0.0014394045553143,0.0015532969529552
2010-08-19,-0.01739698278656021,-0.015147647300732592,0.0012475888069725,0.0017125948439873,0.0015646742269952,0.0015745976831618,-0.0004835783651554,0.0016723641584894,-0.0121945915321367,-0.0108989001646834,-0.0093601977924756,0.0014140573193371,-0.0146456621755357,-0.0111998798994616,-0.0147228119761094,-0.0077892558896216
2010-08-20,-0.0032444562676592348,0.0013372616669795612,-0.0024438758297385,-0.0027768976144633,-0.0022839731188595,-0.0023945244304245,-0.0034704711020827,-0.0021565451700631,-0.0025453487451008,-0.0027971054261334,-0.0007322937163066,-0.0034886464280693,-0.0017714308157754,-0.0022178141771128,-0.0012011688080718,-0.0029865174744042
2010-08-23,-0.003812898987768709,-0.009794962201324475,-0.0002592791307314,0.0001844184565735,-8.181602936718768e-05,-0.0001703262878154,-0.0018359589519783,-6.494901928666419e-05,-0.0034903143544235,-0.0032984154085555,-0.0069228460599865,-0.0015837499989705,-0.0063501720047158,-0.0051694504916003,-0.0072211961537443,-0.00465973227097
2010-08-24,-0.014843015638678958,-0.01866016395419612,0.0037266891047746,0.0054538076374666,0.0040130966307703,0.0037785726420125,0.0042325016842528,0.0037762568457364,0.0024498255603036,0.0022561819991834,-0.0113377341282712,0.0048422247884405,-0.0024490536681236,-0.0023920908213838,-0.0111792022446232,-0.0017535878019929
2010-08-25,0.0038849842528239087,0.009621771003475832,-0.0020380307390367,4.230051594755757e-05,-0.0018226713675598,-0.0017404211880523,0.0088248439919647,-0.0014725492942341,0.0097024425918675,0.0100594967919707,0.0016431338124707,0.0083084073643181,0.0117865274372325,0.0081615861659405,0.0055799180801739,0.0050262627912928
2010-08-26,-0.006702013533116058,-0.012026261280999373,0.0025230053709064,0.0015127829350274,0.0019955179979143,0.0020642408195392,-0.0034825821238516,0.0015712467708062,-0.0010233290124844,-0.0019700805560075,-0.0068384168521306,-0.0032959912409479,-0.0046133656313627,-0.0041664239277357,-0.0074343114359196,-0.0036024565863192
2010-08-27,0.015490129048799206,0.012172652783861038,-0.006806520877426,-0.006225491475029,-0.0071295637629456,-0.006936417612776,0.0015151156277424,-0.0069052591642772,0.0020173296537628,0.0031762446372331,0.0129063150516304,0.0004133859729304,0.0110990610663967,0.0099187498398578,0.0151987936810271,0.0084186747607132
2010-08-30,-0.014505019901725036,-0.010437979374187,0.0046676390751734,0.0042615205078142,0.0046685171438094,0.0046713123634585,-0.0013057404919141,0.0045167980036042,0.0009775951412907,-0.0002547902356199,-0.0097537877445275,-0.0008263657871073,-0.007953976714613,-0.0065519654049426,-0.0102372879205388,-0.0053131504521139
2010-08-31,0.0,-0.0034397071110944255,0.0029771405138707,0.0055546299246134,0.0036341456638067,0.0034288287152848,0.0095345901209646,0.0038446479718996,0.0087372374173692,0.0088059200751579,0.0025189978193181,0.0096766027464385,0.0053403732205662,0.0064475030217936,0.0030252615909635,0.0081463354976064
2010-09-01,0.02991156471167078,0.029912847009356813,-0.0008221605248724,-0.0040722525854028,-0.0015570110063872,-0.0013345293370951,-0.0031946214166723,-0.0017295310073242,0.0195191396112763,0.0146832649859535,0.0179537766841232,-0.0031946193217532,0.0006037630710238,0.0173143863039263,0.0284698896167191,0.0061397457337355
2010-09-02,0.009312388290315221,0.011170602267751795,-0.0013553106604379,-0.000430015950238,-0.0013207725792767,-0.0011885270519738,0.0049305486107387,-0.00104083372771,0.006991331112425,0.0086741407460075,0.0036978675003992,0.0049305481317596,-0.0001505780026166,0.0047410640537288,0.0068654654468776,0.0022902281034638
2010-09-03,0.01297179509136459,0.016570890933622406,-0.0022121628352704,-0.00418568943082,-0.0025445473549606,-0.0024286401919765,-0.0035162343716204,-0.0026167210526405,0.0079995121240709,0.0055501225218117,0.0052547933589958,-0.0035162334663834,-0.002157322365617,0.0056359349971599,0.0118277193270091,0.0007978309883899
2010-09-07,-0.01127247912686169,-0.0067380406869368414,0.0052478079188271,0.0063003252323816,0.005367442338549,0.0055189788415543,0.0068931259899174,0.0054647676096006,-0.0065645137178112,-0.0041899049517722,-0.0059897230841106,0.0068931249025333,0.0045434322574693,-0.0048485964344515,-0.0106027716958851,0.0021475177542056
2010-09-08,0.007023070185198099,0.01203540500231659,-0.0007776933117892,-0.0016132249793533,-0.0008418789322233,-0.0007231145473062,8.151699918590438e-05,-0.0007584956139374,-0.0003726597960736,0.0010018596719192,0.0034585407653071,8.151715436546732e-05,-0.0026231050913712,0.0031169219859659,0.0063309132442239,-0.0006453266697719
2010-09-09,0.004618932980369639,0.0038919464097326717,-0.0056872492823996,-0.0082166421052161,-0.0057533385956708,-0.0057385172669877,-0.0093717018604082,-0.0057369625849735,-0.0135870487366858,-0.0106133115591077,-0.0039114029716239,-0.0093717013722504,-0.0117470170354321,-0.0065410797921717,-0.0001793820979723,-0.0116356319377328
2010-09-10,0.0050486547390564684,0.0036611686065208815,-0.0010550125955757,-0.0008680975242225,-0.0012096624457578,-0.0010469711027799,0.0013985340681772,-0.0011014786892391,0.002935567435204,0.0033385289376149,0.0028623083463913,0.0013985340757391,0.0001702273519696,0.0026448629258611,0.0039361098350651,0.0010180036316551
2010-09-13,0.01112290068969024,0.013948630601660739,0.0058103788397891,0.0034339657802611,0.005321430477857,0.0052498829791802,-0.0009036441680843,0.0048809369924285,0.0135980754377948,0.007925221317591,0.0131478627739916,-0.0009036424444082,0.0072775699719791,0.0123176104891649,0.0159248022998555,0.0085150582397913
2010-09-14,-0.0006207158879282249,0.004232843962149957,0.0048424624895349,0.0086689644953923,0.0054810051563309,0.0056432830366959,0.0197335457826128,0.0061930790378541,-0.0004719778438647,0.007742834089732,0.0016133186510894,0.0197335433608451,0.0036698719257641,0.0056162037327667,-0.0004685411591913,0.0076343939937892
2010-09-15,0.003817080973447684,0.00632250377131105,-0.0020318324218405,-0.0018312184144808,-0.0019743323259759,-0.0019857194172642,-0.0006450105214824,-0.0018960676368648,0.0029058829100243,0.0038972484087732,0.0019310924151111,-0.0006450106015064,-0.0026781997833434,0.0013435948461495,0.0040993824590123,-0.0019008923797866
2010-09-16,-0.00026545581787384975,0.00397897071122677,-0.0021637342850041,-0.0009586827220835,-0.0016777930165458,-0.0015742170943163,0.0055671679453419,-0.0011466790712223,-0.0063777460192207,-7.723175640710428e-05,-0.0040682124427854,0.0055671664955029,-0.0058265150714963,-0.0024130110841138,-0.0019633166941155,-0.0033721896853944
2010-09-17,0.00037351193093271284,0.003387350742297457,0.0023050607983976,0.0015442425803875,0.0021420183222293,0.0021267521164609,-0.0007221081509514,0.0019795826223434,0.0032647557906054,0.0012203208868427,0.0013196226837725,-0.0007221077448,0.0033171135382504,0.0006037930094843,0.0014519541237544,0.0017383908969035
2010-09-20,0.015290198311304737,0.017503533133748084,0.0048830443955472,0.0039241673102046,0.0045027007437075,0.0044583672487545,0.0026497657863304,0.004215350795385,0.0198150328537041,0.0136646085436941,0.0127992383066525,0.0026497670362706,0.0097396182263734,0.0134300895436746,0.0158583065479403,0.0114294213754165
2010-09-21,-0.0020135195885477852,-0.00020469528879807353,0.0064954331247641,0.0077720044859403,0.0070197334629016,0.0068671850691304,0.0091294895720637,0.0072007252233665,-0.0076374170278159,-0.0028249591599204,-0.0018660552849196,0.0091294883736689,0.0029925747565369,-0.001158356562734,-0.0056644954005464,0.0022139410607694
2010-09-22,-0.004913381802326255,-0.0026628782804560824,0.000601000393011,0.0004886693941232,0.00046601999878,0.0006964116679812,0.0015077756402059,0.0004889883000605,-0.0080276606619084,-0.0060162864308046,-0.0033587177172434,0.0015077752520454,-0.0014121407142946,-0.002512392909517,-0.0052042806370814,-0.0008561289534771
2010-09-23,-0.008111724566216894,-0.00041108695458391686,0.0006403891234745,-0.0002180112962666,0.00062808123289,0.0008121639968339,0.0007924413955879,0.0007106441594086,-0.0179072072663703,-0.0120473974154087,-0.0086617261826993,0.0007924404781782,-0.0061849496964177,-0.0088031592768416,-0.0099307044138831,-0.0069452316130944
2010-09-24,0.020622544441350588,0.02034150180134464,-0.0001733781424982,-0.0006466237301492,-0.0005865326584997,-0.0004583403526547,0.0030878810793655,-0.0005777518142594,0.01804050540196,0.0156224730870332,0.0132246184894738,0.0030878818871107,0.0032909864169817,0.0136091069840574,0.0188745869551591,0.0072278031857
2010-09-27,-0.004790032842743153,-0.005437369276873771,0.0049661784891763,0.0042429826096546,0.0050460462150079,0.0048469821536245,0.0002367888548167,0.0048356086189276,-0.0050196633792786,-0.0058997468497043,-0.0019714295686906,0.0002367890449597,0.0038481593871124,-0.0024284018884631,-0.0049825651589119,0.0014123992810705
2010-09-28,0.003500478874567614,-0.00040457823529493897,0.0030269918527585,0.0048173525009447,0.0032523575114067,0.0031599966174185,0.0089172762114484,0.0034445217876748,0.0047182489625633,0.0064223365545791,0.0048193875338449,0.008917275579004,0.004125386585887,0.0067472465281731,0.0036011968976657,0.0066615497170241
2010-09-29,-0.0017440938384055693,-0.0016206749921859886,-0.0011467733369798,-0.0016289364477218,-0.001476672170713,-0.0012613145104387,0.0007821546661459,-0.0014378423188281,-0.0069290225302595,-0.0036298652735777,-0.001381049274833,0.0007821543666917,-0.004129041724633,-0.001516038730179,-0.0011850372836057,-0.0030223107152108
2010-09-30,-0.0029701881651982287,-0.004463578122405831,-0.0006960096077341,-0.0003308070458909,-0.0007279360181943,-0.0006996624954205,-0.0003125696506469,-0.0006714836839457,0.0020166296839557,0.0013008229232446,0.0035899232731225,-0.0003125693908188,0.0013980631680104,0.0024590176997674,0.002742123288018,0.0011580796402733
2010-10-01,0.004205403236293259,-0.0012220793175935496,0.000822790119118,0.0022058648501217,0.0009928596744619,0.001010327068323,0.0077639465000118,0.0011729086588283,0.0024941711392452,0.0061907833676496,0.0055862582734187,0.0078179647703427,0.0024471065683888,0.0062676296571216,0.0056848621053464,0.0038688716560827
2010-10-04,-0.007503644502928619,-0.0108147626156897,0.0009857006934181,0.0017597988352999,0.0008741959828986,0.0010193668465079,-0.003249276332198,0.0006617337837639,0.0074954763197258,0.0032503811803993,0.0013648130304023,-0.0034907508488948,0.002832507652624,-0.0012104798798209,-0.0017649572090345,0.0021697330526994
2010-10-05,0.02013172609901348,0.02434042628645039,0.0043479776602564,0.0061514041868577,0.0044869085151779,0.0041594008496002,0.019621607825035,0.0048750790100364,0.0103319838379541,0.0174165988818739,0.0146625804227136,0.019694766781972,0.0088973530073664,0.0192775569492485,0.0178645046514057,0.0106892389082756
2010-10-06,-8.608755781547295e-05,-0.008659026907845924,0.0042008340886696,0.005656302633783,0.0043245128455733,0.0043289082821824,0.0060355234627809,0.0042550075411011,-0.0008353959777198,0.0001790026188779,-2.2919799672379295e-05,0.006259932042381,0.0046714987254181,-0.0017058381313764,-0.0044388709164831,0.0039821851357977
2010-10-07,-0.0012065242305967505,0.003656289916845079,0.0003770906003928,-0.0020526954001753,0.000264952473205,0.0002391293870458,-0.010663557626526,-7.68122965622009e-06,-2.3693785273643977e-05,-0.00365550050253,-0.0027673477919695,-0.0109247797256837,-0.0048350834467739,-0.0032625023827122,-0.0005267386313962,-0.0058248752216698
2010-10-08,0.005608833855510698,0.006881355380028875,0.0029356657287138,0.0028906052479444,0.0023378463315331,0.0025504085236842,0.0097582333376604,0.002333263569874,0.0009730209463346,0.0060008187433752,0.0058399584274986,0.0098949393602572,0.002531298579504,0.0075033953582854,0.0068532056088047,0.0036964608264617
2010-10-11,0.0009436930600459359,0.0004017351774923128,0.0009542867039413,0.0019139314831619,0.0012686307997225,0.0012274535940264,0.0046897824941549,0.0014927172721144,-9.035990126824392e-05,0.0021142833084826,0.0020906005344483,0.0047849426970268,0.001536936417145,0.0013484434524511,8.178386866836184e-05,0.0013718796759281
2010-10-12,0.003086272803922263,0.006831835467666414,-0.0015270530993956,-0.0021417884139649,-0.0017161190263389,-0.0017410263486126,-0.0023119434056597,-0.0017405876477691,0.0027686990024605,0.002473760665071,0.0014504944450692,-0.0024944086174514,-0.0018779109059675,0.002111580943659,0.0028512835103148,-0.0019990072940451
2010-10-13,0.0077770005586026425,0.008181743951400033,0.0019643235124844,0.0046706312695483,0.0024125619454036,0.002231772786714,0.0158814551588861,0.0028874392301905,0.0073335452258318,0.0128324825868256,0.011170560540294,0.0159896368966671,0.007440727007248,0.013056692506933,0.0114398264333968,0.0092893983021585
2010-10-14,-0.003900576023224467,-0.0019797291086655067,-0.0046975190605604,-0.0029168227690186,-0.004441221037526,-0.0044677101577261,0.0049258502780666,-0.0040926765101836,-0.0057116210965149,0.0008290940692627,-0.0002644046674364,0.0050718526271,-0.004302019366191,1.029274606893389e-05,-0.0023528346261902,-0.0039007009028141
2010-10-15,0.0020430111756679636,0.021221987385333874,-0.002021779477997,-0.005147840126623,-0.0019300057091665,-0.0019928570880446,-0.0078143200225151,-0.0017105635367462,-0.0040646695641659,-0.0044786022566882,-0.0028392967514141,-0.0079406568032377,-0.0068659250747233,0.0016137906422929,0.0058528537143399,-0.0065600479139278
2010-10-18,0.004927838771642268,-0.0036899287891537513,0.0037975069507811,0.005165469761504,0.0036066456086603,0.0034951500808759,0.0046485762011829,0.0033020894211861,0.0116518907680689,0.0089462190588292,0.0062564897994869,0.0044883891326083,0.0081069216881422,0.0044831442759471,0.0027489362105092,0.007673314237063
2010-10-19,-0.013104226438432787,-0.009356899612768643,-0.0008913257478232,-0.0067382818613898,-0.0012314357422262,-0.0011559644742652,-0.0306939523688651,-0.002120688724195,-0.0076706587121441,-0.020787329780307,-0.0171614802251773,-0.0310543553533669,-0.0108665865133395,-0.020833345514815,-0.0160206244228305,-0.0143780198985833
2010-10-20,0.009765861261579856,0.0072804726552762045,0.0018258697440338,0.0033577083421649,0.0015222654993787,0.001626803345627,0.0095466920078275,0.0016696833878739,0.0168601344467267,0.0158496954325709,0.0130077145446915,0.0092998823857798,0.0099401322334005,0.0138379450890388,0.013829918306732,0.0115919188207096
2010-10-21,0.0022054854502329135,0.0019539002684392237,-0.0051099365769681,-0.0071748386336479,-0.0051655394910856,-0.0052261806738879,-0.013829238196372,-0.0052959207778019,-0.0038235998945056,-0.0072055682070505,-0.0058261237911605,-0.0140877047257662,-0.0086646211785894,-0.004125056162556,0.0001068759846574,-0.0081113053574634
2010-10-22,0.0018626870099112125,0.006823753962660772,0.0016910039485806,0.000897534569227,0.0015492979412465,0.0015934014051408,0.0019785954635533,0.0015919134798538,0.0021198529232096,0.0012858147918623,0.0019704241567189,0.0020081495242457,0.0028206914018235,0.0024471535424431,0.0029917244984971,0.0028987503076963
2010-10-25,0.0029574550769553287,0.004841203893689583,0.001139505026201,0.0024677182575165,0.0013587907262762,0.0013329590338835,0.0084960167061116,0.0017024013414066,0.0020691277544183,0.0049677588196833,0.005069954265341,0.0086333649252329,0.0039577280571607,0.0061651779250679,0.005638721008536,0.0050748504055835
2010-10-26,0.0001682388552659564,0.0026978761229679016,-0.0043683977778147,-0.004677534493079,-0.0044000708366908,-0.0042453963436606,8.121087112211711e-05,-0.0040733992884475,-0.0092845279472695,-0.0038497003051082,-0.0023571038031069,0.0002292190453244,-0.0073861232150404,-0.0016568276398164,-0.0014494767119352,-0.0068043228586762
2010-10-27,-0.002863471408175222,0.003075315008812085,-0.0046283702332424,-0.0067243334927749,-0.0048121381900139,-0.0048045252360885,-0.0103250915663373,-0.0048854108620302,-0.0074972507362105,-0.0086156154902471,-0.0073432699696742,-0.0103911847230067,-0.0084511282256415,-0.007666628900662,-0.0064024328446264,-0.0095713086989095
2010-10-28,0.00016877166778028752,0.0021076556327750406,0.0050912628837616,0.0068574397414176,0.0053302851813845,0.0054219394924941,0.0128924761931301,0.0056590922447821,-0.0039283483020288,0.0028979195128426,0.0027853696723794,0.0132797332335613,0.0035246166555611,0.0037418467990219,0.0007325831334647,0.0035765404564638
2010-10-29,0.0007596565475125328,-0.002294336937350261,0.0034653293793058,0.0055317298373718,0.0038377978433568,0.0037407377282954,0.0103133945643902,0.0040084560572148,0.0025133927735858,0.0050554688949581,0.004063961682535,0.0105149585251547,0.0064612663103523,0.0032263454574945,0.0002588089355109,0.0062960506153784
2010-11-01,0.00033793211128729794,0.0007664569186365267,-0.0013591377816885,-0.0019679061437473,-0.001743680250175,-0.0015944683726633,-0.0043195102185653,-0.0018548013843049,0.0030231808991673,0.001903926963219,0.0002876932853228,-0.0052782144387337,0.0023370619147611,0.0005483932916113,0.0043952877261689,6.848329131054279e-05
2010-11-02,0.007930574629661402,0.010723873353795321,0.0045778621805527,0.0039006117790285,0.004466481199461,0.0042772794474785,0.0045016177112282,0.0043187905994528,0.0059296301575858,0.0057563032474685,0.0056434896159617,0.0043208568560567,0.0078293104000285,0.0086623594248506,0.0081721360171111,0.0056890574122967
2010-11-03,0.004017665009611537,0.0045470226394670465,0.0030477809532767,0.0003687941887324,0.0026064062276214,0.0026541130483035,-0.0064573815424207,0.0021377268672468,-0.0028977483865396,-0.0035135936134598,-0.0036593613623734,-0.0069439050746969,-0.000104785526967,-0.0003261312768612,0.0002143356082446,-0.003150702271028
2010-11-04,0.01925809953500357,0.012259849000484158,0.0105257678469494,0.0152692229696498,0.0110248674159558,0.0110568299140634,0.0331370794803691,0.0118393907328677,0.0272626176244923,0.0280293889173315,0.0283989120293754,0.033898235176511,0.0230525659902804,0.0233085480131837,0.0251478736701389,0.0203030085523081
2010-11-05,0.0037624142398653415,0.0,-0.0029016621590817,-0.0015979369783224,-0.0028767714376888,-0.0028751942702205,0.0031448868253771,-0.0027037439197947,0.0073162342266958,0.0065743433283931,0.0054192689812368,0.002573006253286,0.0038152357105811,0.0045593552014007,0.0034447273074854,0.0010227982370799
2010-11-08,-0.001874118118538548,0.0013042779484457867,0.0005423613974029,0.0022579541281988,0.0007846550293266,0.0007590670623709,0.0091622951128054,0.001132643362032,0.0008645265448664,0.0021084270939819,0.0038036495032524,0.0102653876223441,0.0014350568236484,0.001766193928145,0.0003492569639752,0.0019960371956745
2010-11-09,-0.007184330572756248,-0.005396466021247548,-0.0079588271457405,-0.0115992401272199,-0.0082234681897731,-0.0080643024100606,-0.0176041005727833,-0.0083575143135157,-0.0306528768014447,-0.0286854387628801,-0.0243842818337624,-0.0158949232178224,-0.0198128434857412,-0.0198791335537546,-0.0212598728798421,-0.0216699250792845
2010-11-10,0.004029034030333278,0.00505118950226735,0.0034756218943829,0.0053642610171709,0.0033897625593579,0.0031978763874815,0.0121873398795293,0.0033371449487242,0.0122501351003927,0.0121845547400582,0.0116896311577345,0.012169105632608,0.0096316399798046,0.0100112189999618,0.0100894352848055,0.0086429414541174
2010-11-11,-0.0037673456496680746,-0.006328632354936858,-0.0019918817729838,-0.0007234180096571,-0.0016518260224289,-0.0017061594654699,0.0023144678549396,-0.0014960650483197,-0.0035381925892425,-0.0026626992834242,-0.0016486049515454,0.0030603173231615,-0.0043437410900643,-0.0037595262071473,-0.0050350652428884,-0.0018520074969513
2010-11-12,-0.011838282138975531,-0.01629850020485135,-0.0107158577603899,-0.0130976430718039,-0.0103290207041936,-0.0105561956625012,-0.0275282106307173,-0.0107889470236111,-0.0169952981511843,-0.0184808545824337,-0.0205928775408177,-0.0288391740412356,-0.0187457308964694,-0.0179932464245824,-0.0203218180473946,-0.0144667545843095
2010-11-15,-0.0014140687423613851,-0.003808762593524695,-0.0103241125856289,-0.0112363538758852,-0.0105126546628884,-0.010375452991864,-0.009503662122851,-0.0103921621897337,-0.009618715591154,-0.0096600060934898,-0.0091993989774391,-0.0094996201688512,-0.0069032703245067,-0.0068462316807243,-0.0062277969662908,-0.0116607875545688
2010-11-16,-0.015579631425770457,-0.01644089244851077,0.0013986806528278,-0.0001641630024266,0.0016850151969616,0.0014127224263187,-0.0125474105189662,0.0010949364640104,-0.0246468901840549,-0.0226114324626369,-0.0198191882468203,-0.0109499848587403,-0.0211479176635672,-0.0204614196596824,-0.0231193677997749,-0.0088696700031734
2010-11-17,0.0005080400306762822,0.002915794307628561,-0.0018577859754863,-0.0022184858870871,-0.0016641693463778,-0.0017338665057778,-0.0036903070200644,-0.0015888669603653,0.0027666860162161,0.001776900138161,0.0005162072414894,-0.0045048192737266,0.002339071886345,0.0020988729068482,0.0027743726857996,-0.0004579433222705
2010-11-18,0.014718097318119794,0.016085587053328965,0.0023788401905586,0.0027942310733561,0.0022194018407146,0.002422711623637,0.0128349573536088,0.002735107300827,0.010570630145657,0.0108696321409952,0.0116186829169527,0.013115441975217,0.013828343140741,0.013397865563102,0.0153687768071404,0.0063220000941081
2010-11-19,0.0027509061774597665,0.0007625610187456111,0.0011153530456025,0.0018620512233402,0.0015629930193665,0.0012683590531834,0.0011329735013048,0.0015604349555611,0.0035345619406291,0.0031955084625819,0.0025116648857547,0.0008327704638607,0.002131091148928,0.0023988937026684,0.0021076933481508,0.0030709850467073
2010-11-22,-0.0008309974573799117,0.008385955700598746,0.0046427311811867,0.0056293225510042,0.004703986636221,0.0044234423191957,0.0092058306190905,0.0046888906160091,0.0054337562481989,0.0059816381152669,0.0069009988599963,0.0096822891975597,0.0059091886840476,0.006693277107639,0.00363001129897,0.0057241875363498
2010-11-23,-0.01447708646808743,-0.01587615225031236,-0.0010125677638022,0.0018737314444954,-0.0008662736039642,-0.0008849242844979,0.0059706787707716,-0.0008413903031303,-0.0019090129658127,-0.0007171718303432,5.711872883989797e-05,0.0069673929251565,-0.0082058898108124,-0.005983638770135,-0.0113707706719059,0.0008359531887773
2010-11-24,0.014773775177916892,0.020165257367029232,-0.0048405081454079,-0.0061085022147937,-0.005227753055401,-0.0052588109440231,-0.0003211121298695,-0.0050491396526106,0.0107018544865296,0.0089394247045205,0.0072834003785978,-0.0017112623237962,0.0136369117688439,0.0135674052471358,0.0142361787727521,0.0002685619312004
2010-11-26,-0.011647058344154915,-0.0065887536643189915,0.0021190691552028,0.0004733728516965,0.0015599184118855,0.0017058179564513,-0.0075736173177459,0.0010072372660574,-0.0042706095549855,-0.0046617829288956,-0.005590125809174,-0.0079743030771298,-0.0074623577684935,-0.0056726069358483,-0.0111073085625075,-0.0003139302994781
2010-11-29,0.003030262486881208,-0.0007583665469719225,0.0019445281152514,0.0021993932665187,0.0019862907223686,0.0020348334828872,0.002763124334763,0.0020182186647872,0.0009192607506966,0.0012296964856098,0.0014498454486722,0.0030049874105531,0.0012880668092132,0.0006569986197071,0.0030021897890971,0.0022370379111588
2010-11-30,-0.005622970469517319,-0.012137080111505383,0.0004391987139518,0.0043612407728941,0.0012524523375889,0.0013726565022158,0.0130359702118694,0.0018851337365846,0.0030346939222562,0.0045151289047432,0.0056713164855898,0.0143060694546739,-0.001507687081792,-0.0014791762715611,-0.0007193081445534,0.0039969371777515
2010-12-01,0.021268041698623286,0.021117341339636386,-0.0058211733757829,-0.0064423773090387,-0.0063086781454775,-0.0062007261308857,0.0001901668834149,-0.0059490056887547,0.00327315514833,0.0009564504027086,0.0047178124340308,-0.0002952834494867,0.0104126036221446,0.0104816920342546,0.0102240722997465,0.0085607667052481
2010-12-02,0.012808592844046451,0.0101519191154813,-0.0005049775695257,-0.0009771718368377,-0.0007710356364767,-0.0008616087372761,1.3676269839946189e-05,-0.0008754010233206,0.0084890920043399,0.0089756202468839,0.006944754908908,-0.0013295655646314,0.0082690236332366,0.0082653076519352,0.0082790636573499,0.0097169895307889
2010-12-03,0.0026929253085894445,0.002605879388417165,0.0016722216092983,0.0060050663980339,0.0021352819263027,0.002191163069128,0.019483590521095,0.0028157482545101,0.0086716944137567,0.0044836786871377,0.0088502544584564,0.0212277595894767,0.0084844329996721,0.0087302045662599,0.007813879840601,0.007380328400709
2010-12-06,-0.001058109627105619,-0.0003710103771047413,0.0047702430840541,0.0059801397215559,0.0050279308492855,0.0048443304048868,0.0070913265534631,0.0050140782627272,0.0042951517168859,0.0048511617856464,0.0043642624309668,0.0075323311799996,0.0043365885737949,0.0046896943594015,0.003373197468332,0.0030461344465416
2010-12-07,0.0005703027203876054,0.0005569959964837334,-0.0125623511361337,-0.0143495746687304,-0.0126191354910573,-0.0125708136929343,-0.0170965510201213,-0.0125783034738033,-0.0064747419565045,-0.0059873717447201,-0.0076389454404877,-0.0187620242892837,-0.0034622846537405,-0.0031821418471449,-0.0042264667770872,-0.0081310368019949
2010-12-08,0.0036636262090112837,0.003711839093835989,-0.0063251236398547,-0.0095496841129639,-0.0069867597800237,-0.0068661271032167,-0.0127079818979665,-0.0072073536042061,-0.0138331970027105,-0.0135850428106687,-0.0106281159724096,-0.0125275128860924,-0.0077750164341681,-0.0080091087661365,-0.0071361845529077,-0.0109772274428687
2010-12-09,0.0038937231853959364,0.000924664432210287,0.0015114704951826,0.0018711833372402,0.0017381030909311,0.0015468585654667,0.0032371783420579,0.0017516475326795,-0.003424525913561,-0.0038510336174938,-0.0013001436842478,0.0043029430211621,-0.0003922901181464,-0.0002596216170752,-0.0007542100119469,-0.0021437423129331
2010-12-10,0.005817632686744734,0.0066506239591856975,-0.0055179749193186,-0.0043346395222744,-0.0051860292962295,-0.0054482260710749,0.0007936404438184,-0.0049602452712624,0.0039509764373541,0.0034466355630827,0.0034937115222266,0.000295574573485,0.0061488831948769,0.006462751132451,0.005292634247577,0.0024488075105359
2010-12-13,0.0006426730924573576,-0.003487085133380363,0.0020713305644501,0.003032761858785,0.0017586435644114,0.0019041537558879,0.0044805879136573,0.0017618113509305,0.0029328090682986,0.0027042730720969,0.0021718921305273,0.0047263643173387,0.0001152434089599,2.6295654557281892e-05,0.0003577386813003,0.0041440188057982
2010-12-14,0.0008831543209795178,0.0018416812224566481,-0.0071788919375528,-0.0059086860790107,-0.0067322829353096,-0.0066901511792458,9.30330870954066e-05,-0.0061691701314534,-0.005355356906956,-0.0075636446353176,-0.0036274852959932,0.0009554029318218,-0.0024996203275487,-0.002626153877427,-0.0021543631494291,-0.0033633528340632
2010-12-15,-0.004572057738045254,-0.004411770173691543,-0.0042762638490881,-0.0064659159339682,-0.0046274622496775,-0.0045386986572899,-0.0107617112432968,-0.004905913441522,-0.0100828474480323,-0.0102823951288663,-0.0093799438037622,-0.0108679272326673,-0.00756184143215,-0.0074916667307699,-0.0077531187013525,-0.0112831094708994
2010-12-16,0.005801694086928988,0.007754790793528699,0.005149607068617,0.0018784867775805,0.0049418942234007,0.0047296910321406,-0.005947473737787,0.004407599312407,-0.00173697468218,0.0001498099203024,-0.0005566594922049,-0.0066072125516115,0.0019880772053983,0.0020662811230293,0.0017747891867298,-7.375518195664881e-06
2010-12-17,0.0010711409183308263,0.0008812970469020964,0.0069369320443775,0.0065020708957301,0.0066327772393899,0.0066852554855532,0.0033446309898739,0.0063882441724911,0.0060648013770399,0.0080481086314159,0.0052277501060654,0.0029146032333291,0.0042559497632733,0.0043742023642134,0.0039332813318001,0.0047333558188969
2010-12-20,0.0024134047836636974,0.0007338061071828772,0.0007583017657104,0.002615825061202,0.0007477041204706,0.0008691592455272,0.0071971033582394,0.0009670224628421,0.009814393347107,0.0090983828681352,0.0074917174297901,0.0067809570669903,0.0067119841878588,0.0068857929957461,0.0062378691778476,0.0042887002871024
2010-12-21,0.0063401778076954685,0.006048131611783747,0.0027194739235472,0.0024290762587912,0.0025764558115022,0.0024910743964152,0.0022790702792798,0.0024383498060482,0.0068122677088771,0.0077822329622289,0.0059448530503537,0.0015543867243955,0.0072879794031985,0.0075593273392873,0.0065475395813365,0.0081109881047431
2010-12-22,0.0031103809127919213,-0.00018196594164543445,-0.0016375475665002,-0.0014805234859388,-0.001815076171125,-0.001638756987097,-0.0012075106740675,-0.0017315858118148,0.003673513913265,0.0034421535157239,0.0018305316906219,-0.0019952591092897,0.0016029020110678,0.001596983980941,0.0016190134917707,0.0024065339642437
2010-12-23,-0.0014312384323513783,-0.002551128708355388,-0.0026689482901078,-0.0028643195765332,-0.0028226590033741,-0.0026710794385155,-0.0030229377989453,-0.0027367178712474,-0.0038515705972386,-0.0038155139505146,-0.0034340797403876,-0.0028878172943912,-0.0029301965332125,-0.0028614064905988,-0.0031179132941483,-0.0029197537950597
2010-12-27,0.00039837596107372697,0.0005481619212694966,0.0029641449915851,0.0036790287768007,0.0030810958944451,0.0029972325043436,0.0034739973678268,0.0030098116951451,0.008392231664861,0.0094888475580318,0.006318102849733,0.002673440408569,0.0053649124933362,0.0054990719344773,0.0049989448869783,0.0040086772333968
2010-12-28,0.0014326458896187777,-0.0018259493977054175,-0.0068476277876096,-0.0011243823569718,-0.0063351444499512,-0.0061039711398501,0.0152755357539162,-0.005293693595359,0.009084047452064,0.0044509823948964,0.0072539791969514,0.0162937647270789,0.0051209953511931,0.0050694702951522,0.0052615712842518,0.0052010640052909
2010-12-29,0.0007151520624126828,0.002194993654411448,0.0088491967515877,0.0077402236226467,0.0087810338258169,0.0087418221897344,0.0034416490089956,0.0084868505900701,0.0026452188013347,0.0041356576166171,0.0032399781397675,0.0035709527630984,0.0025382258617357,0.0025362537079367,0.0025434127253881,0.006621073704316
2010-12-30,-0.0015884317663867886,-0.00237263776282004,-0.0022730569645377,-0.0022514287229633,-0.0019587243449031,-0.0020908714798615,-0.0043123738231056,-0.0019645869346375,-0.0004524720699544,0.0003237305391742,-0.0014159607710213,-0.0049379293795161,-0.0015010003702126,-0.0014757314733291,-0.0015700379534741,0.0005989785578333
2010-12-31,0.0002386657705975015,-0.0036590943976031465,0.0046074609246615,0.0063786935192542,0.0042937854801721,0.0047603558928668,0.0111539585840336,0.004608817291827,0.0039380271476704,0.003247882758741,0.0041622421918299,0.0123330087681241,0.0009166387728468,0.0007587182188362,0.0013472827688316,0.0056849540045284
2011-01-03,0.010338180489298576,0.015607993020968047,-0.0007187490915733,-0.0016000688884297,-0.000853304438358,-0.0011013841706871,-0.0006464255233603,-0.0011171450264197,-0.0049343726114285,0.007595981399663,0.0044229491017168,-0.0051902162714285,0.0090510739702867,0.0097793489357765,0.0104440990934487,0.0067613489444794
2011-01-04,-0.0005510569933010467,-0.0007234010035915839,0.0007675566287703,-0.005516294897679,0.0002020177262833,0.0003021185640936,-0.0226938651631943,-0.0005514654530422,-0.0235033697042252,-0.0209260057464548,-0.0204602070236692,-0.0235506942963616,-0.0185249319623382,-0.0172457761405023,-0.0145093678809794,-0.0112192194284949
2011-01-05,0.005197458991090809,0.008503566093814419,-0.0065989565328175,-0.0061456254643457,-0.0066837932431159,-0.0066451271511676,-0.0015628071529315,-0.0065382426052781,-0.002750843457145,0.0004471850587154,7.982968456567549e-06,-0.0028200461956452,0.0047672794358708,0.003263819410229,0.0039628025627712,-0.0010789671608932
2011-01-06,-0.0019584600208183423,0.0032295893611644644,0.0035438830774403,0.0012830016851803,0.0036903006120494,0.0035882319635163,-0.005068753313269,0.0034562468725312,-0.0040762252280779,-0.0068113057348857,-0.0057503583322398,-0.0040187258064281,-0.0071734625198934,-0.0050409874478823,-0.0035128051942913,-0.0065924853794395
2011-01-07,-0.0019625195992176714,-0.0008942745073029501,0.0042540220321933,0.0027626267046443,0.0040376603676999,0.0039760306465181,-0.0014317853181777,0.0037501278086238,-0.0018440404711862,-0.0005925628838532,-0.0010776479733647,-0.0018680319588465,-0.0024315581717573,-0.0019760717460914,-0.0012896045962787,-0.0026490499180391
2011-01-10,-0.001258378222045664,0.0037588480955212944,0.0034013881467171,0.0027861888125761,0.0030782252317029,0.0031080917605228,0.0032150408680142,0.0029785652965488,0.0039970297326634,0.0017821987133622,0.0022438576355094,0.0040424524994668,0.0043475181603167,0.0033262864657765,0.0028589966390994,-0.001498977366787
2011-01-11,0.003543883282936866,0.0014264869881994713,-0.0017750237383101,-0.0001992030084414,-0.0017369981933569,-0.0016217193841263,0.0043146045012079,-0.0014006185029596,0.0058034827023313,0.0014260607842601,0.0026676180613161,0.0058902767712308,0.0038045591255542,0.0021617578129124,0.0019459740846579,0.0040302434345881
2011-01-12,0.009024568375466613,0.007122200223620423,-0.0008558973704054,2.7742446447875935e-05,-0.0007624459206424,-0.0007969387213326,0.004098794523186,-0.0005896193944414,0.0040780343164705,0.0040155531779494,0.0040899370152614,0.0040768162138311,0.0056015735909514,0.005107929266301,0.0054743178677563,0.0079236936313542
2011-01-13,-0.0016332136925423235,0.0003537069108843216,0.0046026526269891,0.0011276681091465,0.0040611553752318,0.0040355714256778,-0.0077564590088249,0.003409603214213,-0.0102618967769648,-0.0028467578788073,-0.004644162566556,-0.0104089404147918,-0.0024492163790704,-0.0018414895704559,-0.0020743753856321,-0.0040788088832377
2011-01-14,0.007244471850832879,0.007423211901221638,-0.0013066578574887,-0.0037117282266998,-0.0017431283754274,-0.0017264052954186,-0.0068434217951682,-0.0021338029517854,-0.0099643564960925,-0.0010416448825736,-0.0030119460171728,-0.0101453963630119,0.0015453749902823,0.00134949803462,0.0019410543119359,-0.0004923423983826
2011-01-18,0.0017015432192903912,0.0028070739798939925,-0.0014238392525769,0.0006151495335608,-0.0011042615904932,-0.0011537626404217,0.0061823148261745,-0.0008010057696218,0.0056095977108738,0.0071110752826976,0.0064804209433758,0.0055768442501457,0.0042892927419676,0.0044340689230637,0.0051763571949734,0.0037388306349813
2011-01-19,-0.00980545658438281,-0.01137160498632217,0.0004533708094545,0.0007073275706985,0.0002839823788269,0.0005802552996145,-0.0008860623614833,0.0005086470699091,0.0020083299662335,-0.006040938113833,-0.0040845247463909,0.0021734212031801,-0.0099372447176499,-0.0113248145128852,-0.0092814530948595,-0.0054832919176479
2011-01-20,-0.0013256162692837359,-0.007078460816923204,-0.0075883417956547,-0.0092946935989233,-0.007843347734268,-0.0077859039163602,-0.0151005356874648,-0.00814361753749,-0.0186407116026513,-0.008549388129285,-0.0107703745146107,-0.018845296052535,-0.0097130124040706,-0.0097355839585807,-0.0087672564392664,-0.0091682836012415
2011-01-21,0.002264448382885753,-0.007663625540661578,0.0024654828517369,0.0019881790929636,0.0019989642592916,0.0022834589733307,-0.0008924305196745,0.0019003241379194,-0.0012740140588978,-0.0001143883803534,-0.0004173400438904,-0.0012957081849211,-0.0003647905776229,-0.0022593387194424,-0.0031404189288896,-0.0026561113506856
2011-01-24,0.005686570965983906,0.013829274593005536,0.0010133327109687,-0.0007574408823918,0.0011741868313388,0.0009419697884403,-0.0030786862786353,0.0009521783813062,-0.0050039939181172,0.0004156715920147,-0.0007044382583148,-0.0051132721156125,0.0005745284428637,0.0029892536363306,0.004867981869198,0.0021832574382434
2011-01-25,0.0005421643508496388,0.0014170626833256428,0.0034386822565137,0.0032155869355587,0.0037217586542019,0.0035346634181432,0.0007618427623123,0.0035334749036357,-0.0018475337506764,0.0054765964673153,0.0033992495245068,-0.0019943772623701,0.0014231134953403,0.003860772542024,0.0034794750002507,0.0017530540512745
2011-01-26,0.003871022563991522,0.005307079222759414,-0.0026375681583764,-0.0010504986545715,-0.0028250587209475,-0.0027035939113452,0.0068107012496323,-0.0025494369895824,0.0080770770929571,0.0043799125001236,0.0053748799809576,0.0081475302514054,0.0102324847559117,0.0073294955225421,0.0061072979928422,0.0049280737864357
2011-01-27,0.0024677933822445652,0.006158573613314289,0.0023917820662395,-0.0031535907127432,0.0016914082574681,0.0015765006047043,-0.0164290717172764,0.0006349991826488,-0.0241919956004777,-0.0025821382324781,-0.007774849897234,-0.0246262546503397,-0.0031951498690665,-0.001245465460902,-0.0005222661760655,-0.0033178838305064
2011-01-28,-0.01746299590347733,-0.02535830030502151,0.0013801685970653,0.0052984272872298,0.0012665492216183,0.0017046852632085,0.0110475223177539,0.0019096249310499,0.0179936611763562,-0.0005722945166971,0.0034647844184535,0.0183692492919265,-0.0037582013261854,-0.0079794869094138,-0.0095092683595699,-0.0081184710727122
2011-01-31,0.007516486196191163,0.004844836493371307,-0.0014049143188278,-0.0015614095645656,-0.0018580431567928,-0.0016729675723978,0.0002050378500975,-0.0019160631091138,-0.0029702418142115,0.0056587039607535,0.0035670847208952,-0.0031470240790753,0.0071182125744487,0.0050723373240949,0.005194797737283,0.0058888475517018
2011-02-01,0.01600854520609496,0.01874985543528762,-0.000988971141246,0.0009947670943026,-0.0006438313301377,-0.0009962190662068,0.0059935624802007,-0.0003813420671262,0.009947408687487,0.0102219752594969,0.0049744884561726,0.0057719412229512,0.0093390247414629,0.0115498659416594,0.0108172128850416,0.0104211784558203
2011-02-02,-0.0019118820045855855,-0.0015775305395907546,-0.0014588266882936,-0.0018702024683434,-0.0017742307508511,-0.0016384556533399,-0.0020151947213102,-0.001922625568166,0.006628439792432,-0.0013024736914885,-0.0013352660303714,-0.0018869998480945,0.0021506727132207,-0.0017019759191819,-0.0016522508677125,-0.0018261677177215
2011-02-03,0.002222203279609536,0.0017558929323207018,-0.0039220006944078,-0.0003558062475331,-0.0031502992553039,-0.0032719399472531,0.0107868587045907,-0.0022488951058891,-0.0037959117516177,0.0050052899709497,0.0073790183960698,0.0102832208701719,0.0008656353988097,0.0052860378647574,0.0057412912217131,0.0052894636583863
2011-02-04,0.0028292341069970917,0.0056076524216590595,-0.0039901473450951,-0.0032662983267164,-0.0036486019355492,-0.0038452305387493,-0.0048759335970186,-0.0035574700092216,-0.0029442560774524,-0.0012758992171435,-0.0048298593351323,-0.0050350766412866,-0.0025460324891911,-0.0012914819688518,-0.0015600535996968,-0.001652172724879
2011-02-07,0.006252034893807101,0.00470574111409805,0.0002068433119306,0.000745812159377,0.0003731650058722,0.0002385908044304,0.0025180961206903,0.0004147804009795,-0.0009555315927046,0.0053499371519131,0.004453676039034,0.0030009777826327,0.0034218563649421,0.0058390506027095,0.0053912052158933,0.0045439605417602
2011-02-08,0.004546768226690645,0.006591102522238934,-0.0036784914815998,-0.0007021085491958,-0.0032664505195039,-0.0033609137724825,0.0094232475180584,-0.0026350582907557,0.0068244685696141,0.0069244418380475,0.0071128443590983,0.009098099689888,0.006460371490377,0.0071270436340274,0.0073120603330151,0.0066633182455272
2011-02-09,-0.0022629209917852666,-0.0017232271642868557,0.0036828126744812,0.002192926560488,0.003279927372195,0.0033434604140316,-0.0002270348687342,0.0029780982626279,0.0031312250336476,-0.0005886571836924,-8.088239101295016e-05,-0.0001668776197821,0.0010829887003511,-0.0010899261726421,-0.0009104026005653,-0.0023676587082788
2011-02-10,0.0003780784026188311,0.0015539300855602622,-0.002465395969495,-0.0017492697261669,-0.0022261586072678,-0.0023245126759671,-0.0002291170631765,-0.0021368835555585,-0.0040027703092086,0.0016579335357714,0.00097907936363,5.6162359158712355e-05,-0.0002867588586901,0.0018673762647283,0.0016094413605826,0.0005101541033474
2011-02-11,0.0059702695361048,0.007238755491022264,0.0040528112125575,0.0029975852058203,0.0040249250963917,0.0038387851928871,-0.0013929438182063,0.0036894685351624,-0.001058076456312,0.0042117969613184,0.0013797304405016,-0.0008864007154579,0.0025672046429396,0.0047013429967856,0.0040194164272566,0.0039337358162031
2011-02-14,0.002403948749461815,0.002395649460280813,0.0009132732184853,0.0014633772706724,0.000933531079559,0.0009426431414507,0.0036196855219763,0.0010694518348561,0.0043135047625373,0.0022100118003738,0.0024333680915287,0.0034077556799642,0.0027654942586689,0.0027263379163621,0.0027099468381648,0.0018269523035358
2011-02-15,-0.00314762894396603,-0.0013658247179886285,0.0010228657374031,0.0022900516423709,0.001569914488549,0.0014699953366235,0.0048395987625013,0.0020227183801568,-0.009350998311181,4.419090542815797e-05,0.0019549209659105,0.0043021034859749,-0.0044923131447692,-0.0004207190620855,0.0001945170546382,0.0008723171227581
2011-02-16,0.0063154811567420754,0.006495983404513295,-2.3294614573177164e-05,0.0002022221268929,-0.0001023859695964,-0.0001807920705299,0.0012796918001103,-0.0001615153292473,0.0069093644202445,0.0036460864251067,0.0015890726100158,0.0013415584906665,0.0049167109653087,0.0040389376482475,0.0037133827902499,0.0035602619302684
2011-02-17,0.0029881678607364126,-0.0003396271130002848,0.0032707419710393,0.0036703389919401,0.0032977808749292,0.0033918724734052,0.0055384319069067,0.0034753643245784,0.0025161875032638,0.0019561503562342,0.0039288030686534,0.0052458282522365,0.0019200190327504,0.0030107453564732,0.0030105705400905,0.0026303919024933
2011-02-18,0.0020857390774651208,-0.002208576315310795,-3.4099512260410414e-05,0.0006458790958341,9.32747164406056e-05,0.0001556379018621,0.0030317948692393,0.0003023202655023,-0.0011468757639809,0.0011484273955842,0.0030041885273826,0.0030914056634477,0.0004637583838791,0.0013707257802016,0.0014471009899109,0.0018776938200766
2011-02-22,-0.02006990927401442,-0.028946186329048884,0.0036421879803405,0.0022581536190018,0.0031632963735268,0.0038517733180771,0.0027786289343767,0.0033250063142287,-0.007332954611861,-0.0131306376412142,-0.0016494185479856,0.0020226515397819,-0.0108803075687985,-0.0133866609946937,-0.0119068813407573,-0.0119917919457072
2011-02-23,-0.006144197435478116,-0.008241579558652679,-0.0012878899231458,-0.0005286365404272,-0.0016691808066986,-0.0012304651213957,0.0047445862598649,-0.0013540539603532,0.0147938748819834,-0.0040406414741378,0.0003360287946229,0.0038311432777046,0.0028019086136751,-0.0052401484547478,-0.0040359185073841,-0.0022206810070138
2011-02-24,-0.0006871040057118138,0.005304413982673006,0.0018406722598529,0.0003914308295318,0.0018769121018906,0.0016646285313732,-0.0075217346880851,0.0014912552106716,-0.0055855043107897,-0.0023515998882937,-0.0064652813766568,-0.0075290538043134,-0.0041056709114242,-0.0016649123886314,-0.0023032488929509,-0.0027357682809821
2011-02-25,0.010692856310355214,0.013893894726066947,0.0051725517366985,0.0053612655126331,0.0047939021666951,0.0047471336367257,0.0096910850606297,0.0046217202686353,0.0195233993503493,0.014046839156552,0.0120754177933756,0.0104138642684553,0.0171552286196352,0.0150891166094483,0.0143271298968745,0.0130069589577471
2011-02-28,0.006196632793046719,0.002081385438778449,0.0004898248109932,0.0015682819397242,0.0006082625528824,0.0006052888247705,0.0075378141309141,0.0007414151461506,0.001790613592478,0.00996118644925,0.0117475663564136,0.0087558862580828,0.0085152486535615,0.0087493712777806,0.0087927504662792,0.0092549658111532
2011-03-01,-0.016673044847181573,-0.016098397367229622,0.0003390250813293,0.0011190286528703,3.722234470493469e-05,0.0007847909445755,0.0041822074197921,0.0007785391410024,0.0097021402382023,-0.0090015538812385,-0.0047475316179052,0.0033741370305663,-0.0066949087118101,-0.0117019984694557,-0.0105908044454056,-0.0103982732300487
2011-03-02,0.0021386274308810016,0.0052779128072288906,-0.0032146335878172,-0.0021802249301695,-0.0031588423829413,-0.0032310529896963,-0.0030226007214509,-0.003073118404934,0.0036705125342966,-0.0052007508090153,-0.0036524732143163,-0.0032443459386306,0.0044900308052291,-0.000820804279749,-0.0009682620528123,-0.0010030849375871
2011-03-03,0.01722419016285004,0.0197760284462154,-0.0032961327550113,-0.0027096875549856,-0.0031814110654613,-0.0037457879156189,-0.0057474210025241,-0.0036288728010377,0.0022146015671372,0.0025471491243057,0.0009380379158376,-0.0049710846916499,0.0117611801896805,0.0096749738614143,0.0086084393755686,0.0084094730727267
2011-03-04,-0.007492001045520391,-0.005148243681128317,0.0051082993208855,0.0044223213235747,0.004904559581051,0.005159414588324,0.0040336631872788,0.0049930783899645,0.0029669552624053,-0.0013469485950219,0.0002832293244233,0.0036065243561143,-0.0033261273185074,-0.0025188401896884,-0.0021195833642091,-0.0020957886726013
2011-03-07,-0.007850977231021017,-0.01345541260917249,-0.0032055873171406,-0.0028711542029956,-0.0030776898516816,-0.0027555999374915,-6.153019446286656e-06,-0.0026838065106936,-0.004802398797599,-0.0030667726500706,-0.0027682803136695,-0.0002691259240491,-0.0097467938828388,-0.0076249650748967,-0.0070566590831513,-0.0068841559612029
2011-03-08,0.008749841664502656,0.0040216801578139005,-0.0019020300463533,-0.0011240183206087,-0.0015348257845759,-0.0018637517394987,0.0018682812002239,-0.00158787758866,-0.0062506404200983,0.0066359476614932,0.0047771542320796,0.00234321017972,0.0011519919512766,0.0068676162680148,0.0062945687272195,0.0061163189897265
2011-03-09,-0.0014332000833990888,-0.006791966065218258,0.0036367081718859,0.0018385355726391,0.0031718300948437,0.003450816894484,-1.5747949300592978e-05,0.0030174921294316,0.0019681331349319,-0.0005414086551713,-0.0008233965683308,-5.07605008883779e-05,-0.0010759084413685,-0.002766120536847,-0.0026394663763403,-0.0026271960913315
2011-03-10,-0.01850565086478917,-0.015605774016923868,0.003349826420254,-0.0009673568498895,0.0029846768664401,0.0031843520863463,-0.0127177650566101,0.0024095266336567,-0.0146413575693064,-0.0137683568344072,-0.0135353831191853,-0.0128080003018419,-0.0193463181201194,-0.0157979662619038,-0.015373102725308,-0.015160177435383
2011-03-11,0.006926025939700375,0.006234416580443769,-0.0013443217040529,0.0004045325311461,-0.0008333534135182,-0.001187274247924,0.0051098767354496,-0.0007010026156104,-0.0037710650824493,0.0070601232203481,0.0063125275949115,0.0052895774570162,0.0005766416542564,0.0061287485230359,0.006151532734485,0.0061219698664612
2011-03-14,-0.006037592944279302,-0.0035404830190521874,0.0012415303467079,0.0010556640852918,0.0011188667943564,0.0012257592313742,0.000673075658568,0.0011789029228903,0.0011419676462792,-0.0035095994062723,-0.0020340343691933,0.0003089321082577,-0.0062450111462129,-0.0035162941618529,-0.0032175881979517,-0.0032040077918155
2011-03-15,-0.011457435988276865,-0.014212399730410441,-0.0011211794438741,-0.004570508552753,-0.0008029220308441,-0.0010509177987595,-0.0150695599011566,-0.0014206836331357,-0.02991005216493,-0.0112648405777085,-0.0128159682711061,-0.0146976306699368,-0.0223113624320164,-0.0120262120750186,-0.0123214103570326,-0.0122825027845015
2011-03-16,-0.01851273453038993,-0.024148056157381803,0.0039111868629493,0.0002036727536658,0.0029500095800749,0.0037768419970307,-0.0041389140154913,0.0028502149235201,0.001272474902263,-0.0086071563445238,-0.0081919799163761,-0.0045030225941889,-0.0158631804326551,-0.0130095079143111,-0.012734152238462,-0.0126946585857075
2011-03-17,0.013235254262182083,0.009233346727826719,0.0008399609806961,0.0019636172295123,0.0002622616714242,0.0006981621130974,0.0059731890066332,0.0005452609517213,0.0260468894980035,0.0066902307011178,0.0066296223141227,0.0060375711834149,0.0224064722684402,0.0067914449953621,0.0068936730139229,0.006983269425157
2011-03-18,0.0036371124674783317,-0.0022538200973217792,0.0002944214557139,0.0019682901766282,0.0004823617198501,0.0006699405288623,0.0101832619472632,0.0009676868842696,0.0048164469537054,0.0098921553456419,0.0090863580857199,0.0101793686116132,0.0064550653155461,0.0068469458254019,0.0067401438391775,0.0066514958434057
2011-03-21,0.015497925251749534,0.019283735082956,-0.001289623296112,0.0018411084733869,-0.0007352009739561,-0.0011924490174733,0.0069787508923591,-0.0005156126916476,0.0063569213858176,0.0087197772475621,0.008899800760275,0.0071243030866518,0.016653269892059,0.0135530418831417,0.0130264135354785,0.0128494708163585
2011-03-22,-0.003468517200959975,-0.0018016638263284035,0.0005768297678305,-4.95737248779049e-05,0.0002415883391433,0.0004472493051539,-0.0021927142685992,0.0002228989841221,0.0055004633056961,-0.0038046752906651,-0.0030886405079435,-0.0023453210393995,0.0002571785495033,-0.0033274166431174,-0.0031857953478495,-0.0031251481759714
2011-03-23,0.00286170806231012,0.005595466015431372,-0.0001961671500843,0.0017758173175872,0.0001693618237494,-3.13923777559566e-05,0.0038643099077562,0.0004523981224724,0.001903572833359,-0.0018190993362959,0.0007237543070664,0.0033047371919167,0.0026350027240761,0.0012902545126249,0.0014765613345496,0.0014319742676863
2011-03-24,0.009563174334880076,0.01777074570357562,-0.0022482500716344,-0.0015809504514084,-0.0022154973181893,-0.0026721120119296,-0.0047663680874805,-0.0025546718396873,0.0044080472621992,-0.0008175062904612,-0.0007933258566325,-0.004380864924501,0.0109588875859696,0.0053269013677182,0.0048963574190137,0.0048336091011758
2011-03-25,0.003056349690596205,0.002469168721097592,-0.0016117266779849,-0.0008750792538575,-0.0015846280453891,-0.0016210713193508,0.0022864386421785,-0.001508632358015,0.002302521011219,0.0044262149466729,0.0035353449883575,0.0025061623994943,-0.0009117931761606,0.0042988871108374,0.0040420696287527,0.0039548695912041
2011-03-28,-0.002437629504295713,-0.005454078504625426,-0.0009615926317718,-0.0016454607332186,-0.0007042876829294,-0.0007914662900802,-0.0041172068711583,-0.0007859546096373,-0.0107780101500952,-0.0030309240488171,-0.0035919754243575,-0.0040078847150994,-0.0060425244377073,-0.0036825176595547,-0.0037745267174527,-0.0037483178921548
2011-03-29,0.00671867369908119,0.00972949425157732,-0.0010662898072498,-0.000571019901125,-0.0011436779388925,-0.0012911098722553,-0.0006619606966705,-0.001283569922629,0.0053634921655414,0.0013560944801507,0.0012741717274632,-0.0004888945829188,0.0070131361315553,0.0047036209465945,0.0043545038437076,0.0042625450924408
2011-03-30,0.006901166097157407,0.004729840587589962,0.0031924777456509,0.0034988683045169,0.0033652548833367,0.003196628018856,0.0063396563335154,0.0033240160998349,-0.0003281360337118,0.0094446303245727,0.0079982391267515,0.0066271708617752,0.0059170546475003,0.0083584973340868,0.0080648658800743,0.0079464137414536
2011-03-31,-0.001355744690649141,0.0013952030293913342,-0.0009259233487768,0.0005161619371905,-0.0011552577117059,-0.0009128859807908,0.0084518331556935,-0.0008267739824987,0.0119597624263252,0.0081763419495123,0.0077666767455103,0.0084405976488461,0.0041180519628165,0.0056198290274902,0.0057698267245984,0.0057281657743589
2011-04-01,0.004223659854003969,0.0005222619455902411,0.0016975248389321,1.2441543539187803e-05,0.0011749639202016,0.0013010235789552,-0.0033782556520414,0.0008904931216584,0.0036523170993958,0.0054179376798416,-0.0014354637330782,-0.0028740018117011,0.0051429335177621,0.0021219119792085,0.0008569088278242,0.0004440850006075
2011-04-04,0.0008260696784307964,-0.0033064683994002975,0.0024486643251635,0.0024377646621727,0.0022359131256999,0.0027038754074022,0.0034608020227129,0.0024852886263395,0.0021305850078682,0.007924877264083,0.0015784492603089,0.0030409073449121,0.0032659257806707,0.0047194964196672,0.0027440182219518,0.0009824134861021
2011-04-05,-0.0001498707073236405,-0.002619264954426992,-0.0035890505903292,0.0014851354226141,-0.0027991802692237,-0.0030134851987698,0.012635205269933,-0.0019903687695526,0.0003779431524743,0.0029756275296402,0.0076181304858128,0.0114469329911491,0.0009328417687117,0.0067626685047678,0.0055928687980379,0.0040816931725527
2011-04-06,0.003152290500935795,0.0024508663244497964,-0.0026089720043773,-0.0008674374237939,-0.0024137581893585,-0.0024406332856738,0.0019392097951929,-0.0021867954791385,0.0017206113162133,0.0027701813958518,0.0014902016606243,0.0017891089603225,0.0028169627299928,0.0022873069259959,0.001885989039195,0.0020601457930956
2011-04-07,-0.00254394291772575,-0.0006983678639889135,0.0002044921423347,0.0001615847737521,0.0001459574365469,0.0002543856223258,-0.001627390896052,0.0002033614327137,-0.0012052401773121,0.0009930652326472,-0.0047817558965902,-0.0026256144417452,-0.0015229591203063,-0.0020486972815708,-0.0034779859580889,-0.0033210005581337
2011-04-08,-0.0034503489790758124,-0.0047184884748955325,-0.0013659613572614,0.0001613152436412,-0.0019528093913216,-0.0014032265805032,0.0048586899455762,-0.0014645556072911,0.0027851915957867,0.0185149736667607,3.6290777681522816e-05,0.0035541536781063,0.0026584455444271,0.0056699701768382,0.0028135473805704,-0.0010896472625672
2011-04-11,-0.0030106404760258387,-0.003336519960863815,-0.0004399663955618,-0.0018989744756938,-8.209298285255517e-05,-0.0002571507215126,-0.0054855719048387,-0.0003449115433894,-0.0092343688901606,-0.0162995476253751,-0.0032075457731303,-0.0048019352580684,-0.0104043747091089,-0.0102847600455049,-0.0066446711033911,-0.0038747530304256
2011-04-12,-0.007473907039303507,-0.006870954209176272,0.0022039232032322,-0.0005864122328409,0.0023962512692337,0.002282719430086,-0.0060779886770833,0.0020104415770805,-0.0117929687653903,-0.018287482296234,-0.0046464534584854,-0.0056040763054813,-0.013999078498883,-0.0123969491488417,-0.0086114373325487,-0.0063009963897393
2011-04-13,-7.616446344371752e-05,0.008515558502464993,0.0044825381613,0.003994755719253,0.0043022696876746,0.0042776834562556,0.0012914331294022,0.0041552585597317,0.0064644614192175,0.0065406159901012,0.0008298700276943,0.0009824623519786,0.0061267548698882,0.0032054098644682,0.0025828329733465,0.0034514581050745
2011-04-14,0.000760727892520574,-0.001759322781878181,-0.0025096124633998,0.0012325130596346,-0.0020125114983085,-0.0022317781718635,0.0136694356765607,-0.0014109827583573,0.0011856751893141,0.0039283116017022,0.0128392547949095,0.0137557427886975,0.0019409034747148,0.0076464099499367,0.0092058681273859,0.0080071043415587
2011-04-15,0.0036485233992642474,-0.0017623494519548588,0.0059039379881793,0.0055865488382118,0.0057988129776505,0.0059374770689879,0.0095122479559699,0.005924397893501,0.0041139689056571,0.0060954390027483,0.0098609350824182,0.0098782821979471,0.0043363741702935,0.0086177899214614,0.0084520030477362,0.006046743016312
2011-04-18,-0.011208568349987402,-0.0070605088619236644,0.0008110861052224,0.0013623977943841,0.001083006018371,0.0010578635492886,0.0029116741958536,0.0013131514069808,-0.0085997393301103,-0.0059286904852252,-0.0018691073876819,0.0016284596767996,-0.0114079119189658,-0.005865077232363,-0.0046376974142598,-0.0050461416578862
2011-04-19,0.00574429724021619,0.006221818862169215,0.0018464452487276,0.001931566826484,0.0019449615400068,0.0018048557316272,0.0016301240937537,0.0018393664642537,0.0028434133037359,0.000281028326969,0.0041035417184325,0.0023206426544394,0.0034769510880515,0.0009572068205612,0.0030844636716541,0.0054397330261725
2011-04-20,0.013631789720630616,0.022615338612753666,0.000207318615834,0.0030263093915718,0.0003025957693727,-0.0002852736184714,0.0055332210958147,0.0002284637758964,0.018600332730014,0.0150632790000975,0.008872196508135,0.0062081509841828,0.020030086292294,0.0132220367607403,0.0122511989744714,0.0134211768221706
2011-04-21,0.005109156155771455,0.007947156524374055,0.0018606836434871,0.0022040980945137,0.0017629112025707,0.0016411697911691,0.0027021652148595,0.0016825645093907,0.0072006224691923,0.0067274370530481,0.0044477167335836,0.0031342570223132,0.0076791636918985,0.0055732116464291,0.0055037484207847,0.0056385447589326
2011-04-25,-0.0010465904836550743,0.0025711537539576668,0.0026648879625157,0.002028632979633,0.0027053612814307,0.0025287334265942,0.0021029494781394,0.0025501531069433,-7.174114020525201e-07,-0.0022904699089826,0.0036940146546819,0.0025904426636584,-0.0012878088234505,-0.0003095463572578,0.0018642222744104,0.002369007873303
2011-04-26,0.008605046252808446,0.005641988647525409,0.0037966664623305,0.0022984408539121,0.0036513723497475,0.0035402209495476,-0.0007749066057272,0.0032995756138489,0.0050027696818618,0.0004492931173948,0.0029356565101172,0.0002347262313998,0.0054496254715279,0.0027699626113969,0.0033211817817824,0.0040551088430978
2011-04-27,0.006528965886037907,0.00680031543365156,-0.0006215646359615,0.0048129960473286,0.0001887221563934,-0.000261974685996,0.0167290889519167,0.0009181701011342,0.0055592048023228,0.0073835491057462,0.0128529074310404,0.0157629919412354,0.0054601835093277,0.0101173281429065,0.0104776585607286,0.0099074160700493
2011-04-28,0.003242902709613027,-0.0015195696358670796,0.0025804480952418,0.0027535266538998,0.0029158638441981,0.0028005376439825,0.0061028180763833,0.0029879869667825,-0.0014198432840456,-0.0048136902765614,0.0080298005263486,0.0068696320863645,-0.0020782697457067,0.0017786643302236,0.0043297296610889,0.0041639866927723
2011-04-29,0.0023511506704743113,-0.0008458136839145647,0.00258923043037,0.005609443915721,0.0028645435368672,0.0029497164066871,0.0121609989967186,0.0035145572043802,0.003951899421182,0.0104149457502695,0.0051413298573188,0.0102959392886994,0.0045659729202179,0.00874315880183,0.0055909584964015,0.0036426213264342
2011-05-02,-0.0015393590872233576,-0.0018616687034368473,-0.0012388222971841,-0.0045820637865013,-0.0014584800404549,-0.0013725259211662,-0.0115564511798962,-0.0020046807653179,-0.0071773354173569,-0.0128170761696354,-0.0053588970959137,-0.0128633618767595,-0.0105618700943164,-0.0076008355064256,-0.0071157972653662,-0.0067198118149928
2011-05-03,-0.0035970843553037035,-0.004748453798841479,0.0010234654078626,-0.0007961984531965,0.0010926121337571,0.001192109627353,-0.0039893701579503,0.0008560881849459,-0.0070078033108207,-0.0036369065678546,-0.005997321907818,-0.0035236961911928,-0.0084616698085157,-0.0080247831159001,-0.0078946166074846,-0.0077065058596755
2011-05-04,-0.0066308249165913935,-0.0015332922556791084,0.0006529612947137,-0.0040928605465717,0.000466368727789,0.0005287452884334,-0.013549237471491,-0.0002606277438516,-0.0085449375029596,-0.0143719253555312,-0.0096979761978342,-0.0143448646107227,-0.0131358542558438,-0.0121068762901464,-0.0100462366574891,-0.0099477698381881
2011-05-05,-0.009048285809829193,-0.005460690830386583,-0.0006431618502101,-0.007983118898896,0.0002917635951951,-0.0003907695341859,-0.0262216786475583,-0.0010089620852761,-0.0199494557732698,-0.02946005372355,-0.0139522640952684,-0.028836340365687,-0.0306643758584239,-0.0294016628163884,-0.0107635017191424,-0.0100176323423413
2011-05-06,0.004415837332774064,0.0032600897623584757,0.0014008646767069,0.0048579513782376,0.0021916921089559,0.0018996482375257,0.0106978792496521,0.0026977742917448,0.0043459628176166,0.0124955135854618,0.0014852122989798,0.0127552863418713,0.0048051250923884,0.0007610295484604,0.0030905321303251,0.0029090394315953
2011-05-09,0.00387486821301275,0.003762396775240262,0.0033253617276243,0.0059895276898422,0.0026675352200276,0.0030118673627492,0.0134572767823524,0.003176263711754,0.0127766066775953,0.0146813452227807,0.0094292112269384,0.0143152167190182,0.0191793689393942,0.0180115200048746,0.0097035823419327,0.0094363300112349
2011-05-10,0.008536197855643968,0.008519546506704723,-0.0022157854893128,4.457557816661683e-05,-0.0020939324922498,-0.0022617953099658,0.0046644097837322,-0.0018001309963066,0.0090074619549656,0.0036194000526252,0.0096903690787928,0.003528221460069,0.0092363686106019,0.0100608151074177,0.0112435721084885,0.0101617958288939
2011-05-11,-0.010524930894689866,-0.007264680646724697,0.0003795548916585,-0.002498396999178,0.000912171994182,0.0007133137372694,-0.009320300562275,0.0004098897862914,-0.0139582202468563,-0.0095695754350749,-0.009705688750376,-0.0091954077703564,-0.0186527531899334,-0.017390400376707,-0.012185863002841,-0.0115596205378435
2011-05-12,0.004760440347199912,0.005956476454936688,-0.0009867721788933,-0.0004100640001971,-0.0008552402090077,-0.00103650269291,0.0004624050709973,-0.000799744872367,0.0046424501633815,0.0003525799986971,0.0009277609989901,0.0003412258675129,0.0036532871147452,0.001785738132259,0.003833605271353,0.0030615004009829
2011-05-13,-0.007699183205596372,-0.011842413850602584,0.0013464226567083,-0.0017475706386792,0.0006373003969997,0.0011618851916272,-0.0069304189224412,0.0003124603740394,-0.0089885883228738,-0.0064135772192856,-0.0084563815633324,-0.0065488207697915,-0.006811473372178,-0.0060278857619426,-0.0105162025498338,-0.0093091775690076
2011-05-16,-0.006341248832150148,-0.017291600445109467,-9.429032200902744e-05,-0.0003831297086287,5.206635262644532e-05,0.0005196535835181,-0.0014801608530207,0.0001577713829759,-0.0131890545567413,-0.0019701271661871,-2.335447926579541e-05,-0.0017854152412066,-0.0105729997766561,-0.0054760356593133,-0.0062012737303322,-0.0042317227961828
2011-05-17,-0.00014988073451871475,0.002787462411253383,0.0025685849237546,0.000142653275365,0.0022051485477232,0.0023569833764722,-0.0039591123893641,0.0018732294886403,0.0002564819795192,-0.0042229326424315,-0.0021130865396659,-0.0043336936958639,-0.0012366443516296,-0.0009823572903171,-0.0020683664309324,-0.0021914385389181
2011-05-18,0.008935701698538745,0.008339288108946574,-0.0025655674264354,0.0003459273477972,-0.0026792336178803,-0.0027480500446483,0.0062979917080303,-0.0022677823745029,0.0112421508091773,0.0061745657849291,0.0076631624874906,0.0059416930733325,0.0132809524584771,0.0122957894251617,0.0101454129373029,0.0092671017235665
2011-05-19,0.002381500930760172,0.0029289343241885035,0.0007336739555685,0.0009537477281946,0.0010453138925408,0.0007457053579467,0.0007113139603285,0.0009686259218277,0.0004923329289833,0.0002094392871552,0.0023355970497007,0.0003433225098841,-0.0013099025724181,-0.0007603395209878,0.0023189134744678,0.0021062605170278
2011-05-20,-0.007944553744346439,-0.007558908304705958,0.0017714610895016,0.0042078770274518,0.0018140985063153,0.0020322400717653,0.0102845821474013,0.0022855126277065,-0.0009373478734285,0.0125783705145197,-0.000233636228886,0.0126330934845335,0.0036270250064136,0.002183047556459,-0.0028198241458568,-0.0022168282218591
2011-05-23,-0.011601129456923376,-0.014713627585045796,-0.0012456118195687,-0.0004251132775389,-0.0008296916517543,-0.0008061139395284,0.0011478029511999,-0.0006981237608371,-0.0124067791906026,0.002005770641166,-0.0040801610328542,0.0023052072655916,-0.0109785669672788,-0.0089750574373513,-0.0092387389046431,-0.0080546152673995
2011-05-24,-0.0008328879643355602,-0.0061488056867764485,0.0007586633344152,0.0017640872430479,0.0003894922359299,0.0007119011540031,0.0049449640996546,0.0006095147135056,-0.0004937386258056,0.0052777105416948,0.0040259959886855,0.0051410009628964,0.0035408006341347,0.0060131140245223,0.0003883898479543,0.0012262707225573
2011-05-25,0.003334537080571298,0.003888911572453635,0.0010798896230761,0.0003326101423035,0.0004136987659955,0.0006945775221964,0.0003627410584139,0.0004104461106584,0.0072266087192566,0.0002298227717186,0.0022944258113779,-6.725965128914395e-05,0.0095796003228037,0.0080655258275179,0.0055414008639584,0.0050002662956782
2011-05-26,0.004607732281814991,0.006163102360579931,0.004698999001365,0.0025859393266844,0.0042978979262919,0.0042345272028765,-0.0009752481471605,0.003934421727421,0.005512214515723,-0.0023229960360691,0.005801213965361,-0.0024229343978046,0.0049481204155208,0.0057114199286207,0.0078545125824588,0.0077659273520919
2011-05-27,0.003834403748393278,0.005075158695632798,0.0011518394176432,0.0040988517466304,0.001530397822685,0.0013154607029894,0.0095873720581194,0.0019118750822653,0.0064340547452838,0.009914815308699,0.0076714160549414,0.0099851251473809,0.007266298161411,0.0070981601968256,0.0072726701241159,0.0069784579407941
2011-05-31,0.010411318552892235,0.016193410958433407,0.0030281750690457,0.0021448830484376,0.0029349384080543,0.0026167474596217,0.0011066737273388,0.0026769002146402,0.0109645130336322,-0.0003018512186921,0.0079738552257277,-0.00040077836699,0.0074625014119749,0.0077629177090978,0.0105320167412084,0.0090860647146594
2011-06-01,-0.02246099541103308,-0.02176111426576488,0.0032183190381331,0.0028015310547111,0.0032647636809579,0.0033699745723265,-0.0029854299252557,0.0031733803927014,-0.0177637661999888,-0.0139694706778845,-0.0154760523666353,0.0018042667317558,-0.0228221607870094,-0.0177211978658123,-0.0199035367422894,-0.0173578875019309
2011-06-02,-0.0010615411364542915,0.002101709467851265,-0.0041434818225961,-0.004990231150617,-0.0044731638150963,-0.0041790493723395,-0.0034217958416848,-0.004343616422562,0.001017796578517,0.0009211608938074,-0.0058309018814733,-0.0027350092731629,0.0024095266482046,0.002331550767054,-0.0028880922412219,-0.00389435804203
2011-06-03,-0.009944718827970656,-0.015032288284378414,0.0015744983371883,0.0032827130320252,0.0013266879594795,0.001673661915885,0.0046873422152473,0.0014418716838286,-0.009208391871263,0.0010066487880653,0.004355990244299,0.0048160536616851,-0.0073038153440305,0.0021503370778302,-0.0032531879674096,-0.0015726772044047
2011-06-06,-0.010581211116394762,-0.008163162185136796,-0.0017903032637338,-0.0009330475869115,-0.0013591882826561,-0.0014539924986308,-0.0007648369856633,-0.0012229953428514,-0.0077713768918081,-0.0081663882209815,-0.008031117757266,0.0017307063718987,-0.01231990382243,-0.0106036711658789,-0.0096304677482992,-0.0090690310152786
2011-06-07,-0.0006197260423608242,-0.001789392271619783,0.0015362182812128,0.0015855099860317,0.0011049787477188,0.0012910183824281,0.0012424243114061,0.0010145901036657,0.0001149366280374,0.0051611730996246,0.0060744439775452,-0.0003986754457826,0.0040427299352922,0.0076394429842505,0.0035790542802319,0.0041281142731993
2011-06-08,-0.004187323999242376,-0.007169797544001044,0.0007603053800977,-0.0006876537418716,6.040540648943882e-05,0.0003633678435821,-0.003867203499192,-0.0001502708527648,-0.0061050685527213,-0.0001239082088701,-0.0029742051666276,-0.0040553126105472,-0.0032954667745913,-0.0028776481291948,-0.0061258150548787,-0.0053902593494563
2011-06-09,0.007631126941146649,0.0018053936932682646,-0.0024050351263262,-0.0011676914946312,-0.0022566164390515,-0.0021687881343578,0.0026114729375805,-0.0019549228570481,0.0032825958476236,0.0010644017214379,-0.0043984978916977,0.0050062971647669,0.0027367378034646,0.0032926043258168,4.382402745623351e-05,-0.0003450542266772
2011-06-10,-0.01391052264619086,-0.015317661253207882,-0.0002375243551459,-0.0030764538405226,-0.0005697583240111,-0.000457162480152,-0.0112207006029648,-0.0008970508251693,-0.0134695329616043,-0.0141777148532018,-0.0177417988105814,-0.0087672625160147,-0.0150557206711701,-0.0173601468259558,-0.0165186396833897,-0.0152242835043855
2011-06-13,0.0007835970274099324,0.0,-0.0025311674594974,-0.0038474415092201,-0.0026543134221069,-0.0028658245975202,-0.0077879065556422,-0.0029776719976341,-0.0030786544790585,-0.0039110038638331,-0.0016229094903055,-0.0098498711631042,-0.0024146233066179,-0.0020428678658401,-0.0025618388492857,-0.0024697036680049
2011-06-14,0.01268606698665975,0.012811141895830325,-0.0038391567387315,-0.0009369479423759,-0.0033845627765453,-0.0034546907931281,0.0074072294749927,-0.0029423697772176,0.0124229860144417,0.009531827015973,0.0105395941927261,0.0060905302439272,0.0138702306532197,0.0120330271791109,0.0140231180090953,0.0125476908847205
2011-06-15,-0.01778528838632365,-0.018973676807538253,0.0051269667622131,0.0052579570409623,0.0057469571030772,0.0054607852485908,0.0001590287343991,0.0055942751849591,-0.0143576336316767,-0.0150812928889666,-0.0075310073310454,0.003026756639755,-0.0206808201797317,-0.0217410354235019,-0.0111645160850398,-0.0088718900705742
2011-06-16,0.002204580200197759,-0.0038684373907846847,-1.792732673200348e-06,-0.0004207198318085,-0.0002872970519111,-0.0005826757472083,0.0003109916338344,-0.0006683542349988,-0.0027296198156257,-0.0004939230663808,0.0043083620303756,-0.0010058375715748,-0.0009000931796476,-0.0009066142403543,0.0023721229844424,0.0025346592714871
2011-06-17,0.0029840957038884675,-0.0031318353588019043,0.000202818658963,0.0030184808149644,0.0008040487194886,0.0009486593798826,0.0069623762889328,0.0012609415279352,-6.998996842902756e-05,0.0018823500033852,0.0079158306805238,0.0065113911550756,-0.0012374477065924,0.004402784635406,0.0045780703540039,0.0049331862414863
2011-06-20,0.005115928671344916,0.005205380061217957,-0.0002984216783402,0.0006998328837137,0.0001286229010921,3.251882948029916e-06,0.0023255221150058,0.0002629863131975,0.0043844992877085,0.0019520889614115,0.0072920183254519,0.0006002481594999,0.0038950446713838,0.0008986394113249,0.0071053241533685,0.0065910591474286
2011-06-21,0.013703937269799349,0.021453549985760212,0.0015797902703529,0.0017521871531194,0.0020747534334113,0.0016744075981229,0.0053134811861386,0.0021640538331431,0.0161203649232688,0.0069169037272662,0.0062959386561692,0.0048656774506409,0.0139236610619765,0.0100685254252642,0.012452852018139,0.0103880931863808
2011-06-22,-0.006025507778893213,-0.007242298623144627,-0.0013272651781924,-0.0003632996765339,-0.0015388347194081,-0.0014606134754123,0.0008446084770163,-0.0015328959966467,-0.0047680205248645,2.1272597775358055e-05,-0.0011038369798289,0.0015256601784769,-0.0034357036232245,-0.0023231204755868,-0.0034654692529392,-0.002672149807981
2011-06-23,-0.0028755396857249593,0.009301581981186358,0.0037870644814284,-0.0029936489081622,0.0037655170410533,0.0032917396002549,-0.0179554956658065,0.0029965939350442,0.000636327172265,-0.0148908513292453,-0.0183304566687742,-0.0175508869820798,-0.0044365295480708,-0.015261104449302,-0.0092437347651367,-0.0099363371114761
2011-06-24,-0.0116136292309168,-0.017347598984327695,0.000326098990089,-0.0024700756102806,-0.0002164531863919,-2.672049625029871e-05,-0.0118905178890827,-0.0006980762207765,-0.013460438982984,-0.0106280882801311,-0.0055290081540179,-0.0140218103942365,-0.0102862254408132,-0.0091981199474607,-0.0074260018845988,-0.0056502661067638
2011-06-27,0.00891137763326455,0.0159986530953955,-0.0017452922052928,-0.0030057208818561,-0.0016493106599745,-0.0019908430690518,-0.0024227250280494,-0.0017946313816754,0.0087447712409223,0.0025776631105482,0.0006278621098732,-0.0036236492805918,0.0074469201672294,0.003511341694223,0.0041197602274307,0.0022836307182215
2011-06-28,0.013052840737147298,0.014841719721021551,-0.0045774032296647,-0.0032916598022599,-0.0046189006956178,-0.0044795486985115,0.0042395473713696,-0.004260532874354,0.0124669496956955,0.0113068339753999,0.005936827980505,0.0034997054518478,0.0152500165590775,0.0118632625184345,0.0096876190378523,0.0076292765402334
2011-06-29,0.008564124012939933,0.0041017156120923826,-0.0023699270390995,0.0002395308330593,-0.0023915506650811,-0.0019378269210262,0.00704671644311,-0.0018505838198848,0.0059234499948688,0.0108959644960706,0.0083530358174876,0.0064277124046328,0.0091319698380239,0.0139899841117006,0.0069041897831492,0.0063348010127778
2011-06-30,0.009562294892247802,0.013321855810116467,-0.0014456559576672,-0.0029586378030016,-0.0010359745005122,-0.0014808188012193,-0.0063678445446215,-0.0012227067093857,0.0060214980267235,-0.0028659908158923,-0.0016444634304854,-0.0080173068021637,0.0032758238715317,0.0012378116827842,0.0019174750502673,0.0007858948812627
2011-07-01,0.014776228177692419,0.015074428337339851,-0.0002647377467671,-0.0011688565394751,-0.0002467494334712,-0.0005119886233287,-0.0012946764202226,-0.000572197979183,0.0073644837709022,0.0107611299444409,0.0073065485203977,-0.0001156196353273,0.0117154849505074,0.0113244862615414,0.0086538710251511,0.007116118617886
2011-07-05,-0.0008214847471387232,0.005007760295506314,0.0064690671867122,0.0086499340363974,0.0065521622569086,0.0066256948308867,0.0158816057120121,0.0069314851387987,0.0087541058185293,0.0083288648844913,0.0119829160347706,0.0154041554828179,0.0075363782358818,0.0070284382971751,0.0090411222982649,0.0083784954230448
2011-07-06,0.0011959744850609244,0.003264466496020413,0.0019560442886832,0.0037684938098678,0.0023428431823733,0.0021779736418934,0.0083706082700623,0.002542012719062,0.0045179842481298,0.0035455953060555,0.0079265700572213,0.0083156786347612,0.0036339233727331,0.0028376070968189,0.0064335953500227,0.0038538712354624
2011-07-07,0.010375097319012427,0.013701209646197032,-0.0002983662250809,0.0001856105844051,-0.0007232427175276,-0.0006313780986367,0.0043390802606884,-0.0006802830538872,0.011316276919773,0.014335857261954,0.0081128228532102,0.0048418506269207,0.0159987839380866,0.0162133402262304,0.0096692773666168,0.0085468882389761
2011-07-08,-0.007092062578257563,-0.0027032755465060676,0.0075914220123578,0.0069794808838727,0.0075347037572324,0.0074799250639501,0.0052047811733926,0.007382919087445,-0.0008283864673359,-0.0013680535017373,0.0022671304247575,0.0048255868068766,-0.0027886487057628,-0.0030596578699799,0.0002141789105088,-0.000947932000674
2011-07-11,-0.018080427253903575,-0.01812638596670557,0.0031609992140646,0.0037103171953447,0.0032233419249823,0.0033270924239574,0.0023640029817204,0.0033727834263448,-0.0102831078738192,-0.0137391162084461,-0.0067147109669256,0.0011689181493935,-0.0157117098231893,-0.0158554851148573,-0.0097915786577558,-0.0106879644862317
2011-07-12,-0.004319119157253137,-0.007591372125004381,0.0008316833739503,0.0023778130448166,0.0006013666253514,0.0008981976264395,0.006713763658412,0.0009099075694232,0.0008373653672759,-0.0009407650960492,0.0051399762398693,0.006493173236143,0.0010768500921775,-0.0010064764895821,0.0012156293174197,0.0004282295113133
2011-07-13,0.00334854143676222,0.00417227715098023,0.0031910446526144,0.0038049685170262,0.003110719370432,0.0033721317293295,0.004381097335159,0.0034670107888021,0.0064421458671672,0.0042582900557889,-0.0023062790650677,0.0034176780797744,0.0043873370842288,0.007045389347086,0.0027904191627745,0.0042150669997739
2011-07-14,-0.006902358449149326,-0.011599508144988446,-0.0054597504484907,-0.0034769639679099,-0.0051310859232357,-0.004894904169318,-0.0002626364004324,-0.0046051816357783,-0.0072846938576416,-0.0088539734861594,-0.0046259124771596,-0.0009126130086202,-0.0104252476215302,-0.0108603277922569,-0.0080207992597865,-0.0051027666942538
2011-07-15,0.0058047081535261835,0.013312482898650835,0.0047135354974718,0.0041606529812017,0.0045543558343921,0.0043547325795143,0.0058813660074503,0.0043190313598591,0.0072258850051657,0.0112990865526036,0.0082875526253492,0.0062657407982273,0.0093509117277814,0.0097818731870957,0.0076010472851968,0.0068461031422869
2011-07-18,-0.00820097187789659,-0.005359178457767122,-0.0010036644067205,0.0009499584395038,-0.0005065247635517,-0.0004936950992383,0.0050393905884076,-7.37872433019815e-05,-0.0048976937345976,-0.0046958441273461,-0.0007533272513453,0.0041593044446224,-0.0091103973497445,-0.0087982520645624,-0.004929556184,-0.0023707742024033
2011-07-19,0.01623144059735937,0.022766674592167524,0.005010303764608,0.0009424545928156,0.0044627532208216,0.0040986339185751,-0.0055145905196619,0.0035324942517545,0.0096942628011222,0.0155920705549269,0.0049121971848947,-0.0038616264684556,0.0160226581499167,0.0172891926154378,0.0101601962381278,0.006398350605704
2011-07-20,-0.0006028186248103751,-0.004247729994236948,-0.0034353194584001,0.0001019286369248,-0.0030842039498498,-0.0029372397397656,0.0084249597350221,-0.0024675270747771,0.0025999985250464,0.0003344166405882,0.0077308985665153,0.0083435982281702,0.0021118961040686,-6.962372943729147e-05,0.0036755263044874,0.0051726687492876
2011-07-21,0.013871406216560134,0.006655406999775515,-0.0035828684915351,-0.0036116363154484,-0.0033424196706673,-0.0035249514425776,-0.0038536033137904,-0.0034371302701685,0.0023108689549303,0.0032754942376393,0.0017028577546502,-0.0030151836162742,0.0043290276114338,0.0040711947462943,0.0031183689539047,0.0043807515667
2011-07-22,0.0006689488671953736,0.01034060287697991,0.0045408669829445,0.0050958052959133,0.0046094536302128,0.0044358999501632,0.0075015147056725,0.0046131256649279,0.0055638425460086,0.0087904760984951,0.0062974444746571,0.0073290192047728,0.0054225629746286,0.0064474973265299,0.0053273623663816,0.0048466512903642
2011-07-25,-0.005572764762666105,-0.002013474438949392,-0.0029290343638433,-0.0008812330225979,-0.0024105384989255,-0.0025592374792711,0.0036383240437927,-0.0020480963145922,-0.004077965643518,-0.0032252958238342,-0.0025545377823608,0.0027576688266407,-0.0079225128990554,-0.0065347770206682,-0.0044435599570673,-0.0016900903256008
2011-07-26,-0.003736359297543901,0.002521938483693642,0.0039853367227353,0.0034946179706361,0.0037147870281566,0.0038025859505326,0.0026136883490006,0.0036417304234919,0.0005174448244296,0.003691761094515,0.0024672809370546,0.0025866393242571,0.0010035470208404,0.0010577044216205,-0.0004106446991498,0.0026102903220986
2011-07-27,-0.020475465638860824,-0.025825826627705273,-0.0046599148846052,-0.0050038880156533,-0.0049604144264702,-0.0044819568638261,-0.0095332228331379,-0.0047344693421869,-0.0176422773045278,-0.0203545479470868,-0.0181896758834612,-0.0108639160320521,-0.0219718349604082,-0.0215491688996378,-0.020323955749686,-0.016016989222931
2011-07-28,-0.0029095483411055723,0.0017211619534700517,0.0016250268700088,0.0015861436386173,0.0017997626311405,0.0016826500056872,0.0008640187781676,0.0017508111333188,-0.0002512744541968,0.0004046161124143,0.000942279990633,0.0008732812222686,-0.0009920664847118,-0.000852371189811,0.0002853153819668,0.0010393462254619
2011-07-29,-0.006834634972063158,-0.003265028079875165,0.008651426158587,0.0080399967531672,0.008878989803694,0.0087229270542195,0.004750707242225,0.0086999817577912,-0.0004018725043827,-0.0031327778037733,0.0026868076403685,0.0043963447096824,-0.0031458415236907,-0.0037954706400959,0.0018468840959964,0.0025955205570862
2011-08-01,-0.004252424612315897,-0.004655020998671544,0.0023747737873855,0.0001949644054437,0.0020429186727795,0.0022713305952724,-0.0055827631690955,0.0018607055680985,-0.0064734096414786,-0.003937331140024,-0.0107585119455123,-0.0036009413441037,-0.0053865396733701,-0.0031289098475176,-0.007650633735912,-0.0054638598037694
2011-08-02,-0.025547693821181272,-0.025290268972492203,0.0045336208574453,0.0091214760792741,0.004891576882809,0.0049156838908874,0.0145061423119288,0.0054707458262455,-0.00012351942596,0.0083333063934371,-0.0112112702327315,0.0240932915462938,-0.0053939404847226,-0.0034770226028746,-0.0130577686914868,-0.0097573424086941
2011-08-03,0.00541881742449335,0.009596722307609884,0.0006476124163909,0.0003354008882239,0.001396662402193,0.0008657637784874,-0.0015020183078824,0.0012195750063517,-0.0005711866386144,0.00293619451385,-0.0052580875142346,-0.0001857324499934,-0.0048129348637675,-0.0009706381077518,0.001013581847286,-0.0035369291957041
2011-08-04,-0.04684144779323107,-0.046470697310499576,0.0016621790859883,-0.0008346397471052,0.0016292866177916,0.0015741360036447,-0.0123332182326005,0.0008992047036222,-0.0271334427986743,-0.0184141747594811,-0.0325264528263086,-0.0052635662277857,-0.0347945135170684,-0.0329161716584273,-0.0362088178790744,-0.0310249797127935
2011-08-05,-0.0014965859346368626,-0.006276787250289906,-0.00891454953141,-0.0055284274085798,-0.0085445919540769,-0.0083707111075074,0.0019333280988749,-0.0076997652265159,-0.005032405682353,0.002701541623836,-0.0133904207634816,0.0069098364279031,-0.0051514633819273,-0.0003050980332234,-0.0090458412679358,-0.0087590944287736
2011-08-08,-0.06512355763965183,-0.06018932410924038,0.0031218589685177,0.0075184328401927,0.0041400163681424,0.0040688817423066,0.0149509112029713,0.0047386702233707,-0.0195144912427274,0.0033957530988406,-0.0425371139917399,0.0331992287441828,-0.0359639630709731,-0.0279411065454115,-0.0428631084186703,-0.0401773228337849
2011-08-09,0.04649956951679113,0.048230757558589854,0.0112469385291784,0.0128432139545342,0.0120724814103778,0.0115798548251817,0.0201452967272666,0.0121373957825245,0.038390464719812,0.0214625684592798,0.0606786171566275,0.0089158523513578,0.0370953340719242,0.0267276370306081,0.0511203724641451,0.0472165966702458
2011-08-10,-0.04417798430135833,-0.0409203707475968,0.0070684714503532,0.0144529897694971,0.0074506666111595,0.0076892063438718,0.026856165317354,0.0084315137120578,0.0039705814562341,0.0110483706889586,-0.0015035980750159,0.0354070869657477,-0.0025333354102519,-0.0052639966583666,-0.0134681669999761,-0.0097181590240142
2011-08-11,0.04488368420450706,0.044042811868890475,-0.0066306688606936,-0.0115892976670008,-0.0075498788144994,-0.007227209049432,-0.0116756810806168,-0.0078928652250457,0.0100054346815634,-0.0008814678082201,0.0244224442837618,-0.0219383019578894,0.0202746213960705,0.0181300111275128,0.027173874280514,0.0215411304696629
2011-08-12,0.0067332440690746065,0.008851180444104045,0.0053677366313231,0.0029905227822475,0.005143327708593,0.0047406598913708,-0.0039186780154104,0.0044147265336857,-0.0011873844697085,-0.0002855203355589,-0.0016636898413001,-0.0045680671693057,-0.0005751421589723,0.0014874464353406,0.0018501562450423,-0.0001247226660657
2011-08-15,0.021164863623034824,0.014747039406786344,0.0006312488507849,0.0049001556159582,0.0012129459456913,0.0011558086186871,0.0145918006312786,0.0019044005879191,0.0198864561498218,0.0120369089944462,0.0268805232649758,0.0107666354948221,0.0198213910242485,0.0141341418902786,0.0214278845544643,0.0208002464620272
2011-08-16,-0.008539233128690427,-0.008462256809938395,0.0027737637599993,0.0054650780617266,0.0030593807391994,0.0029549595520852,0.0100116975413158,0.0033240012369279,0.002056542785797,0.0057012039871894,0.0026927444276479,0.0123398820135817,-0.0005980165897647,-0.000676088833664,-0.001574274506042,0.0009206780186075
2011-08-17,0.0006690535797297947,-0.005936632540520348,0.0062208879616063,0.0046898478027463,0.0057271098253457,0.006324058321848,0.0028674912965604,0.0058269405153719,0.0024041223330898,6.28212182615873e-05,0.0029268022366613,0.0028748861972433,0.004061511907359,0.0016907445229385,-4.2468603653125534e-05,0.0040208331492262
2011-08-18,-0.043118443463348255,-0.04908567991148505,-0.0010738623098955,0.0042236066064749,-8.546561669686703e-05,0.0001308579569905,0.0094061212824183,0.0008231059394094,-0.0118583872392864,-0.0027830859519816,-0.0211070520096401,0.0189197985186223,-0.0220054301262598,-0.0221103953094592,-0.0281082752658041,-0.0204778561853157
2011-08-19,-0.016330902887583543,-0.01805691596494219,1.8922661709774857e-05,0.0025500168289296,-0.0004570212036462,-3.700558420227651e-05,0.0080481643166376,6.156108741062205e-05,-0.000490940631199,0.0027807655558609,-0.0074826566112797,0.0125477720211152,0.0017626419519643,0.0019380623971125,-0.0091645391160192,-0.0055572894733534
2011-08-22,0.000799440205883073,0.003598059259098063,6.936607364504965e-05,0.0074931970645948,0.0014152241193015,0.0010512331253225,0.0223813816541949,0.0025435060574234,0.0137060408453534,0.0187043270031513,0.0100724968765513,0.0257849077822658,0.007765029483754,0.0089780632815041,0.0088007704178535,0.0073321786443859
2011-08-23,0.032910270914693784,0.04122658192248352,-0.0007628694591315,-0.0129818018072973,-0.0026065006508597,-0.002363779917773,-0.0290975246050471,-0.0042833274449896,-0.004649995083557,-0.0123677452057233,0.0018007044338183,-0.0374884064382525,0.0064477880248303,0.0090358861934043,0.0133260035891129,0.0043228035569707
2011-08-24,0.014084489415455259,0.007842515234552039,-0.0097707938806056,-0.0165942208346219,-0.0107013616809402,-0.0106042463468998,-0.0271684510434156,-0.0117413812285271,-0.012950907045717,-0.0205669710784163,-0.004161531283163,-0.0338830209007262,-0.007618030224613,-0.0093870960240211,-0.0023735289156712,-0.0103666270219921
2011-08-25,-0.015243782037002829,-0.016321889245498822,0.0031296418142809,0.0028424038806322,0.0026571885888537,0.0028900585888753,0.000754938577407,0.0025864263475945,-0.0068940916042368,-0.0023925818915718,-0.0101820486982306,0.004136339982646,-0.0060682047284001,-0.0047743399463459,-0.0117000323077847,-0.0089900705679647
2011-08-26,0.014533645751783952,0.02508192632673767,0.0067493923962522,0.0129219689412329,0.0080401642143104,0.0075185798704533,0.0270999418903914,0.0089673171783559,0.0244431299421732,0.0281902972803005,0.0185064592969964,0.0296472347606342,0.0194949637741975,0.0221850470298285,0.0224523535969298,0.0172841102707066
2011-08-29,0.028736354977530798,0.02785633796418696,-0.0026662978695549,-0.006066749525784,-0.0030067413385498,-0.0033003702208694,-0.0123631171926497,-0.0037188126002646,0.0064698778497051,-0.0048447698977063,0.014172960709258,-0.0201723767599669,0.0112887326378236,0.0080498878689673,0.0173044394774531,0.0134966134102757
2011-08-30,0.002636731971324302,0.00659213726844099,0.0076532188419156,0.0136674814745618,0.0084547165947252,0.0081796088911216,0.0258807912309799,0.0092853199946956,0.0187160359637257,0.0225035233072072,0.0127621437090275,0.0299614777739598,0.014755700207029,0.0155853965037357,0.0123913542251697,0.0108920079954009
2011-08-31,0.004437961724741646,0.00163705082960508,-0.0016959523984838,-0.0023595190991851,-0.0018006647868165,-0.0015717705580586,-0.0049220975737299,-0.001753508293336,-0.0024418841341094,-0.0047237737224606,0.0041959129176228,-0.007705198953785,1.988990660652742e-06,-0.001528259681731,0.0013436520582132,0.0070746539286874
2011-09-01,-0.010473012171392848,-0.009080767407531165,0.0047643412334132,0.0025712870608476,0.004627942881809,0.0047854770233553,0.0008439899194618,0.004404331772164,0.0008439757935987,0.0008439892024099,0.0008439754806561,0.0008439897665086,0.0030829248231175,-0.0067071680956429,-0.007065938897215,-0.004090907286339
2011-09-02,-0.0255498405606025,-0.023460190743073484,0.0051549926203335,0.015143332154794,0.0064913802871469,0.0062963313616075,0.0301906475750182,0.0074165807884996,0.0301905565521998,0.0301906431569951,0.0301905861260778,0.0301906459820629,0.014840292286098,-0.0032830574570463,-0.0019713431495994,-0.0025224937893921
2011-09-06,-0.007297531485897069,0.00018725334032110297,-0.0002662066513876,-0.0009096967172294,-0.0003472475992408,-0.0006814584218156,-0.0018555533067902,-0.000628518216801,-0.0018555547740797,-0.0018555536113972,-0.001855556223412,-0.0018555534248001,0.0011231966036768,-0.0017851128573239,-0.0028436713613603,-0.0040974157952388
2011-09-07,0.02820766775103012,0.025333440794478523,-0.002099434575126,-0.0134019777369213,-0.0038154607018248,-0.0036064767735906,-0.0318206244503417,-0.0049684663239742,-0.0318205143867183,-0.031820619295755,-0.0318205469708006,-0.0318206225533052,-0.008776517432913,0.004561148432883,0.0070196870946407,0.0095221557850664
2011-09-08,-0.010391565421243643,-0.0045755508452479665,0.0040369835465075,0.0127545102273507,0.005691050248334,0.0053300212484077,0.0267110664627414,0.0065435614136781,0.0267109822573298,0.0267110629935629,0.0267110232780039,0.0267110650799702,0.0079328093228366,0.0028031557451449,0.0032485883767756,-0.0002893143437572
2011-09-09,-0.02620974390327957,-0.02224687497472133,5.842650786402892e-05,-0.0027506634305657,-0.0001935078641313,-3.0759237518940274e-05,-0.0061052782452323,-0.0005122292393174,-0.0061052999207103,-0.0061052795099987,-0.0061053028069371,-0.0061052785819589,-0.0065013305825025,-0.0161910844271207,-0.0181888797640953,-0.0208757230148718
2011-09-12,0.0064700656537080015,0.012786959233579864,-0.0028759478688092,-0.0116921627504668,-0.0039982581854081,-0.0039919597384499,-0.0223021517799916,-0.0049807626642389,-0.0223020956594779,-0.0223021493377196,-0.0223021203483296,-0.0223021508431646,-0.006764234735213,-0.0027122602663687,-0.0051482508504689,-0.0059998571221237
2011-09-13,0.009171198648543655,0.01336786524773581,-0.0002887647009456,0.0041831060255814,0.0009242306802901,0.0004714344016356,0.010584678378904,0.0014009712862297,0.010584644488953,0.0105846778278045,0.0105846679436941,0.0105846780714674,-0.0017826761334172,0.0078774636661362,0.0042941561140894,0.0033900882821426
2011-09-14,0.013843809029325138,0.014290893083317657,0.0017206989389864,-0.0020991480656612,0.0017370561580567,0.0016124800623014,-0.0074492360838017,0.0013709886800408,-0.0074492179987684,-0.0074492345349654,-0.0074492186524283,-0.0074492354934885,-0.00048652197518,0.0024030994846462,-0.0002969571749509,-0.0001613671057288
2011-09-15,0.01725761389667335,0.014812077640373511,-0.0040352989799925,-0.0083658966453541,-0.0045561517733943,-0.0044648905192589,-0.0158569645538533,-0.0048910899356632,-0.0158569125141983,-0.0158569620637365,-0.0158569281757032,-0.0158569636488882,-0.0064509542485829,0.0023342084980669,0.0029183563353711,0.0035542178796913
2011-09-16,0.005918388241078265,0.009166226613800621,0.0022119201314467,0.0048762060860993,0.0030008554447789,0.0025733315468778,0.0093463585817672,0.0031371369421171,0.0093463310294189,0.0093463579668163,0.0093463554199766,0.0093463582724524,0.0046157710736241,0.0043680231802706,0.0052933685344689,0.0069954506193781
2011-09-19,-0.009957035130204739,0.00035342698532536687,0.0046995186729783,-0.0038862908006591,0.0042207551106074,0.0041793280698863,-0.0154519186268455,0.0033009287244527,-0.0154519091851573,-0.0154519179849336,-0.0154519199807304,-0.0154519182335106,-0.0061735541189946,-0.0113917076916156,-0.016228622819105,-0.0184932447431364
2011-09-20,-0.001163739644057693,-0.004416276485283754,0.0011146700854247,0.0064877498545852,0.0019285056033899,0.0017861836613395,0.0142519256928639,0.0024562663948359,0.0142518849063683,0.0142519239494736,0.0142519060762903,0.0142519250076367,0.0049545000675853,0.0008723693725865,0.0031466264569572,0.002172306723873
2011-09-21,-0.02945832257613068,-0.017388077207156183,-9.833585046881144e-05,-0.0060491026950956,-0.0006869747621208,-0.0004963555804173,-0.0124587693164635,-0.0012385454257851,-0.0124587711223166,-0.0124587699828358,-0.0124588020203796,-0.0124587692693456,-0.00351821765489,-0.0170864677551041,-0.0257328662052499,-0.028277551017749
2011-09-22,-0.0323243712992094,-0.032502655374126777,0.0006697961219412,-0.0094449093237216,-0.0003119070557536,5.348971554064441e-05,-0.0261535421084369,-0.0014706497924427,-0.0261535380375254,-0.0261535416844878,-0.026153537496459,-0.0261535417302655,-0.0096053211011539,-0.0309896409160348,-0.0290019632559003,-0.0336844762133372
2011-09-23,0.006024965975340191,0.010638370949539011,-0.0075629427080975,-0.0252929178708845,-0.0093796772968793,-0.0089996723438815,-0.0547175379087743,-0.0110346704101681,-0.0547174253900509,-0.0547175319497762,-0.0547174622928212,-0.0547175355286954,-0.0265860226334309,-0.0175276123073466,-0.0184691920302624,-0.0075731018869744
2011-09-26,0.023780203479178308,0.011634212655037057,-0.0021122381097828,-0.0063355640159074,-0.0026264833730763,-0.0025608677418585,-0.0138923727121614,-0.0029957235934983,-0.0138923278527828,-0.0138923704458128,-0.0138923410276456,-0.0138923718912688,-0.0065709768146988,0.0022277146786033,0.0022019716096167,0.0034135936657963
2011-09-27,0.011183596155495135,0.010405253170138185,-0.0027921962824675,0.0052371846567764,-0.002041633884992,-0.00230846585627,0.0193552672023862,-0.001234781489903,0.0193552470296476,0.0193552663371586,0.0193552549188886,0.0193552667525597,0.0072764555233205,0.0161503407464921,0.0148985897068065,0.0172630801942611
2011-09-28,-0.020418247647213228,-0.014814908289688455,-0.0040969505025388,-0.0131859534867619,-0.0048143167561429,-0.0046794056056432,-0.0274544202190136,-0.0057694847144029,-0.0274544059440972,-0.0274544193195652,-0.0274544137325439,-0.027454419718399,-0.018960947790189,-0.0245997465428189,-0.0254155986396333,-0.0251571234369053
2011-09-29,0.007903408607114137,-0.011919842550606519,-0.0003717844240905,0.0038400648681211,-0.0005869132521628,-0.0002788136857873,0.0094737915463689,-0.0001738531631865,0.0094737930420592,0.0094737912365553,0.0094737949294452,0.0094737913914838,0.0100011906638726,0.004527355705545,0.0098420606389189,0.0119849452639228
2011-09-30,-0.024989199884163704,-0.025798003497942257,-0.0005666057228774,0.0009161273695681,0.000240560500371,-0.0002291530808773,0.0022828192749084,5.7148709744936355e-05,0.0022827461868519,0.0022828168962757,0.00228278578458,0.0022828184654335,-0.0047880800967243,-0.0204636901182004,-0.0202229755925032,-0.0206903811865681
2011-10-03,-0.028457652415445067,-0.025719178109479657,0.0037658138463216,0.0069732876247552,0.0038288155289027,0.0043623744537244,0.0163520856322973,0.0044549106558007,0.0275201034684673,0.0183475130433565,0.0275200829729122,0.01834749760816,0.0167243302768566,0.0069705309050633,0.0118207030254134,-0.0184733454780139
2011-10-04,0.021922621812766163,0.020531740745635574,-0.0031470970407101,-0.0092667566179469,-0.0038011744653898,-0.0040812584507525,-0.0189124438435096,-0.0048785081372149,-0.0126805763775136,-0.0206262785068718,-0.012680576842951,-0.0206262639577589,-0.0123971028077426,-0.0043428266202008,-0.0075825011064752,0.0133357783044834
2011-10-05,0.01851531018818764,0.025675008574844727,0.0012164449753668,0.0077372623710258,0.0022145445266497,0.0015922066678997,0.0109379809469989,0.0026139166467651,-0.0071986791162541,0.0115453380314288,-0.0071986573004722,0.0115453376501811,0.0004642442980747,0.0085886602549034,-0.0008031007279495,0.0109270851785766
2011-10-06,0.01809129955579092,0.016813449321816387,-0.0010305433293125,9.119756581998928e-05,-0.0012533219008716,-0.0007899961140691,0.0070812777056556,-0.0004583908163394,-0.0184576373869285,0.0064592925638406,-0.018457605389304,0.006459296875436,-0.0060915478430887,0.0007484105449574,-0.0029455829945843,0.0185153832069173
2011-10-07,-0.006695787556785571,-0.006614065094695087,-0.0047239231324868,-0.0049168218255281,-0.0047022695160835,-0.0047538471505794,-0.008758805170664,-0.0047114591753071,-0.0073877061879829,-0.0081625820200075,-0.0073877074773486,-0.0081625832686828,-0.0063109752086164,-0.0071679405179644,-0.0090073104166984,-0.0139853403625425
2011-10-10,0.03344565464825222,0.03458469299399791,-0.0007625481483292,0.0117631432343954,0.0009800651001077,0.0004290397607344,0.0264129557600885,0.0024071748301579,-0.0141237727042126,0.0256942537424846,-0.0141237253326637,0.0256942556953822,0.000503301686749,0.0127943613187743,0.0053050293442486,0.0375297035216263
2011-10-11,0.0010033857639399901,0.00679299024655311,0.0020758154857516,-0.0007127827310172,0.0015871105132423,0.0010456639436338,-0.0075512492157949,0.0005071483628427,-0.0033459205183299,-0.0071660303822953,-0.0033459233595869,-0.0071660288116815,-0.0018887498172164,-0.0007839647463312,-0.0041438197040163,-0.0060158208353045
2011-10-12,0.008772073914510292,0.00497147592942726,0.000624492156694,0.0016387450393782,0.0010790923358252,0.0015727896820483,0.0074319961751865,0.0022009133914058,-0.0145459989348433,0.0071560035388399,-0.0145459723079079,0.0071560061684336,-0.0030856184066607,-0.0010658817591705,-0.0016020074865181,0.0113557359240992
2011-10-13,-0.001987477078467248,0.009187479424936473,0.0032322669433548,0.0011226364899554,0.0028390288228901,0.0025692527732572,-0.0058993605138173,0.0020442056017904,0.0099575495152381,-0.0058801362307227,0.0099575321620517,-0.0058801346132482,0.00251307710105,0.0043795637944418,0.0017720834299256,-0.0018562752769595
2011-10-14,0.01709388985242577,0.01855738448661537,0.0001541152412189,0.0026499596721201,7.032192970246598e-05,1.3002592764266296e-05,0.0072723890950012,0.0003661739068707,-0.0145296126609379,0.0067775159990987,-0.0145295858285251,0.0067775182313575,-0.0038752595631423,0.0027460341721632,-0.0014978931308258,0.016554699184752
2011-10-17,-0.019091090206068362,-0.015469280589239687,0.0017958512029234,-0.0018099452867937,0.0013817629798047,0.0017718600717231,-0.0052927337340522,0.0011444554824184,0.0172880777067471,-0.0047735550513829,0.0172880490539903,-0.0047735597152385,0.0056460190531887,-0.0002321046940464,0.003549486424035,-0.0159620542114301
2011-10-18,0.01954585458767455,0.012395374167482043,0.0010708047968583,0.0008323516821708,0.001137470328518,0.000724553202418,-0.0035865385455819,0.000750300339235,-0.0062109457762293,-0.0047964466066099,-0.0062109393491732,-0.004796438013062,-0.0032731227374782,0.0003097027063401,-9.579965668121216e-05,0.0155264508050311
2011-10-19,-0.011829033258825894,-0.01931351428153094,-0.0022932624647999,-0.005716400993359,-0.0022739618080745,-0.0023062648096027,-0.0121527241541837,-0.0026072602647485,-0.0003470028384276,-0.012172522899983,-0.000347016610011,-0.012172522567375,-0.0030308710887617,-0.0093946085662744,-0.004443847630119,-0.0148181357763613
2011-10-20,0.004375473739115954,-0.004923762216188732,-0.0014145479244431,-0.0049175017482445,-0.0019088153306864,-0.0016861368893376,-0.0125458074180906,-0.0020630952073533,-0.0071206487648087,-0.0131356122916709,-0.0071206525909791,-0.0131356082737146,-0.006465323327954,-0.0077576415805429,-0.0061228674639037,-0.0056439161292452
2011-10-21,0.018987442646740016,0.012546436255725713,0.0016191739062485,0.0052098906256625,0.0024454896855534,0.002247029602896,0.0117912980811469,0.0030615518548637,-0.010582642663224,0.0110920947623106,-0.0105826160011131,0.0110920976009057,-7.259543874720314e-05,0.0037321309041656,0.0028946216732196,0.0198378931725361
2011-10-24,0.01226065311797786,0.020767753074532047,0.0054536607820296,0.0083076505696879,0.0056563050807552,0.005981608247813,0.0099070224420416,0.0064768523284994,0.0016796413306956,0.0094032107855875,0.0016796529359777,0.0094032160322495,0.0036923096523526,0.0095065790501116,0.0056624601734234,0.0204137201133357
2011-10-25,-0.019443500170835515,-0.019661192928963955,0.0034115160299323,0.0113699300413536,0.0040835174648214,0.0040510810958027,0.0269021928431616,0.0047570092709525,0.0254147959580213,0.0283815081219136,0.0254147895037345,0.02838149208386,0.0192039195764837,0.0110977873554642,0.0170832198154125,-0.0042474606602619
2011-10-26,0.010158627068072024,-0.0012210332830040471,-0.0049415421754259,0.0007174812632813,-0.0036035649103279,-0.0038844657789369,0.01081769732944,-0.0026600648426393,-0.0174696752273817,0.0109305932567285,-0.0174696431991332,0.0109305918059424,-0.0042340629348171,-0.0030620966104595,-0.0034266926230445,0.0069691597038247
2011-10-27,0.03483486981599748,0.027588264334373225,-0.0028995325373925,0.0036049954081358,-0.0021138539380902,-0.0024877722382397,0.0139390496487905,-0.0012330422595754,-0.0338974917608575,0.0128435437310491,-0.0338974323023101,0.0128435514200783,-0.0099535305885098,0.0007539040741838,-0.0051877294341141,0.0324522668515048
2011-10-28,-0.00023323290676091624,0.00152970085052484,0.0039051088968811,0.0032302277175939,0.0040217542111935,0.0037411771291735,0.0004661512197572,0.0035851440297061,0.010517110521929,0.0004128112354148,0.0105170981697247,0.0004128106398419,0.0054673280577751,0.0043386187876846,0.0052858727809235,0.0003544840151655
2011-10-31,-0.02410567499758165,-0.016796680217614712,0.005840172302433,-0.0008978639514474,0.0046750244757662,0.0050727071723575,-0.0133692560221548,0.0036098678015914,0.039655408358093,-0.0134418007300526,0.0396553448389303,-0.0134418019509883,0.01211525917226,0.004166254613921,0.0107655219782304,-0.0161890112878678
2011-11-01,-0.02788861074755078,-0.026057074907044564,0.0029438665772931,-0.0016739678852576,0.0019611607786835,0.0015549440642648,-0.0034035897024493,0.0011763092070982,0.0334742903980322,0.0002390811500516,0.0002390838394674,0.0002389686193279,0.0142125651612774,-0.0021407948338117,-0.0021407246843398,-0.0193118783724101
2011-11-02,0.01631161174998108,0.008504494901667936,0.0013797297624362,0.0062295276550192,0.0025005769773278,0.0018131218747399,0.0110366176005671,0.0026958937626213,-0.0124736966139041,0.0100369972353586,0.0100369969438834,0.0100370299446913,-0.0010826639434045,0.0058773487432408,0.0058772223229618,0.0140044943080415
2011-11-03,0.018227243423023065,0.02073100881567891,0.0008818217405117,0.0095400351887626,0.0023308631659244,0.0014324497835713,0.0155184852593224,0.0027886618771211,-0.013733282530921,0.0157340793307602,0.0157340794446211,0.015734071699949,-0.0007573024606987,0.0068058960486403,0.0068059813612368,0.0158843241533038
2011-11-04,-0.006098851080895695,-0.005163407110106544,0.0015758827050242,-0.0024561743845948,0.0008207267547146,0.0011262597885541,-0.0053978843465114,0.000565233319391,0.0012029291521444,-0.0050663579863913,-0.0050663582215828,-0.0050663681552258,-6.364890222497637e-05,-0.0041005226639466,-0.0041004814360961,-0.0060773409670209
2011-11-07,0.006216067541343628,0.007093361482557903,0.001362093883696,0.0105272674749281,0.0018775707658262,0.0014905410332581,0.0215435352905022,0.0030069680951649,0.0063529108653746,0.0241731837437528,0.0241731862952842,0.0241730994233251,0.0091055322234397,0.0099191643166183,0.009919237200611,0.0102627037833908
2011-11-08,0.012830698718702793,0.011510226897959441,-0.0022849434273775,-0.0042482500980431,-0.0028278528170396,-0.0020315846641018,-0.0060027541618118,-0.0025949460529139,-0.0127961610867884,-0.0082866400987673,-0.008286642147428,-0.0082865653585292,-0.008294193365091,-0.0012729286270005,-0.0012729437528488,0.0058309318737478
2011-11-09,-0.0369096923130664,-0.03515636487415108,-0.0016569696009106,-0.009820885499605,-0.003147782652242,-0.0022674451051288,-0.0124894908142572,-0.0032704355390692,0.020739940241693,-0.0084134865877342,-0.0084134836948472,-0.0084136186349415,0.0060956320208007,-0.0135263787177987,-0.013526255316718,-0.0319344746027211
2011-11-10,0.009418705425523921,-0.0005281610556977512,-0.0035977984491991,-0.0047112783706048,-0.0037459569374392,-0.0031670813218011,-0.0048527430168805,-0.0033823712142518,-0.0149002087039774,-0.0054048216354655,-0.0054048223957914,-0.0054048021625342,-0.0080526122158578,-0.0061981326149902,-0.0061981216177338,-0.0013656651231594
2011-11-11,0.01882227855179308,0.01884492439637464,0.0008831203134118,0.0104331201839393,0.0022807676916851,0.0022305395742157,0.0175847283072103,0.0034514075554201,-0.0061017658949197,0.0164777795861817,0.0164777795099441,0.0164778149966171,0.001554277414197,0.0130690838921866,0.0130689743993053,0.020812803214832
2011-11-14,-0.009474204777227713,-0.006223195963977912,0.0018167816525518,-0.0021566873806027,0.0011149286240763,0.0016865346961709,-0.005884283991149,0.0009758862764832,0.0160830488023558,-0.0043688771208863,-0.0043688763982891,-0.0043689256714212,0.0053859797397383,-0.0026626997766227,-0.0026625502161532,-0.0098426323054676
2011-11-15,0.004941841317970486,0.011132393131688678,-0.0001842667988186,0.001134775408855,-0.0001773142821449,-0.0008178376248227,0.0016166473021093,-0.0005988988911805,-0.0013614928762955,0.0009238098554528,0.0009238091242003,0.0009238324207096,-0.0006308373265805,0.0032244154618266,0.0032244525571429,0.0064139572091372
2011-11-16,-0.015862813106328866,-0.01651477708195148,-0.0010191324849501,-0.0079017347423112,-0.0026254157734962,-0.0015651708282687,-0.0105510272096244,-0.0026425881278946,0.0091177254396628,-0.0106714696328156,-0.0106714696981803,-0.0106714676455133,0.0003099782981394,-0.0049794047841959,-0.0049794975545032,-0.0133928927348525
2011-11-17,-0.01587707744935052,-0.02343878883764494,-0.0035792755525588,-0.0156216834616269,-0.0055274288642348,-0.002561910324563,-0.0249308203757527,-0.004893427860654,0.0080226879950317,-0.0257127159000454,-0.0257127170220841,-0.0257126896577449,-0.0054931070122427,-0.0131619082242501,-0.0131619589694356,-0.0225008312142634
2011-11-18,-0.0010643684697612121,-0.007701968698742512,-0.0026922180590092,0.0005529414147225,-0.0019738627272678,-0.0028598140022108,0.0034599944870585,-0.0021946874726463,-0.0002513463294526,0.0031118421647403,0.0031118426264073,0.0031118527902274,-9.774262548950055e-05,0.0019957138472233,0.0019955370118701,0.0008848651034612
2011-11-21,-0.019019488059596856,-0.01913360965627431,-0.0024525472231601,-0.0147912722971067,-0.0047336121528952,-0.0032360340561075,-0.024654199288123,-0.0052319799279053,0.0059493182143898,-0.0245793742411012,-0.0245793752334082,-0.0245793763882443,-0.0051657790055878,-0.0150849321330876,-0.0150848487547636,-0.0235780865214895
2011-11-22,-0.003927867535635676,0.003312548638963353,0.0012384138114118,0.0046148992201042,0.001080025638227,0.0008180975051297,0.0093833122626907,0.0013758644827541,0.0111617387373937,0.0110703182786591,0.01107031978642,0.0110702636710271,0.0073269788254375,0.005611636752648,0.0056117245658353,0.0033416533977889
2011-11-23,-0.022065676590638628,-0.022560631005402065,-0.0031621191369912,-0.0066561333744653,-0.0039639095889582,-0.003585751776571,-0.005789908323154,-0.0039036132943697,0.0098034070225268,-0.0029036140047626,-0.0029036117225824,-0.0029037098118246,0.0025865563145362,-0.0092295809509335,-0.0092294898736786,-0.0195443712197317
2011-11-25,-0.0018875906423636568,-0.007693839348270615,-0.0054336943944905,-0.0069876261215107,-0.0053053411021271,-0.0050149005581251,-0.007322849961267,-0.0052226702197806,-0.0145212504172483,-0.0086756523431308,-0.0086756528025506,-0.0086756076235509,-0.0092636234049115,-0.0064046246279693,-0.006404774170284,-0.0040169787066055
2011-11-28,0.028966794955908703,0.03479588807792999,0.0062774693175136,0.0159048688469694,0.0076502331239232,0.0082632385103735,0.0200375308033204,0.0091795008545945,-0.0004968165398741,0.0197675105279589,0.0197675098523687,0.0197675228146144,0.0058553644914844,0.0159656960744149,0.0159658580421803,0.0274396598864579
2011-11-29,0.002840293673876948,-0.006213737560543886,-0.0003719490561453,-0.0005195179096246,-0.0008909527691622,0.000152179744306,0.0011863779218783,7.87853851429432e-05,-0.0081992362561984,0.0015003295098607,0.0015003296028897,0.0015003186242852,-0.0028091597362412,-0.0030795420545886,-0.0030795908120871,-0.0023444581683324
2011-11-30,0.04114969469447449,0.036962313335060726,0.0026697987929413,0.0147679031531224,0.0051361959400924,0.00336004086782,0.0223100095655546,0.0051733276758858,-0.0156159870954048,0.019475073391126,0.0194750717939528,0.019475169702598,-0.0001395181437773,0.0188322379910499,0.0188321213151383,0.0364623876542685
2011-12-01,-0.00015999261148758048,0.006916196009124631,0.000839573480283,0.0006312828200898,0.0013006553528454,0.0011742315474974,-0.0046557216512418,0.0011635313222497,-0.0050169812459682,-0.0029389307458743,-0.0029389286884358,-0.004116757652077,-0.0022414610219859,-0.0052159353756618,-0.0006746729359115,-0.0015154446426261
2011-12-02,-0.0008804264445504417,-0.0028178073283909866,0.0044522298008453,0.0032046711554942,0.0041410963282939,0.0042024538749132,0.0004658098975485,0.0039107047435424,0.014016615443337,0.0011201109518369,0.0011201011520592,0.0006695997902556,0.0067223679562717,0.0051420212927393,0.004568161926961,-0.0010117911763002
2011-12-05,0.010892351014732293,0.010949987257664828,0.0012351996571169,-0.0025482337827127,0.0014182586455944,0.0011345736939241,-0.0072225050043958,0.0005229137266073,-0.0020234670720576,-0.0147214560100238,-0.0147214588970859,-0.0095511225858477,-0.0044519848213853,-0.0030190685172689,-0.0022798720792176,0.0029624385309917
2011-12-06,0.0003169388033168463,-0.0027950897376299855,-0.0011809867750769,0.0012288378635192,-0.0011637900945783,-0.0004812034347304,0.0029235562806146,-0.0002120685811042,-0.0095432658359239,0.0051397502936681,0.0051397598533265,0.0036355385279306,-0.0026333942319647,-0.001261371845034,-0.0016159344031939,-0.0009972389459889
2011-12-07,0.0037224024975619496,0.0,0.0026275548483498,0.0026052258627877,0.0032420924276375,0.0021624512015039,0.0084561934547804,0.0026453038165992,0.0035815448647151,0.0072541363410586,0.0072541371931337,0.0080737250665518,0.0052355038955794,0.0056663950011342,0.0023859956340724,0.005800075212138
2011-12-08,-0.021936351256171993,-0.016818644072888467,-0.0003292623345976,-0.0115381746276934,-0.0022058479714308,-0.000451787784313,-0.0210085975986191,-0.0021672613498061,0.0124901530461975,-0.0201888623531499,-0.0201888874827032,-0.0207464154920063,-0.0011226442066774,-0.0103877050520577,-0.0086257891462809,-0.0212731973112859
2011-12-09,0.016942225245050846,0.016037263377552513,-0.0019338879815224,0.0035878349059479,-0.0009138429369007,-0.0010641706925118,0.0088811196069933,-0.0004229159849891,-0.020560463350312,0.0025303944642957,0.0025304164133773,0.0068572884948801,-0.0078539065974844,0.0015430909484483,-0.0002310804344716,0.0140840299999979
2011-12-12,-0.014597482879293522,-0.01122430058178614,-0.0006408724577134,-0.0127286331680801,-0.0023661440245805,-0.0010218792728678,-0.0236024672303276,-0.0028925179407434,0.011138844408612,-0.026502300314331,-0.0265023260210868,-0.0245518538036514,-0.0035624981558617,-0.0112162981424021,-0.0092590501333694,-0.0201463621035377
2011-12-13,-0.009338867693295172,-0.010996601302728837,0.0015147331232909,-0.010544146588432,-0.0006130753808542,0.0006326837957988,-0.0184846158577687,-0.0012400013397663,0.0093209623302624,-0.0218532236431105,-0.0218532433469409,-0.0196009744389238,-0.0020403722841699,-0.0068750696605141,-0.0066490094101288,-0.0142591733676846
2011-12-14,-0.010646172243871543,-0.015602768361577701,-0.0008913331267562,-0.0146269779785426,-0.0021361889291618,-0.0006058368655184,-0.0213512590741556,-0.0025775389518221,0.0188896191538357,-0.0350898685282037,-0.035089903770706,-0.0259668564636238,-0.0034324204778293,-0.0066537024245239,-0.0130916981532648,-0.014790528151367
2011-12-15,0.0036143254740244046,-0.0027326451544866792,-0.0003528105097529,-0.0016067695990781,-0.0002087046810838,-8.143742087995953e-05,0.0033686584614143,-0.0001483630968437,-0.0037075225467439,-0.0036627475854623,-0.0036627453465533,0.0008801350057775,-0.0023067981552117,0.0023078514345299,-0.0035293009707042,0.0037241720025546
2011-12-16,0.0014826913417513854,0.005148665756268933,0.0052706122872838,0.0112804553788583,0.0060242048478156,0.0053274231168638,0.0162584302491861,0.0061706068995925,0.0116614916111363,0.0190375677447931,0.0190375693576935,0.0172655985203861,0.0112237092547659,0.0133443207905404,0.0115635045053647,0.0113111431105479
2011-12-19,-0.010691666390210797,-0.009843534654150998,0.0012482301498515,-0.0013803717171083,0.000929672358322,0.0010678259471936,-0.0045256986052478,0.0007546786799159,0.0126714698669364,-0.002319130289677,-0.0023191440944228,-0.0037332359665346,0.0044805929813962,4.763965706869438e-05,-0.0003054883387234,-0.0086385816580405
2011-12-20,0.030260167892314893,0.029639240650637166,-0.0005940237628235,0.0108036084905569,0.0010054999353399,-1.4604592912470515e-05,0.0194070349421631,0.0012914847308027,-0.0249454808335757,0.0136243005325917,0.0136243348755418,0.0173457091097232,-0.0061803608303126,0.0080042433103,0.0077982110186781,0.0260333562181437
2011-12-21,0.0019362626592496213,-0.014303438259113732,-0.0025308368569874,-0.0039092801923908,-0.0031072562787221,-0.0021726944568412,0.0006242844528108,-0.0022365652019996,-0.0139095976225375,0.0011466797736687,0.0011466908070799,0.000814066601372,-0.0052221913983142,-0.0032197428872906,-0.0074049611110287,-0.003735512107793
2011-12-22,0.008859097038343755,0.008525071742582435,0.0022814548562968,0.0006529908127175,0.0022442066005425,0.0020982119262036,0.0003909375810315,0.0017180771062632,0.0041985859892628,-0.0071265498918955,-0.0071265541939464,-0.0023353979868988,1.6614917452870027e-05,0.0035457355455583,0.0017902648277712,0.0059788928665017
2011-12-23,0.008940650342809553,0.008633390297748678,-0.0012278512664392,0.0020687539685475,-0.0008114170247589,-0.000750300471071,0.0026592093434691,-0.0004404305422005,-0.0111206430529519,0.0017303416136796,0.001730352687929,0.0023141846623788,-0.0043546508361613,-0.0010281786072296,0.0002564137054847,0.0048109537710021
2011-12-27,0.0007911743525010895,0.0037300733276706133,0.0014920619559941,-0.0008989342838715,0.0011346046901667,0.0014046614089391,-0.0041889510702599,0.0008195917264171,0.0047502458183961,-0.0089565086579374,-0.0089565158779029,-0.0059649166822904,-0.0007124467132977,0.0005232063829628,0.0003016533721783,-0.0010807090335021
2011-12-28,-0.013123495965787435,-0.011557875872665546,0.0015211595972965,-0.0105236084462304,-0.0002879335880796,0.0010530796558609,-0.0203654907138036,-0.0007994550194112,0.0184886102703731,-0.0250467920087295,-0.0250468217678654,-0.0221346539842435,0.0001145521685391,-0.0067407668766199,-0.0066148418960205,-0.0161578965106696
2011-12-29,0.010333954553998437,0.007195694545367282,0.0022937518478829,0.0016805378293878,0.0019570421675876,0.0026591926444206,0.0002728540171306,0.0022722810277153,0.0018234715622623,-0.0045686383043049,-0.0045686395042213,-0.0015824034904793,-0.0005052921883533,0.002124728781864,0.001633319271592,0.0045415086519395
2011-12-30,-0.00491583967957443,-0.002857759225952994,0.0025184079773417,0.0040843344583321,0.003033442362696,0.0024818438492915,0.0054123848376468,0.0029973187635794,0.0032270777127301,0.0109751763923091,0.0109751785634861,0.0075731563771908,0.005739612242652,0.0028242871039722,0.0032546462668626,0.0012249196684054
2012-01-03,0.01593613092929891,0.019165509679734294,-0.0003510751553684,0.0118343982806004,0.0007376804397278,-0.0009417690222008,0.0190635509370507,0.0013681833203023,-0.0150103748220132,-0.0150103898117885,0.0051711773418542,0.017657446730599,0.0012706646531213,-0.0012869590431666,0.0110680434136899,0.0190985692876129
2012-01-04,0.0015687849158805278,0.004217899367197964,-0.0014658965821897,0.0003892939514484,-0.0012012611455261,-0.001970484184872,-0.0029044505190891,-0.0012482014106175,-0.0118895475708337,-0.0118895525004455,-0.0157191246744035,-0.0047752909319965,-0.0029112750714711,-0.009132928782314,-0.0068313150469755,-0.0029064305076753
2012-01-05,0.0026624397794070553,0.0082253652665496,-0.0008216729454095,0.0035886635641191,0.0002515990735088,-0.0008077632979728,0.0078388730222651,0.000795231069643,-0.0017798552287924,-0.0017798556259707,0.0075606481484204,0.0080680648191372,0.0011410176807254,0.0030240680387777,0.0066381917495366,0.0068966774835382
2012-01-06,-0.0025773846521568444,0.003471694117733737,0.0023786082359593,0.0006591418001342,0.0019643398089805,0.0015772950275954,-0.0029761374472763,0.0017161118201616,0.007894515280218,0.0078945203062957,-0.0015169418722642,-0.0029422395541873,0.0028299870076831,0.0021944007167357,0.0003123846768773,-0.002309301290591
2012-01-09,0.002427670965065243,-0.0032868539535581,-6.458573797107903e-06,-0.0025609683240915,-0.0004319083063969,0.0002168233960924,-0.0040107311689698,-0.0004085115372171,-0.0017685056030968,-0.0017685068234759,-0.0032149488632519,-0.0039229735326858,-0.0019588522120921,-0.0019559396829179,-0.0008229495156614,-0.0023126191417458
2012-01-10,0.008670315131823036,0.007289271777843664,0.0007905435153592,0.0070823249591231,0.0015327719329709,0.0006720913911921,0.0122661294580976,0.001636758506754,-0.0016874060162936,-0.0016874115620619,0.0091433448980295,0.0120429453708506,0.0032779121842301,0.0035922018318155,0.0093882758441637,0.0117949202790821
2012-01-11,0.0005420565530795951,0.002067598452309083,0.0035596725061339,0.0050438727241022,0.0037253195770248,0.0037003264596016,0.0063370026573283,0.004065031980746,0.0130156313214124,0.0130156368661885,0.0079680100487727,0.0063873121723764,0.0075810210806128,0.0084105615107944,0.0054076026117931,0.0047547019524202
2012-01-12,0.0023991858643235275,0.003954517284330272,-0.0014694062240496,0.0021681611683492,-0.0004846407386585,-0.0016195776876706,0.0002632039490511,-0.000625168462975,-0.001418232928642,-0.0014182336463107,-0.0060974951699477,-0.0007846110351146,0.0005109695247055,-0.0028047735932633,-0.0003472928936785,0.0007274779572518
2012-01-13,-0.005173152886864152,-0.0035964302997807396,0.0022667036465111,-0.0017947283659554,0.0016648703112152,0.0020338848589263,-0.0034987920191006,0.0013191329129418,0.0099421195654926,0.0099421259243882,0.0032211682874364,-0.0026553599030678,0.0025871824833178,0.0042938713717641,-0.0006886552676221,-0.0034124957333309
2012-01-17,0.003880787182304557,0.009109572319744741,0.0022177882041825,0.0065482188544239,0.0026533227095966,0.0018858514378234,0.0080423451105924,0.0027445117499049,0.004632948444629,0.0046329473732227,0.0076420174340706,0.0080808147398156,0.0043152745298484,0.0049186309418788,0.0056525608867621,0.0094434552193006
2012-01-18,0.01105610859728512,0.013285523069124228,-0.0004723330789569,0.0044621455514295,0.0004707931863419,-0.0005157804227428,0.007396564897564,0.0009116262142916,-0.0121049812407564,-0.0121049913873893,0.0039441166704969,0.0074035676902376,-0.002711536724344,-0.0017926042382754,0.0095648533275418,0.0106535271147701
2012-01-19,0.005276366322608972,0.0062195588892508535,-0.0028880618576786,-0.0012393925597622,-0.0026134912554789,-0.0032408696828644,0.0005130864163724,-0.0027068158717651,-0.0137533721520495,-0.013753380680308,0.0009335892164152,0.0010645034834464,-0.006650376086526,-0.0049899423085988,0.0030789766635678,0.0032013082684089
2012-01-20,0.0037273498481620315,-0.001503237944044944,-0.0024445747168542,-0.0007163669653791,-0.0018421006385842,-0.0020625595746509,0.0050684433922287,-0.0016793319838201,-0.0113255999850692,-0.011325605722262,0.0034172984100698,0.0051613899045195,-0.003099173630057,-0.0020355097174174,0.000216365063032,0.0029234223062951
2012-01-23,-0.002576616996050829,0.00033439313953831373,-0.0002445909643642,0.0018827098720368,-0.0001244807676761,0.0001320190681488,0.0055580567954156,0.0001045774807781,-0.0063258793944663,-0.0063258842252904,0.0031227077628179,0.0053975327565667,-0.0006895323122585,-0.000432921568086,0.0004288276043763,0.004537426133466
2012-01-24,-0.001139828208233884,-0.0018396972805998502,0.0011721142109115,-0.0021945147118517,0.000665582013926,0.0010698855988537,-0.0014587188739442,0.0002917182905166,0.0018068779388439,0.0018068783979367,0.0063538675722296,-0.0001618492478269,-0.0008679328318799,0.0024760093860933,0.0035648576911504,-0.0002292476179939
2012-01-25,0.008367616513842435,0.012566997819780434,0.0066539084416998,0.0142179695972886,0.0079722407204332,0.0072837592927177,0.020964567289293,0.0086722739178592,-0.0024042989015783,-0.0024043055115801,0.01080721564208,0.0197474275529284,0.0092229412911997,0.0072978085301201,0.0097115646720258,0.0169190164783403
2012-01-26,-0.0051297917321128095,-0.003474952829583766,0.0042697809399112,0.0035137814468477,0.0040850121849529,0.0042344494318449,0.0051101017468495,0.0036816338826834,0.0132561106194062,0.0132561160340972,0.0079446097176714,0.0052748765086723,0.0078946830372087,0.0081908614494211,0.002352424733462,0.0021887057684004
2012-01-27,-0.00045483403166268754,0.002989124907270879,0.0019275172147867,0.0043302536880687,0.0022217336402003,0.0015344463437356,0.0061304316658108,0.0023714675180732,0.0031434091043967,0.0031434091495826,0.0010155358228408,0.0052643685356256,0.0050496107803575,0.0029672079991186,0.0032751065241043,0.0045647685505074
2012-01-30,-0.0034138320579047976,0.0008275045515855339,0.0008488970594344,-0.0001706502113814,0.0007966151390572,0.0007947692363918,-0.0057313691744312,0.0008795712995339,0.0117721024945396,0.0117721110848367,-0.0043494888905228,-0.0058915515479432,0.0027548310555095,0.0017659113517873,-0.0027185627995889,-0.0050914525847309
2012-01-31,-0.0003805226415426466,0.0013233536842613969,0.0031705524857676,0.0055713825056387,0.0035348767106704,0.003450982802019,0.0061724489088541,0.0036129830851114,0.0115507980176279,0.0115508020644787,0.0060090123673326,0.0059226090507249,0.0071752988642446,0.006824114951884,0.0029844257204674,0.00501026021462
2012-02-01,0.00875713503006903,0.008095379662967472,-0.0006041691613852,0.0011080785970365,-0.0001225457761758,-0.0009166938930417,0.0074303497439718,-0.0004834175299094,-0.0114547206231712,-0.0114547427183614,0.001476586512115,0.0065275967007475,-0.0036368803192663,-0.0030462580429576,0.0079888605810721,0.0083323152090816
2012-02-02,0.0015853726754069264,0.0031136054246654332,0.0015721034006874,0.003889216726288,0.0020186630628364,0.0015583903991736,0.0041457544693266,0.001984533603734,-0.0004196756290787,-0.0004196795864158,0.0087874758438098,0.0047189502406549,0.003141583848827,0.0031598497581947,0.004814218008949,0.004439876490441
2012-02-03,0.014018366235399427,0.013723094838806515,-0.0031971635834188,-0.0053343131082421,-0.0036888499455781,-0.0031512523838269,0.0040534095752999,-0.0034906752861588,-0.0214885529532522,-0.0214885843450519,-0.0199356869865617,0.0022710976814331,-0.0149489446671971,-0.013409856256002,0.0044958124596333,0.0044924776316359
2012-02-06,-0.0006687623406159693,-0.0008055674872774476,0.0020592625551112,0.0012505937622455,0.001526650815661,0.001998256137663,-0.0030404701815178,0.0013973745017406,0.0099505355511411,0.0099505480218635,-0.0027440120278249,-0.0023896044503418,0.0032464688173545,0.0026727245292895,-0.0023379120019775,-0.0029346363322174
2012-02-07,0.002528773580641408,0.0020966882406030507,-0.0032947391893378,0.0021597789507044,-0.0020897205317993,-0.0032601930303501,0.0024795328368609,-0.0022212192723722,-0.0124011076397307,-0.0124011231295747,0.015073582754041,0.0047325842494885,-0.0013200381278504,-0.0013849053429099,0.0043301152167167,0.0044167335639404
2012-02-08,0.002967609992480913,0.005311695897412871,0.0009496958802532,0.0003983425183813,0.0006581789399133,0.0009937584211523,-0.0007955592054494,0.0007865903382318,0.0007739918086938,0.0007739905099975,-0.0070712749703377,-0.0003247920221456,-0.0016431071521881,-0.0015714301905252,0.0002141315379293,0.0009043887043833
2012-02-09,0.0012575657411439956,0.0072044478369945875,-0.0010609916225455,0.0002258088555204,-0.0008628724450955,-0.0007085334432812,-0.0060198725394867,-0.0003907614092303,-0.0074767599865968,-0.0074767676222234,-0.0028486383709451,-0.0019080039521488,-0.0041015325145617,-0.0045134152493304,-0.0013764138422201,-0.0008936459046
2012-02-10,-0.0073875831769947276,-0.0069940305393350055,0.0006193986259928,-0.0016023798390243,0.0001857184769813,0.0004678382474074,-0.0081064064544633,0.0002976387023252,0.0129879978914844,0.0129880222336036,-0.0052375019202089,-0.0072794775202403,0.0039218003682288,0.0030900611747044,-0.0078199266520101,-0.0088929313058778
2012-02-13,0.0074425657505270415,0.009284141785967925,0.0012151898236347,0.0052200176162306,0.0017280798609176,0.0011000870542754,0.0078667957580074,0.001668626664262,0.0012822934035785,0.0012822869688372,0.0022136881697353,0.0072025332362563,0.001193869922544,0.0018649184741711,0.0077883335679272,0.0083231043645607
2012-02-14,-0.001255986255857211,0.0025379615435980885,0.0013535973640543,0.0014911294154242,0.0013364697338957,0.0014199970954655,-0.0079533247523297,0.001479582825842,0.0052929135940928,0.0052929225194035,-0.0023282154227807,-0.0041145865901997,0.0015942772852183,0.0004955598987458,-0.0034507002615588,-0.0039088829991736
2012-02-15,-0.004659893136882642,-0.006960769883481155,-0.0004760385740706,-0.001871959923359,-0.0007313336116299,-0.0004460127936826,-0.0025382110211356,-0.0008314103441203,-0.0017832861314052,-0.0017832865870346,0.0059239124230737,-0.0021569361696017,0.001332611847513,0.0008732825390812,-0.0029306533731315,-0.0018672430643447
2012-02-16,0.011073115618154938,0.01370064600252463,-0.0010577172572459,0.0039658288792301,-0.0003616425927281,-0.0008217135157786,0.0072878353028551,7.98039808065365e-05,-0.0079967101585449,-0.0079967268763617,-0.0006543309574198,0.0075476609458044,-0.0041324398445506,-0.0029062069055672,0.0089595343474102,0.0083200281399698
2012-02-17,0.0026460863626254216,-0.0031433043341834166,-0.0010666482518502,-0.0025498044518744,-0.0013956560999334,-0.0011295099659858,-0.0005448144325796,-0.0014024445964283,-0.0002569220340545,-0.0002569217363704,-0.0038690074633645,-0.0018493213254871,-0.0017069366261211,-0.0014717219116467,-0.0018749432825578,-0.0016013294510438
2012-02-21,0.00043999352352774856,0.0028379205407209618,-0.0004790454751062,0.0045551322110806,0.000305722570346,-7.001323884903154e-05,-0.0047802472586063,0.0003673076132983,-0.0110658791754337,-0.0110658927374491,0.0219300506588324,0.0021884565156166,0.0020084047783551,0.0006164082044035,0.002086682365155,0.001991752075428
2012-02-22,-0.003224474362779839,-0.0045591718675810355,0.0038459342640531,0.0042370841547467,0.0035530030086108,0.0036952316934684,-0.0026566306690308,0.0029721551021646,0.012577274833211,0.0125772876552978,0.0112267368680657,-0.0006796569904585,0.0089398310101424,0.0074709504643197,-0.0013316812968472,-0.0004889677399043
2012-02-23,0.0044108372667861495,0.006632967091392272,0.0021856106771165,0.0032830645618666,0.0023449749933921,0.0023203645519844,0.0088884198346688,0.0025674612918187,6.12661429576017e-09,3.9154719681950636e-10,0.0004626033979251,0.0068075029747483,0.0007050417989458,0.0018165649995553,0.007370446443737,0.0056606649729536
2012-02-24,0.0021955029620110977,0.003451707407120308,0.0015056163450202,0.0017505544599678,0.0011318625671503,0.0016499955202835,-0.0004422625224672,0.0012658826316815,0.0065106212352648,0.0065106257904082,-0.004565987422046,-0.0001373827634086,0.0008890046718959,0.0009417121601327,-0.0001379986547165,0.0012641071160733
2012-02-27,0.0016799085163956562,0.0014072019006410308,0.0020690908724301,0.0018357094865872,0.0021632859945699,0.0017917901155286,-0.0020513065402855,0.0020274443707786,0.0088506740251331,0.0088506860283576,-0.0030772711489918,-0.0013131516148459,0.0030989127000415,0.002568605275343,-0.00115664444814,-0.0020785302188019
2012-02-28,0.0029165946489448924,0.010148163948231925,0.001639178588628,0.0065293604005554,0.0027938080252933,0.0016414710389063,-0.001039955415267,0.00284927420321,-0.0032900399963956,-0.0032900480713241,0.010425201164418,0.0039911916903032,0.0025984273179778,0.0016983937365821,0.0041521007879142,0.0058619711124157
2012-02-29,-0.0039257887298878025,-0.004482106188714474,-0.0031447618866264,-0.0193004542296305,-0.0057767143591056,-0.0034819378746259,-0.0187015479937592,-0.0061847883707708,-0.0060944366235966,-0.0060944328630311,-0.0530290142946732,-0.0209605112020991,-0.0188373295422884,-0.0193391168694762,-0.0199729148623831,-0.0178182298801056
2012-03-01,0.005181374047828147,0.007917958144350035,-0.0006503530301923,0.0042976464035362,-7.490327855574908e-05,-0.0003337631132517,0.0060663632509712,0.0002018739934204,-0.0094139094126737,-0.0094139167298518,0.0083191257893779,0.00729242458061,0.003463576634665,0.0012320757232447,0.0097351939825411,0.0091256522281191
2012-03-02,-0.003049326392719154,-0.0007702754045839644,0.0010964290427795,0.0017652470473397,0.0010239077821445,0.0013615261542163,-0.0014668193360934,0.0013373945079495,0.0093917932869156,0.0093917990984228,-0.0008252630187137,-0.0005886346388034,0.0025017466793414,0.0034587767802379,-0.0062169614496453,-0.0014488297918811
2012-03-05,-0.004078182441960121,-0.010328503829104219,-0.003134461478628,-0.0070294509216469,-0.0036062540627346,-0.0036173215374045,0.0101194637375194,-0.0039624463324731,-0.0079385303809983,-0.0079385322375663,-0.0099288299576825,-0.0026267522304754,-0.0069244554410366,-0.0052586955143989,-0.0044813709260205,-0.0037465484472929
2012-03-06,-0.014625246815195725,-0.00981281332687034,-0.0018249487255775,-0.0057207500599655,-0.002725929347599,-0.0020583303999666,-0.0132493489726749,-0.0025006556786403,0.0121323180915728,0.0121323299559582,-0.0103298889671065,-0.0109333465120103,-0.0042269254854295,-0.0014248297635834,-0.0158968470342769,-0.0164683162872927
2012-03-07,0.006976013064405651,0.0077077871649000596,6.789776225257782e-05,0.0032702522816427,0.0006154811206369,0.0003728719835731,0.0054035562642564,0.0007494337383664,-0.0061213408346742,-0.006121346123022,0.0075789873506382,0.0059460317923477,0.002000756903996,7.927313718757872e-05,0.0072970860346231,0.0071953376045373
2012-03-08,0.009948868157988233,0.01077097225448953,0.000840687522926,0.003823596053968,0.0017004022686404,0.0012876369687939,-0.0052115928182493,0.001789446452876,-0.0100070086454498,-0.0100070168472053,0.0107265266752265,0.0043548261293962,0.0029591260357843,0.0002147473218265,0.0109717564603895,0.0073843152779217
2012-03-09,0.0038676260853263145,0.004170165022889583,0.0001593910762565,0.0041401792375963,0.0005414575790414,0.0004185439206725,0.004911257596498,0.000681812662038,0.0019863554060341,0.0019863549354174,0.0043308818016862,0.0046537709887018,0.0037672124006396,0.0027805375508465,0.0075830056387416,0.0042875075907284
2012-03-12,7.29102683381111e-05,0.00046156984113032706,-0.0005355660304858,-0.0010237464159532,-0.0008757215591572,-0.0004977697160949,0.0073314469187373,-0.0005676065387439,-0.0001721595674988,-0.0001721588072923,-7.744751874139305e-05,0.0014861535837519,-0.0023039253506996,-0.0024537178536073,-0.002948145833839,-0.0012887236010171
2012-03-13,0.01802578230646512,0.018601015766581908,-0.0019971577097068,0.0014050328634145,-0.0015328331490553,-0.0016979133760529,0.0202170643586772,-0.0011653815744063,-0.0175935778628713,-0.0175935892461684,0.0163129315623368,0.0121818722082517,-0.005448597308666,-0.0106021910937666,0.0069580327056866,0.0117370108114935
2012-03-14,-0.0010711250979227316,0.003471346036512557,-0.0088640221126593,-0.0087929097543958,-0.0085649440248517,-0.0082536723809654,-0.0026954013944103,-0.007854913138657,-0.025195558546705,-0.0251955668077287,0.0021590935829734,-0.0029455938052001,-0.0127088888169574,-0.0156940038974969,-0.0071410722882653,-0.0063275343213155
2012-03-15,0.005789518258126236,0.0028574547422406393,-0.0006109397151251,0.0035559407755112,-0.0003596808037673,-0.0003185659660731,-0.0014305099655476,-1.270857074109344e-05,0.0015316185264174,0.0015316179202127,0.0032846180655374,0.0023284527313917,0.0041262910087377,0.0034963599443597,0.0062772660119459,0.0039860153861588
2012-03-16,0.0013847417480954416,-0.0007059547766544716,-0.0002102251150409,0.0008495171452642,-0.0005550794776505,-0.0008365940605944,0.0057304915384017,-0.0009039777520306,0.0019777559266409,0.0019777561769316,-0.0005719784635039,0.0018373493886155,0.0007620599802844,0.0008448010440589,0.0011770871914091,0.0016675775829123
2012-03-19,0.00392005417829111,0.0070654104158434095,-0.0026552736930971,0.0009805477677147,-0.0015867440241096,-0.0022263006940462,0.0069644110839697,-0.0017578576410676,-0.0119357277290213,-0.0119357343385765,0.0067247657740868,0.0052864002511817,-0.0015355196476039,-0.0041760831792739,0.0050200972016769,0.0040543422514031
2012-03-20,-0.0029111055951220877,0.0017913696107565436,-0.000523880791698,-8.771358328329981e-05,-0.0003160583657439,-0.0001533037181209,-0.0014147966001235,-0.0001029993826374,0.0039964119324215,0.0039964159787994,0.0010912353395791,-0.0006900867813322,-0.0009252223721556,-0.0011855250416824,-0.0060801109668806,-0.0047789659443124
2012-03-21,-0.0016371592249054823,0.00014899836715387416,0.0027364472191939,0.0030109597815162,0.0026557995052427,0.002551225932214,-0.0014167171953605,0.0024549183419801,0.0113080911711909,0.0113080963473475,0.0001716715679904,0.0002698481069109,0.004096479557092,0.0050856246183562,-0.0001178277909374,2.8753490978941006e-05
2012-03-22,-0.007203983654500146,-0.0020859762298729434,0.0003559478904096,-0.0018574601390258,0.0003136374842551,0.0007839999824954,-0.0137137182024785,0.000689861850686,0.0032201838914096,0.0032201875850149,-0.0022094137513456,-0.0058877286715847,-0.0007314100915649,-6.068256931520314e-05,-0.0055087016120713,-0.0080793177010313
2012-03-23,0.0032330319756663783,-0.0005970882215079465,0.0024324541045215,0.0051190193513217,0.002081125159957,0.0023018619911321,0.0062330153566454,0.0023014311393594,0.0094514457697498,0.0094514479559452,0.000235843578497,0.004004608812335,0.006711141122048,0.0075705254008289,0.0074104420572541,0.0058671549172753
2012-03-26,0.014035140875543917,0.017478387126058648,0.0022217581768964,0.0111442697491839,0.0038165994741099,0.0030938022713662,0.011719918876498,0.0039978280783856,-0.0051232714940632,-0.0051232790559588,0.0174970879366118,0.0144533066747678,0.0089203198191385,0.0051919457325342,0.0172607149850668,0.0158224678119405
2012-03-27,-0.0031071083856160087,0.0014678632842544115,0.0041238384770714,0.001118708758997,0.0040948069010613,0.0038084957151514,0.0001584669764236,0.0035666014686499,0.0071919475153917,0.0071919511578963,0.0009166458022114,0.0001203318188783,0.0010347733997724,0.001848284976975,-0.0041832496279212,-0.0020583337625788
2012-03-28,-0.004958724183921515,-0.0039580804956051985,-0.0026352922050437,-0.0044852874025871,-0.0027746683450982,-0.0026860333209919,-0.0015824109792931,-0.0028367829768441,-0.0014102235868651,-0.0014102215836498,-0.0043874708110106,-0.0039961127174739,-0.0049636940937047,-0.0045197971298414,-0.0070808821661394,-0.006861737885948
2012-03-29,-0.0017087961455850564,-0.0038270595906072513,0.0019169893117643,-6.485752407126011e-05,0.001804061174307,0.0020556928150821,0.0004754086612335,0.00182072516852,0.0075031696757875,0.0075031740035098,-0.0036716597869794,-0.0014830185076685,0.0010916657740433,0.0026891058105111,-0.0038243849440071,-0.0015360074799887
2012-03-30,0.004136424992176924,-0.0019206660209953874,-0.002987256004161,-0.003768151589204,-0.0030560728083448,-0.0033840302638958,0.0082368081705841,-0.0033221456165638,-0.0169104408192079,-0.0169104495856597,-0.0014596465523014,0.0016396368940495,-0.0045782389358351,-0.0051768789125051,0.0011348583020911,0.004296767012592
2012-04-02,0.0073148775357410045,0.010362442255129167,0.0029081121844967,0.0070913402815162,0.003189284336037,0.0027997292379851,0.0070701756337896,0.0032021801932868,0.0055402665605639,0.0055402665639869,0.0099956127708482,0.0072980436040388,0.0069952364462881,0.0069952343716202,0.0088077225881785,0.008092559852432
2012-04-03,-0.004089345076562001,-0.00029283647627209586,-0.0058487534442127,-0.0092492690557487,-0.0063029342299404,-0.0054894158963857,-0.0039000704386153,-0.0058449339593557,-0.0173288818035495,-0.0173288802904378,-0.0015670769507136,-0.0075284051898616,-0.0112920937245547,-0.0112920798671946,-0.0061670380945901,-0.0073529904039869
2012-04-04,-0.009910941584825528,-0.01363024250061129,0.0010133968373031,-0.0075405193009118,-0.0003909659789258,0.0008381582473133,-0.010963119122116,-0.0004180376917689,0.0137459783482505,0.0137459744950987,-0.0138467842882262,-0.0122366019954686,-0.0060900256322419,-0.0060900068681908,-0.0139135663506188,-0.0139912950995787
2012-04-05,-0.0005002095316452015,0.006240449678753146,0.0024800516788421,0.0047618707668388,0.0026964432364717,0.0024424273297767,-0.0038006757093128,0.0027953425549018,0.0072258225231008,0.00722582133587,0.0062927659527524,0.0020972831424063,0.0057589026982525,0.0057588895426705,0.0010912533704324,0.0022133734793048
2012-04-09,-0.011231040208782184,-0.007530838757070724,0.0046354356461335,0.0025694157154405,0.0042896437010921,0.0045541269530664,-0.0106501707924202,0.0041241922230708,0.0233811077709361,0.0233811034370624,-0.006546994590867,-0.0038255683579727,0.0056987858597761,0.0056987762616634,-0.0077278544045064,-0.0054500669486524
2012-04-10,-0.016785068610648546,-0.016069058625381438,0.0003652911906024,-0.0034918483752526,-0.000109515637799,0.0007425968518166,-0.0215294659959596,1.6164277154340212e-05,0.0113368437782897,0.0113368405969369,-0.0142070903165622,-0.0100857556170715,-0.0003160069573867,-0.0003160318050197,-0.0143067367282027,-0.0109169555180729
2012-04-11,0.00809407875763446,0.004838731793116002,-0.000506461483877,0.0008598123047836,-0.0001946352918443,-0.000423086502386,0.0128079303523334,-0.0001589970308309,-0.0119801949883487,-0.0119801919593698,0.0044912291524539,0.006298243299255,-0.0009175170500405,-0.0009175084903173,0.0082934327382641,0.006879466658334
2012-04-12,0.013065855765850731,0.011437415919303584,0.002125647155684,0.0077083348203503,0.0027105440749948,0.0023242160958869,0.0137806722393027,0.002838171297502,-0.0041565284966662,-0.0041565261953027,0.0113462925184832,0.011491183049918,0.0065982537592078,0.0065982489812448,0.0125185673434275,0.0121021748131964
2012-04-13,-0.011888369708875524,-0.01517602714865196,0.0019145796410442,-0.0049352224662444,0.0008811748475416,0.0017840927707297,-0.0041579639040855,0.0006363497763084,0.0161765955324273,0.0161765919621508,-0.0149128581589333,-0.0080991718198912,-0.0035267886957821,-0.0035267690823009,-0.0107297934596025,-0.0105543445306108
2012-04-16,-0.000656358206200025,-0.011180323987144303,-0.0001926630724866,-0.0025471048509606,-0.0009617121632427,-0.0002443581983579,0.0136504430334623,-0.0010074875215708,-0.0014553517276467,-0.0014553507860859,-0.0105748185378081,0.0024212358162272,-0.0031530478567084,-0.003153028825493,0.0006404822525721,0.0002406309771614
2012-04-17,0.014812394132708517,0.020320859285318127,0.0016861726039316,0.007617922136021,0.0025493068634969,0.001396381511785,0.0085548935021764,0.0025982433238982,-0.0006001195330626,-0.0006001187002676,0.0188250508053675,0.008500507997847,0.0063790733344947,0.0063790742074612,0.0115110058226711,0.0099600168332824
2012-04-18,-0.003379943613892933,-0.002545614268494978,0.0006539436536259,-0.0026428397397322,0.0002328155040653,0.0006756304741828,-0.0067547186597383,0.0003665898450824,0.0029164536923327,0.00291645253359,-0.0027752267260106,-0.0050688744425971,-0.0023239709709582,-0.0023239678253654,-0.0054967049646406,-0.0053309746488513
2012-04-19,-0.006420505675131083,-0.011259324072132482,-0.0002378859395776,-0.0033814439711987,-0.000784374780636,-0.0001641974751529,-9.74664793318425e-13,-0.0009015951701527,0.0009408356160542,0.0009408354086067,-0.0104285907147632,-0.0026075758524514,-0.0028695803881086,-0.0028695761872141,-0.0044659714677484,-0.0038268297858727
2012-04-20,0.0016699486315858714,-0.002733062669079689,0.0005387083899739,0.0011873197049983,0.0001013625909715,0.0005966688001961,0.0121776821119825,0.0001582527506778,0.0001710104862694,0.0001710113148801,-0.0024963416871357,0.004822317193829,0.0006561366373237,0.0006561476387773,0.004196821171722,0.0036966170941129
2012-04-23,-0.008408734811533036,-0.009135492549052882,1.6199000469674374e-05,-0.0036763011007541,-0.0005363107468816,0.0001686239350342,-0.0103123255129187,-0.0005310070643747,0.0072600574995308,0.0072600552269385,-0.0087074468021583,-0.0073287964411535,-0.002477621853326,-0.002477623351529,-0.0093455643309062,-0.008272475843899
2012-04-24,0.0038011650300158184,-0.005377802050381741,-0.0009439033437649,-0.0007027296826934,-0.0014177776985936,-0.0009222152054511,0.0149984265914673,-0.0013814314522373,-0.0070389354443251,-0.0070389333065598,-0.004905907161396,0.0053067672277444,-0.0017914225428964,-0.0017914106064335,0.0047794706478961,0.0041746189064009
2012-04-25,0.01369196908430137,0.026571543942467857,0.0022927838992059,0.0099452785091016,0.0039138944113683,0.0022806827465797,0.01151028895607,0.0040225497482042,-0.00512373270386,-0.0051237308161395,0.0248728907413519,0.0120935963821058,0.0081879876169313,0.0081879839114199,0.0151299415493005,0.0137950905559839
2012-04-26,0.006968950573488675,0.005869280165330837,0.0030044516565121,0.0058653349637329,0.0029218645391122,0.0028176641821859,0.0024605605042085,0.003028100860948,0.0060085593629077,0.0060085590359088,0.0060742724221228,0.0051882832109697,0.0064594588112375,0.0064594497309871,0.0062572317443965,0.0061537693801042
2012-04-27,0.0016409408342203946,0.005984135153013659,0.0008877654872716,0.0037410311882142,0.0013305658903304,0.0008059512834481,0.0069028283794083,0.0012782643350908,0.000853867804211,0.000853868228117,0.005720611933672,0.0051518486730157,0.0033937450555985,0.0033937463510905,0.0059469233964734,0.0053896743012913
2012-04-30,-0.0037040113880775216,-0.0071382830707973355,0.0006813391093922,-0.0018624755936972,0.000156965775399,0.0010147373687112,-0.0025900045927023,0.0002794979706881,0.0002555496696538,0.0002555495111251,-0.0064303686444942,-0.0020883861237147,-0.0013943359835262,-0.0013943390378782,-0.0047085322105932,-0.0033150488605897
2012-05-01,0.006219932059962963,0.0016473256471845055,-0.0005669943226384,-0.0004766060738869,-0.0010149643433543,-0.0006440879230746,0.0108448757258001,-0.0008968684026229,-0.0051864979996963,-0.0051865035143559,0.0016668879996439,0.0040113156595591,0.0020097537107314,-0.000523123951793,0.0018457893704192,0.0028080546528408
2012-05-02,-0.002984210645996632,0.002841690678128783,0.0017694382067987,0.0014690290365828,0.0023265958251388,0.0017787146759593,-0.001510837768624,0.0022337084723711,0.0070427964366609,0.0070428023361962,0.0028726104984806,-0.0023678923890018,0.0027019830012683,0.0033839208381075,0.0020595928086625,-0.0006885080410769
2012-05-03,-0.0076254834764794,-0.010587641453973728,-0.0010588972889251,-0.0065075422825833,-0.0016216739336533,-0.000943578286056,-0.0034811769461332,-0.0018899737237726,-0.0002557433148589,-0.0002557385194221,-0.0099239795995649,-0.0069022641044795,-0.0043068461211317,-0.0036295628360035,-0.0053061583042326,-0.0086533489753519
2012-05-04,-0.016158066434573626,-0.024867970052566246,0.0003650468801021,-0.0056831610441385,-0.0006280850083979,0.0006482028204468,-0.0088076885002021,-0.0009542524160088,0.0078485059915486,0.0078485197511464,-0.0229790117164131,-0.0052981304084968,-0.0073501106245979,-0.0047925061952839,-0.0074336866964956,-0.0110570535873707
2012-05-07,0.0007302504549668853,0.0009274189556307544,0.0003395516049715,0.0006205468721331,0.000482286457875,0.0002729824901743,0.007047703572437,0.0003107662779475,0.0001692619774211,0.0001692605078619,0.0010978470410394,0.0025109684444991,0.0024150048926352,0.0009488483043372,0.0021987704282965,0.0019244193300233
2012-05-08,-0.004011942782818578,-0.0037061101297004573,0.0009417866366583,-0.0050003207542975,0.0001227787303577,0.001075626774756,-0.0018255478184077,6.917628130320708e-06,0.0053318194174091,0.005331827149399,-0.0032686166690225,-0.0093322345103065,0.0001666742259962,0.0009850299794301,-0.0019960287402121,-0.0075307903219708
2012-05-09,-0.005931632733248371,-0.003099784795008498,-0.00109981612731,-0.0037693325073194,-0.0014281915447805,-0.0009978250856648,-0.0032007906410456,-0.0012442584761896,0.0006734892969485,0.0006734937718009,-0.002946369712132,-0.0059540304187238,-0.0016033373674613,-0.0007936033266213,-0.0026688823209367,-0.0054003138231284
2012-05-10,0.0020628219258651548,-0.0020211930710487547,-0.0010729905706616,-0.0008724488968943,-0.0013476707809092,-0.0011181327705217,0.0007643476207976,-0.0012907870134358,-0.002944963559678,-0.002944966290055,-0.0019676662042945,0.0009986726722247,-0.0014017957690155,-0.0018371714685718,-0.0010663220578877,0.0005863014153692
2012-05-11,-0.0030146086030855557,-0.00015584111955746494,0.0023606501553461,0.0006462943923646,0.0022227993568235,0.0024763362208612,0.0021391836259243,0.002209190056756,0.0082690551438306,0.0082690628585341,0.0002698601438989,-0.0022370423356828,0.0034056494384699,0.0036376720440709,0.0022939249739399,-0.0020032151160338
2012-05-14,-0.011061008411704987,-0.009348554524928443,-0.0002798141229013,-0.0041451544873032,-0.0010603142136677,-0.0002527582072281,-0.0126542354615337,-0.0009618892749687,0.0139747218312844,0.0139747404264488,-0.0084887333067157,-0.013128850582518,-0.0019668388359372,0.0014471584785502,-0.0038606149984786,-0.0122882219351088
2012-05-15,-0.005741558734199459,-0.0033029496593914853,-0.0015395339132137,-0.0031867190185733,-0.0019486650080575,-0.0014368124593749,-0.0052503165333751,-0.0018801978722335,0.0040441781137865,0.0040441846135308,-0.0030619873438512,-0.0072677864603822,-0.0013246795793408,-0.0002185293525784,-0.0024033810991888,-0.00589775909335
2012-05-16,-0.003824687856217701,-0.006785582612630514,-0.0021697840170634,-0.0031146263797336,-0.0024062284773379,-0.0025817209396817,-0.0110214747507196,-0.0026589729541436,0.0028767316100687,0.0028767385467189,-0.0065239481141648,-0.0068022698680563,-0.0044043193362394,-0.0020504761249922,-0.0046661029024706,-0.0066238010453098
2012-05-17,-0.01483107612429968,-0.02113130418904796,-0.0025077975173353,0.0010390784532265,-0.0033582825604842,-0.0023162470897294,-0.0291947756802386,-0.0028333442310167,0.017703493195551,0.0177035156707708,-0.0197840828576209,-0.0068957998791616,-0.0094129812135532,-0.0028264607788822,-0.0075521997886309,-0.0106622908172753
2012-05-18,-0.008558719946073157,-0.012984850838574147,-0.0012256414041242,-0.0022681498349609,-0.0015864449653472,-0.0007962003487683,-0.0121261001168744,-0.0014707232905039,0.0002416316882815,0.0002416359302498,-0.0124070711086651,-0.0023463935751381,-0.0075259630271925,-0.0052310841469424,-0.0063155690305052,-0.0050391876299088
2012-05-21,0.017188165698790003,0.027955698904784665,0.0024343759121785,0.0103687560585812,0.0036842146413003,0.002408120653127,0.02176779018246,0.003982958680776,-0.0020933099771396,-0.0020933230352848,0.0265032646748293,0.013509835435516,0.014028207510303,0.0091529680620033,0.0143538189065811,0.0174676898700876
2012-05-22,0.0017427771986107121,-0.0011196075717571086,-0.0017324706815765,-0.0079464178608694,-0.0024064697516321,-0.0017650477929629,0.0019221252980314,-0.0022600908078628,-0.0111346831859982,-0.0111346883202243,-0.0014352944032228,-0.0061121774865433,-0.0033144152076421,-0.0041283620474343,-0.0047614313319875,-0.0053463201607661
2012-05-23,0.0005298709492320697,0.0019216403468931276,0.0013313583064751,0.0021225013868522,0.001469040295575,0.0010711483068392,0.0014386814698739,0.0014447951596041,0.0069355814620333,0.0069355872275247,0.0021139930368884,-0.0003829017543041,0.0033507821134348,0.003587062697129,0.002786322820308,0.0007455451867858
2012-05-24,0.001965394179155755,-0.00655377104791921,-0.0011126245944782,-0.0028957650037633,-0.00161545393306,-0.0012145427406154,0.0044701250644951,-0.0019327973730741,-0.0038084412968484,-0.0038084432707617,-0.0060760209911436,0.0010002036198673,-0.0019822554085405,-0.0033055343790319,-0.0019061136653693,-0.0008313680759947
2012-05-25,-0.0032443620719978528,-0.001287183201044484,0.0010437371820113,0.002453417929342,0.0014052820022993,0.0009045513504433,-0.0039731265690868,0.0012760249128456,0.0037415979395717,0.003741600939903,-0.0011668960162865,0.0014443662126931,-0.0001656346646327,0.0012089435261267,0.000383134825289,0.0008729468827989
2012-05-29,0.012111834035069435,0.012727726946927032,0.0029193500013291,0.0017791823889621,0.0028428203786319,0.0030125304211512,0.0142009193081977,0.0030175644031964,-0.0030790835072223,-0.0030790921851961,0.01211969292002,0.0035802775286438,0.0070709026511506,0.0040627936443289,0.0060677101208248,0.0062663408201884
2012-05-30,-0.014510087423397544,-0.008431293352817226,0.0033815518105682,0.0037581758896132,0.0032203694373833,0.003615359918464,-0.0237567761606802,0.0036908960744914,0.0253614854949766,0.0253615125669628,-0.0075331159618902,-0.0099386057150368,-0.0010956700612386,0.0055602709138916,-0.0014587245616677,-0.0098062557273264
2012-05-31,-0.0022009257645272395,-0.004331671316696206,4.781995502467495e-06,0.0029022277908583,0.0002831141866703,-0.0008978793246564,0.0075744707365545,-0.0004051614077699,0.0115745080993578,0.0115745170431019,-0.0032780924836258,0.0025055912336371,0.0048336131879932,0.0040955626078535,0.004254285166758,0.0002689230577459
2012-06-01,-0.025177018506695625,-0.026587471644333283,0.0009755680114151,0.0027828141439989,0.00181736425035,0.000832349075601,-0.0244721207719057,0.0009687000939517,0.0237399249029798,0.0237398533988658,0.0235704408864935,-0.0113237031071082,-0.0112045775850816,0.0023370277838296,-0.0073368578568662,-0.0156513514335921
2012-06-04,-0.0004680224745915451,0.007614638376628902,-0.0036170686314879,-0.0038156153813226,-0.0031016372345323,-0.0033455753438441,-0.0068865003453664,-0.0028163529425518,-0.0079008117292201,-0.0079007975575303,-0.0078972461918358,-0.0071631239579026,-0.0023820882365641,-0.0025736472478824,-0.002728118241705,-0.0010158968505502
2012-06-05,0.0075723438904753415,0.004107365781668815,-7.70569578461e-05,-0.0007118117308306,-8.48930416004201e-05,8.477610599322283e-05,0.0206373503029073,0.0002223977048503,-0.0133768079907883,-0.0133767642882806,-0.0132572349012703,0.0113609889923354,0.0047002119082423,-0.0039894385789769,0.0030791127380239,0.0089965878735702
2012-06-06,0.02246823602739778,0.022905880883784535,0.0006820284466944,0.0009147794355606,0.0008558351960501,0.000743673129061,0.0221608990058532,0.0011503169959197,-0.0199845808689355,-0.0199845095059114,-0.0198364232769697,0.0106669588324,0.0099910289284529,-0.0013827765546819,0.0068692021828321,0.0172529747493927
2012-06-07,0.0006062631157468523,-0.003998764943475397,0.0023135005548802,-0.0034760381293499,0.0014034337408932,0.0024654154487282,-0.0071212247891995,0.0015656288891765,0.001519494159552,0.0015194844419011,0.0014891186180364,-0.0047647228729761,-0.0035342206332249,0.0001883900018399,-0.0026385298150385,-0.0064817140043069
2012-06-08,0.007951457191239575,0.00963523224498708,0.0023002231201276,0.0055159000201838,0.002685150421082,0.0021619747738597,0.0141856713032548,0.0026180560157562,-0.0002392268524114,-0.000239211992643,-0.000188517592213,0.010251704585478,0.0084307907944554,0.0034117681589276,0.0071486475099021,0.0101775445027509
2012-06-11,-0.012697389162790507,-0.016859969806218733,-0.001437625387373,-0.0066857695692555,-0.0016947118165834,-0.0014402939248234,-0.0224739107189233,-0.0019307393251253,0.0045519106743923,0.0045518811560393,0.0044569043278704,-0.0151034127422871,-0.0126431408562473,-0.0029036037930595,-0.0101659419552731,-0.0157042711229219
2012-06-12,0.011491207365375011,0.012133556264473988,-0.0006003664195219,0.0013458015320524,-0.0001587329298372,-0.0005076189609907,0.0094856122879107,-6.981024124619317e-05,-0.0091427110204313,-0.009142677926346,-0.0090772253359776,0.0044052849576608,0.0050050049625982,-0.0010022133619441,0.0032071283609912,0.0092250786064603
2012-06-13,-0.006394957196545814,-0.006873308276100665,0.0019503598805892,0.0021193114010262,0.0019787493551559,0.0018782243749435,-0.0050962579826402,0.0018404760798611,0.0098690303278657,0.0098690036761438,0.0098164215956437,-0.0010149157024888,-0.0017846660080729,0.0028487445182818,-0.0001007242906668,-0.0048172004887428
2012-06-14,0.0106003140813693,0.003702319382387076,0.0012743187468384,0.0040617709827364,0.0007358084599005,0.0013976625629248,0.0145670606369849,0.0009192928195009,-0.0012715923437719,-0.0012715802164964,-0.001215913255863,0.0102475338525426,0.0062407403198199,-0.0001948087174904,0.0048313813132085,0.0082472297945434
2012-06-15,0.010227248837823222,0.012423874056398443,0.0042409521332931,0.0067266751492403,0.004526219243722,0.0040685652756209,0.0061532581265921,0.0045923749867482,0.0055693269522103,0.0055693279395174,0.0055713796663705,0.0059940080530227,0.0085825504073592,0.0071999299364935,0.0077071481732978,0.0089227202749156
2012-06-18,0.0019383113820043985,0.009366685093818106,7.785713043229059e-05,0.0065102734989035,0.0008418785747632,7.25878119451906e-05,0.0083112503812543,0.0009675105931361,0.0053795011355994,0.0053794942028439,0.005389807518675,0.0075117020175762,0.007033725803602,0.0042980661872395,0.0068895512733828,0.0060354666979184
2012-06-19,0.009672675282900167,0.010380485746788626,0.0006083283099063,-0.0031047396233896,0.0005589624757957,0.0007153783796107,0.0040433412889557,0.0006758382141007,-0.0130625144802682,-0.0130624738679,-0.0130023809610744,-0.0006217778399481,0.0021416376114581,-0.0019225899277897,6.712278086476391e-05,0.0064640066824667
2012-06-20,-0.0016212700323195994,0.0007783641510368255,-0.0007535416400369,0.0015807834487031,-0.0003139517611281,-0.0006297680521317,-0.0004645755487807,-0.0003345670722424,0.0049434710852374,0.0049434554466455,0.0049244597738273,0.0010103101119094,0.0014246156552348,0.0011484427087673,0.001373529019212,-0.0006651941291929
2012-06-21,-0.022438678233027254,-0.024887118793954333,-0.0030997088658974,-0.0093049585709701,-0.0039095684908515,-0.0030416385984766,-0.0162714709528973,-0.0040376345699966,0.0053156297745465,0.0053155887327764,0.0052397429099775,-0.0103842241194731,-0.0131849948176047,-0.0050771673989823,-0.0105395633586122,-0.0198601655058829
2012-06-22,0.0077011860358469075,0.01052798813747824,-0.0001155799194311,-0.0033886759475948,0.0002708548008789,-4.210970510276635e-05,0.0001573265403247,0.0001719899460275,-0.0133374029650352,-0.0133373624495119,-0.0132899639588618,-0.003522964067927,0.0003397934984732,-0.0022248146157715,-0.0012306195159413,0.0050201086057918
2012-06-25,-0.016034227271891854,-0.019258272280392785,0.001898923633099,0.0017477946613027,0.0012060495215069,0.0020936508071558,-0.0050975283320021,0.0011383689698643,0.0145577345187965,0.0145576901268044,0.0144886387928918,0.0002628665874217,-0.0045008374198748,0.0004917848345546,-0.0023910160684433,-0.0086930701936797
2012-06-26,0.005025559725109874,0.006277479795883556,-0.0010816889145052,-0.0003064492224875,-0.0010708660194913,-0.0013132633606534,0.0033519854011039,-0.0012265174508783,-0.0039418933751763,-0.0039418814417182,-0.0039162525917145,0.0013627944507137,0.0020975114875538,0.0001374741353391,0.0014843846654297,0.0026076531168147
2012-06-27,0.00901678846992815,0.006077819050320343,0.003243484259201,0.0031129896617345,0.0029263056579587,0.0033199169819615,0.0039772785044147,0.0030649422692583,0.0015826580331092,0.0015826635464924,0.0015910759893826,0.0033242161762977,0.0051186137028316,0.0028514152108141,0.0036302943834784,0.006755571795486
2012-06-28,-0.002853571468035665,-0.011128717935116716,0.0014762013867355,0.000303677579577,0.0005584991337879,0.0015549360044837,0.0109330308168675,0.0008309758133455,0.0024499323446717,0.0024499245333312,0.0024797539491208,0.0086195151840871,0.0005084082038783,-0.001478887706584,0.0010000885976777,-0.0014887812376071
2012-06-29,0.02492673555388336,0.03151126169944041,0.0026382137383285,0.009466539946966,0.0036320707423274,0.0024717985010596,0.0255486750194657,0.0035868622237489,-0.0130073201052747,-0.0130072516696086,-0.0128717810368895,0.0150336612823862,0.016126018992094,0.0041423247545716,0.0127547270219443,0.0252715375131169
2012-07-02,0.0030124431358109494,0.00296152322431964,0.0035667978075202,0.0080120669085825,0.0036130548539665,0.0034257832756166,0.0110039501551182,0.0036923916576614,0.010870209717772,0.01031774263391,0.0103177468693897,0.0106664380931175,0.0077667805030918,0.0080844418695993,0.0077488892194124,0.0058467146846995
2012-07-03,0.006592744668584061,0.008391560858824088,0.0004832387271773,0.0018371497815412,0.0007078339270776,0.0002440780195798,0.0058957566774853,0.0005610473897801,0.0032488332801393,-0.0076851218530178,-0.0076851326277471,0.0027181614485894,0.0085633147194787,-0.00044555775199,0.0017313535662614,0.0100481976042848
2012-07-05,-0.004512127401122057,0.0006160572019311417,0.0014166421332664,-0.0013842101498743,0.0011703919147714,0.0015338818118084,-0.0061618455654454,0.0013623883104447,-0.0039649500645238,0.0051100293446655,0.0051100354153556,-0.0034858589405603,-0.0019839905192843,0.0005515247057577,0.0001377497903064,-0.0045855983356116
2012-07-06,-0.00950321836513035,-0.01247481172386744,0.0006085042168899,0.0012778126679202,0.0003341343052765,0.0009552870432492,0.0024196764822659,0.0003525106688877,0.0037594197723012,0.0092936437212726,0.009293653448364,0.0038773288402756,-0.0065002056113947,0.0033192052285954,0.0001224808655295,-0.0078459039075668
2012-07-09,-0.0012549773549846988,-0.0018712722845825036,0.0020540459454665,0.0041566981750165,0.0016705647793027,0.0020518724789124,0.0010561866503409,0.0017398151201257,0.0025683217010345,0.0088146737026282,0.0088146813489643,0.0029656742194689,-0.001366304649898,0.0036022020162518,0.002675917721571,-0.0003262586343001
2012-07-10,-0.008720154693394377,-0.009843813464234907,-0.0017940240181737,-0.0053952037938207,-0.0021904494218859,-0.0016612092272493,-0.0106993591464233,-0.0021582033173559,-0.0082187065693093,0.0020284208828715,0.0020284286097751,-0.0076158888387802,-0.0099303355351616,-0.0034480649956927,-0.0055085306151578,-0.0108864210714705
2012-07-11,0.00014912644679410114,-0.005523023183626186,0.0004478090297761,0.0009999807859824,9.10572225198969e-06,0.0004943348366517,0.0010661634802959,-0.000330373932315,0.0011011251522383,0.0012455440728501,0.0012455456323192,0.0011749724248513,-0.0020385649537379,-0.0001338369944041,-0.0010550357170857,-0.0005284991409267
2012-07-12,-0.004844922978335164,-0.009362289625878484,0.0007171794003977,0.0024912621634158,0.0002208391078735,0.0005992662215557,0.0030434044323199,6.688472156923808e-05,0.0038293753175579,0.0070760703415645,0.0070760766726366,0.0039450420961979,-0.0031398358238709,0.0027880950989973,0.0004566893483662,-0.0030670011029436
2012-07-13,0.01677770105543086,0.015216887122603273,0.0019736740497326,0.0058837928978112,0.0022026589193717,0.001496793606698,0.0122875820194086,0.0021338361418818,0.0093811030763221,-0.0026250357701066,-0.0026250448613855,0.0086168642192929,0.0122910343687382,0.0041732475700487,0.0073813717927518,0.0126721066893092
2012-07-16,-0.0023572649498529996,-0.00283984472651988,0.0006364500021438,0.0023222814174848,0.000340601147448,0.000365555695535,0.0019481178738975,0.0004033016249755,0.0024737963942745,0.0046452752207872,0.0046452791860601,0.0025845898320798,-0.001855232137291,0.0023539771623389,0.0013460636157234,-0.0007862955627735
2012-07-17,0.006866912430633976,0.005221450186725596,0.0001095250160125,-0.0004924804180516,2.308130418793297e-05,0.0001172531270243,0.0095722434363596,-0.0001450409547223,0.0061746315939799,-0.0078602910345266,-0.0078603011147199,0.0051078142850131,0.0059693424458967,0.0002674555634188,0.0018238974442266,0.003824111428753
2012-07-18,0.007407135622184757,0.01353710441168765,0.0026309599517515,-0.0004142961249201,0.0027015200794415,0.0024060858723502,-0.0059256752448363,0.0026950386443833,-0.0046647788683081,0.0005437670980053,0.0005437659730131,-0.0043001699013573,0.0045439618361506,4.178100450188885e-05,0.0025473907008633,0.0025819465509178
2012-07-19,0.0026209001366932494,0.011026388803851539,0.0002133844704603,-0.0027045221731651,0.0005267419974013,0.0001212257461291,-0.0104324892373477,0.0005793685170532,-0.00889850745822,-0.0025618920745531,-0.0025618932325858,-0.008327802621472,-0.0005804248722006,-0.0032353469793848,-0.0007369930609761,0.000174488887936
2012-07-20,-0.009148718147955703,-0.013210505729025379,0.0005663682904317,0.0022557635203743,0.0001314451252709,0.0006378211782895,-0.0052709208508495,0.000174492874694,-0.0018621371754928,0.012218925049755,0.0122189390369105,-0.0008977392808611,-0.0098402889296511,0.0019469122074951,-0.0014841755953271,-0.0070857390516811
2012-07-23,-0.010111822578040663,-0.012141938117046114,-0.0008365072813167,-0.0018555051478786,-0.0008539890201122,-0.0003344890959787,-0.0072672628786994,-0.0007667627826865,-0.0047569606423704,0.0056126393748798,0.005612648400724,-0.0040784548716734,-0.0107759860998365,-0.0012171593407479,-0.0039744682211292,-0.0093392494981318
2012-07-24,-0.008587185674899578,-0.007878984654993149,-0.0010274682463711,0.0019248921067667,-0.0008768139317503,-0.001104936729374,-0.0033552186868512,-0.000767679101021,-0.0011663210588069,0.0078756145670932,0.0078756236443814,-0.0005184584641586,-0.0079240782666727,0.0011429608420862,-0.0008159696205713,-0.0046514718317155
2012-07-25,0.00022420688562196922,-0.006670946632690633,0.000135355821206,0.0022189597846908,-8.117461439471896e-05,-0.0001147015460668,-0.0004590591523057,-0.0003373665948135,0.0001330284036983,0.0025788355075319,0.0025788380926914,0.0004935137277686,-0.0016832753136575,0.0001327041696105,-0.001310670554366,0.0016140868691996
2012-07-26,0.016496982473641397,0.013271709059675896,0.0019629116696089,0.0012498907554756,0.0021468432059601,0.0018878519678491,0.0088793804033426,0.0017506064964225,0.0053643609425598,-0.009155543327762,-0.0091555568067079,0.0044512395362028,0.0102510395312099,0.0003160625875963,0.003589203859475,0.0097111030102306
2012-07-27,0.018433060807893753,0.02367045485800512,-0.0014241311759147,-0.0017454811409678,-0.0007300491935227,-0.0017068364634215,0.0095597848630353,-0.0007581709329442,0.0040203013776674,-0.0188622925101962,-0.0188623151588046,0.0025551291136972,0.0176843737584509,-0.0025872930390878,0.0035890882269358,0.014888054620432
2012-07-30,0.0,-0.0007708047882658553,0.0022085662438158,0.0044113686359088,0.0019928983863397,0.0021438721986613,0.0046593987062599,0.0020535050881911,0.0052076960791446,0.0074726067433775,0.0074726116148862,0.0052677950328674,0.0001454828363717,0.0045281109690096,0.0037302265939324,0.0004629590734626
2012-07-31,-0.006994602568876518,-0.0003082652540882247,-0.00018440025483,-0.0005163368680961,0.0002453567490845,-0.0001763271108854,-0.0014956941433762,0.0003967611697985,-0.0008127723742911,0.0020082529764639,0.002008254718815,-0.0007058324667698,-0.0034371051178635,0.0006454145290384,0.0002354321674533,-0.0033819127522574
2012-08-01,-0.0008713039847100257,-0.002932208762812305,-0.0010297466851082,-0.0053872969869663,-0.0016464270898052,-0.0007209894745939,-0.0047950407241117,-0.0019028232168,-0.0048220042405621,-0.0049989240585149,-0.0049989242023915,-0.0048432542036043,-0.0054643075043571,-0.0041826002106963,-0.0058196204491366,-0.0065526663469404
2012-08-02,-0.006904562357359367,-0.003560136948502546,-0.0002389887458981,0.0022807536177131,2.615879660439191e-05,-0.0003034602398698,0.0028606963470323,0.0001966934019856,0.0032319971826784,0.0056682658567973,0.0056682665817754,0.0035246189158632,0.0011272950015442,0.0017298065638849,0.0002518231918486,-0.0025262409420545
2012-08-03,0.019833306007448037,0.018950167452684852,-0.0003113391531461,-0.0020711325532838,-0.0001827246018522,-0.0005345751455382,0.007806509830796,-0.0001479093680852,0.0046399639642408,-0.0161371542421916,-0.0161371564013468,0.0021444120797322,0.0055692751633979,0.002662835272876,0.0021507514403063,0.0131742945014272
2012-08-06,0.0019376492428633263,0.007621829519961931,0.0005767727155503,0.001004909899738,0.0009763562277134,0.000519822974845,-0.0010426580180118,0.0012129230256392,-0.000852957188449,0.0003917555586323,0.0003917553089965,-0.0007034540651708,0.0028672483634633,0.0021558103384133,0.0020108025388047,0.004196199331141
2012-08-07,0.005013415503090091,0.008320826614339971,-0.0033099289517917,-0.0092701263134521,-0.0033264586341023,-0.0033332309789694,-0.0117806970407615,-0.003099667220062,-0.0119241569820373,-0.0128654591550104,-0.0128654601814253,-0.0120372174778515,-0.0039887301076169,-0.0054230077302828,-0.0066051656258358,-0.0001675015350377
2012-08-08,0.0012113984330124339,-0.0004502933880592419,-0.0006301696134916,-0.0044896048638175,-0.0008663485664014,-0.0005124825337653,-0.0067902161525664,-0.0008843676934885,-0.0065963506917915,-0.0053243115954443,-0.0053243119322716,-0.0064435653975579,-0.0039195747936842,-0.0039085141465605,-0.0032958319590515,-0.001938365141543
2012-08-09,0.00085463401058683,0.0030022908531321946,-0.0001979224640449,-0.0007091888860024,-0.0001718297191239,-8.417862744669602e-05,-0.0031904683575109,-8.54949887003631e-05,-0.0028636688870321,-0.0007193907639123,-0.0007193909456974,-0.0026061184413866,0.000203793751641,-0.0003465035120261,0.0001036548514537,0.0013973881246967
2012-08-10,0.0016355662562264062,0.0005984496576583176,0.0016762017415059,0.0029092725856054,0.0017689650172423,0.0014228233479507,0.001371640219397,0.0017873518745505,0.0018563914687954,0.0050370603754848,0.0050370607115226,0.0022384234819422,0.0017530525317379,0.0023900943029575,0.0023463534877696,0.0006049957308673
2012-08-13,-0.0004972077340498204,0.002393297946446271,-0.0005589630325907,-0.0020741601160922,-0.0004393765176942,-0.0005627397020099,-0.0007609431643373,-0.000291818288423,-0.000881206665921,-0.0016703099512245,-0.0016703098764312,-0.0009759863021196,-0.0001740922499048,-7.62684090356395e-05,-0.0027623995748504,-0.0019442564823899
2012-08-14,0.0001419761611824999,0.000447435881558933,-0.0027700909284911,-0.0075457547951892,-0.0029425404526789,-0.002575349676863,-0.0021324070993085,-0.0029858666223563,-0.0036419786546856,-0.0135469507221704,-0.0135469516250567,-0.0048316706543751,-0.0048076882234655,-0.0050606504154816,-0.0063149697632974,-0.0023975670726632
2012-08-15,0.0011365348836458455,0.0025353675855941393,-0.0041319749927608,-0.0039093949284394,-0.0038436681100243,-0.0041527751604898,0.0045792990459205,-0.0037434059125258,0.0021147672093915,-0.0140561251596831,-0.0140561262763473,0.0001724719045361,-0.0012030224976033,-0.0025852791639283,-0.0016254435597276,0.0039807325292442
2012-08-16,0.007378520693095414,0.011901414928642273,4.0525628203447184e-05,0.0006128313536288,0.0006350936731449,8.255012767444114e-05,0.007597427850406,0.0008274781627739,0.0054657625323377,-0.0085210440251327,-0.0085210450965996,0.0037857990307334,0.0043393887503732,0.0030500100330738,0.0027003838260892,0.0086883892851841
2012-08-17,0.0013378441502009952,0.00441059232791341,0.0009406378763503,0.0026273767661137,0.0011522765078548,0.0008773936466497,0.0003020834365849,0.0012985233903901,0.0009068865700444,0.0048752696702383,0.0048752699253122,0.0013835313738181,0.0035788733446552,0.0029983781443987,0.0022996882205245,0.0024228930144615
2012-08-20,7.056637576807745e-05,0.0014635794969366511,0.0008473580751624,0.0005349997455696,0.0008443028430773,0.0008759739705945,-0.0028647349351571,0.0008213603790978,-0.0022139734127367,0.0020559639441051,0.0020559640449117,-0.0017011087771125,-2.3860523567824575e-05,0.0002526362139146,0.0009370847017341,0.0003930297731977
2012-08-21,-0.0030241046511439995,-0.003946101805180957,0.001058128242781,0.0040291472371039,0.0010662282577205,0.0013546407426052,0.0021169262069471,0.0008928403893928,0.0024231042287369,0.0044320754372977,0.0044320755979216,0.0026644029351695,0.000719541662714,0.0008651575765182,0.0045668527138287,0.0023849758550063
2012-08-22,0.0004234572545034343,0.00410873227700459,0.0048622439876979,0.0089082753561886,0.0052545173384273,0.004752820622029,-0.0006036482541924,0.0055104848160589,0.0016588911659853,0.0165044221130817,0.0165044231548268,0.0034419965420723,0.0055242099635871,0.0067795330302167,0.0084122360762181,0.0038027506882956
2012-08-23,-0.0081795599292116,-0.00818371806034246,0.0002484925518162,0.001672531526633,0.0004956122377766,0.0004438775960506,-0.0030193540107373,0.0003893318883891,-0.00206727518584,0.0041797394703841,0.0041797399686161,-0.0013169426031871,-0.0028098907862546,-0.0019305898793376,0.0020560890789951,-0.0015410598880127
2012-08-24,0.006042985274035351,0.006188157784112969,0.0012563484855849,0.0011635551388806,0.001398005824537,0.0011317210215409,0.0033314196022784,0.0013659416968268,0.0027637670501243,-0.0009608548164409,-0.0009608550026551,0.0023164005583629,0.0028408421948889,0.0025212611468607,0.0014757855077242,0.0032773478050772
2012-08-27,0.00021207115305443835,0.0016109184404555776,0.0013611557998232,0.0030446419661724,0.0014772702213579,0.0012324996600256,0.0030182843924388,0.0016071809080873,0.0033926675413829,0.0058491612250725,0.0058491616901088,0.0036877184729503,0.0034406954417563,0.0034031481702605,0.0016918658086363,0.000556111554053
2012-08-28,-0.0009895605613898795,0.0,-1.975458275182973e-06,0.0025074743597595,0.0001705873326243,-4.4409120888322384e-05,0.0034607516767108,0.0001729081660244,0.0033191478778727,0.0023900217980092,0.0023900219069794,0.003207550028908,0.0022121971595514,0.0017921764370561,0.0022759354982405,0.0020157640910274
2012-08-29,0.0007783045524636378,0.0,-2.6678877364516573e-05,-0.0030690517402097,-0.0003391188263945,0.0001109323881072,-0.0003001262814927,-0.0003333836911968,-0.0008384613136332,-0.0043707180608819,-0.0043707183179481,-0.0012627227323339,-0.0010939769439574,-0.0014659595996853,-0.0033502353827043,-0.0017315470661739
2012-08-30,-0.007208150389139578,-0.010087949289236176,0.0004465015614993,0.0008166966942799,9.70477820874116e-05,0.0007108073748651,-0.0022496158179386,-6.844884116330441e-05,-0.0012660223520911,0.0051877727076384,0.0051877734220382,-0.000490853225895,-0.0031375636859245,-0.0019598809714161,-0.0002537043015332,-0.0048246404336718
2012-08-31,0.004769140900791946,0.006645842202403385,0.0054977958639617,0.0113961693835955,0.0060820743665179,0.0054145536680203,0.0031569738501939,0.0061548846136658,0.004608645252134,0.0141337107469277,0.0141337112208359,0.0057527063934037,0.0075894176738813,0.007827360245594,0.0127666058675957,0.0102643328363301
2012-09-04,-0.0009209587776654038,-0.0010268196900971027,-0.0015633882472836,0.0011453204839444,-0.0014423296628141,-0.0014687270644164,0.0053731557093281,-0.0014402312016279,0.00554206712117,-0.0010258863046787,-0.0010043503471912,0.0052271211636653,0.0053334521374288,0.0053656543885274,0.0010226699736961,0.0035002371940206
2012-09-05,-0.0008507924213834173,-0.0010279360797580406,-0.0003516387583771,-0.0026682811315885,-0.0003224552890283,-0.0002737599020283,-0.0018173302981845,-0.0003365882420633,-0.0019872907429557,-0.0011809895443478,-0.0047124935297565,-0.0019486077287484,-0.0011209437636444,-0.0012422362614048,-0.0021628627340573,-0.0011297889582698
2012-09-06,0.020296468888462815,0.02219969056973481,-0.0012714366154139,0.0006909103801355,-0.0004205473157941,-0.0012391023043514,0.0061623860106112,-0.0001769663430593,0.0077997178914286,0.0205858646896725,-0.0166510081520902,0.0053406320454677,0.0134834719053152,0.0131938432659342,-0.0021369523833923,0.0122408263079886
2012-09-07,0.003895110418117742,-0.001438407595651614,0.0018553683378397,0.0016497739232357,0.0017955623150471,0.0016519297987498,0.0048495569409303,0.0018175368457602,0.0001542209410518,-0.0015720053462886,-0.0046545950732069,0.0040706180952762,0.0017523201723718,0.0015928162468367,-0.0008846718364184,0.0070345474304056
2012-09-10,-0.005681089325706323,-0.012818535015518662,-0.0005643740208794,-0.0047614854795667,-0.0015990618887934,-0.0005413944921477,-0.0069738824682793,-0.0017355991757552,-0.0073369930938099,-0.0121855846567374,0.0024188978968474,-0.0065944705537398,-0.0073630495668407,-0.0073038514997741,-0.0027644719027607,-0.0086919956958191
2012-09-11,0.002787234761840507,-0.001604920974580093,0.0008794256202035,-0.0015538215012075,0.0006602908068988,0.0012329382942299,0.0025361980486164,0.0006203263289576,0.0016883944666734,-0.0017988534329048,-0.0062735859803401,0.0021509348017602,0.0005958950315304,0.0004277307663092,-0.0017052546127317,0.0017198091323185
2012-09-12,0.00333500098875672,0.002922513872556154,-0.0019290528348102,-0.0037638090532071,-0.0018854426545585,-0.001815343167876,0.0007532600530053,-0.0018502913027134,0.0008027667078753,0.0022833605141958,-0.0124642484307431,0.0002323198452192,0.002035535179555,0.001787978965823,-0.0042989496731902,0.0020470041763393
2012-09-13,0.015236955692200294,0.013550987128730041,0.0049734040176545,0.0076325561186851,0.0054266962973095,0.00475330856578,0.0129674972208433,0.0055424504519621,0.010896177444461,0.0128246686664378,-0.0039341583925309,0.0120625845128985,0.0115186547260612,0.0112992224729704,0.0047279549240912,0.0151216449500605
2012-09-14,0.004433917473163573,0.008912671710457065,-0.0053456605370031,-0.0064896878266687,-0.0047267709270631,-0.0054381851259888,0.0030349969699385,-0.0045808748409605,0.0028808601427052,0.0074384121448767,-0.0265781554769274,0.0017776351734934,0.0049741436259149,0.0044869074222676,-0.0082314850093614,0.0061336532185697
2012-09-17,-0.003395677673374009,0.0004276441173092227,0.000283936708634,0.0025276377717144,0.000792028129062,0.0005775934511811,-0.0031539657528689,0.0007524403743723,-0.0012105061022082,0.0009085224568811,0.0120041473593781,-0.002334554555439,-0.0011357716017559,-0.0009328165324735,0.0033906577868649,-0.0036520334788155
2012-09-18,-0.0008182329256246623,0.0008545679904057302,0.0015353772604898,0.0013429595057707,0.0019601820018362,0.0015805359881182,-0.0049488790103491,0.0019807252464738,-0.0071687210702763,0.0010272398888817,0.0050114138024066,-0.0048663758562742,-0.0031090402627921,-0.0030633292904917,-0.0004965680435917,-0.0005893737627268
2012-09-19,0.0005462191748841771,0.0018501208413326253,0.0008938629759789,0.0017120084390183,0.0012324629505096,0.0009274849269109,-0.0036319751263288,0.0012517345742895,-0.0037705458377413,0.0020459980926004,0.0065656042993774,-0.0033130763884595,-0.0011082977319378,-0.0009922428782921,0.0011762706720027,-0.0012638614616434
2012-09-20,6.82705192880384e-05,-0.0009940889902994021,-0.0007656289995271,-0.0027687428169371,-0.0010949743156066,-0.0011522285256811,-0.0108917776234666,-0.0010635969968066,-0.0119119990962419,-0.0008498970185978,0.0024771409337096,-0.0106332361420109,-0.0059033051959188,-0.0058250856724156,-0.0036309540312174,-0.0056563149112552
2012-09-21,-0.0004185918996447713,0.00028488125502579287,0.0011168666738516,0.0010398434970961,0.0010431213644546,0.0008785706288989,0.0008034970997763,0.0010436931409048,0.0002560461561282,0.0003209348005309,0.0011528221287417,0.0007448734596728,0.0013532817227289,0.0013374425156748,0.0010620575430191,0.0013517092456699
2012-09-24,-0.001507707846210793,-0.005844537359074642,0.0007439665862876,-3.653560129257549e-05,0.0002616111585989,0.0007860153515852,-0.0033461341661518,0.0001809100947687,-0.0028379242944073,-0.0052770994320242,0.0078157716792319,-0.0028185624465564,-0.0032139346744917,-0.0030643005123599,0.0013160331680692,-0.0047807021775582
2012-09-25,-0.010642064980493249,-0.014052140482599063,-0.0007741384609337,-0.0027609986969255,-0.0015418252486186,-0.0012086463848963,-0.0103474580578559,-0.0016586933483506,-0.0123925060794251,-0.0130581285553822,0.0098773673183949,-0.0098446658207707,-0.0121505921780094,-0.0119637881184555,-0.0017536904181639,-0.010568290543119
2012-09-26,-0.005621404553304288,-0.008144573843853364,0.0007943446100491,0.0013996760998546,0.0002616806301216,0.0005919246343462,-0.0006650636782683,0.0001528961476786,0.000115066338392,-0.0073596560983965,0.0107512705612539,-3.156343830052782e-05,-0.0035029264725161,-0.0033148861355236,0.0036116737444652,-0.0048096082594515
2012-09-27,0.009421477032681036,0.013783260560672028,0.0024093974648453,0.0037012661091553,0.0033415294233722,0.0027887578552114,0.0059045184084818,0.0034896435448974,0.0041395372555194,0.0129150282471315,-0.0071182705202891,0.0050726368333822,0.0081239165651443,0.0079670943546004,-9.533514014534732e-05,0.0109836022088924
2012-09-28,-0.004632179711424489,-0.008244231204761698,-0.0013626373792113,-0.0023899573878899,-0.0020969291361414,-0.0017449913502914,-0.0016408398369252,-0.002189378287136,-0.0019666139169452,-0.0078783202355784,0.0005645854975747,-0.0015168109950251,-0.0049805066668342,-0.0050196266588957,-0.0011160672065269,-0.0044315262905897
2012-10-01,0.0026398511730987284,-0.0014583816875635147,0.0010101967869218,0.0005774238976345,0.000847572918935,0.00073102905187,-0.0015504104130918,0.0006310387953027,-0.000849858216041,-0.0028267879972852,0.0037105116246662,-0.0039331992375318,-0.001517276133366,-0.0018160362497811,0.0006350491217327,-0.0016202843349985
2012-10-02,0.0010388905177780572,0.0029211442153438405,0.0002271086309995,0.0009697625161353,0.0004283462754965,0.0004155020351765,0.0024874338476157,0.0005053712037794,0.0023844984935518,0.0039930036985491,-0.0013662512648364,0.0045040366800347,0.0033175053976342,0.0039800418203671,0.000895392072919,0.003016123357494
2012-10-03,0.004083044141495629,0.006407389396182683,0.0012044502582992,0.002499000300236,0.0018582511438693,0.0015144659098935,0.0016737306087879,0.0019859730212417,0.0056855728860155,0.0050369691544598,0.0003219935520472,0.0019296935631306,0.00231019811902,0.0019142090374126,0.0027592258680303,0.0027766378511292
2012-10-04,0.00716807308771239,0.0034726234809367984,-0.0003380481730546,-0.0018793148809993,-0.0006437257974816,-0.0005755417603683,0.0011449401582683,-0.0006946459473602,0.0021427931584389,0.0019153639188097,-0.0124709987522223,0.0022772368410768,0.0037047898781621,0.0034174743210597,-0.0006422276613857,0.0037192045127104
2012-10-05,6.853714594923233e-05,-0.005335011564591818,-0.0030599333043616,-0.007287680667106,-0.0034288619522233,-0.0031039878937342,-0.0038201038367741,-0.0036490626882443,-0.0060438887948108,-0.0038877830388653,-0.0129539188288528,-0.0012359959565661,-0.0026098617218579,-0.0016424668770133,-0.0070745702141755,-0.0030613735465394
2012-10-08,-0.0034214627847557466,-0.009133324594821524,0.0013793440575273,-0.0005491470742187,0.0007850668613686,0.0012530413357969,-0.0011842592641509,0.000506841984704,-0.0073203427372699,-0.0066795610859936,0.0084190745225983,-0.0025584419832757,-0.0053050783975518,-0.0054151197571936,-0.0014196109663692,-0.0050051014651564
2012-10-09,-0.009887509020054863,-0.015947321035205797,-0.002496161688827,-0.0068500005421386,-0.0034751267181264,-0.0027393048740304,-0.004509637921796,-0.0038485901733633,-0.0143025832532743,-0.0122347291471036,-0.0018007795011467,-0.0045691831292436,-0.0094688811181681,-0.0096906160958604,-0.0075417482236858,-0.0089122436940199
2012-10-10,-0.006380152534066763,-0.005054679041908261,0.000401955690384,0.001519815877331,0.0003405135565706,0.0003824163753696,0.0022977094450882,0.000294614945913,-0.0037985852099913,-0.002249644849044,0.007051959071241,0.0022738393065576,-0.0008028651602607,-0.0010235089253662,0.0007372715183313,-0.0007331199919858
2012-10-11,0.0005587701435090242,-0.003138199568839317,0.0023992674159589,0.0022881152277205,0.0018642025888646,0.0023616681662916,0.0018843321002794,0.0017237904298936,-0.0020051057429643,-0.0021596039560771,0.0069214938085961,0.0005039902502535,0.0001176535465459,0.0004637651508113,0.0019010877448675,3.4719600250073554e-05
2012-10-12,-0.0032785976334496203,-0.0004500357082087847,-1.013667191518408e-06,-0.0015109989630575,0.0001270551665295,0.0003186796595628,-0.0043469578882084,0.0001727766149326,-0.0004292176746032,-0.0011533411569869,0.0025068912168179,-0.0048956159971804,-0.004286457928365,-0.0034516478898584,-0.0019431557895273,-0.0042124323840738
2012-10-15,0.008327692098330841,0.007348659102745403,0.0019567734547527,-0.0005701672335758,0.0017723829098379,0.0020070224768986,-0.0019159656163667,0.0016992521173793,0.005843466367555,0.0068207205079651,-0.0022588236119247,0.0007020693172045,0.0035010114882455,0.00662327496056,-0.0008257861322156,0.0018373728853018
2012-10-16,0.010133469213826629,0.014143393135405358,-0.0011714808154397,0.0010167695721705,-0.0003984929065466,-0.0011204208744993,0.0033704071218074,-0.0002221879645278,0.011308869821725,0.0110508826655004,-0.0138244810476286,0.0062134417347182,0.0088308769810184,0.0086635277777408,0.0026157578134655,0.008728324946013
2012-10-17,0.00453484111111413,-0.0005873641443256972,-0.0029546022086885,-0.0036545199931238,-0.0031048755624882,-0.0029954384147583,-0.0021646737314726,-0.0032575157811554,-0.0013327766277795,-0.0014609026835664,-0.0092637302285584,-0.0015162697066365,0.0009444184903745,0.0019283979135779,-0.0030172708071735,0.0001140079884521
2012-10-18,-0.0025994028897302623,-0.01160381011195577,-0.0014810620094893,-0.0049814211175308,-0.0023017918297317,-0.001553546131534,0.0015735325133279,-0.0025842929355885,-0.0108443395194475,-0.0056892829086553,-0.006123292584735,0.0050264784858058,-0.0023887910554473,-0.0021050481653389,-0.0056211829497452,-0.0022833357457743
2012-10-19,-0.016663900695637612,-0.023926235266683027,-0.000301410375193,-0.0052373402355836,-0.0012661380983047,-0.0002342826893456,-0.0063482255273725,-0.0016570605756941,-0.0200284496833913,-0.0185058104115511,0.0135704175803344,-0.0091970275268586,-0.0158772779110709,-0.0162462299602485,-0.0071735504692948,-0.0149322379946008
2012-10-22,0.00013919865745681825,0.00517639922336377,-0.0021511224441825,-0.0007593257424012,-0.0015160957625951,-0.001966671664156,-0.0014889982228522,-0.0013112929785488,0.0040638789087574,0.0020904782060482,-0.0064067826083562,-0.0019453971179338,0.0007241284759542,-9.510948767414647e-06,0.0002233745228203,0.0011139276247593
2012-10-23,-0.013876112746106894,-0.009542504708949018,0.0006701908605772,-0.0018542112202041,0.0004253467408159,0.0009008042901881,-0.0078533067230898,0.0004515009790377,-0.0074841155353385,-0.0088449715029072,0.0143016713416534,-0.0110842734936372,-0.0094668489082145,-0.0077785328960762,-0.0034330904454382,-0.0102490231578538
2012-10-24,-0.002828525502803214,-0.0035174130996711295,-0.0018909755367579,-0.005458301181029,-0.0020152236952097,-0.0017947439744437,-0.0032330518734396,-0.0020002707053993,-0.0040940480698165,-0.0030252676371373,-0.0098615511947475,-0.0017245802187229,-0.0025171602617248,-0.0021846169020563,-0.0051248390439139,-0.002591520985172
2012-10-25,0.002906877448097811,0.0,-0.001619644661046,-0.0004941422833451,-0.0015319788057517,-0.0015939173003287,0.001108446548256,-0.001526850769324,-0.0002121121195873,-0.0009123339789153,-0.0051041369247014,0.0007040427752066,0.0013828619249859,0.000543925530025,0.000300569878752,0.0016801024298183
2012-10-26,-0.0005651385533443909,0.0029159732794321602,0.0034127441001983,0.0048005714373078,0.0035156029737579,0.0032194974933263,-0.001840385005746,0.0035081281246283,0.0038696145701993,0.0002936522803234,0.0147276941874889,-0.0058031444917141,-0.0028022588681576,-0.0034091771982375,0.0042599566517631,-0.002378138468574
2012-10-31,0.0,-0.006120962333007074,0.0028956646882973,0.0031902769700025,0.0025772505047105,0.0028132334823522,0.0073029337919114,0.0023661455112726,-0.0046094730772569,-0.0015456332370758,0.0058710763470626,0.0081948180799575,0.0033734892855773,0.0030115599086918,0.0025245811919765,0.0033120278364384
2012-12-03,-0.004924188552001163,-0.0019759089910871275,0.000839401107046,0.0008068152185858,0.0008889800382176,0.0009942798993498,0.0024647568934321,0.0010264882672463,0.0011491120062265,0.0037209861974078,0.0009241635558585,0.0034755461326165,0.0023313550007971,0.0004040906883824,0.001010073932482,0.0004130002329418
2012-12-04,-0.0014142763581671547,-0.0006090254100020731,0.0007298602782557,0.0023594858217288,0.0007989165496977,0.0009621893658047,0.0035397294464887,0.0008104602143561,0.0054712014444824,0.0018811349436082,0.0057752545193985,0.0023266200104586,0.0024686907050461,0.0007405870003058,0.0021054319553484,0.0012883477499249
2012-12-05,0.0017699880912200872,-0.011122921431288013,0.0011224704293768,-0.0037076452395873,0.0005935657360662,0.0010738777860941,-0.0019580449066862,-2.5397512086744456e-06,-0.0006667686004318,-0.0029664391161049,-0.0004782497142146,-0.0026164357703014,-0.0002967124262341,-0.0044273239634189,-0.0042044911159288,-0.0046692763483273
2012-12-06,0.003392350106630193,0.006471496906024443,0.0007628101582526,0.0046629398843682,0.0012246861371234,0.0011144773224462,0.0058402560311539,0.0014354159784677,0.0026699836407568,0.0086890597753173,0.0021541138768999,0.0080051410428909,0.0035757819132799,0.0051995054894739,0.0053673018835943,0.0054367263807669
2012-12-07,0.0030285535770073757,-0.005970526902087547,-0.0020097778997377,-0.0050150510357193,-0.0022486268858331,-0.0020627666708843,-0.0026277765101071,-0.0025844798933996,-0.0083054280818031,0.0025041774158276,-0.0092361468755661,0.0013201900655612,-0.0025242857242584,-0.0006980697836088,-0.0036911810980731,-0.0015235628627505
2012-12-10,0.0004214664590938,0.0029260469546665835,0.0007855383998103,0.0030248843845006,0.0010179376461658,0.0008667174826118,0.0019067044518099,0.0011290165931567,0.0040690349187588,-1.3797472952596329e-05,0.0044203231455986,0.0004359715982549,0.0015446366782908,0.0021444110466291,0.0021561983515199,0.0024965503720261
2012-12-11,0.0068081805512472116,0.01305266807424621,-0.0006988151022377,-9.452140847776568e-05,-0.0002884376569793,-0.0004178177168668,-0.0021829463221262,0.0001511531918798,-0.0068776307402757,0.0017291997010587,-0.0076014721888351,0.0006084509854954,-0.0025536829333161,0.0074557583776222,0.0020028706304475,0.0068062706167509
2012-12-12,0.0004883244022617639,-0.002121738951526675,-0.0017459701960385,-0.0066973982710599,-0.0018970876805801,-0.0016600414079247,-0.0069399057365765,-0.0019095764773999,-0.0109724828406514,-0.003489815193553,-0.0116098540652992,-0.0043806720096295,-0.0049223666520227,-0.0034508936525615,-0.005250236255488,-0.004396061887101
2012-12-13,-0.006132353782033362,-0.007899279161860728,-0.0028127450163,-0.0037030527188155,-0.0028675982006876,-0.0027522966926505,-0.0037131956488097,-0.0030257962664972,0.0001287126551382,-0.0069713424961603,0.0007338488393237,-0.0061296850066005,-0.0029045610474802,-0.0067471776038349,-0.0046082082588951,-0.0064180568351457
2012-12-14,-0.003715636303883163,-0.009493288916550768,0.0010494882140166,0.0011766312895118,0.0004908693528005,0.0008863091457032,0.0033340887209023,0.00032502870857,0.0069484316870001,0.0003834076573466,0.007499375644178,0.0012504914349656,0.0023515677141588,-0.0029990443624066,-0.0005701584239313,-0.0022157707812984
2012-12-17,0.011752141020697993,0.01329404071978435,-0.0014823352616739,-0.0028851343858703,-0.0010820765954651,-0.0012647504572623,-0.0042434033877662,-0.0009960327575717,-0.0135116755839544,0.0036532179643271,-0.0149675866668059,0.0015455721831026,-0.0034923469692932,0.0094772153163719,0.0007534332442072,0.0078975430327453
2012-12-18,0.011128552371291622,0.015255403245971966,-0.0014224460352438,0.0001068325379329,-0.001289507995192,-0.0014484708086175,0.0007417490660648,-0.0012446740850895,-0.0087096872413567,0.0086473097426471,-0.0101848873278682,0.0065470166184806,-0.000654754662723,0.0115296985836591,0.0043651410571,0.0104202096768624
2012-12-19,-0.0074287529646728245,-0.004357468894942262,0.0003606624209504,5.71320392095398e-05,0.0002741780209623,3.437622009783148e-05,0.0007669796684972,0.0001265178239391,0.0029815907899136,-0.0010107996043486,0.0033191709774856,-0.0005097019472152,0.0016484313010746,-0.0006602620549055,-0.0003323377398939,-0.0007032254509484
2012-12-20,0.005751963585037823,0.0,0.0016273828267834,0.0020637778303975,0.0014189920577523,0.0018592160887391,0.0068822959312189,0.0011616535320753,0.0010976237942996,0.0118859812087511,0.0001654641450251,0.0107380923648647,0.0046347752344861,0.0055379143731411,0.0040832139595018,0.005383079212421
2012-12-21,-0.009077288531789462,-0.010516922290599306,0.0002333359342503,0.0024691971910473,7.383455887888246e-05,0.0001206954499608,0.0040390553838824,4.632289112516119e-06,0.0100106538656183,-0.0007004635681699,0.0109155397325387,0.000652176218324,0.0030110453871827,-0.0047287710322381,-0.0002034897506386,-0.0035965534493797
2012-12-24,-0.0030809726926400716,-0.0019938404908672602,-0.0018687895301024,-0.0009798428165296,-0.0017557677470438,-0.0019783717772982,-0.0001791025737329,-0.0017920341761457,-0.0015745220867349,0.0010288782137952,-0.0017996142614083,0.0007533961683518,-0.0007027662954084,-0.0017290705401194,-0.0008058365319637,-0.0017989118652806
2012-12-26,-0.004215086877458973,-0.008759942082713912,0.0018766203410771,-0.0013608318809271,0.0013276234238899,0.0017493082009332,-0.0009071471598945,0.0012344936218715,0.0029978150586831,-0.0040720247417466,0.0035967923072178,-0.0031968675999024,0.0003313427969275,-0.0060530890091954,-0.0028237556310833,-0.0056871079112603
2012-12-27,-0.0013405083131463602,-0.001550113499111383,0.0018294911664464,0.0021561126427698,0.0018495199309456,0.0018047716352411,0.0034511153730181,0.0017524411842553,0.0033785368620018,0.0035908157199356,0.0033555199922371,0.0036165723238672,0.003280672252863,0.0007450227046299,0.0019665913796352,0.0008123993538771
2012-12-28,-0.010808028533185188,-0.009627592632175275,-3.663134609666052e-05,-0.0011837563615106,-0.000163817707487,-0.0001443669797669,-0.0008646922138255,-0.0002209763051504,0.0048259777025745,-0.0055667793030128,0.0057091755986681,-0.0043081722166873,0.0001435090369252,-0.0067773795712245,-0.0029210933834303,-0.0062401022000797
2012-12-31,0.016996393753164307,0.021166703411615195,-0.000982432536697,-0.0005614683290493,-0.0004824812118444,-0.0007490937170321,-0.0023772115958712,-9.099605241402742e-05,-0.0152675566073893,0.0083792173841102,-0.0172737249243677,0.005480539662835,-0.0031510575201963,0.0155318060931904,0.0038204878618778,0.0137762570450844
2013-01-02,0.02563026636864163,0.03178225825508729,0.0017807278567965,0.0021716232973096,0.0024829782774831,0.0015421290178749,0.0002983179477955,0.0026249711053092,-0.0122602044498071,0.017621545867444,-0.0133684914235154,0.0085723516022283,0.0036919061515831,0.0194863162156628,0.0094941669193098,0.0047997947330124
2013-01-03,-0.002259719507717417,-0.005208209263103503,-0.0045253189593995,-0.0087432470759077,-0.0045846596978674,-0.0044232228407008,-0.0072476127157974,-0.0047402409071437,-0.0134015194667674,-0.0038830594943938,-0.0135494830231887,-0.0025421142815147,-0.0084416976379874,-0.0045815323069637,-0.0062165935820714,-0.0079628230739451
2013-01-04,0.004391741557813855,-0.003290909775885753,0.0006045615877712,0.0018611172088898,0.0006495980127843,0.0005779203490712,0.0034346700462235,6.964727519642722e-05,0.003945033690942,0.0024077376034335,0.0039000187565749,0.0041633047246792,0.0028331357698156,0.0013367011815446,0.0015291986774485,0.0018883695548704
2013-01-07,-0.0027327011573523574,0.0003002231817506029,0.0004943970674535,-8.807514252562321e-05,0.0002376461041613,0.0005263155401897,0.0006357866343678,0.0004534228274137,0.0002389879146526,0.0002308180844557,0.0004223535721925,0.0016333753440065,-0.000757056382237,-0.0012912247543782,0.0010550896625784,-0.0014667796656367
2013-01-08,-0.0028772922737211326,-0.0019503401703702128,0.0011513870832067,0.0032665729004646,0.0011661887132823,0.001170123359008,0.0026735049755508,0.0012869067406191,0.0061174600387638,-0.0026076082891893,0.0065853561105479,-0.0003575667014539,0.0001658906378304,-0.003718889013295,0.0009001360964063,0.0034510273529792
2013-01-09,0.0025419694571504614,0.0037580358662385738,0.0009260971608202,0.0007596173427555,0.0009988814436727,0.0010669719446025,0.0008613743102994,0.001186353556887,-0.0006914224416743,0.0034142070052273,-0.0009226947564439,0.0021695499120652,0.001793289895264,0.0034482660314049,0.0016688903444619,0.0009272152849319
2013-01-10,0.007949930594981724,0.005990641287056064,-0.000533614600194,0.0011454288919285,-0.0002233913987323,-0.000792530245566,0.0001223204771296,-0.0005586435715085,-0.0021735291569793,0.0049233086764402,-0.002770409482448,0.0008387948656927,0.0035574848254625,0.0054284500618898,0.0013286483059397,0.0024971235910679
2013-01-11,-6.797423950011261e-05,0.0013401126836636301,0.0022965683111471,0.0032946087275314,0.0022430987952797,0.0024660428848208,0.003133328331887,0.0024228246449813,0.008660093807279,0.0006331728065681,0.0089233367844783,0.0005489924395812,0.0040212407520207,-0.0012933667464068,0.0030825152444418,0.0006464796015715
2013-01-14,-0.0006800880694584066,-0.004460492908205382,-0.0005688522887902,-0.0007163259472501,-0.000711395486157,-0.0006239202353238,0.0003609101654442,-0.0009211156471161,-0.0026014774554208,0.0003146227134544,-0.0027536134166713,0.0020419449076045,-0.0010752994741709,0.0004738493775232,-0.0015137560985814,0.0009727287423954
2013-01-15,0.0006805509040088698,-0.004928255441822849,0.0013407268155551,0.0035913871275472,0.0015424599184223,0.001476490920669,0.0048315465622033,0.0012803562794188,0.0043654998512868,0.0005281946795801,0.0046018234132097,0.0047941525169706,0.0008967898604348,-0.0012449074480199,0.0012447647431189,0.0051327738668089
2013-01-16,-0.00013643686677455857,0.004052240933519302,0.0003610747574249,0.001276463397317,0.0004026421175673,0.000327723699284,0.0004272122612176,0.0006770875989492,0.0018166746693794,-0.0005734814035192,0.0020820930755182,-0.0006473656145679,-0.0013314837726338,0.0001769705915908,0.0014856299899272,0.0001414349364286
2013-01-17,0.006460550198336579,0.004783446092640364,-0.0012830763033642,-0.0025187760997956,-0.0011709313431135,-0.0012941943248208,-0.0025867522778995,-0.0012686920288296,-0.0092772741454144,0.0044115363720604,-0.0099732202300647,0.0012974100375094,0.000358249228093,0.004344761027503,-0.0007987827927563,0.0001559864073006
2013-01-18,0.0022299803201319968,-0.0022315122142403387,0.0023832558845062,0.0041139570010304,0.0021443046851874,0.0023488631727144,0.0052409293067552,0.0018677533869517,0.0073869690385681,0.0012226867543939,0.0077233116573621,0.0045265404664906,0.0025197736800557,0.0010980179892524,0.0030302314680376,0.0034044414387097
2013-01-22,0.005393063058622527,0.0016399344909736602,0.0011325347524369,0.0029583368037704,0.0012353412296501,0.0010201216919838,0.0035673846994641,0.0009172719696473,0.0018618428670707,0.0029222396849891,0.0019156277349459,0.0046172954753405,0.0009195139245107,0.0017248274418964,0.0026087638303208,0.0039049783486711
2013-01-23,0.001609547326775207,0.006102993334125673,0.0002217180016803,-0.0003437329431598,0.0002394950320843,7.227522994379676e-05,-0.0010595490469886,0.0004052998108283,-0.0014786811066579,0.0012871171303582,-0.0014965599830359,-0.0005663172455264,-0.0009821913746871,0.0004925172251077,0.0014186345982552,-0.0016130576189403
2013-01-24,0.0002679644069671916,-0.013759324368350367,-0.0005282176623743,-0.0045173129168835,-0.000920778079343,-0.0004725230728539,-0.0016164504975881,-0.0018448455217384,-0.0031778791656147,-0.0016273546758959,-0.0034973600072068,0.0007256396907282,0.0009206998161501,-0.0039667060084519,-0.0047038800934272,-0.0034037984542274
2013-01-25,0.005621854000879667,0.005100447076225256,-0.0038661933740519,-0.0047758220999358,-0.0037133367693955,-0.0039183461369667,-0.0038136219536655,-0.0038186422831879,-0.0127631862246547,0.0061320694092885,-0.0137042224295552,0.0025048133850195,-0.0014256043193907,0.0031996260947488,-0.001330504041607,-0.0031080811893776
2013-01-28,-0.0011980739360997195,0.002238717047883254,-0.0014860776664371,-0.0009750842476526,-0.0015043689748847,-0.0014748030023939,-0.0005631516932725,-0.0012711099505567,-0.0036921292277213,0.0006476413566774,-0.0036433538756599,0.0015234799557028,-0.0028084184480597,-0.0007070440498558,0.0002785184327508,-0.0009148904157894
2013-01-29,0.0039314567132997524,0.00014885722814605984,-0.0009830939348129,-0.001084763081971,-0.0009272870636636,-0.0011790267719521,-0.0006266127561521,-0.0012735074572218,-0.0050530979650792,0.002782545858491,-0.0055270967310752,0.0017571435229299,-0.0003465138949589,0.0040009565937273,-0.0009705371930393,0.0005754706835537
2013-01-30,-0.00391606088942642,-0.002084793957479847,-0.0016731627991009,-0.0025409023564403,-0.0017933760223945,-0.0019146100050151,-0.0045662350280395,-0.0016834798516067,-0.0016055081077089,-0.0049009046763267,-0.0017102069605752,-0.0077150598351771,-0.0026982134620029,-0.0047088545485986,-0.004328457345663,-0.0023299226598852
2013-01-31,-0.0024653485349659388,-0.0022376813929266826,-0.0004212119371895,-0.0005812194179929,-0.0005676973560053,-0.0005831066755952,-0.0012802523212485,-0.0006949460028039,0.0045521555483798,-0.0041382021849807,0.0048825405348967,-0.0044341167225563,-0.0005005514545759,-0.0023063110573941,-0.0009222542324979,-0.0014741693477015
2013-05-01,-0.008767522798612815,-0.004666372751792158,0.000554111901232,0.0024728524874322,0.0006819296096709,0.0009435185264512,0.0013509589941358,0.0010572601882083,-0.0060021680983557,-0.0067660619938518,-0.0055575198784063,-0.0046209171521657,-0.0122342785335975,-0.0116427198444534,-0.0108834392682227,-0.0031320487909087
2013-05-02,0.009287425508008207,0.012644241055065564,0.0026421489953425,0.0037673708371124,0.002557974216121,0.0027356089596235,0.0025140552909113,0.0028567130951355,0.0039325505349205,0.0047992103124357,0.0055230832851625,0.0051199865344801,0.0084063527220024,0.0083050792625553,0.0106319651325861,0.0069647097967918
2013-05-03,0.01014045032022537,0.01178411072322505,-0.0041473625953969,-0.008856934733381,-0.0040386208108254,-0.0040630460786782,-0.0101659151305129,-0.0039404430248037,0.009066097881758,0.0077907864732926,0.0003453389991723,-0.0010699984242515,0.0103991651681922,0.0099512832422737,0.0090396846084646,-0.0007537790421221
2013-05-06,0.0025405852378030946,0.003882515314302726,-0.0003867097473253,0.000855277066657,-0.000355405665375,-0.0003886578711403,0.0012929626688809,-0.0003103095045168,0.000521862695268,0.0019953590070267,0.0041558598249428,0.0037632062431402,0.0032100392997394,0.0031601904113561,0.0044610095398032,0.0026144362792413
2013-05-07,0.005069161344235074,-0.0005526781811545645,-0.0007997477479394,-0.0008393285861773,-0.0004736165074804,-0.0009632395074523,0.0007760022950975,-0.0011211782751922,0.00254136116957,0.0035331914980572,0.0042887509001228,0.0038044985997953,0.0050401697077272,0.0045218515266894,0.0038469371252857,0.0011440811717277
2013-05-08,0.004551078772429884,0.004837161419410485,0.0021252634743242,0.0021023822600683,0.0021631362334777,0.0021782960429952,0.0010556728914625,0.0022248842657393,0.0073868593810915,0.0053056356657904,0.0006646396093474,0.0007188889721689,0.0048276796187962,0.0045497988809317,0.0031100068088128,0.0023742998873795
2013-05-09,-0.002816182737155226,-0.0013755221874099943,-0.0012097443377239,-0.003246599292541,-0.0012214008200546,-0.0011576879117922,-0.0045536204878345,-0.0011135741051049,-0.0085275209947118,-0.0079680369141576,-0.0060257758593398,-0.0058216843381732,-0.0064630986994909,-0.0061770714255777,-0.0040327283249123,-0.003493187520082
2013-05-10,0.003253781146310475,0.0060601818077159475,-0.00485840417499,-0.0032580878057419,-0.0044820874168041,-0.0048176447086553,-0.0035781896405443,-0.0045502916120676,0.0014578407815506,0.0022669124328529,0.0017832941535135,0.0010420059983841,0.0030338201830986,0.0032013770184294,0.0047516134119182,0.0004617303602717
2013-05-13,0.0007956465586220762,0.0012319829518738779,-0.0023289534512883,-0.0025191073905962,-0.0020412357061291,-0.0023121549960136,-0.0014658576665403,-0.0021941374488331,0.0007694324502402,0.0020805147962737,0.003091411309991,0.0024551076579735,0.0003133588739454,0.0006503403763079,0.0011817659058878,-0.0005826206281501
2013-05-14,0.010333680667121037,0.005195467435454182,-0.0016059557559218,-0.0034323421935783,-0.0010724050547074,-0.0016588902051751,-0.0035540279524207,-0.0017307644488522,0.0019880515110784,0.002628592176868,0.0017413412459688,0.0009956884763715,0.0058596189366954,0.0056228686507948,0.0060848902690493,0.0006802964479748
2013-05-15,0.005386213090529557,0.0020398808773900434,0.00207087096843,0.0063412328786447,0.0023538363775976,0.0018875927564692,0.0083193950424722,0.0018003335843601,0.005980591921633,0.0071946971782923,0.0094787722252687,0.0093138696700199,0.0048923642850338,0.0048840661023633,0.0047391774510053,0.0057945431714462
2013-05-16,-0.0046952629589035455,-0.0010857440172060695,0.0032947722936713,0.0037726523000165,0.0030470455652544,0.0034990783968924,0.0024999048312714,0.0035284501006045,-0.0057724800057859,-0.0057327493640163,-0.003103515578125,-0.0023047581590678,-0.0045047493237038,-0.004116514374977,-0.0024997921183523,0.0009905340576258
2013-05-17,0.00967710796341148,0.009648083622527004,-0.0025633613701461,-0.0028019555537799,-0.0023188470216741,-0.0026614713213293,-0.0034697870766408,-0.002595325603359,0.0058479210109507,0.0059357360889941,0.0031660159678572,0.0022301736509989,0.007392629201388,0.0071021153322947,0.007693567003827,0.0018949298085148
2013-05-20,-5.9885171759033184e-05,-0.0014804740655668391,-3.2399808692851195e-05,-0.0004008329837472,-0.0002036185339675,-0.0001653294000097,0.0005920805688257,-0.0001972225033536,0.0044040227732422,0.0038082697298177,0.0018566981406384,0.0016760812827357,0.0030495016877518,0.0029512114386028,0.0009708703081242,5.517973450226252e-05
2013-05-21,0.0014376454009741302,0.0010782444427301918,0.002157353260199,0.0056599878460352,0.00230669153672,0.0022629329088998,0.0067450990683151,0.0022191925033667,0.0032757865916202,0.0039755825956714,0.0059538795451166,0.0060671610607192,0.0023014126297174,0.0025625857162186,0.0025646984766064,0.0044028044152009
2013-05-22,-0.007417433602386447,-0.008751548818276667,-0.0073358668716663,-0.0156951847235978,-0.0074563266908849,-0.0073829137855507,-0.0196629727901104,-0.0074869914388387,-0.0142992417915821,-0.0174099043680356,-0.0230609746929052,-0.0225752135157459,-0.0156388624962335,-0.0153157852686777,-0.0155377366840459,-0.0158355387518417
2013-05-23,-0.0028928302985287146,-0.002309482989675149,-9.940753348025576e-05,-0.0027355252967592,-0.0002879496218665,-0.0003707103582769,-0.0071540035344916,-0.0002863273195914,-0.0149445263262049,-0.0163131937118774,-0.015647353222764,-0.0144412876810202,-0.0101362894973401,-0.0098245384503931,-0.0064748945824871,-0.0047750482443689
2013-05-24,-0.0008464727422525797,-0.0005443302730918642,-0.0004985112986247,-3.984465943329685e-05,-0.0003490646394906,-0.0004201843021375,-0.0005849446427671,-0.0003768188416545,-0.0066126550448221,-0.0054194689428176,-0.002022099442529,-0.001821306529383,-0.0040743344684143,-0.0036261443716687,-0.0013772830577248,-0.0005340053844994
2013-05-28,0.005989001067130406,0.0065385408701590375,-0.0076245955070003,-0.0134867732128011,-0.007629092858388,-0.0079330015064223,-0.0169706994106129,-0.0078189601414327,-0.0015203173663033,-0.0034940434514041,-0.010793193586011,-0.0116539955004301,0.002335300135263,0.0017313209730848,0.0022107742193581,-0.0069164008549332
2013-05-29,-0.0064943872033425,-0.0047366662284465955,0.0006016206727983,-0.0005884643568732,0.0007513479172798,0.0008484907467682,-0.0051037455508422,0.0009815332235794,-0.0122072368894366,-0.015229745780307,-0.0169257843005305,-0.0152591586282081,-0.0129986901523064,-0.0124250169705492,-0.0105364702766305,-0.0053414566223261
2013-05-30,0.0036921925218160734,0.005302984624660834,0.0009252022704919,-0.0021434802655823,0.0010477875527521,0.0009979474473884,-0.0058789480658417,0.0011342881627762,-8.357471490333012e-05,-0.0029574934425666,-0.0084694377266838,-0.0081122411536769,0.0004473432277185,0.0005809817570836,0.0008799216529486,-0.0012836559377593
2013-05-31,-0.014352196616177704,-0.009197421460998112,-0.0067181939060873,-0.0071957991013514,-0.0067241190439913,-0.0066629479958136,-0.0083257357440507,-0.0064177253024514,-0.017165127118478,-0.016115952805157,-0.0120610223474082,-0.0115483812561708,-0.0147959861167976,-0.0144761660992276,-0.0112595388509274,-0.0088948252636458
2013-10-01,0.007916420718812489,0.010142317937266165,4.071020747131726e-05,0.0048706908017579,0.0007432314142694,0.0005134258505545,0.0101423179334236,0.0015140559343713,0.0090974503518716,0.0082436662764266,0.0080597978898657,0.009244822598597,0.0085641174006386,0.0085641194988308,0.0085641116522852,0.0107559394543542
2013-10-02,-0.0009451010893166689,-0.0003767063553475891,0.0015015268094815,0.0001767050105871,0.0010203825944778,0.0013323468119157,-0.0003767063551682,0.0009880269887669,-0.0010903246753538,-0.0020069813459879,-0.0020893461506251,-0.0005905223423969,-0.0013867455537027,-0.0013867450975752,-0.0013867440798833,-0.0007724563732756
2013-10-03,-0.009220938409127188,-0.011675842824128702,0.0001774946603703,-0.0075025976284047,-0.0006792760260124,0.000127666301648,-0.0116758428204198,-0.0017995890012906,-0.0098026705592608,-0.0062154695730739,-0.006842813641418,-0.0107374070651845,-0.0084746657483896,-0.0084746693797957,-0.0084746671342956,-0.0120118616576962
2013-10-04,0.00757707508039096,0.008638245728254557,-0.0005257617173348,0.004998520528076,-8.966106046104372e-05,-0.0004572604222056,0.0086382457246645,0.0005383438010406,0.0068227753703983,0.0043774162429759,0.0043878747024275,0.0077019137388011,0.0054760646416619,0.0054760638160123,0.0054760617624462,0.0039914079949208
2013-10-07,-0.008645045503296478,-0.008312653454567553,-0.0005055019810048,-0.0039252615676546,-0.0014078100698154,-0.000694787053505,-0.0083126534516787,-0.0018196330819286,-0.0081154903740767,-0.0086427366532431,-0.0087440057988182,-0.0076626591693374,-0.0093603109964972,-0.0093603091715417,-0.0093603046816041,-0.0044787735491072
2013-10-08,-0.011646463990761857,-0.01930363911567401,-0.0012338741631595,-0.0104967007246599,-0.0025264729073074,-0.0017710406315701,-0.019303639107798,-0.0047159688974769,-0.0163292339852253,-0.009798568851488,-0.010392747723275,-0.0174446003814802,-0.0130112210802432,-0.013011222973857,-0.0130112198645781,-0.0139948411950328
2013-10-09,0.0007253074923960767,-0.003108388071661139,-0.0011575067582961,-0.0040603270909533,-0.0009253466508761,-0.0012095403639167,-0.0031083880717185,-0.001587682989979,-0.0031916799308525,-0.0010163145616872,-0.0015333402841037,-0.00358729550021,-0.0007640401683536,-0.0007640402626497,-0.0007640463427211,-0.0026579960634703
2013-10-10,0.02155777657953517,0.021174364528942613,0.0021121652312301,0.0141053503491503,0.0032445646128753,0.0018442253312516,0.0211743645238544,0.0042927237343233,0.0192382481618957,0.0169836638529542,0.0177343201692901,0.0199144955579046,0.0194309453290456,0.0194309495347943,0.0194309420363583,0.02165352207019
2013-10-11,0.006443162745177311,0.007887186439101468,0.0016897253046275,0.0046126110448525,0.0024217063306815,0.0019060582170715,0.0078871864376699,0.0030204628668144,0.0088464203153643,0.0089438319601854,0.0092638880779037,0.0078899097589253,0.0084949766254574,0.0084949781214651,0.0084949749747994,0.0097781540589253
2013-10-14,0.003993905230867734,0.00706787666638653,-0.0014012979572516,0.0009416966205799,-0.0011152535098813,-0.0010699327835611,0.007067876661724,-0.0003136653752613,0.0053399040308458,0.0036480946315653,0.0032687934569477,0.0056683077289889,0.0048009694910966,0.004800969107167,0.0048009620544563,0.0032291886144544
2013-10-15,-0.007253792757136002,-0.0038852210022450873,-0.0007210504495583,-0.0034959853216912,-0.0012093043824622,-0.0003434616389941,-0.0038852210029548,-0.0010177363375649,-0.0049299617660307,-0.005972574045351,-0.0063750360042084,-0.0042105240274484,-0.0055748671047576,-0.0055748678211705,-0.0055748669272725,-0.0053318277932681
2013-10-16,0.01396565853538756,0.01132388081647262,0.0058666333865846,0.0123461756600364,0.0065355923250738,0.0055251023567199,0.0113238808168001,0.0066012165080702,0.0108549819645316,0.0093277666582544,0.0099777333139858,0.0115262151267448,0.0098892573500717,0.0098892601737789,0.0098892623937522,0.013882669937233
2013-10-17,0.006683185524967827,0.005722206180551304,0.0051105917683422,0.0071334919471917,0.0056734788818577,0.0052034712498096,0.0057222061824508,0.0056384787595757,0.0064980605261752,0.0083662180286382,0.0089529686276623,0.0062850933912505,0.0088083297072377,0.0088083319046733,0.0088083328982872,0.009807598989505
2013-10-18,0.006754383714105083,0.016205403995352974,0.0013936667400054,0.0090579541121305,0.0017801446032581,0.0020028550124924,0.0162054039879997,0.0039014528760283,0.0131205862224298,0.0075384827087748,0.0079090788715076,0.0146230161170115,0.0102730298451537,0.010273028784841,0.0102730284676484,0.0082558575466162
2013-10-21,5.734586605998793e-05,0.002191286234752843,-0.0010887222245572,-0.0001939859334035,-0.0008100168034708,-0.0009657704142186,0.0021912862320621,-0.0002627424309989,0.0007877725255781,-0.001436052339194,-0.0013682013925201,0.0013560338819388,0.0002902240239857,0.0002902231140029,0.0002902229442428,-0.00198691190971
2013-10-22,0.0057915007946327535,0.0014573329162161919,0.0055217669380127,0.0058630141685671,0.0059467351058932,0.0051796276469515,0.0014573329197296,0.005260137675831,0.0023897932025298,0.0040684523959884,0.0047155390537526,0.0023398174231912,0.004517022786516,0.0045170243385994,0.0045170288169202,0.005027825628664
2013-10-23,-0.004788842833567286,-0.0060642419464962405,0.0002277196267013,-0.002230801873303,0.0003258223173729,0.0005164160839326,-0.0060642419435558,-0.000251341773755,-0.0044645618728042,-0.0031991956973609,-0.0034580674450742,-0.0050083177128532,-0.0056532502738521,-0.0056532503147993,-0.0056532477377487,-0.0020908988768045
2013-10-24,0.0033225307406448135,0.004392869871885585,-0.000890295827377,0.0011887743448715,-0.0006261671677172,-0.0008020902130898,0.0043928698698938,-0.0001922808854585,0.0038954657191792,0.0040853800044659,0.0041842932313703,0.0038312414509546,0.0050382367730154,0.0050382363950384,0.0050382331251165,0.0026323404727139
2013-10-25,0.004567464293545376,0.007167772557146623,0.0016829181253761,0.0053525674537002,0.0020408238738756,0.0017656203224356,0.0071677725543546,0.0027977070423113,0.0049355496787238,4.478725044779474e-05,0.0001523787748842,0.0062787142557501,0.001597480432326,0.0015974830395036,0.0015974832767848,0.0063492826916156
2013-10-28,0.0015911516770639178,0.00024157984952344336,-0.0003469712610838,-0.0007602824964988,-0.0003690143444472,-0.0005488687141222,0.0002415798488222,-0.0005129400586156,-7.557610813240606e-05,-0.0005945755642237,-0.0008204995565491,-0.000116078122813,-0.000580395902174,-0.0005803972797449,-0.0005803980938414,-0.0025088671189813
2013-10-29,0.005334032689102486,0.0016882884510796003,0.0015893821743575,0.0023652898906278,0.002066811907943,0.0013674795816487,0.0016882884514981,0.0016311004012501,0.0019564789095451,0.0023480577457875,0.002380205822567,0.0017745147614475,0.0021642429991226,0.0021642413781554,0.0021642422370224,-0.0002291547322277
2013-10-30,-0.004966761514306084,-0.0009631804310190617,-0.002928487570085,-0.0036541217253001,-0.0032332099327612,-0.0027919974931382,-0.0009631804352711,-0.0025633148485804,-0.0044080387540177,-0.0088790596707909,-0.0092275973637958,-0.0026084826282336,-0.0058723052682317,-0.0058723061886848,-0.005872306345737,-0.0074608601269879
2013-10-31,-0.0028367836010980696,-0.002289549984426542,-0.0012034466167076,-0.0008436493808857,-0.0011868010624562,-0.0009090359813951,-0.0022895499847214,-0.0012535164084578,-0.0030673236059364,-0.0038214745101159,-0.0040836064051945,-0.0022857972888552,-0.0040568450609477,-0.0040568465812032,-0.0040568444968653,-0.0041108860405098
2014-02-03,-0.022505108387757544,-0.02295105309885137,0.0007646963199254,-0.0067750983593867,-0.0007918571137458,0.0006298555085866,-0.0112119916362745,-0.0021000415593565,-0.0197975560429168,-0.0202013669441919,-0.0221788807071715,-0.0205948046930516,-0.0227044159414811,-0.0226185751466491,-0.0227043679534401,-0.0193576682875477
2014-02-04,0.007004286786906677,0.007355664128720907,-0.0006821563251069,-0.0010756054804289,-0.0006850811807902,-0.0007158408958263,0.0012108628636564,-0.0002867878045603,0.0063810814689566,0.0059496131404837,0.0060425516340794,0.0061507973878642,0.0080562955800503,0.0080052723708901,0.0080562807029287,0.006656078187025
2014-02-05,-0.0012540422605448187,-0.0025911424413610495,-0.0023764779286031,-0.0056610174971986,-0.0027209509322851,-0.0025510112506,-0.004840211826852,-0.003057586775191,-0.0021816563445303,-0.0031119227133982,-0.0042086167587214,-0.0030374070766378,-0.0024057869383113,-0.0024159385152839,-0.0024057968446983,-0.0046942480784713
2014-02-06,0.013187082278442341,0.012752587883927191,0.0009646860448639,0.004870631410289,0.001586601298388,0.0009550238527955,0.0070172271906046,0.0020893394429195,0.0113004074961465,0.0114186387840556,0.0084901053142222,0.0116095063547534,0.0118765272567034,0.0118067879266824,0.0118765039533259,0.0077753660840155
2014-02-07,0.012395955238617473,0.017838234250790785,0.0045428183904436,0.0099575724867624,0.0048598297461828,0.0048214431348019,0.0121841754975073,0.0060476210934425,0.0158182701974255,0.0165082575297166,0.0120053230931965,0.016698556710537,0.0131743662957905,0.0131349352502574,0.0131743485500545,0.0109913303638827
2014-02-10,0.0018363910859493515,0.005727468552644499,0.0003338791420763,0.0043387940527275,0.0008293349200039,0.0005818908966102,0.0047673918886519,0.0014333787948768,0.0049237442478958,0.0054990754900465,0.0031739944834287,0.0055317550165631,0.0015544590353187,0.001574244953598,0.0015544599559754,0.0055021847213715
2014-02-11,0.010944045254265955,0.011389517629967871,-0.0011789149170045,0.0035873031064137,-0.0007117402909484,-0.001176677848794,0.0057492472218121,-0.0001251734419225,0.0098601592261906,0.0100451309309908,0.0080801018881323,0.0102374919631756,0.0110239482452632,0.0109542613457303,0.0110239274275031,0.0065328603067902
2014-02-12,0.0004945730288983263,0.0019143148074942662,-0.0016969733979925,-0.001291404484576,-0.0017096398106725,-0.0016322255187507,-0.0003837405137977,-0.0013666488724981,0.0013586494266041,0.0013602048357207,0.0020226924664826,0.0014394894413091,0.0020928934928773,0.0020767976599189,0.002092886747283,0.0013150340888365
2014-02-13,0.005162565519635454,0.007418243649208955,0.0044449490951528,0.006596587243433,0.0045967836673002,0.0046172569817122,0.0068517926888311,0.0051094218676184,0.0067023353253438,0.0072810036986321,0.00877427956447,0.0073006406237917,0.0072370941512408,0.007236404008878,0.0072370941242992,0.0077702595917353
2014-02-14,0.00551914049662261,0.002008317358253464,0.0006114495783315,0.0014184930277416,0.000752946475593,0.000427382380437,0.0015421549177461,0.0004861965631608,0.0019437887280731,0.0018952420174486,0.0016439608812278,0.0019114213584925,0.0023161551776314,0.0023054539659475,0.0023161593454934,0.0021966547885806
2014-02-18,0.001195418503922241,0.004899088824733111,0.0027526723532753,0.0036559405642018,0.0021384556803134,0.0028795358591424,0.0040458832014764,0.0026541174563956,0.0043435333537258,0.0046919273752327,0.0065925751303596,0.004721568991894,0.0073099324420747,0.0072745484566348,0.0073099295810696,0.0062510216765253
2014-02-19,-0.006621641355003316,-0.0068697255327773155,-0.0022893783789998,-0.0056798893995902,-0.002905072207656,-0.0023854873896079,-0.006014972890044,-0.0032422363049691,-0.0061873658537606,-0.0066618169940614,-0.0074064403607643,-0.0066915655042899,-0.0074008071207793,-0.0073803397945465,-0.0074007965229273,-0.0057862539010009
2014-02-20,0.0059007737807128535,0.004686013327123817,0.0006087857521228,0.001518411407652,0.0007624513272883,0.0005076553793268,0.0023879002136879,0.0007392830637014,0.004433972738152,0.0041280358220972,0.0070684163913961,0.0042078738138945,0.0059855917776749,0.0059838109281949,0.0059855725042162,0.0037456282687809
2014-02-21,-0.0011405898988382512,-0.0013326937270705663,0.0007362754328898,0.0016136780778466,0.0007586745457193,0.0007286861820052,0.0007876948230249,0.0005960661732571,-0.0009875378908018,-0.0008153738027566,0.0011683225653217,-0.0008893943145234,0.0012055899964365,0.001200207468168,0.0012055944405551,0.0018450712492078
2014-02-24,0.005546911021608647,0.0053376172977699365,0.0005941550366446,0.0018244965436766,0.00069570706101,0.0005505231213915,0.0028021632854853,0.0008367554477124,0.0048464279156661,0.0047217949791467,0.005537776700843,0.0048099096714412,0.0066271110338736,0.0065954580504891,0.006627098288451,0.004201987594147
2014-02-25,-0.0003786867442550079,-0.001106305871483304,0.0021638290383767,0.0033705136025254,0.0024030543038611,0.0021888414255242,0.0021099104365762,0.0022189908795755,-0.0007473039808443,-0.0003209600069174,0.0003707234689006,-0.0004333309060648,-0.0006169841260066,-0.0005995895603138,-0.0006169746263553,0.0019508846461672
2014-02-26,5.418533102186096e-05,-0.0008856645925492401,0.0020961662177323,0.0019012786931249,0.0022137937471378,0.0020781119617261,0.0011133859814174,0.0019797334287063,-0.0004780302943318,-0.0004008292220167,0.0028772656369963,-0.0004702016934043,0.0007318990079778,0.0007570338702635,0.0007319037307209,0.0028522306248346
2014-02-27,0.005247378132583247,0.0064878884934285175,0.0014950870458512,0.0060094549124649,0.0020653460446151,0.0016247259761572,0.0061569948322113,0.0024602762711898,0.0057630967479884,0.0064079708980038,0.0049815399975805,0.0064194058712709,0.0047999202207088,0.0047924237374283,0.0047999146806316,0.0034535003535234
2014-02-28,0.0025291905633015865,-0.001105846285485157,1.9991843975830648e-05,-0.0003029183169663,-0.0001049883688859,-0.0002041120968631,-0.0005686440502143,-0.0005329343333951,-0.0007644318338914,-0.000976011869107,-0.0019108830691537,-0.000994589174814,-0.0008870670960702,-0.0008906413016884,-0.000887064475975,0.0011664200859164
2014-08-01,-0.0030555805151047943,-0.0036835062350584202,0.0031000602955042,0.0010489608998036,0.0034458326627906,0.0030226120214236,-0.0029339922445839,0.003164807210054,-0.0012803345135675,-0.0012803345355025,-0.0019254842757548,-0.0027638436344436,0.0010439690463754,-0.0009384567892211,-0.0047920140239555,-0.0024279446137194
2014-08-04,0.007220603915720991,0.006865881776312532,0.0026333078067184,0.002981505894356,0.00240486056832,0.0025969578987985,0.0062369828252812,0.0024567238969173,0.004870798694962,0.0048707987133754,0.0054063939496912,0.0061023893958969,0.0042925872608269,0.0053488120337937,0.0068191538156101,0.0065420224637238
2014-08-05,-0.009696180062989779,-0.007658601503067519,-0.0012944308861897,-0.0033523642269939,-0.0018666374878292,-0.0013102674191762,-0.0069424147456329,-0.0021696315577159,-0.0053664392807043,-0.0053664392961578,-0.0059817876892233,-0.0067814207910513,-0.005925471828086,-0.0093425919883933,-0.0079102195630437,-0.0057961841067986
2014-08-06,0.00031260568152813306,-0.0007398289078536235,0.0013969862127156,-9.786743098649796e-05,0.0007271400921502,0.0012263410995185,-0.0006501545332386,0.0005396357934011,-0.0004557376524064,-0.0004557376584725,-0.000532004115116,-0.0006311108746755,-0.0008447153860402,-0.0023629708872921,-5.06298526112164e-05,0.0006609204585369
2014-08-07,-0.005414815604696255,-0.003173871330707012,0.0026830076406307,0.0018135245131001,0.0020496773311837,0.002727997820672,-0.0023426541005036,0.0019973486124762,-0.0005438669933832,-0.000543867029029,-0.0012499117049454,-0.002167402837315,0.0016168497450149,-0.0028369713333316,-0.0047750442868981,-0.001307939933978
2014-08-08,0.011568870342056448,0.007217037039762175,0.0008680697798966,0.0036588892210787,0.002051832058538,0.0007294395731931,0.0065863462004585,0.0020375245754766,0.005244581650171,0.005244581672325,0.0057741023309635,0.00646220398457,0.0041897396385939,0.0057682006060522,0.0074263024011313,0.0066353189353406
2014-08-11,0.0028979011379008934,0.005900910539538895,0.0009075453502451,0.003181820482804,0.0007277445887783,0.0010952188073183,0.0055016874645741,0.0009778499169341,0.0046414159401309,0.0046414159526014,0.0049795368611784,0.0054189183159693,0.0049074546432343,0.0059093964992514,0.0064065181368555,0.006502725117909
2014-08-12,-0.0013932029178860272,-0.0004190270364484716,-0.0015008724356376,-0.0030031747101754,-0.0012848987946471,-0.0014366558905856,-0.0008217702776074,-0.0012720176429757,-0.0016967283187538,-0.0016967283026034,-0.0013537196712896,-0.0009079867194661,-0.002438177400983,-0.0011230008254921,-0.0025786230736238,-0.0033170177178324
2014-08-13,0.006769201987615325,0.01058482577489972,0.003325470651855,0.0086137990300942,0.0040349752947586,0.003782430851972,0.0103178535188721,0.0049003192656484,0.0097330226402035,0.0097330226330579,0.0099616956728709,0.0102588517746468,0.0100219969794835,0.0075294678441865,0.0086675408313052,0.0105188129516932
2014-08-14,0.004721703828411528,0.0051851497645134526,0.0014717786780895,0.0063239320842496,0.0025735420293988,0.001638416191112,0.0053733906270285,0.0028811961370907,0.0057880090618397,0.0057880090722406,0.0056261669002373,0.0054158561930766,0.0039314682090842,0.004651528019909,0.0035318943810691,0.0026137506337628
2014-08-15,-0.0002041784918586087,0.004848690597385907,0.0032308940339058,0.00693467819793,0.0030276075661999,0.0036176057999373,0.0052476725634045,0.0035913430254785,0.0061230742336645,0.006123074236669,0.0057809562464241,0.0053363806676741,0.0041433164937325,0.0021218788972535,0.0004516250480194,0.0016498402868297
2014-08-18,0.00837940963929773,0.007700226412495903,-0.0011954933187739,0.0004754277951366,-0.0001610072837581,-0.0010913424247668,0.006531969510179,0.0001251292430697,0.0039896004868723,0.0039896005144517,0.0049857462859627,0.0062802180672469,0.0032458654205873,0.0052472025672886,0.0096113271260878,0.0086332259017866
2014-08-19,0.005218526049238559,0.005603918521340789,-9.964240118065516e-05,0.0020233544632761,0.0004123285749721,8.471317042690885e-05,0.0050376046361169,0.0008640696990229,0.0037752630140422,0.0037752630407493,0.0042661795249046,0.0049041158155605,0.0018451793626573,0.0030354017127282,0.0036530209513822,0.0030387731310349
2014-08-20,0.0026715709865459125,0.0,-0.0013922059528552,-0.0004497784572329,-0.0014718895911171,-0.0016005777686848,-0.0001056513715093,-0.0017281675657133,-0.0003439345818234,-0.0003439345936266,-0.0002516027319818,-0.0001316193024241,0.0006713540835813,-0.001452641964589,-0.0017608780764888,-7.56262407878611e-05
2014-08-21,0.0029158794706740654,0.002026358340032619,0.0018350848942492,0.0035496965580306,0.002174110853343,0.0018433523084104,0.0022571865884837,0.0022061413647895,0.0027789414149057,0.0027789414166408,0.0025769047608223,0.0023143621112257,0.0014028807575666,0.001725798917284,0.0023662546801985,0.0013561891568799
2014-08-22,-0.0015539191860818313,0.0015163285921473424,-0.0006245844911512,0.0029185664155815,-0.0003454573657025,-0.0003130821292265,0.0017789127682426,0.0001056436259398,0.0023695980750385,0.0023695980945273,0.0021405313984142,0.0018428637503802,-0.0005447581902391,-0.001031644327893,-0.0017589332436112,-0.001365815879841
2014-08-25,0.005070252090099148,0.003533801273079895,0.0015048311818237,0.0037456771147292,0.0018260881558003,0.0014479339722777,0.0035479531749584,0.0017970404685243,0.0035796144868934,0.0035796145053338,0.0035673155916123,0.0035513334014502,0.0022585478250216,0.00507074268489,0.0041821838722721,0.0021768860819929
2014-08-26,0.0006493762893726718,0.001005963113172026,9.72127765457298e-05,-0.0007485660765721,0.0001059867096964,0.0001226468071753,0.0007308133025949,0.0001179722867294,0.000115415378279,0.0001154153854837,0.0003544897019296,0.0006651620619991,0.000520113990723,0.0012402954386461,0.0032646114645927,0.0032881281365304
2014-08-27,-0.0003992977143258969,0.00020108765574566867,0.0017113144024016,0.0035362620375256,0.0017638934842132,0.0017923239556749,0.0007396781342925,0.0019258258450223,0.0019512079996163,0.001951207983891,0.0014813748565735,0.0008708359775714,0.0033192116519305,0.0030196227043653,-3.698191818904136e-05,0.0003629919199954
2014-08-28,-0.0005490721014722588,-0.0011052737393278944,0.0006066641082329,0.001531962817372,0.0007341669744869,0.0005904596158663,-0.000691393675483,0.0006830142414162,0.000229230509538,0.0002292304911089,-0.0001290273269096,-0.0005945762990264,0.0002137303442135,-0.0030471552497708,-0.0032304029289289,-0.0013917139730319
2014-08-29,0.002847749692120649,0.003721867351275776,0.0006061662630698,0.0024012339612267,0.0008005728691058,0.0007389150340617,0.0035217510260172,0.0010575489560233,0.003080423921302,0.0030804239198576,0.0032526242939369,0.0034763952806587,0.002765427808714,0.0009377712199056,0.0032003090439683,0.0044683229505895
2014-09-02,-0.0004981132139810773,0.002906457708717669,-0.0046660551678823,-0.003149707966349,-0.0039770401203116,-0.0039572170844656,0.0029064576236434,-0.0038028675209004,-0.0004353737179901,-0.0001225399149549,-0.0001953575640407,0.0011655245728659,-0.0044197153467672,-0.001455065293959,0.0031167301272832,0.0014976943642876
2014-09-03,-0.0005481720122322287,-0.005895879393422732,0.0005574132433723,-0.0020916832841635,0.0003659986088984,-0.0001034118034406,-0.0058958793243537,-0.0001646343132416,0.0026877088749831,-0.0031242391274782,-0.0041317291297656,-0.0049057276984937,0.0019904306903802,0.0034156321630185,-0.0012943534911875,-0.0022782194003985
2014-09-04,-0.0014462371762404835,-0.0009046711304888655,-0.0033032597736529,-0.0041113080732824,-0.0034790389226214,-0.0031783709090301,-0.0009046711781676,-0.0031561429653333,-0.0040215708613767,-0.0027951499519872,-0.0026401512296978,-0.0018787313325195,-0.0053136699638615,-0.0035100072108062,-0.0032315777794957,-0.0035158775171049
2014-09-05,0.00449489652550783,0.0050306458666689036,0.0003438194349953,0.0030520840220544,0.0011393567279813,0.0007206337069931,0.0050306458379314,0.0016673572515757,0.0102285012984589,0.0049856287485184,0.0039644987152156,0.004432257264999,0.0049885387178379,0.0069672229003225,0.0035744259787711,0.0055378753159016
2014-09-08,-0.0025854962584791474,0.0019019863684517357,-0.0014043780773416,0.0009625061193982,-0.0012907521935869,-0.0008524817536312,0.001901986339309,-0.0007652670722088,-0.0009792689947833,0.0012671521441774,0.001675819686904,0.0017750474521545,-0.0007854633885622,-0.0030914916902108,-0.0022472283306848,0.0003879039492615
2014-09-09,-0.006331092032979879,-0.008293230737705048,-0.0035152401983017,-0.0059941910380916,-0.0035941402708711,-0.0036730388182879,-0.0082932307043523,-0.0039513263511653,-0.0059914720503858,-0.0069981110646384,-0.0071366522130518,-0.0076440863817359,-0.0058070827716144,-0.0079945853470688,-0.00751624247073,-0.0080397460019769
2014-09-10,0.0037625440669624144,0.00826194894112331,-0.0014809229902146,0.003700998022915,-0.0004726879867601,-0.0006005744949563,0.0082619488547339,0.0003315572650086,-0.0154628337536667,0.0027276802863529,0.0060195202507072,0.0070033574174314,-0.00457016209925,-0.0041802496937824,0.0043972567318928,-0.0006949355907232
2014-09-11,0.001149590138873613,-0.0007992856213578925,-0.0009398727399523,-0.0012532427930136,-0.0006036620708104,-0.0009587111918905,-0.0007992856203508,-0.0008264496167952,0.0006547195982992,-0.0008824649041297,-0.0011849425018421,-0.0010157404335505,-0.0016683326050038,-0.0023155750345728,0.0001112911010419,0.0015297172726883
2014-09-12,-0.005841211210539932,-0.0051006706647865885,-0.0036948142313387,-0.0066554412739161,-0.004128241161865,-0.0036786839445072,-0.0051006706996495,-0.0043836902891478,-0.0300509196538646,-0.0096841979924678,-0.0059273892387287,-0.0055646769424005,-0.0149465872851167,-0.0149741807732414,-0.0081996315359353,-0.0146646375398934
2014-09-15,-0.0007531410665440053,-0.009650338611499998,0.0007916391758806,-0.005557500209574,0.0003072157348247,-0.0002349457663033,-0.0096503385379113,-0.0007567738913965,-0.0046668555079837,-0.0074827354714682,-0.00793447798236,-0.0086872900859466,-0.0044096985147374,-0.005641899849879,-0.0072951386856265,-0.0076091125750814
2014-09-16,0.00753811904401358,0.008729099105357463,0.0015134464093808,0.005086242845564,0.0018119160488874,0.0016442612685689,0.0087290990488224,0.0023459572964488,0.0093458535888192,0.0072378900716675,0.0067623435512211,0.0076252326229523,0.0056502275800507,0.0088863371291232,0.0057147303181632,0.0062810224720457
2014-09-17,0.0013469521558873154,0.0015098165248050854,-0.0010309210814574,0.0003845904873147,-0.0011115465887867,-0.0009654495743777,0.0015098165040048,-0.0013174582637576,-0.0003440683148168,0.0007126073190297,0.0008828409133935,0.0011579185164377,-0.001326120351261,-0.0025961010665333,-0.0009186679821332,0.0007450785286084
2014-09-18,0.005330103587396051,0.007535110270429968,-0.0002869918543045,0.0060948829646267,0.0012365373342431,0.0005495465605649,0.0075351102331173,0.0018316883853632,-0.0083716039560479,0.0044988487373049,0.006866743167491,0.007159980763105,0.0007272761781371,0.0003836017145091,0.0055439910590918,0.0019403539166831
2014-09-19,-0.0009013033417744065,-0.0006197127664688828,0.0024778923200159,0.0029467508551523,0.0025101339626867,0.0025747313917388,-0.0006197127343687,0.0023999365916216,0.0015971729961245,0.0013863027765021,0.0014338105370498,0.0005328532152207,0.0032449731708444,-0.000581725133264,-0.0049004498684828,-0.0029017831462451
2014-09-22,-0.007722934598044406,-0.009301938356288342,-0.0002767265390207,-0.006245968329958,-0.0007670414299332,-0.00048746428179,-0.0093019383129342,-0.0013365177403951,-0.0075804038901141,-0.007724102264845,-0.0076824269187454,-0.0083929670355536,-0.0063053384143796,-0.0094044220107977,-0.0091085036928119,-0.0094372407020923
2014-09-23,-0.0057241207272519246,-0.002725740978366531,-0.0002741263371016,-0.0006374323466912,-0.0002938144807044,-1.173668015097551e-05,-0.002725740964722,0.0002098321666164,-0.0068172325061969,-0.002260397254114,-0.0013540803822496,-0.0019558790834813,-0.0016983343635636,-0.003926129988099,-0.0068586183489411,-0.0056825775026208
2014-09-24,0.007827764075439614,0.010730854005951196,-0.0013500001914926,0.0058883797736164,-0.0001740492797989,-0.0007112100467664,0.0107308539237729,0.0010359351225046,-0.0027651837663045,0.0065904917829233,0.0082264518178096,0.0093252265361218,0.0021878188991352,0.0059418555819271,0.0071879614557644,0.0049464816513964
2014-09-25,-0.016135592572319113,-0.021033681777551272,-0.0001231826287718,-0.0114675718807584,-0.0015817975133241,-0.0011348783498464,-0.0210336816259038,-0.0027412915776333,-0.0039349837511608,-0.0142647277565402,-0.0159740697289765,-0.0181939103875646,-0.0062733377709566,-0.0126231762854129,-0.0162178065746145,-0.0124444592040853
2014-09-26,0.00794543680602433,0.010640566742096791,-0.0007355417404881,0.0069362358633136,0.000436276230785,-7.968928786961094e-06,0.0106405666793452,0.0014268587169909,0.0129700286917959,0.0095022478218679,0.0087779392913035,0.0095951434776519,0.0072394667420611,0.0083656202710612,0.0084902591997635,0.0099746212818134
2014-09-29,-0.0018190028091833454,-0.0013159959041622038,0.0017436559032621,0.0012126670159613,0.0011065996171819,0.0015959968684602,-0.0013159958779485,0.0013913928133231,-0.0010772663710961,-0.0001188281040139,0.0001202941151228,-0.0005098599263394,-0.0004316554840113,-0.0057749211714994,-0.0035550512125033,-0.0008491142271595
2014-09-30,-0.0026321311744512688,0.001419062525246595,-0.0004409162150177,-0.0010323741233857,-0.0001428003255706,0.0002479777646164,0.0014190624717222,-0.0004410640038517,-0.0050070831771898,-0.0004672262202849,0.0003320448401006,0.0008089600721128,-0.0027634262785716,-0.0016972927881096,-0.0048459039581927,-0.0060052605714224
2014-11-03,0.0005457365577112849,0.0029584817980641276,-0.0001868245816963,0.0016635302683312,0.0002434964477473,5.004074640124756e-05,0.0029584817930272,0.0003418806815138,0.006884954179343,0.0023361952510248,0.0024906382437636,0.002912875791034,0.0026779280929562,0.0033367360975774,0.0021543048935844,0.0025083438383036
2014-11-04,-0.0034694707841591566,-0.0033429291441994247,-0.0020230137430571,-0.0021277355901742,-0.0013327426622381,-0.001817082665565,-0.0033429291424916,-0.0012116702225153,3.7733077474520166e-05,-0.0019855438662595,-0.0023905321836466,-0.0024750423855952,0.0005151115675115,-4.464293156745585e-05,-0.0024530759931641,-0.0020906150429804
2014-11-05,0.006316323000827628,9.846454030859597e-05,0.0007931460118701,0.0016512148847378,0.0015452360779755,0.0002994146691541,9.846454298023666e-05,0.0012710463069849,-0.0014159946649888,-0.000221839320775,-0.0001100995970328,-0.0001524358405269,-0.0019209682975722,-0.0008553591285217,0.0001170229824918,-2.0122943918869663e-05
2014-11-06,0.004003178908370764,0.0031569812141647446,-0.0007876216814154,0.0015382012251461,-0.0005748519508002,-0.0010271537501924,0.0031569812086129,-0.0008164716315122,-0.0041946686499136,0.0011335399864446,0.0017140437969147,0.0017144996294814,-0.0045193181791572,-0.0028585982167731,-0.0005982132282009,-0.000643435866312
2014-11-07,0.0009353332379304913,-0.0008851240011906736,0.0044530145876615,0.0020486204521925,0.0042844027257291,0.0043866626154638,-0.0008851239953757,0.0042512787086568,-0.0011433524293929,0.0017175233012133,0.0009591409268782,0.0003453801331344,0.0034359455186085,0.0029556763195311,-0.0001083517317178,0.0003459733506486
2014-11-10,0.0031472773709773083,0.0035432367815886323,-0.0026658664290182,0.0009445493954667,-0.0016969294501459,-0.0025709835317793,0.0035432367789056,-0.0015830472179565,0.0067320368048536,0.0008656435799564,0.0016437434371884,0.0024653340266459,0.0010446761712964,0.0012747104202343,0.0054378886061447,0.0048753054211936
2014-11-11,0.0009807045994347785,0.0031384762118253917,0.0010242141605985,0.0020158757141657,0.0006580237766222,0.0011399175590462,0.0031384762077295,0.0007583377125031,-0.0016423623012596,0.002620058185281,0.0027441629380376,0.0025825304550863,-0.0001217759643122,4.324031171075195e-05,0.000566733033546,0.00034646332408
2014-11-12,-0.0010775012680535045,0.0017598793890540865,-0.0013428400571258,0.00040841321097,-0.0008887213025257,-0.0007576465456136,0.0017598793832367,-0.000138837536141,-0.0045803812468521,0.00121249937479,0.0013617137935677,0.0010897437406505,-0.0021891438324929,-0.0015438192421605,-0.0012200579083486,-0.0009043944400549
2014-11-13,0.0011278455094638762,0.004294247725269207,-0.0010855436962723,0.0029748470017887,0.0007741115830839,-8.167452435559053e-05,0.0042942477169576,0.0019903895159252,0.0050906128002673,0.0038875127208158,0.0039800793209862,0.0041505791620666,0.0033693455868626,0.0027881169510685,0.0008536362278997,0.0007552238070668
2014-11-14,0.00024463198358426474,0.003109962642465103,0.0006336758193152,0.002594000962055,0.0007268171793464,0.0014068839839525,0.0031099626367587,0.0019538075114744,-0.0045888727585166,0.0034817593151878,0.0033385858976873,0.0027928781692027,0.0007581737854947,-0.0002487392280594,-0.001921608145487,-0.0017784884747057
2014-11-17,0.000636404594220874,-0.0030033188671956257,-0.0009118065920776,-0.0018238787186803,-0.0006422421463915,-0.0013605205613574,-0.0030033188648349,-0.0011553327721247,0.0020704132602132,-0.0028996821676143,-0.0029032430993979,-0.0026272837902587,-0.0013774215964743,-0.0011468689226223,-0.0024471191826394,-0.0023882154320851
2014-11-18,0.005773915223187931,0.007482189709582254,0.0003629340538198,0.0060642793698042,0.0018858512950847,0.0011126099166853,0.0074821897048296,0.0030044767105108,0.0053292133648738,0.0064906684793283,0.0067192378029887,0.006868587372084,0.0049061792511459,0.0049485591467028,0.0063492641318558,0.0060134373505936
2014-11-19,-0.0016053968377596206,-0.004533122018790303,-0.0021001411568338,-0.0040092859874449,-0.0021322124011377,-0.0026069364624954,-0.004533122019377,-0.0028012151032094,-0.007549641182018,-0.0049171747545306,-0.0047553206304832,-0.004911191281748,-0.0060075280837812,-0.0070244083758984,-0.0075529270659559,-0.0076926958367987
2014-11-20,0.0017540374147071436,0.004456987256144185,0.0017628017709203,0.0037940751086109,0.0016222619045713,0.0021983912506273,0.004456987254495,0.0022514325121882,0.0036808982988315,0.004617564740832,0.0045183039882086,0.0044840083851011,0.0037278080580437,0.0050179874033361,0.0051214777159993,0.005582937760914
2014-11-21,0.005350735851479271,0.0019292894846509867,0.0036762532419718,0.0037379503493264,0.0032265439074541,0.0030474719277147,0.0019292894911069,0.0025604081949441,0.0048501858674529,0.0027922017465532,0.0025009429423191,0.0025306636249873,0.0074413548428934,0.0043765546743066,0.0036709837812515,0.0035611968942786
2014-11-24,0.0028063623184573228,0.007798073434458264,0.0003743369412447,0.0049658345499077,0.001485168177336,0.0012987346721673,0.0077980734272691,0.0025576851226871,0.0049014126699936,0.0063328342915916,0.0067165562886985,0.0069096402607993,0.0028253058875192,0.004842292627183,0.0075452861042575,0.0073407425946201
2014-11-25,-0.0007235184839456954,0.0015285399286111279,0.0015714732283338,0.0021559160354276,0.0016146921910977,0.0018338738725738,0.001528539927412,0.0017608006257472,0.0016872311290187,0.0029570259363105,0.0024888109396179,0.0022232381143173,0.002841478865844,0.0035592697982167,0.0014027803793411,0.0016753634974679
2014-11-26,0.002558776326504475,0.006486073168802786,0.0014387276279621,0.0045922452631892,0.0019438160149614,0.0020709776435152,0.0064860731642817,0.0026675028937006,0.0086522754888586,0.0056945077166685,0.0058817151211311,0.0062461215246774,0.0069320665281478,0.0059950735532313,0.006224961825874,0.0061770012293071
2014-11-28,-0.0021190110767643766,0.004643697983803152,-0.0029422276861362,0.0032602907832628,0.0007083474377416,-0.0008887584005145,0.004643697967072,0.0029834541543636,0.0031788237327449,0.0053285474557279,0.0050834243519322,0.0048776283157354,0.0025023084337667,0.0030235724480912,-0.003087277212809,-0.0024284878796985
2014-12-01,-0.006949925831237103,-0.011319765353873912,-0.0038489806419337,-0.0104099293736947,-0.0049918372462959,-0.0042490120488964,-0.0113197653519327,-0.0050050246808489,-0.0084736858258684,-0.0053132929438761,-0.0104567066515023,-0.0099687829868259,-0.0076015899092917,-0.006237406109201,-0.0094029685796182,-0.0092334135632766
2014-12-02,0.006464034331822521,0.004007210277561235,-0.0015496179041817,0.001727748303625,-0.0010902993637393,-0.0016699847370305,0.0040072102773609,-0.0020198135753013,0.0030097007187505,0.0055121455785676,0.0018487395749567,0.0029369261819043,0.0001304449699675,-0.0005153538107955,0.0057012759427268,0.0061355243862864
2014-12-03,0.0038630839620827917,0.0018055394638576416,0.0007236790188933,0.0021498894792744,0.0013769562495187,0.0005923430731258,0.0018055394642342,0.0014308951427717,0.001340101640804,-9.408236226482888e-05,0.0021360098048325,0.0017362497650677,0.0016863738152984,0.0015178527680045,0.0035257553243758,0.0033472184858938
2014-12-04,-0.0011063606191652475,-0.0004742013053199434,0.001564515732483,0.0009809138881571,0.0015367810191959,0.0014978611022751,-0.0004742013052021,0.0013726728303438,0.0013008002048586,0.0016146848218524,0.0009160052160849,0.0006423002478829,0.0033173006240792,0.0033062329220098,4.2405607863038575e-05,-0.0003610234066196
2014-12-05,0.0016372261748858197,9.464102088352355e-05,-0.0034055827646095,-0.0008889099765505,-0.0030384283874145,-0.0033425882293575,9.464102070722014e-05,-0.0029183027591075,-0.0018745918520645,-0.0034099666440667,-0.0008373734139366,-0.0009477895696495,-0.0034342678989753,-0.0036512449126326,0.0001869248961348,0.0004649555741916
2014-12-08,-0.006682716584021975,-0.007117094435397986,-0.0010568490331959,-0.0039229354578571,1.8927820139680307e-05,-0.0014768104485833,-0.0071170944340629,0.0004663507043007,-0.0015411160050153,0.0020212423433345,-0.0040744106828461,-0.0040356126889533,0.0019624858792418,0.003903294867446,-0.0027614223518526,-0.0034883425588033
2014-12-09,-0.0006775732327251038,0.0031542361282828058,0.0022648570373182,0.0034875263428242,0.0017990513878582,0.0026507383667304,0.0031542361282659,0.0017340273733685,0.003733682404887,0.0041112082858402,0.0034666574748068,0.003473246524088,0.0029136468845308,0.0039410361204067,0.0078624017867056,0.0074986268552271
2014-12-10,-0.016031512845914198,-0.015720211843238574,-0.00287917305332,-0.0118496694202864,-0.0033664744003693,-0.0035301747917001,-0.0157202118413143,-0.0039134801472463,-0.0094011620918499,-0.0057033151333144,-0.0120976450008842,-0.0121720030656019,-0.0042978429704832,-0.0028527419647214,-0.0106521280848935,-0.0113449328522805
2014-12-11,0.005070268099762298,0.00474303543525223,-0.002038994025495,0.004633887201356,-0.0002402198166212,-0.0016733763240412,0.0047430354342639,0.0005167259474381,0.0039413240430815,0.0027718941484679,0.0046434484807622,0.0044086284207987,0.0023693190639298,0.0031078946780421,0.003579844378312,0.0033929327371226
2014-12-12,-0.016161641604885868,-0.010886484012222475,-0.0009197814669236,-0.0067029243658774,-0.0013144927227111,-0.0009656194867514,-0.0108864840119079,-0.0014499753672218,-0.0075671643654098,-0.0094053018964423,-0.0070399810354282,-0.008397691228646,-0.0034512945556984,-0.0016496230050427,-0.0081645456755369,-0.0093032516292271
2014-12-15,-0.006869555257951077,-0.010324279862210406,-0.0036740601584485,-0.0088819810154207,-0.0031166989878085,-0.0044305931732175,-0.0103242798615396,-0.0028131963744377,-0.0100585661765516,-0.0121362486408253,-0.0090238642459836,-0.0098059151904574,-0.0090464851543514,-0.0073768075786258,-0.0102338145237554,-0.0107363411315529
2014-12-16,-0.008019624678116344,-0.016041812776606212,0.0009859406172978,-0.0110422055971624,-0.0005669630102955,-0.0004420519478355,-0.0160418127717599,-0.002133948015045,-0.0091304415408833,-0.0060760829945118,-0.0115706608794474,-0.0119973357604086,-0.0016718367821064,-0.0015466386736751,-0.0044112207050672,-0.0045918107871963
2014-12-17,0.01960503037211825,0.018203777773755814,0.0035976367445431,0.0133075611781812,0.003967465967877,0.0040018997691513,0.0182037777730883,0.004073922376349,0.0163189503115255,0.0214431492364697,0.0139218203107783,0.0161160200345779,0.0119469779406628,0.0096735205707183,0.0207106968829178,0.0214375013011934
2014-12-18,0.024728584130585096,0.024066708204849796,0.0009621114692826,0.016695275190361,0.0044482130534349,0.0020798661514076,0.024066708200733,0.0061881272320383,0.0150254014195201,0.0124629178946529,0.0174808469010629,0.0185388961078555,0.0053466815268768,0.0040806670925152,0.0120042368379089,0.0132391339224246
2014-12-19,0.004254988999722542,0.004399872713422237,0.0059840180660346,0.0059364859313424,0.0038488892365089,0.0058791112527767,0.004399872713197,0.002497012236621,0.0041950568528163,0.0010784850405331,0.0058230846639259,0.0047802503191478,0.0059076112662237,0.0051574059018261,0.0032013550713631,0.0027859947567911
2014-12-22,0.004600032772434703,0.0024925671529218985,-0.0012014485575063,0.0023008203801424,0.0012287940325843,-0.0012034432868262,0.0024925671539528,0.0022201821488796,0.0059437366619172,0.0121612249078811,0.0023128813994726,0.0037364831250991,0.007558705806417,0.0064867541373156,0.0079419247177103,0.0080636980135601
2014-12-23,0.0013494689435600282,-0.0035381332866698534,-0.0031466647758939,-0.0063266550400266,-0.0045824609480374,-0.0035310091328288,-0.0035381332861329,-0.0054516204741148,-0.0051980987581378,-0.0030332375067432,-0.0061021208225622,-0.0049886714206199,-0.0087646402304987,-0.008610356304453,-0.0035076702958684,-0.0029320142588452
2014-12-24,9.628403153394416e-05,0.0008637431030871223,0.0007686122114471,0.0016352717319647,0.0014264901794376,0.0006658151989622,0.0008637431029805,0.0016129985479371,0.000122304650435,-0.0025396618197691,0.0015841637287487,0.0008157401785685,0.0008794732444069,0.0009711254512937,0.0004270460964637,0.0003953799413193
2014-12-26,0.003224756162359288,0.007095033300003717,9.414642994998168e-05,0.0065207464345868,0.0013262787140597,0.0008123024091339,0.0070950332987516,0.0021268034939483,0.0058190233879589,0.0046849124769345,0.0065626916149628,0.0064425821446802,0.005099212879764,0.0043822840586763,0.0055181715580899,0.0054788769402257
2014-12-29,0.0013434329021368985,-0.0001907736784190206,0.0017750119812376,0.0011060317241033,0.0021738893644738,0.0015119381286095,-0.0001907736777648,0.0019503594550198,0.0021073358175573,0.00366883232867,0.0010152913005907,0.0010638208186072,0.0032228775168809,0.0040249275264315,0.0036059546039202,0.0030965086904663
2014-12-30,-0.005366116303046176,-0.0066653066076134415,-0.000451221423021,-0.0050689759571259,-0.0009807039732826,-0.0008714451526464,-0.0066653066062961,-0.0012384225913293,-0.0041079342513011,-0.0026297170566483,-0.0051897986611325,-0.0052262862757243,-0.0011997607124467,-0.0013200573026145,-0.0037061691449529,-0.0041198103902775
2014-12-31,-0.009923032979362478,-0.010256752926863677,-0.0013482625855315,-0.0081736788822872,-0.0021293416493058,-0.0019075809930078,-0.0102567529260068,-0.0025748815619675,-0.0105427109509551,-0.0147521141638074,-0.0083426387860745,-0.0097491321332686,-0.0074890821240405,-0.0074984284697054,-0.0097421222054412,-0.0100234624125008
2015-01-02,-0.0005351325124561823,-0.0030023199709955373,0.0022564454639157,-0.0006191672579424,0.0028215199688923,0.0016316350207261,-0.0030023199494848,0.0023482407510098,0.0111533160755268,0.0134628919526497,-3.20744284290293e-05,3.0464480043089452e-05,0.0074625627151858,0.0074626181616135,0.0033869406548167,0.0024646485957625
2015-01-05,-0.01805971529954542,-0.0146687195407047,-0.0014168301046848,-0.0095532942915641,-0.0017106972064973,-0.001824746783109,-0.0146687195075595,-0.0024427959036554,0.0156166269417333,0.0096224297275953,-0.0082786448365448,-0.0099213384838816,0.0025639436944815,0.0025640252512137,-0.0045308796679695,-0.0065639696604544
2015-01-06,-0.009418733771208831,-0.013408330055090234,0.0015358918400345,-0.0079195513892375,0.0010286056302408,0.0006358900576663,-0.0134083300075489,-0.0001172023761982,0.0179442085284541,0.013201967540007,-0.0067978148132187,-0.0082606957938423,0.0050300444883415,0.0050301246323039,-0.0036240260117479,-0.0054541870261876
2015-01-07,0.012460924255780714,0.012891008041086671,0.0023721128533136,0.0102389263725339,0.0038988754033006,0.002480972427671,0.0128910080260227,0.0046051498172605,-0.0018188855262758,0.0083154816366084,0.009763924497728,0.0117351826373682,0.0078557701281909,0.007855732322543,0.0116354297924485,0.0124181983312024
2015-01-08,0.01774507646085377,0.01913958542136296,0.001461649518567,0.0134284659766885,0.0027466496806827,0.0020883075964384,0.0191395853749092,0.003862474081584,-0.0130897498560325,-0.0031240023269192,0.0123277370478554,0.0146585579755767,0.0024937451071642,0.0024936771852972,0.0099450599873193,0.0115685220007358
2015-01-09,-0.008013611079509486,-0.006582609197456457,0.0034414196834324,-0.0035890831666187,0.000995022620021,0.003017833140718,-0.006582609179032,-7.216300218493288e-06,0.0108582300786545,0.004719500881277,-0.0028939792363,-0.0042764532330426,0.0019451385919331,0.0019451782282308,-0.0031474120426221,-0.004167919599407
2015-01-12,-0.007833637348705014,-0.0104268192181588,-0.0001100189640053,-0.0075977700376438,-0.0002850968149364,-0.0011011294420513,-0.010426819178374,-0.0012090564377104,0.0057390286686899,0.0068596760149667,-0.0070298693309221,-0.0072048753197187,0.0012310894224847,0.0012311186523823,-0.0010527906490263,-0.0015405943639031
2015-01-13,-0.0028126948965297993,-0.0002955611310129225,8.992562539256177e-05,-0.0002639395555988,-3.580238593037244e-05,0.0001309311562711,-0.0002955611316333,-2.6313080742856876e-05,-1.3646503025707244e-05,-0.0009012121253766,-0.0002333882334331,-0.0003838025796423,-0.0004510468534599,-0.000451053175063,-0.0003306097529944,-0.000137883130453
2015-01-14,-0.006037199306111796,-0.00551606253005521,0.0020682360589296,-0.0032108154173018,0.0007986334350673,0.0021259251843539,-0.0055160625066176,0.000244350819704,0.0075958491788958,0.0082128162615092,-0.0027598957629869,-0.002949273164105,0.0036740427933125,0.0036740845056319,0.00075969277765,0.0001312407598721
2015-01-15,-0.009160385290529205,-0.012975693143796763,0.0018357292715196,-0.0078293113700209,0.0021231555435876,0.000922586981324,-0.012975693096209,0.0010716743972309,0.0156146535609005,0.0077556881629192,-0.0069361397480141,-0.0088443326515162,0.0023759921196745,0.0023760588107817,-0.0059357582020111,-0.0070096766464827
2015-01-16,0.013114144699833075,0.01174120023069758,-0.0012342408839932,0.0072851052637781,-0.0010019394348843,-0.0005249800451381,0.0117412002127317,-0.0001487455701916,-0.0125566131274031,-1.8377025839845875e-05,0.0065894707059972,0.0091630147719007,0.001558930665584,0.0015588519623109,0.0090644896918147,0.0106254567746523
2015-01-20,0.0021326457256110043,0.0079348585819774,0.0003619139560857,0.0088449816964,0.0022720256687884,0.0006823446442203,0.0079348585477758,0.0030208944772573,0.0130985011015081,0.000689999527708,0.00906119122422,0.0069313433093304,0.0042263694141222,0.0042263901314849,0.0004813962500227,-0.0002618064600159
2015-01-21,0.005048177470797999,0.005117114105336773,-0.0005726176587328,0.0021221381400151,-0.0007002804020244,-0.000341493433717,0.0051171140871677,-0.0002179743266944,-0.0114611462154449,-0.0050977696245635,0.001609205776816,0.0030091224367062,-0.0026159180812344,-0.0026159624425299,-0.000976037808028,-0.0001090118063316
2015-01-22,0.014870633825946333,0.01850401205538521,0.0001810712334102,0.0145601276353903,0.0029856440862745,0.0009795030340173,0.0185040120231592,0.0045205083387871,-0.0034052176448896,0.0091165108593582,0.013854787518705,0.0163728927381546,0.0095592846249272,0.0095592278859702,0.0160882506398952,0.016893667702266
2015-01-23,-0.005482737463526344,0.0022110003022246527,0.0030188982016694,0.0041850584883735,0.0030769974547435,0.0032941117040035,0.0022110002876121,0.0032250295406117,0.0137670322243592,0.0039554444590532,0.0046736078668118,0.002824446190991,0.004641762835508,0.0046418033359487,0.0013362150196398,0.0003207204596569
2015-01-26,0.002341910505155642,-0.0011510538813562787,-5.788981415000283e-05,-0.0014551690830426,-0.0004014823933883,-0.0004733048246873,-0.0011510538589641,-0.0006156865381767,-0.0029388371046214,0.0037738443205481,-0.0015488343641617,-0.0004188524389926,0.0010395149333389,0.0010394783518739,0.0044805561534571,0.0053531324946268
2015-01-27,-0.013190685341358921,-0.025926480165909482,-0.0003409758065437,-0.0210037316990103,-0.0034220116868864,-0.0018732093519846,-0.0259264800699799,-0.0055978542178847,0.0015521248204298,0.0008348839542209,-0.0201438858530206,-0.0208673293908044,-0.0070698341966717,-0.0070698334921044,-0.0088083031108919,-0.0089580079959408
2015-01-28,-0.01282439860464446,-0.00512627219833206,0.0020868678287631,-0.0013364098803194,0.0017545750309679,0.002001298431344,-0.0051262722066478,0.0014589427683764,0.0161408779566374,0.0026701379866992,-0.0006090432726524,-0.0032671364385945,0.002139411418257,0.0021394957060046,-0.0061924446295086,-0.008041137180369
2015-01-29,0.009243694065444785,0.009611636348854757,-0.0005393579565398,0.006652570848372,0.0005143462428918,-0.0003432877633153,0.0096116363275982,0.0011577967852725,-0.0064893033163705,-0.0005743167053648,0.006205585220768,0.0075221169433089,0.0016110388874112,0.0016109986317089,0.0069528599455485,0.0081247940557432
2015-01-30,-0.012574842466481662,-0.007753547913244341,0.0044549832428895,-0.0031996670631853,0.0024713275739329,0.0048834770472379,-0.0077535479195939,0.0019809787632989,0.0173921612399037,-0.0050553645897453,-0.0023914097024586,-0.0065934746030907,-0.0023075783345939,-0.0023074928389657,-0.0124122223557673,-0.0144875225810726
2015-02-02,0.012384007407764575,0.008704527671552054,0.0022272595673165,0.00390877484762,0.0028423491936626,0.0024665171236721,0.0087045276683712,0.003893596566034,-0.0037754121620682,-0.0031107313966869,-0.0032571407458048,0.0064610684146356,0.0005564330488,0.0005564244734462,0.0007745042459439,0.0048325911830648
2015-02-03,0.014461166776258194,0.009609388534526309,-0.000396857380475,0.0005382193183047,-0.0013680218899546,0.0001686014535502,0.0096093885288608,-0.0004967855354574,-0.0211625090243108,-0.0034143815649784,-0.0198877258957736,0.0066495562807439,-0.0017041077044998,-0.0017041220534261,-0.001668984541609,0.0102587921902026
2015-02-04,-0.003807678578678475,-0.000873918263506468,-0.0018485130800318,-0.0004602121684335,-0.0002720622076883,-0.0020542233242388,-0.0008739182635995,-0.0002464655251037,0.0017082099038145,-0.0017657655004786,0.0016016252392105,-0.0009424158739225,-0.0008252031373443,-0.0008251999607179,-0.0008513478934588,-0.0028492274893821
2015-02-05,0.010095009658503296,0.008651725352447182,0.0012539154006649,0.0033657695902098,0.0008037002963257,0.0016009890308641,0.008651725349104,0.0012874877456001,-0.0109767238795586,0.0026805947371872,-0.0101640318006296,0.0071367417001011,0.0025344947569236,0.0025344861160833,0.0025823750465769,0.0099825544312666
2015-02-06,-0.002765425232816421,-0.006072036485500698,-0.0062337383423055,-0.0116442520448433,-0.0078596991136079,-0.0063982442670131,-0.0060720364892636,-0.0081207346828424,-0.0177029898094481,-0.0244552030062414,-0.0172185461985781,-0.0093397878224254,-0.0169684772198396,-0.0169684869422457,-0.0168953599564222,-0.0124219083746131
2015-02-09,-0.004475645528808303,-0.0031998879996469887,-0.0008030234897605,-0.0031288863870672,-0.0015280458419315,-0.0005150248136105,-0.003199887999735,-0.001586899782953,-0.0016041956205442,-0.0048372037395122,-0.0016698517781276,-0.0034156290873718,-0.0035999883555815,-0.0035999876871348,-0.0034875687885819,-0.0057420884736721
2015-02-10,0.010653070660336272,0.015564604171049323,-0.0001702003376485,0.0077551945287093,0.0015802136308866,0.0003058984425965,0.0155646041649606,0.0023537170075993,-0.0079527508070857,-0.0013270716435232,-0.006977155359608,0.0121948403742544,0.0029901497472664,0.0029901477183459,0.0029683623890606,0.0074482420793995
2015-02-11,0.0005802481562071637,0.0036397829054377606,-0.0006889947933838,0.0025054831753861,8.544268524124377e-05,-0.0005183534472369,0.0036397829041516,0.0003406260705254,0.0018495408583443,-0.0010014040273123,0.0019244579294561,0.0028475751113276,0.0007260642106158,0.0007260667080766,0.000829453912582,-0.0003296778271434
2015-02-12,0.009616793390529343,0.01164336067531857,0.0019410221393865,0.0075425277463352,0.0030749036890227,0.0027911645395048,0.0116433606724393,0.0043269597596888,-0.0033068754072425,0.0057554256887943,-0.0026876192587571,0.0102755281135698,0.0061182504312716,0.006118244062483,0.0063371450420778,0.0109276420247668
2015-02-13,0.004116541155277709,0.00858484784257807,-0.0004535446420317,0.0019554671683053,-0.0008774630770469,0.0003878265497909,0.0085848478376431,-0.0005995774385336,-0.0102681949645612,-0.0081208442940389,-0.0094854806980144,0.0053782477749075,-0.0028368737495062,-0.0028368820627733,-0.0028976985169833,0.0020290866572166
2015-02-17,0.0015731919374095682,0.0009353854805931316,-0.0039856663874023,-0.0037072527203841,-0.0038896016787839,-0.0038142743636525,0.000935385477591,-0.0033562997244341,-0.0150543658432285,-0.0075714562687398,-0.0143916233917705,-0.0008803094797785,-0.0056857987394042,-0.005685805046989,-0.0054402029707935,-0.0003170536154178
2015-02-18,9.504131032223029e-05,0.001401729591005152,0.0029704382682884,0.0033742172758164,0.003288990076228,0.0026187393197727,0.0014017295923047,0.0028254235439906,0.0059404055691434,0.0079440701899946,0.0057514864738207,0.002576109639964,0.0054748810936018,0.0054748860601412,0.0053531453253654,0.0041275230882148
2015-02-19,-0.0007136690350578734,0.0049460295831638135,-0.0023280663708143,-0.0007067915691927,-0.0015866063875265,-0.0017204464556742,0.004946029578601,-0.0010697597387901,-0.0066156397557626,-0.0154564248521806,-0.0061336691647825,0.0013578754603513,-0.007198396462629,-0.0071984039550539,-0.0069624846727117,-0.0052778629993103
2015-02-20,0.006000424119236625,0.006685756214382943,0.0008262503266416,0.0059706637518741,0.0017741332272922,0.0009369179165898,0.0066857562137732,0.0023673941004558,0.0029334310682073,0.0069362675077713,0.0030885216729569,0.0066183770343964,0.0057290113942659,0.0057290111303922,0.0059344802782217,0.0062703186770833
2015-02-23,-0.0001419998176693804,0.0010144582847448902,0.0024003504058944,0.0044516870126698,0.0028426554015879,0.0022467035234632,0.0010144582868663,0.0026081670782029,0.0114584499469974,0.0094241588785769,0.0110250147021209,0.0026559505714549,0.0066127362096199,0.006612742775545,0.0064922649116522,0.0035434011269776
2015-02-24,0.002840640265544536,0.0007374428718038839,0.0043041431905401,0.0020912717531373,0.0050073950029132,0.0040321241317797,0.0007374428726119,0.005124357208126,0.0131222715004698,-0.0063908984974791,0.0126116052094539,-4.622212117451059e-05,-0.0010872297270618,-0.0010872319019695,-0.0010987159297261,-0.0042674043532582
2015-02-25,-0.0008496262324280135,-0.002485965857680572,0.0022218862873577,-0.0003949473043339,0.0006314692582669,0.0022077565719356,-0.0024859658560556,0.0002041646409465,0.0043179378828953,0.0018930224329552,0.0040357828015209,-0.0015921512292562,0.0007143745354706,0.0007143731280292,0.000711684149357,-4.4708177758253185e-05
2015-02-26,-0.001181204388295387,0.005076849467319677,-0.0039716157874595,-0.0014983947003651,-0.0038934590204983,-0.0034310737860344,0.0050768494623065,-0.0038145116053839,-0.01366784090707,-0.0120110450253496,-0.0128895323454355,0.0018123301893974,-0.0064349156847806,-0.0064349246889586,-0.0063820200547726,-0.0015634804960519
2015-02-27,-0.003406378867502391,-0.004408628310150764,0.0023476580933763,0.0001607632177742,0.0011999301120526,0.0022789728989609,-0.0044086283069075,0.0006714658091679,0.0084080424329304,0.0080808359391682,0.0078757182258803,-0.0020478945051414,0.0039114328540659,0.0039114404381615,0.003795834021289,-7.96942312898116e-05
2015-03-02,0.006313676357092346,0.009040643796254466,-0.0045200179670725,0.0009889439761787,-0.0030050810031608,-0.0037755088705023,0.0090406435423922,-0.0026461915360306,0.0029077252150957,-0.016524298203312,0.0077458542693088,0.0061466274967612,-0.0004225102726175,-0.0020154670591503,-0.0004224794147074,0.0057944116880696
2015-03-03,-0.004104223909467186,-0.004662512818247588,-0.0020809696696152,-0.0042552417986958,-0.0027141341408137,-0.0021260550702187,-0.0046625127994385,-0.0025564814530932,-0.0044326844708884,-0.0034775903759611,-0.0035761932306693,-0.0043042174532978,-0.0036500115035085,-0.0031168741378502,-0.0036500143703852,-0.0042367134777798
2015-03-04,-0.004215644407462138,-0.003857949789763282,-0.0009627971823106,-0.0028670504877399,-0.0008854277379592,-0.0012745891084365,-0.003857949771708,-0.0013486079674764,-0.0029326249587049,-0.0005349804499468,-0.0061061824885538,-0.0040095840515389,-0.0042398619261647,-0.0039967423150365,-0.0042398666909806,-0.0051455333900188
2015-03-05,0.0010940030521549016,0.0017522245057870478,0.0007509901413604,0.0008309571830629,0.0008941717794486,0.0007092781328377,0.0017522244819394,0.0009379556397715,0.0010832989920235,-0.0009067463068982,0.0022030254625607,0.0015790967648224,0.0013088818743949,0.0011477195946167,0.0013088864673231,0.002335484051248
2015-03-06,-0.014064213044592044,-0.011322004592788315,-0.0095339206580775,-0.0149101306876796,-0.0106912306200684,-0.0098405747800727,-0.0113220047410569,-0.0115856716106695,-0.013709327509294,-0.0230495421504855,-0.0199496929028891,-0.0144042642814599,-0.0212475270472556,-0.0210473794199046,-0.0212475064494437,-0.0189176323932244
2015-03-09,0.004144384873962403,0.0028861889989433287,0.0022196438167245,0.0048490254900115,0.0036335086139296,0.0023905187397099,0.002886189063485,0.0042307579846356,0.0042925197772272,0.0091212407008332,0.0048882648789477,0.0039603207226522,0.0064613972508834,0.006426830734187,0.0064613846781882,0.0050950307245304
2015-03-10,-0.016221600615259013,-0.018566736818052765,-0.0008059432910066,-0.0095377157506925,-0.0021233748302178,-0.0023138347597428,-0.0185667365063411,-0.0037575920074665,-0.011534402356022,0.0119596316596073,-0.0115372502315761,-0.0139134230946956,-0.0029951868283431,-0.0016860091635297,-0.0029952288792882,-0.0097270981788735
2015-03-11,-0.0023418781892826646,-0.00576991781967251,0.0019013935781646,-0.0015128610382183,0.0008897010818931,0.0012497965704783,-0.0057699176646374,0.0009585439531545,-0.0028759301202938,0.0067319884776225,-0.0031537623568812,-0.0039215629902533,0.001329129918106,0.0012231698979443,0.0013291274705528,0.0008585580165474
2015-03-12,0.01271377706144916,0.006564617475612655,0.0019351451126221,0.0058376229274763,0.0038731288879072,0.0020963039284469,0.0065646174804774,0.0045901239651555,0.0049526613207108,0.0008540161311398,0.0108386266634067,0.0069148344417147,0.0086387592907265,0.0068784829860638,0.0086387750043906,0.012779470575219
2015-03-13,-0.0061321219570940055,-0.004347945281003129,-0.0034291898697879,-0.0043078131094546,-0.0029171038801648,-0.0037404685630894,-0.0043479452714828,-0.0034065289529312,-0.0040643371440656,-0.0028562639085223,-0.0028725505020239,-0.0038733381605064,-0.0027644483434212,-0.0026894942454144,-0.0027644523201024,-0.0030082759218739
2015-03-16,0.013360367695856912,0.01291049092906782,0.0027629443047771,0.0120783843139353,0.0053469759085662,0.0036831361501701,0.0129104908822563,0.006396941447714,0.0121827533329741,0.0096870419782184,0.011888281677202,0.0123579819256536,0.0104440812740408,0.0099569012202828,0.0104440745504542,0.009776839333642
2015-03-17,-0.0029724406315786434,0.0015934577221572432,-0.0008851070244764,0.0025215135547733,-2.3387980362277183e-05,-0.000506853259192,0.0015934577427962,0.0001761790193679,0.0030767986824612,0.0075397963873708,0.0008228594649917,0.0020325109687882,0.0031229568368329,0.0030219141699885,0.0031229470451425,0.0014446678531251
2015-03-18,0.012021477756780197,0.009825034494981733,0.0115883630910238,0.0129340674847306,0.0112848058573951,0.0117899367122094,0.0098250346125401,0.0117689123228756,0.011925950680169,0.0194416314010865,0.0141975700349978,0.0117622992069778,0.0158129585588555,0.0162427431478614,0.0158129476490202,0.0136601507272266
2015-03-19,-0.004561238063437778,0.0014824169476777005,-0.0062484539735769,-0.0014946202468542,-0.0049677954055635,-0.0056196574122023,0.0014824168466125,-0.0046695148758415,2.425630331994781e-05,-0.0046969831285661,0.0007121852595687,0.0006830207825065,-0.001032696152146,-0.0017343848853028,-0.0010326973901574,3.143203457340916e-05
2015-03-20,0.008826823194155509,0.0064731106478101985,0.0060382051555551,0.0067587014137961,0.0056669319625712,0.0060645427127703,0.0064731107015976,0.0055116738477236,0.0062073810000468,0.0069825137849914,0.0138136795117383,0.0081284199268895,0.0119314710707309,0.011331347795402,0.011931476979793,0.0135058187784488
2015-03-23,-0.0019484230859725393,-0.0019348869193425156,0.0013961250161935,-0.0017346658281136,0.0004275122206314,0.0013197779490772,-0.001934886905051,0.0003373579431125,-0.0017756884374909,-0.0012207642617064,-0.0016702541254246,-0.00180414669974,-0.0014119326851076,-0.0010941501714139,-0.0014119274487312,-0.0010213910774766
2015-03-24,-0.005619166173584933,-0.003600454161865274,0.0012978891155948,-0.0003943250354452,0.0006471055351493,0.000778742962638,-0.0036004540727336,-0.0003383665616806,-0.0006590853002523,0.0081012616683303,-0.0055378229881495,-0.0028283819178452,-0.0007573798687316,-0.0005857439571713,-0.0007573922575151,-0.0033466469286334
2015-03-25,-0.014653744403465008,-0.022885249048842593,-0.0043543389049311,-0.0172833856911551,-0.0068565829843557,-0.0059276956476145,-0.02288524885309,-0.0078838599985169,-0.019684342880073,-0.0092044956254043,-0.0206641542190692,-0.0210027726738282,-0.0169636256068776,-0.0149029269622991,-0.0169636325953148,-0.0198592499789891
2015-03-26,-0.0023813913999800596,-0.003413539729954951,-0.0028425463649234,-0.0066336047663476,-0.0041679888245954,-0.0028035414885927,-0.0034135398254975,-0.0045481349961213,-0.0061125106864992,-0.0146958551340167,-0.004128401363012,-0.0047220568479991,-0.0073912166954755,-0.0078857704311044,-0.0073911980572085,-0.0041629704453468
2015-03-27,0.00228940455848603,0.003995989786902188,0.0016050501249389,0.0059820786473243,0.0031406501729722,0.0015141723106744,0.0039959898363619,0.0033374005603064,0.0058671489831651,0.0114782506681717,0.0029381877731949,0.0045291938069872,0.0059616989793056,0.0057213376834952,0.0059616862415762,0.0042433061565327
2015-03-30,0.012199888520450397,0.011467224769029727,0.0020423972597316,0.0070583105796491,0.0033858686521988,0.0027818430383776,0.0114672246380949,0.0046249543591507,0.0078259242153639,-0.0032983535783851,0.0125880410494142,0.010203861945961,0.0076017581922075,0.0064183263690185,0.0076017778540966,0.0115942311542522
2015-03-31,-0.00873929450188482,-0.010587705274416326,-0.0002095368724063,-0.0067158959508736,-0.000806714652533,-0.0011848649596862,-0.010587705143998,-0.0016611212693499,-0.0077647577850469,0.0012020011378083,-0.0098896772738974,-0.0092310396558468,-0.0054979555538402,-0.0049963144972675,-0.0054979646389827,-0.007478112378614
2015-04-01,-0.003536274009447893,-0.0052081854810475114,0.0039209782333975,0.00144080931332,0.0024019149589484,0.0038424686632163,-0.0052081848894317,0.0016054813719639,0.0092871189942615,0.0112851160636693,-0.0037155497436443,-0.0031368410927511,0.0019911473089946,0.0019911234043175,0.0019911218540846,-0.0008586241794256
2015-04-02,0.0035975162497301483,0.0006663787674998645,-0.0013554139003552,-0.0021191490013064,-0.0008158150723474,-0.0016276204035328,0.0006663785585088,-0.0003653259927165,-0.0082333508904206,-0.009460066690261,0.0034011750889214,0.000273637854509,-0.0005133702703913,-0.0005133587006948,-0.0005133564597708,0.0029543451421436
2015-04-06,0.006733068373414142,0.008181182990147917,0.0026465032727596,0.0031113418941146,0.0027106775542191,0.003359940600454,0.0081811825896935,0.0031620820983631,-0.0026966348049824,-0.0041960058659011,0.0090457961821022,0.0071045817276613,0.0043325846479598,0.0043325950593507,0.0043325966173037,0.0071301252661443
2015-04-07,-0.0026465097372961877,-0.0016983576257210142,0.0022115959769584,0.0013015953154367,0.0009444016953059,0.0020658589175053,-0.0016983575018024,0.0004803928853416,0.0062694195550096,0.0073676763648835,-0.0079757522274433,-0.002268542902897,-0.0039183852856479,-0.0039184263733979,-0.0039184290376033,-0.0073687509337155
2015-04-08,0.0033770528797198995,0.00793947985485155,-0.0012552455178742,0.0038537046951361,0.0002068377489918,-0.0011030982452908,0.007939479522913,0.0006527559596072,0.0019067587575864,0.0010752228112154,0.005417390405789,0.0066197954721881,0.0037967123061468,0.0037967503671977,0.0037967536019367,0.0056567577099287
2015-04-09,0.004423640834286369,0.00628272235610039,-0.0022459391595376,-0.0007162772381426,-0.0016780529151644,-0.001636451260203,0.0062827215575675,-0.0011713744374427,-0.0089276000805058,-0.0110241559885409,-0.004377914314813,0.0019197970964301,-0.0085887615400079,-0.0085887698398283,-0.0085887683794751,-0.0059849988253841
2015-04-10,0.005456968768267512,0.004100227586804284,0.0014816446456655,0.0037036837982302,0.0014745009784076,0.0017976669740495,0.0041002275018422,0.0019939095889565,0.0020201167265129,0.0017333988995956,0.0021969488773474,0.0033963500884081,0.001932478058431,0.0019324936699736,0.0019324954176401,0.0026240372779897
2015-04-13,-0.004522672811644757,-0.00250568850791566,-1.2375457908553322e-05,-0.0019263570693536,-0.0001483385810936,-0.0001063699171092,-0.0025056884239803,-0.0007036727131111,0.0005718186609475,0.0009960145633944,-0.0025689550330909,-0.0021574430909772,-0.0010712724611897,-0.0010712713763681,-0.0010712718251675,-0.0016143485798399
2015-04-14,0.0019127396216860326,-0.0028844589084722205,0.0021264623268451,0.0020151360587481,0.0022135238724187,0.0016777520351358,-0.0028844585070997,0.0022455581259221,0.0049963858748266,0.0060826625864345,-0.000357442037545,-0.0013453111867185,0.0022943847290854,0.0022943724840702,0.0022943711822366,0.0008470238310599
2015-04-15,0.004487057151018936,0.006251653131562618,0.0028817194107315,0.0033174232466397,0.0020314267372756,0.0037015065293692,0.0062516528148564,0.0021579558795379,0.0006462676785066,-0.0001263661923854,0.0008260816780885,0.0042834473213949,7.115100723833941e-05,7.116823505453048e-05,7.117112466176497e-05,0.001912628287557
2015-04-16,-0.00028494779309296003,-0.0013907888297464144,0.0002429575308577,-0.0021869829212827,-3.381284100367754e-05,0.0005006859945178,-0.0013907888733099,-2.559138852553655e-05,-0.0042247213286756,-0.0046153430888407,0.0001679610355137,-0.0013502391307919,-0.0011969922566245,-0.0011969985543015,-0.0011969984830627,7.79687652653834e-05
2015-04-17,-0.01150367792427065,-0.015600206778437098,-0.0008351865983012,-0.0053613132760329,-0.0018657738617078,-0.0018686189736853,-0.0156002059038448,-0.0027602166955632,0.0057883927603239,0.0087365452316107,-0.0112719992323139,-0.0120320691931382,-0.0042484843750183,-0.0042485568960117,-0.0042485641946846,-0.0110048721345306
2015-04-20,0.009136904694332149,0.014998416063864761,0.0001520619919028,0.0050946094295092,0.0013050211146006,0.0010919105145623,0.0149984151827788,0.0020404785180641,-0.0038279520866454,-0.0064229332497798,0.0096626053024787,0.0114903235437232,0.0032726633049981,0.0032727177494154,0.0032727221470798,0.0075009774180212
2015-04-21,-0.0011911530689547867,0.004275207621897703,-0.0013869814625558,-0.0004745417194687,-0.0013091545346219,-0.0009885843267574,0.0042752072644887,-0.0012571848662592,-0.0026817850551643,-0.0036407198729207,0.0032631658545848,0.0032098933045192,0.000333260193177,0.0003332589111809,0.0003332594636627,0.0017161845412724
2015-04-22,0.004914056504047304,0.005460022444629953,-0.0030176792397087,-0.0014846977669235,-0.0026221271210949,-0.0023740775031734,0.005460021838487,-0.0020032579750607,-0.0109188536525542,-0.0131764774954933,0.0041240299422887,0.0032039250728562,-0.0021688538751767,-0.0021688243084424,-0.0021688210537568,0.0020621257080514
2015-04-23,0.0025162226351482797,0.003773456634752481,0.0023986040638248,0.0035128522570611,0.0023446634582029,0.0029715246415196,0.0037734566245819,0.002535478752923,0.0041945031729721,0.0042525390584988,0.003340371310304,0.003718923093482,0.0036798957943521,0.0036799023672375,0.0036799028581847,0.0036969789539494
2015-04-24,0.002320492248762296,0.013570524065287248,0.0026820933384026,0.0073491184963245,0.002994387861416,0.0039379599747153,0.0135705235463501,0.0029129805550716,0.0077752676017531,0.0069764626249271,0.0090322859439805,0.0117935123006813,0.0062282915279996,0.0062282777206189,0.0062282747960242,0.0042944418021465
2015-04-27,-0.00415787877356244,-0.002532914509922657,-0.0010669276594681,-0.0022735794113931,-0.0017661185532557,-0.0010514990146763,-0.0025329144842507,-0.0021101389410945,-0.0005312633639598,-0.0002553606249628,-0.0020591813764269,-0.0021824567791092,-0.0022636973414029,-0.0022637432108021,-0.00226374653279,-0.0042237153966519
2015-04-28,0.003179050539359407,-0.001995371683107816,-0.002762486613029,-0.0040323210213809,-0.002450816448999,-0.0029458305123173,-0.001995371882579,-0.0020566078640222,-0.0113170625555093,-0.0126019411906243,-0.001973113691118,-0.0030909739080487,-0.0047633133532556,-0.0047632787929031,-0.0047632741715052,-0.0001353851295085
2015-04-29,-0.004114716667433571,-0.006270723612257445,-0.0026410246428613,-0.0074399893462373,-0.0036458226314791,-0.0026964616081384,-0.0062707238469145,-0.0042828812745863,-0.0110002955206245,-0.0116522094485887,-0.0117470089026065,-0.0081476983700076,-0.0126919295880152,-0.0126919602972974,-0.0126919615511575,-0.0122334191075386
2015-04-30,-0.010020592122622407,-0.015729349595053232,-0.0007202287632857,-0.0082131134288732,-0.0025197370530706,-0.0016459281204818,-0.0157293490747904,-0.0034123667878962,-0.001916502907099,-1.257458996292799e-05,-0.0159286496756675,-0.0141459302385936,-0.0111805780346074,-0.0111806704390719,-0.0111806777180939,-0.0163889468609945
2015-05-01,0.010841445806522243,0.013193562199404818,-0.0015507253409234,0.0057172175543263,-0.0004073982110608,-0.0006098082028173,0.0131935621962351,0.0004578768833334,0.0062522860296604,0.007285061514276,0.0075866042303919,0.0093559106934761,0.0026314048013233,0.0028392079574758,0.0028392353846372,0.0082428407372736
2015-05-04,0.002847396496301391,0.001650765250170938,-0.0010249845246033,-0.0007661253736894,-0.000708394943756,-0.0007984415457079,0.0016507652498722,-0.0005766623647974,-0.0012362583645051,-0.0008067051894391,-0.0006812871935934,5.46048020080724e-05,-0.0011531449489012,-0.0016746265766552,-0.0016746239252152,0.001344857208566
2015-05-05,-0.0114517235595617,-0.01629602188103385,-0.0019414274117881,-0.0111722933968682,-0.0039523699635531,-0.0029211355529095,-0.0162960218786352,-0.0051677305207565,-0.0124128124737422,-0.0129905856937569,-0.0131592799632599,-0.0141490961663679,-0.0113007462458129,-0.013098589604288,-0.0130986425409436,-0.0159551455661347
2015-05-06,-0.004116881563315911,-0.006886930908466926,-0.0040167449221422,-0.0086277960531055,-0.0044130223263056,-0.0041822392759145,-0.0068869309071357,-0.0044874767584339,-0.0095518981856969,-0.0091553842286899,-0.0090396127965276,-0.0083603221515417,-0.0063511352379589,-0.0074292525417791,-0.0074292191851717,-0.0021481361992119
2015-05-07,0.003989708652547108,0.005997678748049129,0.0019466312193052,0.0072463760383691,0.0034476492292041,0.0020668226002351,0.0059976787475113,0.0039684245569424,0.0079351047448295,0.0076468398750485,0.0075626742710866,0.0070688313293233,0.0085036676530276,0.0108151245880308,0.0108151692303267,0.0075801379221042
2015-05-08,0.01316609626876386,0.012482637250888828,0.0059317678546775,0.010244753088402,0.0067359578522672,0.0063804910269689,0.0124826372501813,0.0076153026675835,0.0099353628202613,0.0103143655461679,0.0104250241681045,0.0110743153155933,0.0081962270297139,0.0094981841073886,0.009498182811341,0.0117551535814295
2015-05-11,-0.004772728087645839,-0.0038644444413389323,-0.0080516068901741,-0.0091995571428511,-0.0080436684625956,-0.0077797997858709,-0.0038644444427438,-0.0079699451385436,-0.0091925712800892,-0.0083998123351597,-0.0081683480052262,-0.0068102275472976,-0.0097889428145913,-0.0129100508087076,-0.0129100337598382,-0.0069510583957314
2015-05-12,-0.0029913154814626974,-0.004525479884861183,0.0006126287174805,-0.0023327561608224,-0.0003907428324676,0.0004395052321748,-0.0045254798834499,-0.0010988550845087,-0.0026716454790938,-0.0029474729599352,-0.003028007179023,-0.0035005429237394,-0.0008146988080216,0.0001493876659128,0.0001493897469594,-0.0009779995842814
2015-05-13,0.0001904793261273685,0.0020409881266232333,-0.0011153005517418,-0.0009727597822577,-0.0009378447055945,-0.0008333901631728,0.0020409881254914,-0.0006720793475738,-0.0005765812599495,-0.000187119521271,-7.340714895880217e-05,0.0005938019041844,-0.0027467480815695,-0.0046584447465142,-0.0046584719968426,-0.0018548788442483
2015-05-14,0.01042755990345201,0.014629683950714956,0.0045793617387279,0.0104726542602273,0.0053626078856128,0.0053353224336605,0.0146296839487589,0.0060052483823505,0.0115208282761161,0.0119833873003615,0.0121184421179486,0.0129108783216306,0.0103104983671222,0.0120481382238524,0.012048173062613,0.0139799288705902
2015-05-15,0.0010838261669963156,0.0,0.0047498836037216,0.0051635710261754,0.004859358834053,0.0044565056035628,1.5500933869816438e-12,0.0047696744419327,0.0052214942797259,0.0044446009320717,0.0042177689304935,0.0028868287290145,0.0066974724994865,0.0089667650386524,0.0089667530659411,0.0035147864201269
2015-05-18,0.00310683242789489,0.004380335855658668,-0.0041532110311448,-0.0011812644672105,-0.003613320331246,-0.0035968374135368,0.0043803358540539,-0.0032898832917601,-0.0011295830007826,-0.0003097756667144,-7.041393336796968e-05,0.0013340446686155,-0.000581579562646,-0.0033640155678963,-0.003363945078468,0.0029659866870039
2015-05-19,-0.0003285375190320572,-0.0010902172575650848,-0.0039614804915358,-0.0027384678038383,-0.0030407923005074,-0.0041736786586632,-0.0010902172581722,-0.0031013532418486,-0.0031152702588178,-0.0028139675814546,-0.0027259952885493,-0.0022098165242028,-0.0037410252933901,-0.0041615237571654,-0.0041615225899582,-0.0023940036757587
2015-05-20,-0.0007041498775415267,0.0006367389889307962,0.0006816592257428,0.0004879079329254,0.0008985755508763,0.0007230087450385,0.0006367389888208,0.000849706649427,0.0009104545263753,0.0008697290614736,0.0008578383187909,0.0007880692041719,0.0011629774646142,0.0006209261791405,0.0006209286223468,0.000723429880503
2015-05-21,0.0029122888339103703,0.005181211984468526,0.0045780764593335,0.0066168079036053,0.0044529443212741,0.004929750099563,0.0051812119835028,0.0045056045324221,0.0074741450257977,0.0071329851307736,0.0070333755988488,0.006448915142373,0.0049426877429357,0.0042227854631916,0.0042227730667303,0.0009448928067975
2015-05-22,-0.00238849208370695,-0.000994654284441343,-0.0017045988786515,-0.0010683518805724,-0.0016384980017227,-0.0020421223272384,-0.0009946542849749,-0.0017910741835106,-0.0006274467108629,-0.0006820826266176,-0.0006980348474681,-0.000791634746954,-0.0015948071511878,-0.0009801405501266,-0.0009801557857241,-0.0024089299245528
2015-05-26,-0.010751859883339043,-0.01149633393799987,0.0010565819251826,-0.004350211764893,0.0007560499259371,-0.0001781907094833,-0.0114963339361439,-0.0004503860470502,-0.0040469853149969,-0.0051553556570136,-0.0054789700430439,-0.0073777823635821,-0.0019473526961617,-0.0015586398968098,-0.001558647701492,-0.0090121513173778
2015-05-27,0.009492222515750326,0.016117267548237058,0.0005833230359524,0.0107418148049756,0.0024368654365192,0.0013746096653617,0.0161172675449483,0.0035372862000879,0.0125156071299059,0.0130514893629327,0.0132079525880593,0.0141260029353473,0.0101789593656253,0.0096921828135744,0.0096922446354858,0.0120870042632164
2015-05-28,-0.0011281024104529136,-0.0022531633440763255,0.0005121857939711,-0.0019684515652722,4.9701380172129106e-05,0.0004533986176895,-0.0022531633437775,-0.0005335245925158,-0.0023029661585914,-0.0022955561199607,-0.0022933925874889,-0.0022806980270537,-0.0018732739021852,-0.0020959194189327,-0.0020959025309045,-0.0017428137119634
2015-05-29,-0.0062130784969021136,-0.005961495276625595,0.0008074846943302,-0.0040338649810378,-0.000823212416127,0.0003455304899919,-0.0059614952762342,-0.0017680774524724,-0.0038347083088532,-0.0041511477352423,-0.0042435395529817,-0.0047856499583993,-0.0040811536523488,-0.0051759025525947,-0.0051759222238986,-0.0074237257353081
2015-06-01,0.00203664247405011,0.0033620384570012263,-0.0017299764395322,0.0015099939138474,-0.0015214647546472,-0.0016068896379564,0.0033620384554771,-0.0018473488299628,-0.0003123582995613,0.0002343461656966,0.0066291632260376,0.0028894932847226,0.0045551758815877,-4.566402403710004e-05,0.001776076025123,0.0023683482167372
2015-06-02,-0.0009928197699369257,-0.0031697108188182277,-0.0039935056573227,-0.0037150128218697,-0.0044671742679077,-0.0035970688789291,-0.0031697108173279,-0.0042456861855478,-0.0059775617989772,-0.0055597886441307,-0.0055578240049382,-0.0047521040197298,-0.0045380819278189,-0.0054809543212462,-0.0077146466450779,0.0001039466268227
2015-06-03,0.002649538869662793,0.002998297135138772,-0.0068541853466739,0.0009268044516199,-0.005275997439379,-0.0065854132630388,0.0029982971334443,-0.0042512235520482,-0.0019686449803704,-0.0012296261053249,-0.0037427493722156,-0.0004300778360616,-0.0020294724002678,-0.0023717908104966,-0.0072361713050372,0.0041130614849961
2015-06-04,-0.008446475907365136,-0.007609030071685563,0.0005115308329555,-0.0057322966920356,6.843932364963834e-05,-2.4908677602075713e-05,-0.0076090300708756,-0.0001465831223697,-0.0022372136629971,-0.0030364728748016,-0.0052868507640905,-0.005143390863783,-0.0045617144031298,-0.0015745089274238,4.586408231610913e-05,-0.008697285283673
2015-06-05,-0.0017133308794127222,-0.002373015090677555,-0.0048725407783899,-0.0032140772058059,-0.0049460899097167,-0.004558836726431,-0.0023730150907048,-0.0045962390704091,-0.004926884719907,-0.0045469008288574,-0.0057792453255148,-0.0041208339087929,-0.0031038901060344,-0.0033114159791005,-0.006985724082128,-0.0032256775142836
2015-06-08,-0.006149429999501521,-0.010155618158235735,0.0003126616779076,-0.0081454981963495,-0.0008429017894057,-0.000177104482378,-0.0101556181536466,-0.001766579254657,-0.0077987831339794,-0.0081494506823108,-0.0069174237809728,-0.0085189539956588,-0.0050887848774664,-0.0049471825505642,-0.0043847777381151,-0.005026900684165
2015-06-09,-0.00014437263377498066,-0.001663591688174093,-0.001679068764795,-0.0019018063185646,-0.0023430351083039,-0.0012040272231571,-0.0016635916888737,-0.002456784260007,-0.003292026053822,-0.0030497354024363,-0.0038395564928107,-0.0027790697197854,-0.0043837946790157,-0.0045139988533038,-0.0053582898063364,-0.0037868231655289
2015-06-10,0.011993637950457048,0.013702521305070325,-0.0005711038175265,0.0109273545873775,0.000938946459619,0.0001769060972203,0.0137025213024442,0.0020057164307967,0.0078549274981985,0.0087249764309837,0.0110042847350976,0.0109759028035643,0.009089552334313,0.0059275200023857,0.004847968692896,0.0148588397351001
2015-06-11,0.003223498679490122,0.0014612389822989957,0.0047292534476786,0.0039152863792417,0.0053703328000624,0.0042825899517813,0.0014612389838399,0.0057965331162646,0.0065585907676784,0.0058001684830941,0.0033752089872726,0.0037285036599103,0.005133776521849,0.0081208808190465,0.0088327695160636,0.0026217564627793
2015-06-12,-0.007654744811164016,-0.008208077651839618,-0.0025798158733962,-0.0072151995500404,-0.002938549870698,-0.003022993290875,-0.0082080776493536,-0.0034218651615713,-0.006070571661893,-0.006388605793655,-0.0053703179904721,-0.0067484964082468,-0.0036359143043391,-0.0034552944526172,-0.0030342097889645,-0.0058380591423764
2015-06-15,-0.0042856540668790855,-0.00496551645053811,-0.0008691791541985,-0.0041012042536291,-0.0009512600320985,-0.0010445793430762,-0.0049655164496769,-0.0011316776837878,-0.0032528560859189,-0.00350767858171,-0.005087783821559,-0.0043950897710959,-0.0039082650613342,-0.0025015011876426,-0.0029507785413248,-0.0047975012705332
2015-06-16,0.0054517309173089945,0.005452454672088658,0.0045197954202216,0.0057040538213777,0.0045531059329682,0.004485451962555,0.0054524546717498,0.0042709908479594,0.0060824820304537,0.0059887418552397,0.0064572357330962,0.0059247567975191,0.0069645499011014,0.006929114210787,0.0071209109120359,0.0044763477888733
2015-06-17,0.001617075314422678,0.0027574746998204613,0.0002440439694599,0.001355918538451,0.0004563000553059,0.000470290494297,0.0027574746983352,0.0006393232257868,2.7295951017947995e-05,0.0004335125074066,0.0048558944843608,0.0023240672941644,0.0021536414713523,-0.0010915443258226,0.0009089341733423,0.0005422871018797
2015-06-18,0.01039941644507092,0.014573694576177187,0.0016583050456551,0.0114321368820577,0.0028853137585409,0.0021715218231916,0.0145736945724737,0.0032622457809785,0.009500151486474,0.0102550313823094,0.0141245872034205,0.0126810317380458,0.012035057787588,0.0082950362434392,0.0083756753252823,0.0124646632053035
2015-06-19,-0.004439311734319995,-0.004943991019381477,0.0023502602164104,-0.0029990959396786,0.0020305160777889,0.0017438241989151,-0.0049439910172972,0.0016819284386133,-0.0003120130708841,-0.0010011935964991,-0.0058453525523529,-0.0035439257564188,-0.002644652797946,0.001460612743022,1.7681687094072335e-05,-0.0031171354962589
2015-06-22,0.005123209111578264,0.0073709651080504646,-0.0033004544186827,0.003895693904423,-0.002808321908061,-0.0027718251421499,0.0073709651053031,-0.0026986478727061,0.0001373961881755,0.0012136608142938,0.0004514143644181,0.0031025696613102,-0.0008490818075464,-0.0028739380792777,-0.006306808042026,0.0089245296054029
2015-06-23,0.0007079959430407179,0.0008127633456629368,-0.0013047259621242,9.766621847440148e-05,-0.001611161467516,-0.0008670376533358,0.0008127633452799,-0.0014141252320004,-0.000961628016908,-0.0006976208015717,-0.0027145028390285,-0.000691787371781,-0.0022281369184128,-0.0017609684063319,-0.003847776068858,0.0008415570872494
2015-06-24,-0.007262903494748563,-0.005144664673542576,-0.0001182016645366,-0.0043372212007682,-0.0005250484683748,-0.0004655740113723,-0.0051446646739068,-0.000825338564715,-0.0015590094145321,-0.0020925101926131,-0.0051462794130107,-0.0038868124914064,-0.0048452695827845,-0.0020340252835422,-0.0014305992952008,-0.007199443996786
2015-06-25,-0.003040331444675193,-0.001996002062284563,-0.0025329813723952,-0.0024303954228034,-0.0026372131868338,-0.0023940913105011,-0.0019960020626624,-0.0024806545008005,-0.002389128268575,-0.0023306360644197,-0.0051010878252262,-0.0029102936071967,-0.0041563651570903,-0.0028289520330596,-0.0047480463515366,-0.0019095377833849
2015-06-26,-0.00019078511111714214,-0.006636291176918774,-0.0035067590485668,-0.0053687254725234,-0.0036870003712374,-0.0034578792366183,-0.0066362911734635,-0.0034988614689701,-0.0078353810702633,-0.0076569713182154,-0.0014215453788813,-0.0057532698638819,-0.0017785504984236,-0.005465147384884,-0.0034791711889963,-0.0022296957703003
2015-06-29,-0.020970053098126495,-0.023611159669714388,0.0021437066497755,-0.0178496392524127,-0.0002112689344798,0.0009910392833534,-0.0236111596649882,-0.0015466735644974,-0.0105695985523485,-0.0125100200522447,-0.0201581065247047,-0.0181713584099542,-0.0166768270968755,-0.0082738342494152,-0.0063321437366718,-0.0254325959241665
2015-06-30,0.0020931861578836752,0.003561628188264221,0.0012651514992381,0.0020603327069514,0.0002407196705696,0.0018114007864902,0.003561628187104,-7.251219935044961e-05,0.0008287332774404,0.0012353539081504,0.0019749069786205,0.0022059032764684,0.0016548433108412,0.0003486065033188,-0.0006650968630013,0.0013456194532751
2015-07-01,0.008015326011561186,0.007938741445600916,-0.0027210025397642,0.0056134174943258,-0.0009203469208268,-0.002326032864321,0.0079387414437641,0.0001328366174884,0.0025963538878019,0.0038442270840549,0.0108437705896926,0.0046399801222162,0.0068611195156118,0.0008678930107179,0.0035688632357794,0.0068545560524259
2015-07-02,-0.0009156064315650747,0.0002778753502914455,0.0030274017850688,0.0003167461246282,0.0025765217212461,0.0027291007465997,0.0002778753500471,0.0020864101725626,-0.0045681951890507,0.0008525139599583,0.0011409548084715,0.0007408351683847,-0.0010529451256017,-0.0008961588088313,0.0010815109241348,-0.0015065263401345
2015-07-06,-0.002845740653036666,-0.0023159204867793104,0.0006298420189896,-0.0001989948403169,0.0024954050423255,-0.0001039377197998,-0.0023159204858392,0.0024489502292979,0.002823661490492,0.001666663011313,0.0011416253764341,0.0008926633129009,0.0029538037922356,0.0053993823536853,0.0067253373396321,-0.0062097366037221
2015-07-07,0.0062886919624622895,0.002506949781988954,0.0017902706232442,0.0041574225098222,0.0029676679742032,0.0018081283410333,0.0025069497825225,0.0039898525548696,0.0039192789535178,0.0038226061270466,0.0074790818197714,0.0035669134107364,0.0067313229169311,0.0054766192489994,0.0083841098326288,0.0027538913549172
2015-07-08,-0.0167774675037049,-0.01741228116181459,-0.0011453107452448,-0.0143923536960934,-0.0029099626121268,-0.0021472554360151,-0.0174122811596134,-0.0043694881010716,-0.0105112050428889,-0.0124368301195066,-0.012058999946415,-0.0134037897908227,-0.0100939433465849,-0.0075952689883637,-0.0053153225727314,-0.0171707640051736
2015-07-09,0.001809151908047646,-0.0005654875902088019,-0.00219189089417,-0.0021603905402303,-0.003069850272117,-0.0021854018066133,-0.0005654875905917,-0.0035461282868842,-0.0003615316538909,-0.004220718630547,-0.0023631137763262,-0.003510338616367,-0.0024903029126194,-0.0054757511045666,-0.0071521435577668,0.0053818054978264
2015-07-10,0.012591400856712287,0.015278834728307489,-0.0004096824209373,0.0111918345450481,0.0004885038546866,0.0002803919113891,0.0152788347259311,0.0007424914486104,0.0091892340345946,0.0093315081383669,0.0123053686364511,0.010487348065393,0.0096531555068306,0.0048216618684901,0.0037043882084765,0.0194088695792213
2015-07-13,0.011037266393538081,0.017556796519387463,-0.0001485681168641,0.0137782357078206,0.0016631451463489,0.0010719229247926,0.0175567965162704,0.0028155357115089,0.0079503536075462,0.013610807570102,0.011308941670148,0.014377695266071,0.0087647078322562,0.0078612655170645,0.0058885477208687,0.0099117767759885
2015-07-14,0.004338183962326436,0.0065730013728335646,0.0014593957785711,0.0056939247240164,0.0026369062752378,0.0017961270571096,0.0065730013721612,0.0030266226559803,0.0047915158547292,0.0059448879610162,0.004854722427822,0.0060669593746942,0.0045896998383221,0.0048356586847213,0.0041313076722538,0.0063603656512278
2015-07-15,-0.0003322956660425369,0.00108834652559886,0.0013994181639995,0.0017568903391813,0.0020607360989819,0.0011837811275612,0.0010883465254374,0.0019755130884011,-0.0023677293666982,0.0029045484379924,0.0014192907882618,0.0025515766220327,0.0002936600382371,0.0020798692495649,0.0034746270928349,-0.0022055887754259
2015-07-16,0.00802427743896228,0.01413297858542606,0.0008070183190098,0.011916832134202,0.0023683153026097,0.0017463618739417,0.0141329785834503,0.0034716391560309,0.0060943451736507,0.0127525047470891,0.0117892964667936,0.0130207945046849,0.0091405586362541,0.008909478682606,0.0093270250097994,0.0094289297130391
2015-07-17,0.0008479543811925616,0.014739781164369914,-0.000920595991954,0.0104495227014902,0.0003527899879565,0.00045029114481,0.0147397811605836,0.001128668227581,-0.0030612934804692,0.012910876718277,0.0078287273852499,0.0132663172283026,0.0025660240257102,0.004309672688355,0.0044698111610994,0.0022557073347141
2015-07-20,0.0005175183883689982,0.00343367859931365,-0.0033859346182965,0.0019457519482604,-0.0018020842534329,-0.0030307034699579,0.0034336785977704,-0.0011133745634595,-0.0043173881279131,0.0019734022555724,0.0024905538725392,0.0022572013194031,-0.000669378221383,-0.0017409366706467,-0.000430225158028,0.0003035851337358
2015-07-21,-0.00395117020768565,-0.0006141600523348334,0.0007527006827978,-0.0007595454396946,0.0003169194211012,0.0009351540795818,-0.0006141600525116,0.0001720908025928,-0.0031003193566246,0.0005371562575086,-0.0013517599401554,0.0003134023843859,-0.0018976371894807,-0.0002551009521582,0.0001284399875485,-0.0027498941409306
2015-07-22,-0.0017946963145922812,-0.011324727708155291,-0.0025981896285018,-0.0072573811986457,-0.0015747077885044,-0.0032595037349697,-0.0113247277051823,-0.000694524254048,0.0039537289722621,-0.0079725552373329,-0.005293045195019,-0.0086240369929267,-0.0003649991902511,1.246007107547826e-05,0.0001410734439738,-0.0041532463930152
2015-07-23,-0.005629872054280338,-0.003729530797789038,0.0011358125907134,-0.0024411846486084,0.0008318123456547,0.0007123412422231,-0.0037295307974869,0.0002428669671343,-0.0081219749889238,-0.0006375230438674,-0.006769808493048,-0.0012384427958493,-0.0069212146909491,-0.0019394834303655,-0.0022205981186506,-0.0064645087837996
2015-07-24,-0.010371819054670883,-0.00980360935691793,-0.0016532745244572,-0.0086020699677497,-0.0025666713344437,-0.0023135959642812,-0.0098036093562253,-0.0035390026728423,-0.0108772207517249,-0.0074578563035936,-0.0044356989934696,-0.0079137443372645,-0.0062509755233641,-0.0066045313213829,-0.0025346086349606,-0.0106449769658315
2015-07-27,-0.0058177339678924245,-0.008280997711121119,-0.0011101937542423,-0.0062108167601018,-0.0006025609136208,-0.001922000881023,-0.0082809977099195,-0.001093997355498,-0.005116081720513,-0.0056765435894287,-0.004372682590427,-0.0061827091754811,-0.0039031121200224,-0.0031908241676739,-0.0011707148346548,-0.0070041561206252
2015-07-28,0.012283272701393955,0.008622103700357764,0.0016297953969526,0.0077054188664071,0.00233292535098,0.0020016544942726,0.008622103699468,0.0031223582312323,0.00540650473248,0.0055823510573741,0.0054626670755281,0.006173115228578,0.0046121031918136,0.003025693010818,0.001445037768273,0.0089977719466064
2015-07-29,0.006878919804694794,0.003779607758760406,0.0019163054564332,0.0036834357525512,0.00194661044478,0.0017444477239436,0.0037796077585083,0.0018044805628467,0.0024080586833564,0.0023481593267654,0.0047042094816724,0.0026263557954261,0.0035561350262941,0.0015098997467673,0.0022539747636324,0.0036986964444465
2015-07-30,0.00023749158568819873,0.004750977468445106,0.0015430115673851,0.0040141048880275,0.001505840895601,0.0015808653313496,0.004750977467723,0.0009992538452932,0.0023304941517409,0.005315239186259,0.001184050239323,0.005205577104374,0.0015715984129735,0.0041028026684201,0.0025385793405866,0.0015585649088444
2015-07-31,-0.0015180570143753513,-0.0011598372257154432,0.001734892412361,-0.0003101367023126,0.0025064519215534,0.0014905499060049,-0.0011598372245141,0.0027654567860075,0.0060076083993436,0.0004750524041273,0.002313309525767,0.0001573179270714,0.0044086036624575,0.0043065108810288,0.0047927732870309,0.0038568346975372
2015-08-03,-0.0033729910088649007,-0.0031262701229327616,-0.0002666086627343,-0.0017906412003914,0.0005181511380689,-0.0006128794416045,-0.0031262701224115,0.0004085305851631,5.8839458063327513e-05,-0.0004729468907777,-0.0002543399388853,-0.0010253314831968,0.0004693595834478,0.0004872698663424,0.0035847500437315,-0.0025931409153966
2015-08-04,-0.001954000481841356,-0.0018817017759248378,-0.0023026026472818,-0.0024846151664229,-0.003309877088889,-0.0023708749868615,-0.0018817017761998,-0.0037323996377905,-0.0032931876146193,-0.0030575257851409,-0.0031544017682333,-0.0028127358115292,-0.0035777794254098,-0.0042576806958372,-0.0053700205135362,-0.001773056359051
2015-08-05,0.0032951810101531365,0.00772071503716476,-0.002392507906361,0.0061252923100871,-0.0012850074835494,-0.0017955858807655,0.0077207150348805,-0.0008636221466559,0.0041684150705545,0.0047615075657484,0.0045176988903246,0.0053775728074847,0.0012784138391449,0.0002768675055865,-0.0016831187711678,0.0039229020947215
2015-08-06,-0.008187650968776272,-0.01603563638962846,-0.0003967786562113,-0.0134467456805719,-0.0014012207755444,-0.0013185861827494,-0.0160356363863816,-0.0018056918579643,-0.0102235221280999,-0.0111939136693075,-0.0107950048230512,-0.0122018922763579,-0.0066089035453804,-0.0075480802350519,-0.003075158787463,-0.0099626431401898
2015-08-07,-0.001920067215238852,-0.0012677217294481125,0.0006160857111128,0.0001537511077807,0.0012275359491111,0.0007069030795558,-0.0012677217291688,0.0014939399723403,0.0020884996589475,0.0015281444565257,0.0017584955130277,0.0009460842181695,0.0013564102391746,2.641054753565101e-05,0.0039923823511213,-0.0025804335301644
2015-08-10,0.012599343209930725,0.011422459651784234,0.0009816633507941,0.0090412355932212,0.0013546052671287,0.0017753152645461,0.0114224596502794,0.0022146570516001,0.0058682850359926,0.0067956107772364,0.0064144053331508,0.0077588557501527,0.004387393538913,0.004689799280542,-8.953839089665787e-05,0.0102310670424606
2015-08-11,-0.009022970662375673,-0.012817312479072585,0.0003209420337919,-0.009902313341497,0.000306947560549,-0.0005374603805265,-0.0128173124764484,-0.0001490187596001,-0.0061226220202435,-0.0072403684043246,-0.006780884758733,-0.0084014097852106,-0.0031835501048556,-0.0028440584643897,0.002047077152681,-0.0103432977105153
2015-08-12,0.001197799522858256,0.0034503553761762173,-0.0007387344561767,0.0025012623868168,-6.483412868463212e-06,-0.0005043095695682,0.0034503553746632,0.0001517621004121,0.0013738163264704,0.0017205157261217,0.0015779944864849,0.0020806442823739,-0.0018881682710583,0.0008648142655457,0.0001572904727171,-0.0013653861441482
2015-08-13,-0.0012444782002661858,-0.0016286793041041525,-0.0021619952386227,-0.001781416519489,-0.0020541063872425,-0.00229482091515,-0.0016286793042559,-0.0021883364413882,-0.0020008841785628,-0.0019387408124043,-0.0019642867333238,-0.0018741901936223,-0.0025185114143949,-0.0014708552755176,-0.0014489194953751,-0.0015629912324891
2015-08-14,0.0036423866623604972,0.0015406221080358495,-0.0004478673976183,0.001664392974753,0.0003312876846812,-0.0004181904145245,0.0015406221086131,0.0008574870027544,0.0017282685423594,0.0016969390764436,0.0017098180080532,0.0016643962255369,0.0032537795349939,0.0042531278409688,0.0034343723935967,0.0034048930794588
2015-08-17,0.005586780636788635,0.008325066749133914,0.0011746785294151,0.0078860864568439,0.0026316464041957,0.0017621734671813,0.0083250667482033,0.0034464366043756,0.0074367886091095,0.0075850957914636,0.0075241297007258,0.0077391474716218,0.0068307836004994,0.0086701789000486,0.0074633417721464,0.0059523193302633
2015-08-18,-0.002896558879127098,-0.005115186900151225,-0.0018135193898651,-0.0053460459824605,-0.0020176262961634,-0.0022897130197894,-0.0051151869000939,-0.0024629523421386,-0.0057579362194747,-0.0056506226430914,-0.0056947371292491,-0.0055391520292677,-0.0070394494503461,-0.0038942968819446,-0.0038733589034249,-0.0059079979710354
2015-08-19,-0.00790554549342748,-0.00658502514160042,0.0016609826779403,-0.0049662732600647,0.0013104524425417,0.0011068166731411,-0.0065850251410147,0.0005989084209585,-0.0027448424413988,-0.0033859998581956,-0.0031224326022029,-0.0040519924194622,-0.0030040364119594,-0.0058795890208974,-0.0018325145529744,-0.0083278239143773
2015-08-20,-0.02088116236870252,-0.027694494776345335,-0.0017913662075607,-0.023720354342797,-0.0051270924371562,-0.0033137752574513,-0.0276944947721415,-0.006869445094189,-0.0188774352675579,-0.0203495327567189,-0.0197443823785587,-0.0218786508657864,-0.0152846820145603,-0.0170913009863019,-0.0100132721009039,-0.0238873218208089
2015-08-21,-0.030102799497993105,-0.043705591979696146,-0.0024411853169826,-0.0385219109490601,-0.0067986282241385,-0.0054949708881206,-0.0437055919710005,-0.0098153639731013,-0.0328057585571251,-0.0346255964288098,-0.0338774969829495,-0.0365159242476846,-0.0179955210847306,-0.0218891655427934,-0.0189490614078218,-0.0253243244875687
2015-08-24,-0.04210679353641511,-0.03847672939388358,-0.0062768637050649,-0.0343722251989463,-0.0106598021788866,-0.0084539203287212,-0.0384767293911317,-0.0144407630452264,-0.029574249141094,-0.0310606085409829,-0.0304495954127121,-0.0326045421940823,-0.0268027917068786,-0.0373293346197202,-0.0295860292141684,-0.0382983096239294
2015-08-25,-0.011767483265368806,-0.0037578384154592914,-0.0027392640195708,-0.0053173850575422,-0.0052130027561468,-0.0029018635819749,-0.0037578384170688,-0.0068199482264422,-0.0066290395484024,-0.0061496636291879,-0.0063467257969856,-0.0056517199162145,-0.0073031885707965,-0.0132935358823798,-0.014968550786211,-0.0033330426011515
2015-08-26,0.03839360358996102,0.05036191518186661,0.0020673666233586,0.0423045076349584,0.007703753453748,0.0046684673892292,0.0503619151718688,0.010964577529549,0.0341093634735994,0.0368228920657742,0.0357074139214035,0.0396415274908646,0.0193113364702707,0.0289225655085106,0.0199747531207525,0.0325327985098376
2015-08-27,0.02473524791812709,0.025332699185624863,0.0059818537939537,0.0227077228031589,0.0071233490540074,0.0075403170530308,0.0253326991827245,0.0088492498024608,0.0195566190766033,0.0205209943691761,0.0201245587210814,0.0215227241833528,0.0143540942475763,0.0188222611636253,0.015363118232407,0.0185588958072519
2015-08-28,5.0104727301159e-05,-0.00018927358579523546,0.0018401274006645,0.0001398274728638,0.0002697950523873,0.0022623229359264,-0.0001892735848424,0.00035565768979,0.0005433531741595,0.0004210337385375,0.0004713168567238,0.0002939761724843,0.0036407181295529,0.0027643234485633,0.0013805467382034,0.0023129186284064
2015-08-31,-0.008079171944240682,-0.012403127116704882,-0.000665611185213,-0.0118265013935902,-0.0034952389472581,-0.0010364526225883,-0.0124031271148405,-0.0043038151787114,-0.0113017703286334,-0.0114856530670139,-0.0114100625552327,-0.0116766588925038,-0.007860185310363,-0.0124295674773274,-0.0132395155975959,-0.0093285338152676
2015-09-01,-0.029847766205401527,-0.03125299869244602,-0.0022923294457918,-0.0227522772008973,-0.0041552241236361,-0.0037540937200842,-0.0312529986042838,-0.0056922993563076,0.0062684123594578,-0.0251387681472365,-0.0243680499325695,-0.0264530571430417,-0.0082100467465111,-0.0087312624925571,-0.0124789523222734,-0.0271260810833576
2015-09-02,0.018981244251051077,0.028203917782588572,0.0017147048220291,0.0176401305420588,0.0034066255875961,0.0029239181162528,0.0282039176538961,0.0050730061993367,-0.0065721315136632,0.0223520324476032,0.0216143836814128,0.0232813768918435,0.0048123606034653,0.0068604560385705,0.0087064030879218,0.0180145505707779
2015-09-03,0.0007163529852949324,-0.0049086485203932995,0.0020750557408424,-0.0012698670620877,0.0016488711075617,0.0017312914282909,-0.0049086484754107,0.0010701794256275,0.0040367090038367,-0.0033529675001271,-0.0031568689574315,-0.0035743275181854,0.0012312826650127,0.000565658512676,0.0010525204667554,-0.0008298935097342
2015-09-04,-0.01513673345696498,-0.011896617094535933,-0.0001941668648604,-0.008323645989365,-0.0013256694605326,-0.0006207429747735,-0.0118966170707299,-0.0017687180606056,0.007046458305962,-0.0085536548153468,-0.0081322637725598,-0.0091488327274389,0.0002093122614207,-0.000657758006551,-0.0061069085700344,-0.0129111248172246
2015-09-08,0.025131035482655717,0.02819093631172853,0.0015365236571163,0.0180360982968232,0.0037682337273448,0.0024805821947964,0.028190936211637,0.0051772593955301,-0.0111766936293575,0.0213634590043938,0.0205028337551196,0.0227283418286899,0.0039323264199112,0.0049987451669692,0.0081209095077675,0.0226999095432555
2015-09-09,-0.013371666963863937,-0.011233589303686342,-0.001650097075403,-0.0084684550489915,-0.0026250378814833,-0.0020710895655355,-0.0112335892783098,-0.0030243480462984,0.0032712255086187,-0.0086847856293374,-0.0083635008104005,-0.0092909074799036,-0.0030272436867176,-0.0029699365147173,-0.0053314664056181,-0.0093904280752765
2015-09-10,0.005441521689502737,0.010879961346000444,0.0005697990908706,0.005621443855492,0.0005864032646554,0.0011884418997227,0.0108799612865351,0.001344296455622,-0.0051980825917466,0.0080768452799268,0.0077235035775957,0.0084618739708923,-0.000246190999651,0.0010184436555497,0.0016758884241385,0.0059405046160827
2015-09-11,0.004544474676206223,0.005524207987949836,0.0014212954296903,0.0054148753043978,0.0022953438709378,0.0015859963642623,0.0055242079827,0.0025387124118749,0.0050342226733136,0.0056475706532882,0.0056631209144227,0.0055843114601353,0.0046457405745881,0.0048086353703779,0.0095536117313192,0.0066895615853302
2015-09-14,-0.0037105662775849257,-0.0030311413854222646,-0.0009974173340241,-0.0022540007239708,-0.0006017351016688,-0.0012067553779395,-0.0030311413825403,-0.0006979213527683,0.001348902875645,-0.0023003483440092,-0.0022082295545487,-0.0025372629291992,-0.000932504343048,-0.000618349653027,-0.0001837258067619,-0.003503455632105
2015-09-15,0.012499345082019664,0.011781478631113229,-0.0033229811945955,0.0054538528214953,-0.0020682317995086,-0.0028241224973234,0.0117814785798475,-0.0013495304672471,-0.0152662189454998,0.0068615658211138,0.0062413951414191,0.0079856344242645,-0.0035578295589013,-0.0034519413897883,-4.443460228519911e-05,0.0090911401361663
2015-09-16,0.00866654744646822,0.005634457888173738,-0.0002405620505981,0.0045452865593527,0.0005355994787235,0.0001813224714577,0.0056344578963707,0.0007393313840038,-0.0025683242411315,0.0041387703002978,0.0039502341121266,0.0046141808133797,0.0019340664734357,0.0013359117966796,0.0037398225927371,0.0087966182337985
2015-09-17,-0.0022479844464322607,0.00037342164375386844,0.0041738591020075,0.0020527824577072,0.0044694749439091,0.0040466002874235,0.0003734216649031,0.00438227178104,0.0108625647748353,0.002254484490419,0.0024915984508356,0.0019453550056543,0.0072199406864717,0.0066106746406153,0.0080193249165725,0.0037489998576477
2015-09-18,-0.0163412234165895,-0.01422284295306897,-0.0002668613723572,-0.0087119274598298,-0.0012049491786821,-0.0008283681824777,-0.0142228429109598,-0.0018327680342544,0.011690765771296,-0.0095157850114064,-0.0089224453666974,-0.0105950399961091,0.0004571874659619,0.0003740057057543,0.0003068481247303,-0.0126149376765512
2015-09-21,0.005167648129480895,0.003132280569868806,-0.0028442910423152,-0.0004060028039009,-0.0027232500891903,-0.002518232969675,0.0031322805412627,-0.0024884204241394,-0.0126356108593492,4.320552759412138e-05,-0.0003461822256755,0.0005532602355296,-0.0068278024977787,-0.0058383307550421,-0.0019631509497799,0.0011345842668086
2015-09-22,-0.012979863172457251,-0.014950808672923754,-0.0011970640986941,-0.0084072205999669,-0.0016059025139368,-0.0016592850944789,-0.0149508086276,-0.002372063851848,0.0108202472990038,-0.0103634067854829,-0.0097851501666686,-0.0114409125526688,-0.0003771465382573,-0.0003371882628055,-0.0035984018788651,-0.0150074875996922
2015-09-23,-0.0015988590695952265,0.0007684935234071322,-0.0016947534672321,-6.836365799955946e-05,-0.0012846183516375,-0.0016259905632174,0.0007684935064953,-0.0010733438961495,-0.0004403646083203,0.000633305852381,0.0006162650184666,0.000505447186885,-0.0011803874780402,-0.000428844413426,0.0019762587055962,-0.0004129104924052
2015-09-24,-0.0036158693672124764,-0.003647292920969325,-0.0009656219646833,-0.0014158721443788,-0.0010686060790107,-0.0008536918543993,-0.0036472929047558,-0.0011739665174732,0.0049789780523769,-0.0019837808968736,-0.0017740899053512,-0.0022878044474768,0.0016260831768576,0.0012316108395133,-0.0017135430744433,-0.0034826584738264
2015-09-25,-0.00025884277806575984,-0.008478011874137437,-0.0031097310645231,-0.0062441954877572,-0.0030618198887543,-0.0033934145485904,-0.0084780118409232,-0.0036649160999282,-0.0065630929971806,-0.0085047416240709,-0.0085081110059604,-0.0086971475086655,-0.0081739094916853,-0.0072370978164837,-0.0041984376731206,-0.0045488767481793
2015-09-28,-0.025097370338649894,-0.02846889970647204,-0.0048456493485001,-0.0177929801654193,-0.0054640863965609,-0.0056328200706544,-0.0284688996116916,-0.0067514854565978,0.0131755544571474,-0.0212220343025639,-0.0203085438447924,-0.0228910563635128,-0.0044012085981287,-0.0044943000158312,-0.0074977228236179,-0.0225519022973125
2015-09-29,0.000585046429902647,-0.005200174036702698,0.0020507533538358,-0.0018278656933448,0.0018422853269786,0.0017413768038596,-0.0052001739978077,0.0012624208037375,0.0030422911225458,-0.0039233193981773,-0.0037623678119181,-0.0043018879702027,-0.0007709313317162,-0.0003887317239931,0.0028310875514688,-0.0019468912390767
2015-09-30,0.018658449155346757,0.023021872066245397,0.003827881368529,0.0159272687956089,0.0052752892185934,0.0045762968508284,0.0230218719796237,0.0063658594878506,-0.0022067790600771,0.0188103682363897,0.0182794947793077,0.0194740817376574,0.005976577825601,0.0074746833996731,0.008407615734775,0.0163634261970191
2015-10-01,0.0026093272669429624,0.004520508434250781,-0.002243875485722,0.0044424993286278,-0.0003432754717529,-0.001739640729243,0.0045205084279023,0.0005157386252487,0.000779678050016,0.0048122216724856,0.0044819590593781,0.0044177983024761,0.002847462597766,0.0034351929847845,0.004183363780795,0.0026589565977362
2015-10-02,0.014937757821880338,0.01751123737619409,0.0039870023644372,0.0139984083163418,0.0060536609494288,0.0048312395371685,0.0175112373612826,0.0070112374441941,0.0048242488283811,0.0070843144782329,0.015775011337693,0.0161844312776756,0.008958685016095,0.0071894796663811,0.0097268111667209,0.0131857753741958
2015-10-05,0.017794847359122068,0.014325546385491217,0.0032509407161531,0.0058374385289945,0.0025652572979206,0.0031915211022146,0.0143255463797733,0.0015994859807408,-0.0055395600242797,0.0127414791108001,0.0100971619378576,0.0112831452109144,-0.0017011759767655,0.0007619857492251,0.0047348796600177,0.0172734990139206
2015-10-06,-0.003426041057819851,-0.004739440500922898,0.0039772155582622,-0.0020377732553132,0.0016589338953283,0.0037783708097369,-0.0047394404922439,0.0010304586593368,0.0020425671060858,-0.0014157691320168,-0.0033671189303717,-0.003740820817048,0.0006832877154374,0.000738237412641,-0.0006181271384399,-0.0039493405177502
2015-10-07,0.008190183005718277,0.006000003485598482,0.0029620607346589,0.0032001041707063,0.0022503501097363,0.0024529151169405,0.0060000034912528,0.001352784083499,-0.0025017711738085,0.0094660205823028,0.0045867782099369,0.0050835884336609,0.0004057093918752,0.0022948507759797,0.0039951390991737,0.0112212074958455
2015-10-08,0.00902676947351777,0.00397624586651979,0.0009220051349958,0.0002910387114856,0.0008936166528494,0.0007007892088677,0.0039762458685743,0.00017725060765,-0.0026010372002607,0.0061343510834556,0.0021039958320165,0.0026385525031792,-0.0024943423901052,-0.0003713559845036,0.0009440565319451,0.0066097634772351
2015-10-09,0.0005961964063112557,0.004526176198119902,0.0006345618244623,0.0039634287733643,0.0006733883298122,0.0010510759732846,0.0045261761903609,0.0011710913464342,0.0005592157808623,-0.0010642302520727,0.0042377772141553,0.0042810386211238,0.002355730072541,0.0009145626558355,0.0017079343296255,0.0016727798544677
2015-10-12,0.0009437606698561307,0.002440576029119068,0.0002025702127477,0.0039662474216402,0.0018001065037189,0.0001794249202369,0.0024405760281946,0.0023134516055025,0.0033507666996476,0.0071596566770064,0.0032235033907815,0.0029785925140075,0.0044236533525858,0.0056577543925358,0.0054757433257207,0.0025738413928041
2015-10-13,-0.006301876223476666,-0.006461339249925868,-0.0011075499591557,-0.0040404160467706,-0.0012273966023395,-0.0013400084328475,-0.0064613392495789,-0.0012421823515597,0.0009272501529278,-0.0065049999158342,-0.0052234832542446,-0.0056228616926839,-0.0012260868975458,-0.0021948168677654,-0.0036724841796228,-0.0091143791723244
2015-10-14,-0.004794186920187071,-0.0016023498331321218,0.0024308330376834,0.0014847218560964,0.0022654802348036,0.002603180897194,-0.0016023498337754,0.0027686219707172,0.0054683849232556,-0.0052735363740673,-3.293404594074305e-05,-0.0005284371347942,0.0041796698445613,0.0018628769148775,0.0004487748363337,-0.0052229155553196
2015-10-15,0.015354421070090218,0.016426034848757487,-0.0001594853962625,0.0100210040954564,0.0015656041099618,0.0003236765649079,0.0164260348365683,0.0019000862667775,-0.0034105227455819,0.0111404393779785,0.0131932781994495,0.0141024066302785,0.0023921025323414,0.0032472787685604,0.0072144754999321,0.0171019805223986
2015-10-16,0.004546683780254801,0.004179492348336922,0.0016144223399023,0.0030382586435389,0.0014002531122407,0.0015059097152934,0.0041794923445526,0.0011151620005842,-0.0008324596512014,0.0065740312266495,0.0035948506294198,0.0036785599458198,0.0011351658307113,0.0025316698641779,0.003534054376422,0.0030914127429865
2015-10-19,0.0004920143548945433,0.005734362848899277,-4.118671060326928e-05,0.0032324546826718,0.0006972949160632,-8.568891495297493e-05,0.0057343628408097,0.0010972977413978,-0.0004628709802491,0.0117266133926919,0.0044491832718292,0.0047301954215058,0.0007498499599972,0.0038109799937536,0.0050504165298301,0.0061739945551771
2015-10-20,-0.0012783948076188212,-0.005149836506739058,-0.0013861486355044,-0.005443021464068,-0.0022447047769711,-0.0017819086139613,-0.0051498364990769,-0.0029795202225603,-0.0034266427942826,-0.0011539752435606,-0.0053013423824028,-0.0052184027169023,-0.00460579880385,-0.0034986941272033,-0.0038433354167776,-0.002556092094502
2015-10-21,-0.006203721230016779,-0.006101047257577208,0.0005745089839019,-0.0014009829200268,0.0005384579850622,0.0002537920840923,-0.0061010472523395,0.0005597706372613,0.0034384204796686,-0.0018493871118302,-0.0036705253246442,-0.0043954380214122,0.002677636834274,0.0022913551336426,0.0003835379238995,-0.0071781619270002
2015-10-22,0.016893892697882773,0.02036822703394603,0.0017358082243297,0.0148315027141918,0.0041828157881811,0.0027297319313672,0.0203682270086638,0.0052293492142769,0.0010188147276277,0.00782470848872,0.0175371773352909,0.018119092962532,0.0071369750513281,0.0054865683577495,0.0093563730810709,0.0121545046745979
2015-10-23,0.010961490383371908,0.02798302577861067,-0.001051450933543,0.0172980109471709,0.0005919179697226,0.0004807158317805,0.0279830257213713,0.0025069324463007,-0.0056435339841564,-0.00953446649279,0.0224478796890165,0.0236387343690446,0.0037770046531531,-0.0043613435357019,0.002363798317869,0.0087562828062285
2015-10-26,-0.002457511430991932,0.0006206698874997585,0.0006745509693895,0.0023419338119983,0.0009417037126246,0.0008540632881581,0.0006206698833861,0.0014182611477608,0.0026047753702052,0.0006887306239726,0.0015355630383398,0.0012154521857051,0.0031436904423232,0.0027658345903076,0.0023690458955846,-0.0019235600225885
2015-10-27,-0.001932432913037574,0.002037958079655011,-0.0003001936542488,0.0021701646486016,0.0005560408959737,7.812911209903461e-05,0.002037958069341,0.0013376839349135,0.0025059573570977,1.8014259688326213e-05,0.0021079280933397,0.0019367503873303,0.0021385983009542,0.0015939471433146,0.001500378369799,-0.0032456474182492
2015-10-28,0.011374641027586563,0.008312840527046506,-0.0001765164194017,0.0047787909283008,-0.0002817830325467,0.0001672790563951,0.0083128405235748,-0.0006411323068735,-0.0051836430250714,0.0002042111478229,0.0064430728264319,0.0071640949975697,-0.0006594929901954,-0.0016698426646752,0.0010293417957061,0.0117711395259142
2015-10-29,-0.000574351609442858,-0.0015787609102844158,-0.0044554578207898,-0.005648689197252,-0.004275247528469,-0.0045113161061555,-0.0015787609187073,-0.0044690857705654,-0.0061416971122584,-0.0033360644169908,-0.0037510728654205,-0.0033070705718115,-0.0077900086742082,-0.0071817077101933,-0.0062691354871107,-0.0051303596089898
2015-10-30,-0.004309752865294558,-0.00447986802564182,0.0017136144947005,-0.0010986352786021,0.0004961505005727,0.0016221108682814,-0.0044798680213838,0.0002899288526294,0.0019666739625034,-0.0069083245421043,-0.0026563293540931,-0.0031203275665735,0.00176924286225,-0.0003465797028054,-0.0016358567632871,-0.0053262283752109
2015-11-02,0.011831124277143612,0.011294332720098499,3.22903349427861e-05,0.0077971542506076,0.00129077869554,0.0001501058703581,0.0112943327180827,0.0012749267389222,0.0095197328580785,0.009263573421657,0.0092903481444868,0.0094274603254267,0.0127880045772575,0.0081062750544446,0.008106316512707,0.0164375869318555
2015-11-03,0.002899154446347474,0.0034902432923871185,6.950200907951398e-05,0.0009488693162058,-0.0006754497113935,0.0005262249224513,0.0034902432879704,-0.0007537035313072,0.0027239256923767,0.0019961330561214,0.0020158322809304,0.0021167111032308,0.0026094455771004,-0.004690878615406,-0.0046908626826522,-0.0007402564255342
2015-11-04,-0.0030331049676478594,8.668106969866862e-05,-0.0026068652289519,0.000317347954641,-0.0014948201395761,-0.0026593229823588,8.668106647902185e-05,-0.0011075111387919,-5.389164673223961e-05,0.000223544452299,0.0002217399716606,0.0002124992655665,-0.0020723883358189,-0.0010673960045779,-0.0010673942700652,-0.0017654271933188
2015-11-05,-0.00099831872968148,-0.002694835134513185,-0.0022604753332708,-0.0026835667635142,-0.0015609546964568,-0.0023876442196016,-0.0026948351321345,-0.0014041978622042,-0.0024398409743221,-0.0026881548004086,-0.0026882428823715,-0.002688693880309,-0.0015052357920854,-0.0004732443667304,-0.0004732416779339,0.0004026100347189
2015-11-06,-0.0005234892568724003,0.0006971347836686181,-0.0056524689182598,-0.0026128220487164,-0.004956010863369,-0.0054229319993838,0.0006971347744775,-0.0047687241835245,-0.0002402648558434,-0.0012650587705682,-0.0012391880583121,-0.0011067053050631,0.0004831383277018,-0.0141936986376614,-0.0141936718057933,-0.0078233749709454
2015-11-09,-0.00933157293711917,-0.010628005863192014,-0.0034021264756459,-0.0095635422864976,-0.0039341474262268,-0.003786033318253,-0.0106280058619946,-0.0041428324422603,-0.0095107572190696,-0.0099892627764313,-0.0099976843467314,-0.0100408107774355,-0.0102266730098055,-0.0101876530477936,-0.0101876703688489,-0.0127086262711071
2015-11-10,0.0023069321244491015,-0.002553400345614132,0.000114093402894,-0.0013749462476572,0.0006234253208463,-0.0001170929682273,-0.0025534003400635,0.0006218595587899,-0.0019953755234264,-0.0018490532095518,-0.0018583397385922,-0.0019058955329304,-0.000299529579175,0.0037453340982923,0.0037453357181207,0.0036279527817752
2015-11-11,-0.003931608155723798,-0.0012358606646465375,-0.0018148217072874,-0.0014229119843146,-0.001284473746283,-0.0018204483815857,-0.001235860665691,-0.0009988328942174,-0.0011405277387087,-0.001347175919713,-0.0013457082760372,-0.0013381926124465,-0.0016805782810973,-0.0007030827582694,-0.0007030976968096,-0.0023948323289942
2015-11-12,-0.013960030671213208,-0.009722610459517167,-0.0036051002999972,-0.0066030126145977,-0.0034418942747075,-0.003711534268854,-0.0097226104583449,-0.0029603205357308,-0.0084334281418104,-0.0078648484221343,-0.0078893422439914,-0.0080147740626021,-0.0132339825536799,-0.0034581675153215,-0.0034582021483704,-0.0113331232173379
2015-11-13,-0.011228212007315053,-0.019635851363979162,-0.0001580963659338,-0.0141328872984779,-0.0015321118210936,-0.0012146971441074,-0.0196358513497679,-0.0022653028982598,-0.0167009338598561,-0.0163959962557414,-0.0164387124158967,-0.0166574596439146,-0.0108549367738713,-0.0072113634152893,-0.0072113822364493,-0.0117827777378789
2015-11-16,0.01520694741436901,0.014384644943658209,0.0034786182110257,0.0109956923163299,0.0047274021618706,0.0037920449001225,0.0143846449375661,0.0049042406606267,0.0127486401296354,0.0124287829991321,0.0124545702341653,0.0125866253516094,0.0111574726936599,0.007625771248803,0.0076257837155193,0.0111046269265957
2015-11-17,-0.0007295461988824359,0.0006283886572420183,-0.0006321870109716,0.0008568812385887,-3.055060069279136e-05,-0.0008793393242874,0.0006283886555231,-2.955031993767676e-05,0.0005141637960261,0.0007618309087499,0.0007600715327351,0.0007510617738633,-8.738647747801547e-05,0.0006619115976508,0.0006619058060022,-0.0007294100139021
2015-11-18,0.015866011930199653,0.019194352164210393,0.0015672507697157,0.0154476267300751,0.0037074841295359,0.0023515289569733,0.0191943521535797,0.0044627456485883,0.0167309795915681,0.0170080038381558,0.0170368299512245,0.0171844469922195,0.0137689978748025,0.0089756981183273,0.008975728544898,0.0141251565760339
2015-11-19,-0.00086223560793941,0.0007041109548910907,-0.0022234100475971,0.001992578066994,-0.0005083354496231,-0.0016997367219228,0.0007041109553949,0.0006201537490184,0.0008880693242679,0.0014660018060885,0.0014559565940375,0.0014045154589898,-0.0004161350954309,0.0033512483950706,0.0033512357273436,0.0004417166510127
2015-11-20,0.0036441100855038044,0.006771599793337302,-0.0006099798889763,0.0046361972917476,0.0002633733987877,-0.0002491288029116,0.0067715997897739,0.0006525216258086,0.0057580892065394,0.005514764131764,0.0055313349914642,0.0056161935660909,0.003258115201506,0.0047384214386471,0.0047384356476291,0.007469733332156
2015-11-23,-0.0011464883520371227,-0.0028824752800379327,0.0006641513550391,-0.0015994374871055,0.0001892988545926,0.000667728363151,-0.0028824752767836,0.0001402419752596,-0.0023558918824528,-0.0021214850906983,-0.0021315184311935,-0.0021828986083257,-0.0013308758236644,0.0008327424949478,0.0008327497310975,0.0009925671566421
2015-11-24,0.0013390384729630167,-0.000875989740158456,0.0017968947933695,-0.0007042664808403,0.0008610237878172,0.0019040141679738,-0.0008759897377974,0.0006395370409231,-0.0006482192997108,-0.0007746122546269,-0.0007759488781026,-0.0007827935532401,0.0021173929300915,-0.0017804396987801,-0.0017804282633157,0.0003551638986771
2015-11-25,-0.00014305442080442266,0.0008767577709705154,0.0006407002106845,0.0011888757182783,0.000630710270733,0.000629411365312,0.0008767577720407,0.0006402763558126,0.0008377087527839,0.0010609032662628,0.0010584753856436,0.0010460423903834,0.0033993148093419,0.0022303934414482,0.0022304061465464,0.0040440703598788
2015-11-27,0.0011464333998356668,0.0014015278242445195,0.0004654594159574,0.0008827159446089,0.0011909342383928,0.0001528910497621,0.0014015278236605,0.0011658620684193,0.0013556554698612,0.0010957803022773,0.0010998114560429,0.0011204548356404,0.0017594075280972,0.0028374770506385,0.0028374822590511,0.0041373513185194
2015-11-30,-0.004151669569895877,-0.002536940114320596,-0.0005295583294794,-0.0011289604147124,-0.000585170455189,-0.0006413338873999,-0.0025369401140289,-0.0005381769334776,-0.0021720804419443,-0.00170562990382,-0.0017165903820592,-0.001772718510789,-0.0023725588872514,-0.0017462941613258,-0.0017463029162587,-0.004181799783868
2015-12-01,0.009535845753661398,0.009998214342908485,0.0065178380890131,0.010670504524354,0.0066142036384622,0.0066896534144722,0.0099982143429977,0.0065969832195815,0.0094056901396658,0.0104473175447706,0.0104416474617025,0.0104117556748378,0.0079705580537901,0.0104969059423889,0.0118717698776705,0.0103236114335354
2015-12-02,-0.010205101203571543,-0.00616527045264581,-0.0037320007956338,-0.0049182918029954,-0.0039252761737198,-0.0040177828174351,-0.0061652704525907,-0.0038796776753828,-0.0057402999199574,-0.0053345954390382,-0.0053450832448502,-0.0054003719915043,-0.0079577509921739,-0.0111575751821342,-0.0089404168255284,-0.0117987068715621
2015-12-03,-0.014002731283507153,-0.016950546423490365,-0.0067538249957732,-0.0189267229173776,-0.010322041925572,-0.0073996772163557,-0.0169505464236535,-0.0113999702677638,-0.016135892544146,-0.018260075284541,-0.0182435418849109,-0.0181563811759346,-0.01487170066192,-0.0175803175222734,-0.0196443379509441,-0.01626652789007
2015-12-04,0.01950287281920149,0.02337552461542325,0.0021062685030974,0.0205814023339505,0.0066606244384601,0.0034349438314509,0.0233755246143132,0.0078431939203744,0.0208844515438144,0.0215082622693725,0.0215318379856139,0.0216561207222039,0.0130659940728396,0.0166481611818756,0.0163810308256556,0.0166091809664416
2015-12-07,-0.006058522447137893,-0.0045163543452056976,-0.0026737817493278,-0.0018248358640989,-0.0004101611114912,-0.0026584420780331,-0.0045163543447521,4.399185559367247e-05,-0.0035374956825307,-0.0026966263162456,-0.0027196015816064,-0.0028407205203611,-0.0051771132165502,-0.0057276045422304,-0.0007813175074875,-0.0066726780860528
2015-12-08,-0.00671953141393955,8.73230952440629e-05,-0.0048306951713884,0.0001649210851653,-0.0024744643660603,-0.0037873963487381,8.732309501047197e-05,-0.0010411833483955,0.0001478368614,0.0001391879051441,0.0001385330875137,0.0001350810241934,-0.0015480218198214,-0.0018458374975973,-0.000643948492469,-0.0027382542923222
2015-12-09,-0.007779676816395353,-0.015179079657459571,0.0021856893975567,-0.012476221658658,-0.0007952222260886,0.0009273370343567,-0.015179079656439,-0.0021526074938691,-0.0130664055716699,-0.013373140374315,-0.0133959417801373,-0.013516142932507,-0.0080144226918824,-0.0096899246448142,-0.0076670920317902,-0.0098932275421189
2015-12-10,0.0025811204643204633,0.0045176368967316805,-0.0026897972451277,0.0038971682394965,-0.0012229615161361,-0.0022143660130253,0.0045176368963539,-0.0007134307374639,0.0036717591184006,0.0041077999316929,0.0041129745195698,0.0041402527684225,0.0009909726516446,0.0003421258779317,-6.102920043893509e-05,0.0002748907187168
2015-12-11,-0.019381099316984396,-0.02301610321074954,-0.0048046165434023,-0.0155230849104306,-0.0030696223773687,-0.0045978632878402,-0.0230161032086905,-0.0021824137662467,-0.0190875683729696,-0.0180539924383737,-0.0181166426307634,-0.0184469148071091,-0.0113648161458075,-0.0125524197333448,-0.0049450351498319,-0.0145943253221309
2015-12-14,0.005052422396735201,0.007582251834431508,-0.007120227299057,0.0034926877986003,-0.0045823124541681,-0.0062937778452959,0.007582251833176,-0.0040908116170594,0.0056869433350909,0.0049574181780397,0.004990558562304,0.0051652643601721,-0.0016223838697255,0.0002280366110366,-0.0009279721284062,0.0010770495665252
2015-12-15,0.010498087550678603,0.0060913858260902565,0.0050054250320039,0.003740767341686,0.002901619307243,0.0039498528381403,0.0060913858257167,0.0015471849679491,0.0049981203969648,0.0045575724368571,0.0045769378858139,0.0046790266829911,0.0064738465140203,0.008826290921269,0.0047674805065562,0.0094639546252473
2015-12-16,0.014631930907140989,0.014869579299534808,0.0020043113178649,0.011565475351053,0.0029072194254389,0.002049111294216,0.014869579298731,0.002711156176272,0.0126521004448703,0.0126927069157358,0.0127201915577221,0.0128650815843131,0.0101983816006464,0.0146827135139664,0.0112024311396443,0.0159903431701472
2015-12-17,-0.015238395283307615,-0.014564040678405,-0.0032573971020183,-0.0096071955673614,-0.0026413656125868,-0.0031864321370538,-0.0145640406771245,-0.00193559313989,-0.0121925328057937,-0.0112534209093918,-0.011295219801427,-0.011515570709864,-0.0068152978370636,-0.0079295667428906,-0.0035361171662375,-0.0093389223825562
2015-12-18,-0.017814863590015384,-0.01918242936448411,-0.0002649544528242,-0.0143436817608288,-0.0025361270905612,-0.0007911176873132,-0.019182429363027,-0.0027462424344415,-0.0162999893511391,-0.0160175144729323,-0.0160574738594169,-0.0162681268139181,-0.0104265040438242,-0.0132713015988789,-0.00910530377318,-0.0142134100071586
2015-12-21,0.008248915216832131,0.011108167704097172,-0.0006219172737238,0.0088424049260211,0.0019065191816891,0.0001124514741945,0.011108167703328,0.002682641031481,0.009761243566497,0.0096555010883898,0.009673842085409,0.0097705298380285,0.0061259575933231,0.0067446486900613,0.0051890411508144,0.0070306657985329
2015-12-22,0.00907449274944927,0.00657347939985975,0.0031672324158722,0.0038442514622811,0.0019397044556599,0.0024557504525539,0.0065734793992444,0.0009503823997747,0.0053844321507833,0.0048077658570718,0.0048300592083543,0.0049475830012988,0.004280878436397,0.0052099087894941,0.0019310405761941,0.0060777126904827
2015-12-23,0.012383139482873728,0.007425512477588603,0.0025645309793473,0.0045013439398389,0.0018763845633904,0.0024681961351027,0.0074255124770703,0.0012424614464148,0.0061991802442491,0.0055125876174178,0.005536739593276,0.0056640615993735,0.0063622590856725,0.0083437933818307,0.0043161251352012,0.0097666793810222
2015-12-24,-0.001650307640446047,-0.00017778569188653393,0.0016653173139871,0.0009639652821256,0.0012382770444492,0.0015926610608352,-0.0001777856916197,0.0013125539218885,7.688667086480354e-05,0.000578170529735,0.0005686260998985,0.0005183105506271,0.0010636987694494,0.0010865344602091,0.0018544460810047,0.0006519949144619
2015-12-28,-0.0022851071798531963,-0.0005328178604095957,-0.0028658100112337,0.0001445532761776,-0.0011764463632838,-0.0025900654152016,-0.0005328178603315,-0.0006631900958585,-0.000441455077445,-8.645377239078015e-05,-9.208938567073408e-05,-0.0001217988518442,-0.0009378173200667,0.0004090108070465,0.0019257610547631,9.75373157166651e-05
2015-12-29,0.010671975914302578,0.015729079063108165,0.0007699687375728,0.0094303064741054,0.0006181537739113,0.0013757181435833,0.0157290790613831,0.0007483469913787,0.0130686360662774,0.0115900374199107,0.0116422956725735,0.0119177853577452,0.0074358706583805,0.0094882127113156,0.0040069100362959,0.0110462814597976
2015-12-30,-0.007087800081502449,-0.009011357865404857,-0.0004024649718896,-0.0074910883390485,-0.0014694028220942,-0.0010319842210174,-0.0090113578649304,-0.0019904173249251,-0.0078223703974784,-0.007985902527199,-0.0079988497002143,-0.0080671027788327,-0.0059573957539892,-0.0068648249892693,-0.005050564767941,-0.0071589095462958
2015-12-31,-0.010003279010600719,-0.012448115636383705,0.0004801961583289,-0.0092119298914243,-0.0017281593667199,-0.0001142755982928,-0.0124481156354571,-0.0023366479133348,-0.0107279396876053,-0.0102794241228688,-0.0103068054055849,-0.0104511509263285,-0.0079989628568405,-0.009631185334457,-0.0062411302198886,-0.0106833454311582
2016-01-04,-0.013979538461964425,-0.021097602925137182,-0.0011586956021123,-0.0140999479555021,-0.002112722061217,-0.0019754335138882,-0.0210976029192625,-0.0025530614745534,-0.0181331236431414,-0.0176545241006514,-0.0175741194558591,-0.0177612169926605,-0.0087157242804144,-0.0101964117750482,-0.0073507859434488,-0.0175443901597845
2016-01-05,0.0016912733859595352,-0.001735195064205275,-2.123864887382254e-05,-0.0023157848263423,1.1087326877268213e-05,-0.0005264056853848,-0.0017351950623157,-0.0004581322034235,-0.0015654058837384,-0.0015379943237382,-0.002021348976665,-0.0020061541689597,0.0052363554140082,0.0050278975541977,0.0040298680771511,0.0056703405584563
2016-01-06,-0.012614220801403064,-0.009605804699483245,0.0018260806807885,-0.0037878825417581,0.0014896010565963,0.0012043031185433,-0.0096058046964221,0.0017162233027718,-0.0077771144748138,-0.0074818820873376,-0.0067333905318438,-0.0068859161824581,-0.0014979041540855,-0.0035389102922701,0.0009425514461683,-0.0087493110996492
2016-01-07,-0.023991581186743494,-0.03131350076323658,-0.0028729548506473,-0.0228234883597679,-0.0056048206283048,-0.0039141980823522,-0.0313135007548582,-0.0064167131320641,-0.0274008472543032,-0.0267691699884373,-0.0271932268428004,-0.0274120140505726,-0.0145133273948731,-0.0166708218662494,-0.014484771427169,-0.02444656839014
2016-01-08,-0.010976411546120057,-0.008200617846791158,-0.0002842368243358,-0.0048674478537287,-0.0007043496178917,-0.0004334415278745,-0.008200617845873,-0.0004035575856455,-0.0069466304814613,-0.0067441808282754,-0.0066227542387362,-0.006706539044201,-0.0056359393665724,-0.006919983925818,-0.0048763094112551,-0.0121975217162828
2016-01-11,0.0009898835252615257,0.003076722214019556,-0.0035217454670383,-0.0006437588922347,-0.0018223199409782,-0.0039041294030487,0.0030767222114154,-0.0016386087301872,0.0023460762154485,0.0022281172824542,0.0013318987559525,0.0014245491570742,0.0013522552842807,0.0020938946962898,-0.0009734187779884,0.0011535495852711
2016-01-12,0.008068452793582148,0.011597734357180922,0.0030837188972974,0.0123403745154002,0.0052116633572942,0.003374344631952,0.0115977343540289,0.0059703862214828,0.0107673282696044,0.0106332635940717,0.0119496431846492,0.0119309567816888,0.0030526545881698,0.0032965163540672,0.0062539029036108,0.0032277232890258
2016-01-13,-0.024940768299572702,-0.03448922986619485,-0.0035430223299547,-0.0228188571410211,-0.0053802104144441,-0.0045007960603554,-0.0344892298552096,-0.0059055471520621,-0.0299997986002185,-0.0292750036160771,-0.0289704526926003,-0.0292635006482755,-0.0131703525054485,-0.0150282992283196,-0.0113018288552014,-0.0248414654095512
2016-01-14,0.016416854018097116,0.021295362128343598,0.0015196759794224,0.012957999253043,0.0032228424967235,0.0021635102115462,0.021295362119903,0.0036741993482605,0.018567175585297,0.0181267242807935,0.0174802953200906,0.0176828759853481,0.0045717430337069,0.0063513569903968,0.0026682145994564,0.0102492010034337
2016-01-15,-0.02146607551118407,-0.031036824760802384,-0.0043383172366345,-0.0186360970018549,-0.0043620513830613,-0.0053953543489584,-0.0310368247503363,-0.0045332710372301,-0.0268648576287854,-0.0261913155514028,-0.0252345751158062,-0.0255426755042055,-0.0101144903875626,-0.0135863292329059,-0.0062199611931211,-0.0178175956070583
2016-01-19,0.0013312327200849516,0.002181465901350821,-0.002182563161306,0.0007273485111514,-0.0009397385325208,-0.0020795123436497,0.002181465899975,-0.0005956342141549,0.0017749239425762,0.0017092898919193,0.0015240175189509,0.0015589281313498,0.001406668535963,0.0027737937977406,0.0011823226222803,-0.0013642984815548
2016-01-20,-0.01281511870922969,-0.0030674817734347437,-0.0002684205995507,0.0006607996693561,0.0008692486607786,0.0001188335948223,-0.0030674817744573,0.0022559734153553,-0.002134442917015,-0.0019838087015656,-0.0013753441419326,-0.0014651969068555,-0.007352216829694,-0.0097723561599946,-0.0053257697560714,-0.0086999654098155
2016-01-21,0.005602042339572844,0.00099262600437644,0.0016343835920507,-0.0011620741019917,-0.0001697467021576,0.0014606524585092,0.0009926260043398,-0.0011465943565457,0.0005853713677846,0.0005196222520708,2.423296533902804e-05,7.565478639938035e-05,0.0009240953066719,0.0019568001717375,-0.0003243385183239,0.0014518751093857
2016-01-22,0.02051513439167718,0.028953923426197514,0.0066266734843103,0.0199313130275897,0.0057338281711336,0.0076267206275917,0.0289539234191855,0.0056846781002242,0.025309708499694,0.0247213692148642,0.0248758928801079,0.0250924369515564,0.0164355294909004,0.019322638270782,0.0156733051528953,0.026021533263503
2016-01-25,-0.015116675186812478,-0.014840474964910921,-0.0033558101875834,-0.0093903701387199,-0.0022456811429703,-0.0037804981095241,-0.014840474961269,-0.001640683508317,-0.0127155179259082,-0.0123724548172111,-0.012318422950845,-0.0124523443173083,-0.0054413022650376,-0.0066761225156905,-0.0043754076623923,-0.013598568515128
2016-01-26,0.013643305382714077,0.0089992829902652,0.0049847281819113,0.0066729212011809,0.003941361182947,0.0050877149175925,0.0089992829910319,0.0031880395908583,0.0080336693607506,0.0078777761177617,0.0079386158035491,0.0079949373934965,0.009485769738932,0.0109902011320071,0.0091987086598275,0.0160801472216981
2016-01-27,-0.010883360162633582,-0.024915039209537637,-0.0005081255665155,-0.0182209032501819,-0.0036428479366797,-0.0013815488099078,-0.024915039201422,-0.0051279493032276,-0.0219161303858702,-0.0214319723799862,-0.0218440522239493,-0.0220071221263082,-0.013330495490428,-0.0136978375931529,-0.0132770886165194,-0.017802746492587
2016-01-28,0.0052092282950144675,0.014117879379661247,0.003493876091744,0.0106124413517538,0.0036282575234776,0.0041771338949367,0.0141178793737228,0.0042407287148891,0.0126184948896028,0.0123764271860986,0.0125386580871473,0.0126225150000737,0.0024486449619614,0.0026284624242361,0.0025040998510724,0.0021213603769129
2016-01-29,0.024377423454019942,0.02088247597002324,0.0058321180175562,0.0174865702226358,0.0085977605647427,0.0064354508341197,0.0208824759678141,0.009020096793975,0.0190660675509811,0.0187728179882293,0.019338568760905,0.019420550480417,0.0145513736957874,0.0157930101935528,0.0155058661761241,0.0236724068733667
2016-02-01,-0.00036133233460089453,0.00268887726976641,-0.0041026272381983,0.0006310867101946,-0.0020395650193485,-0.0038821326483201,0.0026888772670838,-0.0014084894158482,-0.0030614173931624,0.0018494044652781,-0.0030217773416257,0.0018545277141319,-0.0008340659603572,-0.0011218860143437,0.0001644719556716,-0.0003623117269388
2016-02-02,-0.018022415501395717,-0.021645309081466668,-0.0002659266451813,-0.0073133696473239,-0.0002126053036196,-0.0011158129946121,-0.0216453090643216,-0.0004264229005743,0.0185522335633511,-0.0168149011553407,0.0182751337280637,-0.015812772188326,0.0028032363004925,0.0013821000835425,-0.002942498797674,-0.0138302163242197
2016-02-03,0.005995232717028509,-0.004797034732590744,0.0022675151527191,-0.0060760853309459,-0.0002550758344782,0.0018257350385875,-0.0047970347333058,-0.0013453272127157,-0.008293354463171,-0.0041747932929114,-0.0082692569495583,-0.0053043403332306,-0.0012944833776031,-0.0045022797086725,-0.0020346397910436,0.0001225719611395
2016-02-04,0.0015680577034131726,-9.799953762323899e-05,0.0002734745876569,0.0017064664133779,0.0012657136221219,0.000453627252994,-9.79995354011276e-05,0.001537177239387,0.0048455858705973,0.0003182722421451,0.0048115072707943,0.0006192991087929,0.0023131557612711,0.00218166856021,0.0018180055119639,0.0017763160673666
2016-02-05,-0.019050014494557455,-0.03472715183325081,-0.0034185335296852,-0.021584439358711,-0.0057351948026374,-0.0050387363064173,-0.0347271518163141,-0.0071404991991006,0.0011666515315216,-0.0286734588449604,0.0009192138001078,-0.029519074767484,-0.0084300708244528,-0.0097026284193514,-0.0156308661745227,-0.0242062500756498
2016-02-08,-0.013461075086570351,-0.015287510252546155,-0.0005833148275571,-0.0014970111525207,0.0007732268794065,-0.000331928038609,-0.0152875102360282,0.0013320519005139,0.0215195759015807,-0.0114608439593325,0.0212658497990545,-0.0099469176601694,-0.0014130168091113,0.0046311705360556,-0.0059647583572141,-0.0159424231597034
2016-02-09,5.405739212460681e-05,-0.00310492004344487,-0.0022985792700231,-0.00150669985261,-0.0007373727601012,-0.0028951461958153,-0.0031049200418202,-0.0006845866256892,0.0010646440786297,-0.0025524926844324,0.0010359035220581,-0.00249992910256,-0.0054583113399275,-0.0009000331274904,-0.006115385604286,-0.0083685567256977
2016-02-10,-0.0008629921440239663,0.0038412542887280576,0.001331374098292,0.0057518022257789,0.0022370398510827,0.0018781290799485,0.0038412542908496,0.0028127038278833,0.0088128423097359,0.0036971183809825,0.0087785719481986,0.0045626162118747,0.0060064999772402,0.0048145922057336,0.0061779318494259,0.0042735875302657
2016-02-11,-0.013007925013644006,-0.001448012250227837,0.0004323853951699,0.0018097022566638,0.0012148038115162,0.0017628544261567,-0.0014480122466725,0.0023540266240029,0.0070034234740529,-0.0004314468782444,0.0069451641299124,-0.0002217354988292,-0.000926401866612,0.0033800381906201,-0.0021355658419695,-0.0072518806006205
2016-02-12,0.020616846447791826,0.015225560157221096,0.0021031985789679,0.0028936373732759,-0.0001414386983447,0.0015511249339343,0.0152255601420521,-0.0012476315413634,-0.0166019345885384,0.0113830092323053,-0.0163825338236683,0.0106074907845994,-0.00230448576746,-0.0032619692843371,0.0022661895801371,0.0120462059579624
2016-02-16,0.01687810798734679,0.022546405253299318,-0.0008894239221862,0.0099644586277249,0.0018922808920287,-0.0001622802508363,0.0225464052373929,0.0028010265411,-0.0105701408476793,0.0182537199719439,-0.0103418507505378,0.017741299071608,0.0037076701305826,0.0022218790058863,0.0088137586739427,0.0183387729702213
2016-02-17,0.016334762732554298,0.02264771716101177,0.0032117799092814,0.0119295060889168,0.003278609751254,0.0042345385310893,0.022647717147511,0.0036960046988041,-0.0061488394775549,0.0184280220406,-0.0059503300066167,0.0184694277077241,0.0022527444606766,0.0041884358874703,0.0072720380888371,0.0134494128129089
2016-02-18,-0.004095813030286499,-0.011414465566350507,0.0023549710962609,-0.0027468902226315,0.0015614489781787,0.001413497827096,-0.0114144655553029,0.0008947239186574,0.0122962581415926,-0.0087155722377613,0.0121328064101067,-0.0079741146374324,0.006968845727551,0.0024704159453052,0.0037585076754434,-0.0005982821119233
2016-02-19,-0.0004685000051835031,0.002960440981163881,0.0002801119731687,0.0021735805034737,0.0005833095868084,0.0001668784941375,0.0029604409800816,0.0006968175908301,0.0008399194239357,0.0024626803277659,0.0008545378771573,0.0026527600865103,0.0022679457879894,0.0010698183623262,0.002860015386556,0.0041927382542089
2016-02-22,0.014479312853435733,0.016235418168280225,0.00378673589562,0.010021125216187,0.0034526947976469,0.0042032676757555,0.0162354181604236,0.0034517766049271,-0.0005338847157873,0.0133382377052963,-0.00041828407539,0.0138022454403362,0.0040282740873575,0.0046140197324452,0.0074744351651159,0.0110257755244447
2016-02-23,-0.012629607730542003,-0.016460118690173164,-0.0009117773134947,-0.0089399743947606,-0.0018413399053156,-0.0019127740040032,-0.0164601186806395,-0.0024280040928164,0.0040473395799447,-0.0133574234746096,0.0039059697430259,-0.0134845514426161,-0.0006216857946986,-0.0029241558464995,-0.0043123201371055,-0.0080680488014346
2016-02-24,0.004575591793048339,0.009549126672164787,0.0014347219959263,0.0052667857668982,0.0016964551480156,0.0022252269283262,0.0095491266666039,0.0021568748225648,-0.0019777766675688,0.0079435619735299,-0.0018983151605236,0.0078766094828779,6.022420912636236e-06,0.0023677187837804,0.0019158397689608,0.0052028676790611
2016-02-25,0.012111874039533399,0.009848869068562971,0.004094890303528,0.0075376015018142,0.0047765108642168,0.0039945739399669,0.009848869065882,0.004762625938864,0.00358240148705,0.008694621182548,0.0036255989590662,0.0089396243309711,0.009084608811013,0.0054843971419888,0.0104575428028329,0.0121885014449175
2016-02-26,-0.002301509351881448,-0.0012554455169504486,-0.0007070364948214,-0.0043375141842333,-0.0026895580261064,-0.0013759856538354,-0.0012554455205618,-0.0034147816780349,-0.0096446944574448,-0.0018628715032926,-0.0095868643961873,-0.0024726992485447,-0.0060296174248175,-0.0047652217338598,-0.0053070747850973,-0.0009896391564789
2016-02-29,-0.00784245141509654,-0.008991503682800994,0.0045993781694273,-0.0041085450668175,0.0008925831871502,0.0036406382200149,-0.008991503676565,-0.0003075128886991,0.0043709113721985,-0.0072055153663945,0.0042787959502754,-0.0070526596531847,-0.0002673648506938,-0.0008273932959641,-0.0023917742314755,-0.0047663106449264
2016-03-01,0.02350687450477218,0.032097491721086335,0.0021708332908574,0.0127537725145552,0.0023934211765874,0.0026935988258529,0.0320974914860303,0.0025386298316805,-0.0176087757478019,-0.01760863339577,-0.0176087403136929,0.023957728412472,-0.0070116641842293,-0.0103721240425278,0.0040296439523947,0.0149453913621325
2016-03-02,0.0044926278283417,0.00037819429469476695,-0.0027368753184506,0.001793306400567,-0.0017493887027768,-0.002456664722828,0.0003781943128275,-0.0014253715031139,0.0041269004451291,0.0041268161506454,0.0041268989951582,0.0009920722086431,0.0037584918464711,0.0032374485688184,0.0029236527410588,0.0045488589894751
2016-03-03,0.003919565597185093,-0.0018896569836363009,0.0021824809274393,0.000204306729838,0.0013607416170009,0.001974353375969,-0.0018896569554295,0.0007774398318642,0.0036444709914375,0.0036444368796085,0.0036444716826031,-0.0009834033155883,0.0071607243415655,0.0071045449930356,0.0028471073688753,0.0031594813229826
2016-03-04,0.0032536075304869794,0.0003784666872721498,-5.199211322903796e-05,-0.0021999518330374,-0.00152807888616,0.0006355126648294,0.0003784666589714,-0.0020133901214847,-0.0064126684396993,-0.0064126241854611,-0.0064126602885884,-0.0007336312141744,-0.0033971909720044,-0.0034271434427163,-0.0028621216952873,-0.0012218494167925
2016-03-07,0.0007983238015247807,-0.006151284963772374,-2.3378401069473753e-05,-0.0039433093776162,-0.0017973778622406,0.0003690391124058,-0.0061512849338547,-0.0025720116522182,-0.0003111808291142,-0.0003112049487889,-0.0003111802080257,-0.0051949254547081,0.0010580074,0.0009083411094088,-0.0005245643622904,-6.381380621153114e-05
2016-03-08,-0.01091777189031129,-0.008283997300601476,-0.0002522205181845,-0.0009493435773281,0.0009916016300623,-0.0007312380852677,-0.008283997216239,0.0015733038250154,0.01104570865659,0.0110456311774239,0.0110456903021006,-0.0051186170822502,0.0026384155802988,0.0041929844046424,0.0011489141601934,-0.0046587537371986
2016-03-09,0.004939324895361752,0.006432980802807187,-0.0004890061009277,0.0016286011770374,-0.0011349605809237,0.0003385438913161,0.0064329807451499,-0.0011516591770132,-0.0060782390154279,-0.0060782081821912,-0.0060782300412185,0.0043841774438232,-0.0049340172474668,-0.0056015741572067,-0.0006925408180399,0.0022799444529141
2016-03-10,0.0008024449058856575,-0.0015262465368302003,0.0001890984071288,-0.0025078032349776,-0.0014676500772305,-0.0001318789294768,-0.0015262465471849,-0.0023601190051718,-0.0041021658770626,-0.0041021562545344,-0.0041021617920729,-0.0019480721721548,0.0021499609127402,0.0029296916674514,-0.0035471965289685,-0.0035946520014466
2016-03-11,0.016137242869010526,0.017485179357044522,0.0035477613238921,0.0069889929742181,0.003144455131312,0.0036669900032315,0.0174851792337513,0.002842000288036,-0.0101042755579033,-0.0101041716053913,-0.0101042524363805,0.0129672051688038,-0.0068056966454473,-0.0087622953106858,0.0045863961333011,0.0110819115534153
2016-03-14,-0.001282266387629738,0.001690239922153225,-0.000929160211513,0.0022327199799487,0.000164525942671,-0.0010895693395902,0.0016902399264833,0.0006449591888635,0.0031407833648095,0.0031407470821871,0.0031407789399115,0.0019277770602038,-0.0026931023377881,-0.0024128804010304,0.001369554269761,0.0012274271225582
2016-03-15,-0.0016296603093306494,-0.00037499986057409895,-0.0035921063540833,0.0001168927658752,-0.0016641467023649,-0.0036038611764717,-0.0003749998569165,-0.0008486455784608,0.0009390868526103,0.0009390706096669,0.0009390831765025,-0.0001598085469042,0.0005046161419847,0.0004210256610068,0.0003366006488139,-0.0012397247610431
2016-03-16,0.005786997040136965,0.008909271632248972,0.0062745535017942,0.0066848177428426,0.0059273955853442,0.0069615722325175,0.008909271606913,0.0061189994317769,0.0029715470850017,0.002971581970495,0.002971554418422,0.0079369259087869,0.0103632710919633,0.0096376096546791,0.0069780950209156,0.0078891014881538
2016-03-17,0.006344242031319336,-0.0005577786004571372,0.0035141471194004,0.0011928389760955,0.0020930428450021,0.0034308372558837,-0.0005577785759529,0.0012542766072161,0.0041324361679193,0.0041323915476707,0.0041324377295084,0.000210278187058,0.0018362265010317,0.0007329472283766,0.0057464703582858,0.0068377563049397
2016-03-18,0.003929641765662684,0.0015672255975658356,0.0019470802241532,0.0017652914719263,0.0019780302783649,0.0016976096698186,0.0015672255997571,0.0018108395001568,0.0020963257209893,0.0020963201227929,0.0020963239310993,0.001653869619757,-0.0001046957187231,0.0005569089996085,1.267941842189828e-05,0.0007060597548893
2016-03-21,0.0014188142819442362,0.003911785797833911,-0.0017184463133397,-0.0004255336683453,-0.0014565732701696,-0.0013147640557078,0.0039117857449828,-0.0011873797554083,-0.0076708181479251,-0.0076707482385878,-0.0076708123893229,0.0020150500664717,-0.0061577333003798,-0.0053741318296581,-0.0054681570536257,-0.0040725429792314
2016-03-22,-0.0005375530928460881,0.0030615173715633492,-0.0017620677711922,0.0018362642248352,-0.0014635486632027,-0.0010830152841967,0.0030615173554611,-0.0010159394016279,-0.0002343515758058,-0.0002343783369791,-0.0002343514575846,0.0025217948489975,0.0001794208719287,-7.680530581094059e-06,-0.0003970715402154,0.0007292496304386
2016-03-23,-0.006599462755032204,-0.0082315850870327,-0.00027354229156,-0.0009764287133383,0.000840063792697,-0.0013691542597403,-0.0082315850040344,0.0009638232954047,0.0113248420723962,0.0113247415519676,0.011324823246594,-0.0050290775661574,-0.0025538159095313,-0.0015102728448108,0.0023303978663889,-0.0025432156384521
2016-03-24,-0.00044270284507874624,0.0002795989322581516,-0.0022747712074935,0.000319598487519,-0.0013098811311949,-0.0023391778066182,0.0002795989319559,-0.000935420646504,0.0003861072969854,0.0003860869189647,0.0003861059459974,0.000297040480649,-0.0008692895549543,-0.0009487462739804,-4.6879251949323915e-05,0.0006102777748746
2016-03-28,0.0005906673582034561,-0.0013982674873020962,-0.0005116020402936,-0.0003801239939689,0.0001846146413624,-0.0003924028519572,-0.0013982674734991,0.0004645946348675,0.0013125971533184,0.0013125994282294,0.0013125983915367,-0.0009543436942917,0.0024314450510263,0.0015890122125217,0.0033989905468129,0.0028010562154307
2016-03-29,0.00925005889377184,0.01605806874335758,0.0056818979791879,0.0139612986653343,0.0076171014463723,0.0058154029820369,0.0160580687173694,0.0085903038186143,0.0104847372857644,0.0104846843973085,0.0104847408354462,0.0151453951342771,0.0129000446298786,0.0111824542069139,0.0132823176432759,0.0172402643381056
2016-03-30,0.0043877374192611285,0.004870134234991497,0.0005258923865896,-0.000903404957133,0.0005378254290149,0.0003686454102098,0.0048701341671368,0.0004300628187698,-0.0105290557359827,-0.0105289237305947,-0.010529043910905,0.002348404718452,-0.007952548867297,-0.0078789225805323,-0.0036556331913722,-0.0022637172599102
2016-03-31,-0.002426938415385882,-0.0014631869242449635,0.0022914691449598,0.0017142131966902,0.0022224124897478,0.0021253920550763,-0.0014631868867082,0.0022303781282395,0.0070940210625647,0.0070939709117641,0.0070940156928084,-6.188179109722316e-05,0.0052155277093299,0.0050003209513567,0.0049104413330178,0.003807225256673
2016-04-01,0.006812040101539019,0.01062261756070959,-0.0001636620346897,0.007625781827514,0.0016363800889018,-0.0005933917055923,0.0106226175476982,0.0022286775348703,-0.0009156281823956,0.0076728668679528,-0.0006818362793983,0.0093102301432728,-0.0003020602694274,0.0009533123569283,0.0035464066599268,0.0043826000142749
2016-04-04,-0.0032379602366481297,-0.003805660362620533,-0.0008348435731695,-0.0021619134866863,-0.000247129822214,-0.0014547221404801,-0.0038056603567044,-0.0001969043360443,-0.0012266901894342,-0.0043129848365158,-0.001104701293448,-0.0030822209987373,-0.0005594404812045,-0.0034549976961794,-0.0012701935768994,-0.0040213723361255
2016-04-05,-0.009987979300093985,-0.009641495072680195,0.0004555599003854,-0.0019637966336272,0.0002737834022354,0.000223205319271,-0.009641495045442,0.0003139571953416,-0.004807447019012,-0.0056321180853072,-0.0037629936566344,-0.0062717845283043,0.0038034807559581,-0.0005676076847896,-0.0011870365711086,-0.0071765346646018
2016-04-06,0.01092122707593024,0.016439921114759892,0.0024759330483394,0.0074820885748769,0.0024213145999201,0.0032893200046486,0.0164399210811183,0.0026403961092753,0.0014295648485908,0.0124451858752645,0.0008529371262586,0.0125585328192641,-0.0027182400935339,0.0036019959032408,0.0032592212998548,0.0083156144731388
2016-04-07,-0.011965691515249177,-0.014366919340344841,0.000583236393856,-0.0044193102110869,0.0001826866002507,0.0001092570397658,-0.0143669193042209,1.566947779441108e-05,-0.0043655563825672,-0.0092940530155559,-0.0032569416692226,-0.0099926487895973,0.0048049430216859,-0.0013842920354187,-0.001965133013249,-0.0090074510590216
2016-04-08,0.002696524906245612,-0.0007334352283381307,0.0015787137182854,-0.0028500317081517,-0.0002615583735653,0.002339624557246,-0.000733435234257,-0.0008977984225728,0.0043589274482931,-0.0008722897709979,0.003650269186279,-0.0016487555617723,-0.0008392011339776,0.0008402852491524,-0.0006012580604276,0.0020033915817566
2016-04-11,-0.0023471297815108594,-0.0036697226405663086,0.0004403973690616,-0.0027709611109374,-0.0005214507897358,0.0006410127675393,-0.0036697226364472,-0.000870602505292,-0.0019677142324266,-0.0006275679730333,-0.0019226196125755,-0.0032796959032777,0.0002972364203028,0.0023207759806903,-0.0021186140939066,-0.0027778547952091
2016-04-12,0.009312772075683373,0.008379445431397459,0.0009550946993241,0.0026041528134066,-0.000174616424441,0.0019124452793395,0.0083794454108188,-0.000491157527271,0.0057984475176855,0.0069251466798753,0.004955839825361,0.0058769186831827,-0.0010761063551671,0.0043356732687346,0.0022149947167487,0.0072194195723946
2016-04-13,0.010101239289747044,0.012784212263724282,0.0033516048848756,0.0093140108466458,0.0036469279475728,0.0036821514467517,0.012784212249697,0.0038289193763985,-0.0036223022310664,0.0086323684042955,-0.0031488728181425,0.0112661244891139,-0.0011224797820771,-0.0006188008436063,0.0036340089032079,0.0093259445172942
2016-04-14,4.794177011646639e-05,9.013104940458483e-05,-0.0018175268754473,-0.0017281415542529,-0.0016033048738581,-0.0020594986685141,9.013104261867966e-05,-0.0016579060758117,-0.0054529832287713,-0.0024007623795127,-0.0054093513681612,-0.000709895121794,-0.0052003419805757,-0.0060593981822311,-0.0033050146916905,-0.0024846369803781
2016-04-15,-0.0011059413911383986,-0.002524511439622401,0.0010255103168002,0.0015902455426708,0.0013889542847675,0.0006931170643988,-0.0025245114245616,0.0014542912925481,0.0075998638816681,-0.0008527120542037,0.0076639144290862,-0.0007084697465779,0.0064067400144021,0.0038643809652051,0.004358960145296,0.003095325671142
2016-04-18,0.007026856042297469,0.0053327830308207425,0.0018068750587383,0.001725659870623,0.001302416720823,0.0018966902611823,0.0053327830182732,0.000943471417812,0.0038740799620387,0.0041181657529044,0.0033303551639592,0.0037517945320626,-0.0003084124354469,0.0024816024653962,0.0016430865835037,0.0048746952433613
2016-04-19,0.0031543219900200814,-0.006113625481940943,0.0013652605304526,-0.0050027979572535,-0.0009343036639694,0.0017048559722274,-0.0061136254755708,-0.0020876736082315,0.0001129694275189,-0.0022637297648193,-0.0001016751958424,-0.0056237974358393,0.0002803560024012,0.0028344758208864,-0.0027905166133748,-0.0017647871722117
2016-04-20,0.0009528304862338466,0.0008141073209495531,-0.0014758468148743,-0.0035817774008549,-0.002926005225575,-0.0005067647325586,0.0008141073048577,-0.0032623656138243,-0.0163394812578277,-0.0002333587193123,-0.0159852876832416,-0.0011206377489395,-0.0104161047017956,-0.0068763241395236,-0.0086460857558037,-0.0054883576966253
2016-04-21,-0.005378438297026666,9.056545942032201e-05,-0.0024181604802506,-0.0021395706594904,-0.0019470450920766,-0.0022013568170163,9.056545031715936e-05,-0.0014740160253288,-0.0166356294181362,0.0007443131544386,-0.0159266061397923,-0.0008983390036745,-0.0072504072677529,-0.0043541536082907,-0.007273328079362,-0.007425464892916
2016-04-22,0.0,-0.015092542799204134,-0.0002423193509544,-0.0104834750233578,-0.0021284986157706,-0.0013287457033592,-0.0150925427790218,-0.0037981252944478,0.0095126674422591,-0.014688694972258,0.0087114653130667,-0.0130409231704552,0.0008830048304331,-0.0052188516918789,-0.0021445095783915,0.0014516291408501
2016-04-25,-0.0017227910257486823,0.0,-0.0019563402060365,-0.0015311714873335,-0.0014205910906462,-0.0018053260314384,-5.199507491226996e-12,-0.0010512894746473,0.0070521071129552,0.0005107051110364,0.0063103271210656,-0.000676154493394,0.0012141451858173,0.0032490452192894,0.0011451635897417,-4.885595706027319e-05
2016-04-26,0.0014861230549141347,-0.0048634301950670755,0.000420448657185,-0.0047428973350076,-0.001342871494387,0.0006268183486932,-0.0048634301925563,-0.0022471893120484,0.003026896263594,-0.0032982998543394,0.002525053644731,-0.0048100653645853,-0.0004312574508501,0.0006868529098433,-0.0018669402793342,0.0021900561958538
2016-04-27,0.002058108127330316,-0.008022114541505254,0.0054560456666858,-0.0013620646234686,0.0037578687823665,0.0049914405828221,-0.0080221145160314,0.0026251795245157,0.0004683915908958,-0.0060943590815245,0.0010994596133181,-0.0050740208596749,0.0047500617923643,-0.001178125395749,0.0009567022677311,-0.0005407206486008
2016-04-28,-0.009075908111300102,-0.012084060227769755,0.0010869838380649,-0.0060199912285756,-1.63518991458389e-07,0.0010121970080565,-0.0120840602045543,-0.0003905869635202,-0.0014287841610719,-0.0065972686028905,-0.0010604221899595,-0.0094299257879697,0.0035504486529559,0.0017753599172913,-0.0026579073388076,-0.0072522178754487
2016-04-29,-0.005398598584768988,-0.00526900829269028,0.0003682283171257,-0.002310812926517,-0.000995846807933,0.0007682117093086,-0.0052690082819664,-0.0013789568835115,-0.008011269840248,-0.0008905013964435,-0.0073101051576767,-0.0039873384964214,-0.0001567352789982,0.0014595685326035,-0.0036104058582096,-0.0067815788120926
2016-05-02,0.007948413209944993,0.00945879246612047,-0.0015724802732403,0.0023365113329243,-0.0002331466844307,-0.0019573978428744,0.0094587924576816,0.0001337237097289,-0.003315834321456,-0.0033158350549966,-0.0093071621357227,0.0061309845785499,0.0005115698451512,0.0003503263049572,0.0015865776345069,0.0091539596215815
2016-05-03,-0.008703243475048139,-0.009276492292957794,0.0003269502788765,-0.0013976338030112,0.0011218190101094,-0.0006854240850959,-0.0092764922840384,0.001489558754846,-0.0022719866560251,-0.002271981766668,0.0122675036599626,-0.0055490512814863,0.0037416655015938,0.0041599008620582,0.0026388443652594,-0.0059712817825647
2016-05-04,-0.0055780475392133155,-0.006431427601597095,-0.0004108846690633,-0.0020784332499844,-0.0005202446996918,-0.0005013685401311,-0.006431427596135,-0.0004626105822044,-0.006099540467117,-0.0060995404829411,0.0057478667765958,-0.0044005108885726,0.0039385810708888,0.0042865989659218,0.0034620134516035,0.0004357016418545
2016-05-05,-0.0001951276709156735,-0.00028577761021253423,0.000961578234746,0.0022796679982839,0.001598747095636,0.0003835054005347,-0.0002857776074308,0.0017700057950356,-0.0011455632102678,-0.0011455629599318,0.0065705004959127,0.0009021427310369,0.0027148912067183,0.0027864338274917,0.0024860760518661,0.0002431481294697
2016-05-06,0.003659015546245037,0.00533245075403288,-0.001049682968028,0.0017812234598841,-0.0008361476771239,-0.0005177142149523,0.0053324507498981,-0.0005301753987685,0.0090931393020938,0.0090931435206293,-0.0038204265187573,0.0036952633629888,0.004524569457345,0.0045061816588153,0.0052743256404765,0.0062363158969857
2016-05-09,0.0008264505921304899,0.0028414830153338233,-0.0001840025922493,0.0029522507835568,0.0012523950051188,-0.0011641797109038,0.0028414830148806,0.0017657250780396,-0.0205390141305804,-0.0205390222035935,0.0033761652603626,0.0028928597588238,-0.0020242013571416,-0.0017339262204688,-0.0016399218870635,0.0053271053365727
2016-05-10,0.012433672127069695,0.013694721506303464,0.00423872326473,0.0086901089700184,0.003646189433031,0.005459787615881,0.0136947214997189,0.0035983101819951,0.0027352085086174,0.0027352028754831,7.074970881420213e-05,0.011373903931987,0.0009759028239392,0.0007908187840922,0.0021782885517673,0.0071021187076799
2016-05-11,-0.009354839757193645,-0.009037494427599158,0.0009436195478533,-0.0036844059098034,-0.0008503389447017,0.0018980094917702,-0.0090374944214444,-0.0010957076116481,0.0094230245699704,0.0094230286255341,0.0048501972579834,-0.0065336950439855,-0.0017829925841791,-0.0017377150264224,-0.002795135492659,-0.012272064419682
2016-05-12,0.00029053967945325,-0.004419089162453593,-0.0011251864572182,-0.0044705798107445,-0.0018062904767939,-0.0011959837004039,-0.004419089161744,-0.002605901490372,-0.0078611039981587,-0.0078611071013753,-0.0042513147467906,-0.0044429492346039,-0.0021981228773783,-0.0022606930064629,-0.0024317831084574,-0.0016406141090438
2016-05-13,-0.008714138282934436,-0.0036829496578901777,0.0003204730573145,0.001236249279451,0.0005044919359868,0.0003137764983907,-0.0036829496529557,0.0012748823873467,0.0045394028336358,0.0045394077059704,0.0091401397132415,-0.001403257300018,0.00177636723446,0.0019728509181939,0.0012244486239794,-0.0047970299544786
2016-05-16,0.009865295057410739,0.012511585495484479,0.0006607862015013,0.0046758228970982,0.0005461708482059,0.0015021806815225,0.012511585485907,0.0006547925257465,0.0007395024263349,0.0007394990778327,-0.0080796496720987,0.0089106949833836,0.0001467159177841,0.0001193156188774,0.0017311198850916,0.0095385959370757
2016-05-17,-0.009333462890464661,-0.012544292307760663,-0.0018064395290507,-0.0073399614295666,-0.0031945140316492,-0.0016139295017884,-0.012544292301275,-0.0038716799120727,0.0034482492564851,0.0034482526208707,0.0010760860727707,-0.0101205945600599,-0.0040590576021023,-0.0041613302899256,-0.005280028705326,-0.0139143156810201
2016-05-18,0.00029271862422253214,0.0036026441683725263,-0.0049885740552549,-0.002984303186439,-0.004955406841535,-0.0048331543061547,0.0036026441596401,-0.0049069915139958,-0.0173457760316611,-0.0173457833383001,-0.0142781057679671,0.0005626671234256,-0.0150271896447408,-0.0149808349487961,-0.0138139634515266,-0.0034776921987733
2016-05-19,-0.0034650256875665697,-0.005195556736271478,-0.0006081946631538,-0.001719857022039,-0.000567893101209,-0.0008661047481111,-0.0051955567323919,-0.0006442821412139,-0.0019150378208292,-0.0019150369763009,0.0038633235031945,-0.0035731594708902,-0.002394151747143,-0.0025297827961307,-0.0031498598404428,-0.0068828516129552
2016-05-20,0.006317527682944135,0.011015001504588673,0.0020868598906429,0.0072515009266518,0.0025003102459946,0.0025056523802176,0.011015001499596,0.0030614814240899,-0.001334799562298,-0.0013348039775805,0.0009834354607652,0.0092688362837411,0.0022933849795335,0.0022899590580687,0.0033275563488747,0.0108158596395622
2016-05-23,-0.0013625425257243196,-0.0013148271590210925,0.0001302260712474,-2.1771246487833903e-05,0.0002027143483716,-0.0001805107699559,-0.0013148271575769,0.0001540521942027,-0.0028401641928997,-0.0028401648728177,0.0021657070692844,-0.0007109969293664,-0.000146983102941,-8.316853663494213e-05,-0.0002784614507898,-0.0004871121149486
2016-05-24,0.012962257509780084,0.020031974937718022,0.0018222148941913,0.0110788520640323,0.0028456752604795,0.0022976687853912,0.0200319749258464,0.0036773525934283,-0.0173410042903848,-0.0173410178527823,-0.00394398651921,0.0158604394585902,-0.0029747918527197,-0.002970675583308,-0.0008034772657582,0.0154756025656258
2016-05-25,0.006783000301570752,0.007191579725967845,0.0011584738445329,0.003242417258962,0.001271317318503,0.0018173158587784,0.0071915797211805,0.0014750695706271,-0.002728035065662,-0.0027280402166173,-0.0036616254976561,0.0053228494116223,-0.0017737085981458,-0.0019961986138272,-0.0012314324071665,0.0035331851992005
2016-05-26,0.000286680239669046,0.002929226821961617,0.0009954540359984,0.0037338429407929,0.0017980789234119,0.0010095030242047,0.002929226822397,0.0025148578220037,-0.0034193936678738,-0.003419396763962,0.0050823306217312,0.0033126499722994,0.0013915688082997,0.0014162855436125,0.0013986199438279,0.0016311803067611
2016-05-27,0.004299365493622975,0.005202723592415026,-0.0001406985378509,0.002816138216392,-8.230882586846011e-05,0.0002124467728683,0.0052027235894027,1.0700867920654389e-06,-0.0082346669642304,-0.0082346724598371,-0.0012567889123061,0.004067080965499,-0.0013622445293562,-0.0014780081839427,-0.0007665436916799,0.0060242024157185
2016-05-31,-0.0019024220661484348,0.0019067321317109975,7.267155516399448e-05,0.002078135118412,0.0005358770032126,-8.880383244325163e-05,0.0019067321315107,0.0010496895266998,0.0038055199449501,0.0038055223506724,0.0023128056991109,0.0019886426064524,0.0019982923040813,0.0019407092958379,0.0020127643036327,0.0018220909074265
2016-06-01,0.0020490843990041974,9.08833662511821e-05,0.0007664698385814,0.0017618932324769,0.000236232357323,0.0009682606305585,9.088337371743194e-05,4.2301378442299864e-05,0.0011057800445443,0.0011627286575077,0.0014040796284522,0.0007668330985032,0.001392023701881,0.0014373959026444,0.0014616414883006,0.0027187197388491
2016-06-02,0.003043707769192716,0.0020841790165078145,0.0021614902254623,0.0042475516369158,0.0024512377597929,0.0020946728584347,0.0020841790260981,0.0026205322139307,0.0053081701565305,0.0053448178960088,0.0055001327525849,0.0029572965959275,0.0040950723520361,0.0048353821465756,0.0046383943984683,0.005192573502516
2016-06-03,-0.0029872697003084925,-0.004702660800296132,0.0060560440997243,0.0033176713296805,0.005697484951852,0.0057967907696692,-0.0047026607635786,0.0054966210744238,0.0048917333062074,0.0050720186650201,0.0058360768746754,-0.0014752403870421,0.0068470890160772,0.0090716924578598,0.0050000632310381,-0.0005752630732058
2016-06-06,0.005088675148079647,0.003634595172091082,0.0005646938894889,-0.0011027069613385,-0.0001626744144186,0.0009475498491371,0.0036345951507918,-0.0004562535913537,-0.0076698095145977,-0.0076652016352345,-0.0076456731774927,0.0017488024147424,-0.0034127437734427,-0.0055622076626624,-0.003707863650615,0.0012732993207819
2016-06-07,0.0015611418856515957,-0.0025348096000294973,0.0026387559222322,-0.0004269065482475,0.0016576475448837,0.002717171777022,-0.002534809589397,0.001062074503968,0.0057755880589895,0.0057108484012807,0.0054364785635103,-0.0016903605480846,0.0017060936308915,0.0031345083976463,0.0019347920863824,0.0021762608284604
2016-06-08,0.0032598339415819133,0.0017241948589263867,0.0026812393439528,0.0032736787429192,0.0018743083171526,0.0030201718183966,0.001724194866465,0.0016356816454008,0.0063132486708278,0.0062947839565904,0.0062165296559544,0.0023431720832398,0.0055256309339409,0.0042117552123198,0.0041616586596533,0.0051931634601949
2016-06-09,-0.0013656673695444654,-0.0016307983932921655,-0.0004756476723056,0.00182479969582,-1.0224740230935224e-05,-0.0006122048859862,-0.0016307983781912,0.0002812263402149,0.002589737473534,0.0026642698407694,0.0029801416407271,-0.0002532387522895,0.0026734107042688,0.0032079274062722,0.0022710756204786,-0.0010979300092859
2016-06-10,-0.009477460272630411,-0.011343946328216004,-0.0005185747901664,-0.0043907906640232,-0.0003591077362075,-0.001086621855794,-0.011343946296786,-0.0005244553815386,-0.0039024394019256,-0.0037336374030459,-0.0030182463187725,-0.0085848454736147,-0.0029552352862368,0.0012129858878342,-0.0030083267332523,-0.0084078041653783
2016-06-13,-0.007711806888339279,-0.008353292906742693,-0.001395705651508,-0.0028028786432556,-0.0012837941247367,-0.0015851334330518,-0.0083532928812637,-0.0011293486711114,0.0005886083341823,0.0006631471114419,0.0009790460982227,-0.0061710637242378,-0.0003602028349733,0.0018499175578459,-0.0009021434247217,-0.0052465825515519
2016-06-14,-0.0019669930098286104,0.0,-0.0015357157856918,-0.0003225146666117,-0.000950058284783,-0.0016472379955274,-2.1402879468723768e-12,-0.000616112296723,-0.0024415662066229,-0.0024087092443191,-0.0022694598282094,-0.0001258855056604,-0.0008946895726494,-0.0013049698987285,-0.0010275776439456,-0.0017152090116268
2016-06-15,-0.0013939330067783695,-0.0028695021127959075,0.0016662454365694,6.056093553219455e-05,0.0017237459883312,0.0013839437049052,-0.0028695020981391,0.0015756996172131,0.0089975491927883,0.0088981169216184,0.0084767181351246,-0.001725347940382,0.003874021542141,0.0052806869393536,0.0034372619856244,0.002573447211366
2016-06-16,0.0029843911906342058,0.0029705600255609532,0.0003979111509475,0.0037982167783692,0.001281184990995,6.247660621516715e-06,0.0029705600288201,0.0014287793137301,0.0055629994557383,0.0055494323091475,0.0054919339981812,0.0032925320278017,0.0029860325919684,0.0036164873988605,0.0041444183959989,0.0030391694467886
2016-06-17,-0.003724103232502718,-0.011721069824044417,-0.0013166036308803,-0.0093125514452749,-0.0034040511088524,-0.0009484703556879,-0.0117210698105355,-0.0044186699707146,-0.0020161474227606,-0.0020974331877008,-0.0024419261123574,-0.0107851077047937,-0.0045914418386336,-0.0036724293466341,-0.0062135349587973,-0.0059121268855951
2016-06-20,0.006439784625811518,0.0062914589598608295,-4.987705028547396e-06,-0.0011800071053581,-0.0006828153516151,0.0004339287308194,0.0062914589262421,-0.0009825860226881,0.0003900974228532,0.0001762552334294,-0.0007300183564837,0.0033970170976145,-0.0014971714038847,-0.0042006933065943,-0.0013297459192967,0.0044998738762334
2016-06-21,0.002838957607022685,0.003172838278505896,-0.0002468316157945,-0.0002230366377604,-0.0002476991351596,-0.0002897755138437,0.0031728382630025,-0.0004667127552718,0.0031072803895588,0.0029581656558699,0.002326210069418,0.0018446283576808,-0.0012144857025873,-0.0010081376903125,0.000484425987086,0.0010609837392488
2016-06-22,-0.0016313232984453974,-0.0024185106385632427,0.0011416421100574,-0.0006547777616944,0.0011414030710508,0.0009050747877954,-0.0024185106303716,0.0009630236476707,-0.0012587518705519,-0.0012026807219171,-0.0009650484715109,-0.00172562363565,-0.0006388199399133,0.0008143280203405,-0.0004902751256776,-0.0021911246501915
2016-06-23,0.01302266156209897,0.01426689899821909,0.0005964196526035,0.0030904085742347,0.0004933579647363,0.0011273394109609,0.0142668989474707,0.0005301627309171,0.0036697642260974,0.0033782612769759,0.0021428576075451,0.0098862766226048,0.0017093994565305,-0.0034462855809812,0.0018863786681143,0.0103820574966537
2016-06-24,-0.03590931546874032,-0.04118785261355984,-9.779195955195163e-05,-0.0120348644526341,-0.0004762010047677,-0.0015971696878509,-0.041187852480785,-0.0010794570824553,-0.0058906563115868,-0.005258991259431,-0.0025819638799812,-0.029593417358397,-0.0020607883551973,0.0100107404474466,-0.0055828944035897,-0.0237366440638471
2016-06-27,-0.01790975615058188,-0.019848317337108567,-0.00047746915363,0.0001107722261473,-1.2408018519094456e-05,-0.0011062341793867,-0.019848317244513,0.0003853114681269,0.002734543402277,0.0031635105377452,0.0049814940500397,-0.0122109579063872,0.0022874227259437,0.0107163671061082,0.0026120082858487,-0.0130962133523668
2016-06-28,0.018036162510771225,0.021913568291469954,0.0053925644822274,0.0128626692217395,0.0052986160472112,0.0060757190285611,0.0219135682480351,0.0054834730811537,0.0194911349462349,0.0191552666497606,0.017731840386865,0.018534223090284,0.0124490592142457,0.0074464308351853,0.0135052111631077,0.0177430826010588
2016-06-29,0.017027560232540262,0.017710018262359073,0.0029979477039172,0.0062480730652096,0.0023899159934472,0.0036902598272126,0.0177100182087912,0.0021503930989461,0.010456140429527,0.0101063602279613,0.0086239747679423,0.0133844256501432,0.007059088010247,7.915524964926615e-05,0.0062378060209331,0.0150011311903315
2016-06-30,0.013645567944232662,0.011569960600760654,0.0040288007645483,0.0080583763236357,0.0046804449084978,0.0039057778525806,0.0115699605844623,0.0047512805696765,0.0098103814281706,0.0096921855359654,0.0091912655998374,0.010226143391482,0.008187668321215,0.0052332020754063,0.007908938377004,0.0125313226945211
2016-07-01,0.0021004774646367075,0.0050213724815850735,0.0026908173645854,0.0093291068397356,0.002892881981082,0.0030279759059508,0.0085610173192229,0.0033400281228543,0.0013116431951758,0.0017101604001357,0.0022212439430712,0.0064693562377583,0.0098293601403184,0.0093926021897152,0.0091331326069919,0.006130085492184
2016-07-05,-0.007193315282105872,-0.0061066588686237155,0.0001049520287386,0.0029865171738683,0.0014063481367867,-0.0008717080103248,0.00137083740818,0.0015336935257357,0.0108673030572697,0.0111975664402973,0.0112530779162882,-0.0030638575918165,0.0074138359822081,0.009888299827957,0.0100951792870529,0.0037652926362155
2016-07-06,0.005997748460390806,0.008192141130866526,0.0020132404964392,0.0049511601289253,0.002138631891122,0.0022411887892748,0.0055227223327569,0.0024356682089787,-0.0036858243879433,-0.0037448353805269,-0.0035198089999424,0.00711784143341,0.0006759946340905,0.0011192701518733,0.000958704216018,0.0023638275962544
2016-07-07,-0.0006198883981538561,0.0029548870636222357,-0.0011958722333618,0.0014690255428209,-0.0003449475466669,-0.0017987964486221,0.001731763568787,-0.0002452751867048,-0.0098789920714422,-0.00926711279161,-0.0088810447714096,0.0024607245377702,-0.0045066018403408,-0.0042246305800315,-0.0043726631691513,-0.0020148719015714
2016-07-08,0.014890390496789196,0.015466581115188838,0.006624010372803,0.011493946234073,0.0063422395589898,0.0069768104971821,0.0121972485557642,0.0064668759967381,0.0155219808648177,0.0152891116053859,0.0149565288991199,0.0141433355035651,0.0110297232244742,0.0094257772433579,0.0090617309759368,0.0140350723910725
2016-07-11,0.003527004076309792,0.005711798388405187,-0.0027679821183183,-0.001364019660021,-0.0024249929721245,-0.0025644947165928,-0.0001072936969236,-0.0021408654238989,0.0056364057440926,0.0051161520606525,0.0045330289752608,0.0033452557446304,-0.0024987871727878,-0.0037125598590176,-0.003982469493535,0.0022413309839693
2016-07-12,0.007263266731389217,0.005048382345423041,-0.0015564429060106,-0.0053689661367728,-0.0024038808696081,-0.0008388550033426,-0.0035079847505175,-0.0025243521579129,-0.0011771333397376,-0.0017639282752476,-0.0023799691668528,0.0015381997599377,-0.0085236386059108,-0.0104946122443364,-0.0105223352696835,-0.0021130099771982
2016-07-13,-0.00013960114722033623,-0.0024218051319885303,0.0001839971605943,0.0043893685920031,0.0010991398630559,-0.0002679633386658,0.0031621533087453,0.0013261407563247,0.0057695389874665,0.0061647303059465,0.0064006832515688,-0.0001009119562509,0.0077857533243481,0.0083446848706882,0.0082133316606823,0.0040759820405732
2016-07-14,0.0055836028054958575,0.006833217038697104,-0.0012962485168709,-0.0034901486735422,-0.0012466053215322,-0.0009279183461551,-0.0016404697196642,-0.0010091736799601,-0.0088342199010173,-0.009482086110876,-0.0096945274051434,0.00334126707205,-0.0079045628473545,-0.0095931894661477,-0.009767512460837,-0.0048858340545577
2016-07-15,-0.0013418680304672082,-0.0016073782182077778,-0.0030315475175085,-0.0049451407684947,-0.0031130044395549,-0.0029820100277928,-0.0043420280100956,-0.0031190144051311,6.175703198213576e-05,-0.0005711693601425,-0.0009080443851363,-0.0027490639001744,-0.003857124639802,-0.004013833450228,-0.0040161849446508,-0.0026847153967091
2016-07-18,0.002687189922429223,0.006618992293892623,0.0010055650576425,0.0030224500271329,0.0011965535014304,0.0010335268703918,0.0036741106119169,0.0013983112827153,0.0025928077914086,0.0022984690772745,0.0021625480012709,0.0053842613944987,0.0018868072163363,0.000990200298911,0.0009633805844124,0.0026699251576331
2016-07-19,-0.0010166833672621278,-0.003643179637050298,0.0004378292103071,0.0007571443719802,0.0008323762837498,0.0001213578278265,-4.2495294481526e-05,0.0007957901334736,0.0046409818503739,0.0049482180164789,0.0049773062150138,-0.0021265119461165,0.002527344065658,0.0037335566378851,0.0038229593657465,0.0015600377154682
2016-07-20,0.004163102007091135,0.011682921768001675,-0.0002366931004238,0.0035155212496975,0.000527697243591,-4.981209062804304e-05,0.0049943785623891,0.0010060436602998,-0.0008251939015451,-0.000454453677684,-0.0006648259221991,0.0088815198334861,-0.0053937586277974,-0.0059312838183867,-0.0061038285426859,0.0025519350088814
2016-07-21,-0.00377709109966351,-0.002292079722516882,0.0004416698005627,-0.0002544985620546,0.0006182676464494,0.0002165732046899,-0.0006258960184298,0.0007306573749616,0.0028420288453726,0.0019866450517711,0.0019882473124356,-0.0015868822323468,0.0054647746939076,0.0058854865038742,0.0059951879405162,3.986331894694247e-05
2016-07-22,0.004485157000240214,0.004152783749861388,0.0012121203870292,0.0030076692611638,0.000988931271304,0.0012198717829738,0.0032160420056672,0.0008211521491556,0.0077385559270517,0.0080782307046179,0.0078118390225162,0.0037573649286998,0.0016469029884907,0.000862094192399,0.0008386013498755,0.0051481794559664
2016-07-25,-0.0027160185061835262,8.793262487083453e-05,-0.0024826759124552,-0.0002939677188675,-0.0015808019089156,-0.0026420415986703,-0.0002244079124811,-0.0012470639613405,-0.0021842281512081,-0.0017378928302085,-0.0016951791304187,-4.4108342177170325e-05,-0.0038621057134288,-0.0029180583242279,-0.0029415522875603,-0.0008950001736336
2016-07-26,0.0004613825252315351,0.0011437175755268925,-0.0009608571542586,0.0013526310670455,-0.0002888241958545,-0.0010127172119349,0.0013145709979094,9.83755601955405e-05,-0.0043192342647885,-0.0042539725082789,-0.0040088200821151,0.0012159811347594,0.0010557413366491,0.0001721298849285,0.0003319242166611,-0.0001722084398149
2016-07-27,-0.001060932905636136,0.006942636911346556,0.0031728994360675,0.0095457335854465,0.0038078267004195,0.0029881442075649,0.0090715491944464,0.0042519702666938,-0.0062379544454493,-0.0057388247438351,-0.0049751639656196,0.0078428302479486,0.0065670637159815,0.0066468587757736,0.006660920923698,0.0037636314829196
2016-07-28,0.0011546039843357558,0.0034910283950237986,-0.0010326241245315,0.0009614616338309,-0.0001544923969956,-0.0009763933540876,0.0014212838643519,0.000347320142211,0.0084968587904423,0.0081592874666856,0.0077391831661562,0.0026187767627912,0.0013923072170221,0.0012675071151785,0.0014178235100359,0.0030229311625639
2016-07-29,0.0016145510685783293,0.002174327920974495,0.0028686755879352,0.0050842757491478,0.0029755011056973,0.0029832945004866,0.0045542064617218,0.0031690014762622,0.0125531524015118,0.0122639193859972,0.0120989520930729,0.0031805647715367,0.0099416979828639,0.0097784543666278,0.0097959756721779,0.0071631425622283
2016-08-01,-0.0008288572745899225,0.005293764683511171,-0.0043693053177794,-0.002838360752439,-0.0030336039606227,-0.0044973893114981,-0.0017538795218423,-0.0022289438876548,0.0021437080881931,0.0018607952165749,0.003427019850415,0.0026578523593193,-0.0026090469450976,-0.0026090302959267,0.0014007115937685,-0.0009329401073992
2016-08-02,-0.00640756582453883,-0.007596682402528421,-0.0022639677936382,-0.0091634292043515,-0.0031669953216807,-0.0023841192094531,-0.0087678334221722,-0.0033501820010686,-0.0144104791170271,0.0081256919588295,-0.0103952377815103,-0.0080387640432426,-0.0060064315507191,-0.0060064285998282,-0.0122856859521373,-0.0115567391618333
2016-08-03,0.002922930788260114,0.003305421540389819,0.0023897266523478,0.0017112756373003,0.0017171540048486,0.0028462872407959,0.0021269313198282,0.0014965103232502,-0.0057449618522344,-0.0047594247676178,0.0002710617108149,0.002859876938571,-0.002867526835355,-0.0028675101089909,0.0017409452629877,0.0002329002327157
2016-08-04,0.0010638820000405946,0.002861037108684794,0.0037413074026082,0.0049713973403913,0.0032545004221664,0.003713644206337,0.0048685425894194,0.0030690609491152,-0.0037072305053022,0.001696884615291,0.000915897323549,0.003621088094141,0.0019633044114403,0.0019633037101348,0.0006590593569394,0.0019791862397636
2016-08-05,0.008178927772448663,0.009596411993407772,-0.0022991080480175,-0.0005349040480602,-0.0022154592502294,-0.0018469908563745,0.0009472113629109,-0.0022661367678117,-0.000537279271044,-0.0178639501768328,0.0056840475914263,0.0063302286310196,-0.0086856475830106,-0.0086855982399155,0.0063684395834216,0.0014023198971926
2016-08-08,-0.0005959073600431131,-0.0011131609380403695,0.0012007848056734,0.0004321260574369,0.0003557711671025,0.001252177946732,0.0001687085251118,-7.927972023313856e-06,0.0016003364055769,-0.0008624105820436,-3.7490041415606935e-05,-0.0006235351535671,0.0009031595901971,0.0009031625591832,0.0002386294803558,0.0007135761635859
2016-08-09,0.0005962626773610147,0.0023145416845711253,0.0032457478276943,0.0060877977137769,0.0034556143486454,0.0030338120276016,0.0055369433113854,0.0034954358672616,0.0053285036264636,0.004080325763334,0.0037042347505526,0.0035432538203465,0.0063870540376641,0.0063870396670203,0.0036215481986694,0.005376096653249
2016-08-10,-0.0024749426826852217,-0.0025659542876147468,0.0004856330275637,0.0006417243232881,0.0010568995000044,2.2495404663480656e-05,0.0002021794387048,0.0011836593265786,-0.0007235155634784,0.0046889513077941,-0.001752405289116,-0.0015149542736241,0.00252128171461,0.0025212615554898,-0.0028700991360802,-0.0006582557686199
2016-08-11,0.004640682897460335,0.0042876373348959,-0.0013202721064737,-0.0026525551018621,-0.0019653820751678,-0.0006932743761903,-0.0014150394160414,-0.0021353878920056,-0.0110475763007253,-0.0069228334217883,-0.0013737734305917,0.0021303115759508,-0.0084841753437853,-0.0084841338636163,-0.0015734601037019,-0.0043119235019432
2016-08-12,-0.0008690288818208325,0.0006828883862035617,0.0024807249592984,0.0045762667972206,0.0026148073189369,0.0026235657294373,0.0039998790750823,0.0026722393499436,0.0038174477268349,-0.0021147984148784,0.0022254462953264,0.00194718551251,0.0036155070238935,0.0036154899133094,0.0026107086089131,0.0040985747036567
2016-08-15,0.0028838450545642935,0.004266149299880784,-9.287873286201176e-05,-0.0026192328080766,-0.0008216191430352,0.0005712980879519,-0.0016265098050046,-0.0007941128495834,-0.0007085966566446,0.003453646531324,0.0018570520216423,0.0020299698765667,-0.0023969688349002,-0.0023969327166968,0.0030091800313381,-0.0008559345868549
2016-08-16,-0.0051575976340675345,-0.005522434559515732,-0.0017762693080732,-0.0042947716734413,-0.0023303257920939,-0.0015345617283613,-0.0043025117038416,-0.0023804010580886,-0.0108840678837899,0.0049280677196198,-0.0074117444322473,-0.0050558777604431,-0.0030940858247502,-0.0030940910304771,-0.007948808338497,-0.006861282174
2016-08-17,0.0018809316960539668,0.001794227098233847,0.0016059950047704,0.0039136917085187,0.0016839708334657,0.0016714691891872,0.0035922080080523,0.0016885525178922,0.0037949460732956,0.0002335094076254,0.0027338517719316,0.0024807792688844,0.0033578096460965,0.0033577944262725,0.0014681917636356,0.0032558509435232
2016-08-18,0.0022439903028932395,0.00025574377514114843,0.002816414610999,0.0008033007346921,0.0021059620543144,0.0030901296799445,0.0008238793222559,0.001861017781936,-0.0031429383196542,0.0047470839693446,-0.0009213880051287,0.0004721471595888,0.0010340941041129,0.0010341042564748,0.001340048591269,0.0001812416728946
2016-08-19,-0.0014622508517037058,-0.0002556783869853696,-0.0031401716694241,-0.0028642373182543,-0.0028744353370983,-0.0030770648320386,-0.0023926788923551,-0.0028034640365155,-0.0065558923852936,-0.0088296739998079,-0.0024702166627153,-0.0010691320580699,-0.0064377359923209,-0.0064377295595385,-0.0025196616025142,-0.0035667065719611
2016-08-22,-4.569414593358356e-05,0.0007673658566047514,0.0004924885350974,0.0046496068158126,0.0013333266832475,0.000194343375816,0.004048716727016,0.0015253141549858,0.0049747073295246,-0.001484739590251,0.0026571775339002,0.0020199689485597,0.0040522552434852,0.0040522294865025,0.0033838951025549,0.0046153862228511
2016-08-23,0.0020134903099180423,0.0017893714481598266,0.0013182128123894,0.0014039822493858,0.0009408277411109,0.001416064901283,0.0014808241152057,0.0007739035605711,0.0005149608361611,-0.0001564923217149,0.0013617665947849,0.0016720976444041,0.0005560213464145,0.0005560238221186,0.0029062530774896,0.0017246514774891
2016-08-24,-0.005114744595802412,-0.006464704016351686,-0.0017433547329731,-0.0043881041595082,-0.0016806535029456,-0.0022354344866544,-0.0046994191048547,-0.0019731078756831,-0.0048162979209657,-0.0111146320716502,-0.005581586849067,-0.005793493267549,-0.0054194720016303,-0.0054194786322022,-0.0059307463987657,-0.0047739283770116
2016-08-25,-0.0006887138534544812,-0.00162654014328234,-0.00022368804677,-0.0025363267818494,-0.0008646330686644,-0.0001299433102674,-0.0025601328089128,-0.001129631791952,0.0041622339336779,-0.0008706095496065,0.0001986059151329,-0.0019806556722418,-0.0001429249924613,-0.000142922628281,0.001070966235828,-7.789488476394165e-05
2016-08-26,-0.0018832538056824388,0.001457856594340834,-0.0027780958172382,-0.0024237386620009,-0.0026584160681676,-0.00268981536584,-0.0016723343736991,-0.0024599539462161,-0.0093323008266456,-0.0014259735336284,-0.0025261808030812,0.0002689647273975,-0.0054530418888822,-0.0054530358210501,-0.0037171032376047,-0.0044755834372537
2016-08-29,0.004924126724322964,0.001370158533407606,0.0042469017831698,0.0074822672724135,0.0041629924425967,0.0038693559552214,0.0065104465237009,0.0038268018639431,0.0093545584753809,0.0019833428203241,0.004710738666494,0.0033306186756724,0.0081334077181161,0.0081333930961463,0.0062682090477569,0.0079022570124255
2016-08-30,-0.001648526630734004,-0.0032497245355955773,-0.000178288842151,-0.0035120254654822,-0.0004446785661365,-0.0005847995157551,-0.0035092780211321,-0.0008312045479287,-0.0024375832833316,-0.0100554539061801,-0.002858032559999,-0.0033480387437253,-0.0048737650389658,-0.0048737603871564,-0.0013750449068658,-0.0025172013057239
2016-08-31,-0.0028439721735540324,-0.0010294571033150346,-0.0026345818033932,0.0002385116658079,-0.0016960911161072,-0.0031286685707825,3.140917599631088e-05,-0.0014356101418355,0.0008171082338221,-0.0019995193301532,-0.0002495350999256,-0.0006274520846815,9.298154577403646e-05,9.29613671910512e-05,-0.0015563578921395,-0.0001404584877701
2016-09-01,4.6013531907362903e-05,0.0025764642916681346,0.0014512424770787,0.0014653942647113,0.0015562030432056,0.0012786539598859,0.0015469134137897,0.001591195204956,0.0035586385176897,-0.0022481801232731,-0.0020192670752898,0.0007172188335989,0.001581869911084,0.0010730425012073,0.0007708782233153,0.0004351868208544
2016-09-02,0.004507909807956123,0.003255224784760813,0.000525432751802,-0.0016918020518343,-0.0001629961785981,0.0008414069087745,-0.0008856383708902,-0.0001676587525295,0.0100921812781782,0.0076197238064566,0.0065421798610243,0.0049725245348514,0.0048507125713152,0.0035463191471302,0.0021540554489068,0.0020973942633749
2016-09-06,0.003022448477350892,0.006232804462992014,0.0033942737146954,0.0068491807661403,0.0039135663790461,0.003522829486271,0.0067825531761838,0.0040533241327083,0.0161663770374179,0.0076811789898495,0.0076542031775719,0.0067892596072625,0.0117088976979297,0.0101937603058022,0.0080587592498906,0.0064643649617649
2016-09-07,-9.133380879933206e-05,0.0005939265289995888,-0.0005214834525333,0.0004250497900051,-0.0002989015182063,-0.0001939730422007,0.0005359513850595,-0.0002457870490334,-0.0026607589102007,0.0055654148964048,0.0051363600037589,0.0025176115122859,0.0002412769554595,0.0006147297277877,0.0014172279707715,0.0023849522067478
2016-09-08,-0.0022829538371913483,-0.005851459614092613,-0.0033507151328487,-0.0095200404369755,-0.004370215683886,-0.0031185003650028,-0.009085688082323,-0.0045293742639326,-0.005859767493721,-0.0122506770615354,-0.0122705343668955,-0.0083043422194736,-0.0092847048239467,-0.0096073149089015,-0.0097173593643492,-0.0093865608686055
2016-09-09,-0.023934840229322907,-0.025163974950338508,-0.0076093610764655,-0.0222994585612531,-0.0087735954496007,-0.0083784213210618,-0.022951107770932,-0.0092327890772689,-0.0092441746365677,-0.0381514346811989,-0.0366708379024621,-0.0302040084593633,-0.0221674734889473,-0.0213146380528003,-0.0250306544603892,-0.027496317466227
2016-09-12,0.014347346258053228,0.01793833828215541,0.0024854092382597,0.0092472961425182,0.0035808360169304,0.0028020676430269,0.0104216200066296,0.0039865945911685,-0.0002059710220545,0.0111367110252793,0.0104113252141679,0.0153598318248292,0.0040115890512061,0.0051244070918054,0.0089645308243577,0.0104845819027326
2016-09-13,-0.014375661065558099,-0.008940142190393852,-0.0057473765068731,-0.0113890104214677,-0.0055105783423128,-0.0061779193958834,-0.0112836336920919,-0.0054796104837909,-0.0081238803746882,-0.0242433707366283,-0.0233632638867564,-0.0148437191123253,-0.0154460586694587,-0.0138239240711962,-0.0142847830260939,-0.0155408544989638
2016-09-14,-0.00037519561818355474,0.004770576849833397,0.0011217357211528,0.0031153528106044,0.0017270440330419,0.0010453208278002,0.0033346645679066,0.0018922545019874,0.0034019160806073,0.0030941720867244,0.0029847499901618,0.0041322302909973,0.0027392203624218,0.0029109685266873,0.0031811915595324,0.0028558299508431
2016-09-15,0.009993149782434374,0.015538649980584074,0.0028277218372034,0.0053454090356159,0.0033102857326081,0.0030105253588961,0.0066653454989706,0.0036640275447272,-0.0055973760377546,0.0032735481606187,0.0027548423878945,0.0108568512631633,-0.0003719194085389,-0.0005334921611023,0.003858040376883,0.0056940020626981
2016-09-16,-0.003865685417785314,-0.0004771158067875536,0.0005625216126206,0.003544508653813,0.0005130208798225,0.0004803930088908,0.0029618227614578,0.0005400762390983,-0.0022355275790733,0.0009484620432284,0.001435545401451,4.9705582852825424e-05,0.0011433569222103,0.0017756719997962,0.0021748268736459,0.0022746046054853
2016-09-19,0.0001873366404965271,-0.004348347563528754,-0.0008168717512402,-0.0027704571776465,-0.0012875148346724,-0.0006636063931922,-0.0027966535875534,-0.0014474090298544,0.0026416865408897,0.0082883608448831,0.0074992408140509,0.0005290918850411,0.0031570436334187,0.0019279630116079,0.0006424563893431,0.0010992609957666
2016-09-20,4.7016824595402795e-05,0.0018838917152357304,0.0005488345722459,0.0023555829233559,0.000918605843077,0.0005185213049352,0.0022325467702206,0.001003645962716,0.0007582348295132,-0.0012015144483957,-0.0008804426717084,0.000687787060864,0.0009365206287341,0.0010705546373208,0.0012558259285182,0.0007361707914125
2016-09-21,0.011245451584940058,0.009829166072935047,0.0046160536581063,0.0092661906507762,0.0044592624325674,0.004956984837904,0.0093965529346324,0.0045551424656848,0.0144484364669421,0.0125502663431552,0.0122454397884039,0.0108849225228857,0.0134548912573571,0.0116404725412503,0.0106885306599072,0.0106787020444295
2016-09-22,0.006301455208262086,0.00795595228732715,0.0033235039952326,0.0087578619884756,0.0037483208397541,0.0036401294165575,0.0087943500928571,0.0039028921926789,0.0036076613873616,0.017252770159458,0.0166172893428986,0.0115465135360052,0.0091678139126876,0.0092501134426472,0.0103698542161174,0.0115705379081832
2016-09-23,-0.005479293111819827,-0.006381554780963472,-0.0006191339330684,-0.0030955904243339,-0.0008944627263988,-0.0009337895103765,-0.003433092040442,-0.0010620747696318,0.0008230716469399,0.0028074202659508,0.0025508427819697,-0.0028477439576411,-0.0004643020205318,0.0001828851209232,-0.0012188049130843,-0.0019895434518812
2016-09-26,-0.00810212033955593,-0.008366729972505427,-0.0001841338027189,-0.000655971574424,-0.0003046707762408,-0.0002989147913035,-0.0016247956237296,-0.0004642794967847,-0.0005291190563266,0.0026222903759516,0.0028774960831725,-0.0041635173648202,0.0009226594416708,0.0015475084412045,3.089589365163712e-05,-0.0008838143668336
2016-09-27,0.006208033777098221,0.009885908766439577,0.0021811213715257,0.007002371460016,0.0029628580388778,0.00205913651277,0.0070994166504334,0.003204804136619,-0.0075572839517188,-0.0094676445564228,-0.0083199877009818,0.0024184180284523,-0.0017353302794566,-0.0021760137601363,0.001259371473014,0.0023942470081484
2016-09-28,0.004963485500141029,0.0016875711384900516,0.0027075786458414,0.0004186746360994,0.0015653377248383,0.0029365532721092,0.000707309498565,0.0014457292058238,-0.0022437524319394,0.0075500588315656,0.0068866565092839,0.0039624217283588,0.0017675798348446,0.001032378028927,0.0020016594025622,0.0030853510079801
2016-09-29,-0.009047123704722382,-0.007245053062603146,-0.0013191931899683,-0.0031912259052152,-0.0015698979943579,-0.0015506487644332,-0.0038843411658395,-0.00166711154178,-0.0021667934377664,-0.0123352640980698,-0.0113200354197803,-0.0092380841973078,-0.0053361985895901,-0.0043216573626396,-0.0055329249990035,-0.0068738181570857
2016-09-30,0.007545935204980925,0.007467916335835101,0.0005239230306508,-0.0013777536106995,0.0003805507006739,0.0007437328052453,-0.0003044846852083,0.000502900470056,-0.0036894904268853,-0.0069991361194216,-0.007131479571886,0.0019261079424354,-0.0053360102820273,-0.0050182575247168,-0.0028425516029343,-0.0014026592952576
2016-10-03,-0.002404199938289664,-0.0014320787495526455,-0.0015403158539486,-0.0023910507146873,-0.0018862367409112,-0.0013886455736248,-0.0022504905781158,-0.0018518799663022,-0.0017045224971818,-0.0152530654900181,-0.0016019813191917,-0.0017366585355303,0.0011945030465301,-0.0061024539425522,-0.0071265336307137,-0.0073366509265686
2016-10-04,-0.005097475936032714,-0.001518153633165653,-0.0035361109634534,-0.0067374331121217,-0.0036264650987015,-0.0037022593783702,-0.005971815451629,-0.0035271829003054,-0.0326183729254122,-0.0146573047470653,-0.0065766142994031,-0.0031773722700268,-0.0175274582700068,-0.0160708656703136,-0.0161264818070959,-0.0085450913064604
2016-10-05,0.004425101435851397,0.0035481433082724667,-8.820159176892162e-05,-0.0006399505603753,-0.0002980883708287,-1.5590921699337734e-05,-2.2842056023320012e-05,-0.0002697246337733,-0.0001456557453441,-0.0159029485007902,0.0027680605832768,0.0022100624471005,0.0030712325686661,-0.0040329981583964,-0.0059468166125675,-0.0058070744988688
2016-10-06,0.0006954146136801675,-0.0005052274281798219,-0.0009495220257389,-0.0030805513599864,-0.0010411590812556,-0.0010060012043967,-0.0026997302139911,-0.0010701185085237,-0.0083793894498029,-0.0007429319100417,-0.0018413996306172,-0.0013313581510169,-0.0040182366819698,-0.0027447910756045,-0.0033813574516152,-0.0018188517035336
2016-10-07,-0.003429216592137241,-0.002189718673103691,0.0014892350902526,-0.000738726035968,0.0012984448943949,0.0015377328124863,-0.0009537611781075,0.0012811677779456,0.0002105265537476,-0.0014989347590273,-0.0017541369261047,-0.0017230925997396,-0.0012076289380625,-0.0014158543304206,-0.0008995391956692,-0.0017651458277895
2016-10-10,0.00520841328554611,0.0063305417859123025,-8.477599010225934e-05,0.0001221813618612,-6.440804925400556e-05,0.0001482904032716,0.0010411132640528,1.4086322173811894e-05,0.0041619850968871,0.0059345960890025,0.0059003447942461,0.0043368048412864,0.0036660565801792,0.0059018800474929,0.0042240776624334,0.0031889120431416
2016-10-11,-0.012629731272999822,-0.014259343866523277,-0.0028182885471181,-0.0082012501192013,-0.0033899967862363,-0.0029306220515638,-0.0091026793358321,-0.0035203054000881,-0.0066763631591922,-0.0096463254832508,-0.0128599296142272,-0.0123020806892258,-0.0097146603275058,-0.0110139828883409,-0.0089296076597969,-0.0096836572555347
2016-10-12,0.0013119832654180374,-0.0008509893596537754,-0.0001987705685818,7.78827594869469e-05,-1.6219395937544512e-05,-0.0003255122873537,-5.961446609281662e-05,-7.94455950481332e-05,0.001281213319236,0.0092084169182449,-0.0004791077755649,-0.0005526770152365,-0.0005145041729995,0.0034783211254208,0.0037641336976758,0.0034012787378572
2016-10-13,-0.0032754693839005533,-0.00357678403159567,0.000272831723757,0.0001511617720415,0.0003785044160868,0.0002878493870188,-0.0004002257706232,0.0003125248667175,0.001418316313095,0.0061389002491409,-0.002662607782223,-0.0023806082250239,-0.0001502383789057,0.0011203011877356,0.0023845629083569,0.0015817962898389
2016-10-14,0.0005165450935504801,0.0011965859440759008,-0.0009324770008001,-0.0065584401546467,-0.0014694642718038,-0.0008529977615873,-0.0054150703213375,-0.0013937308096101,-0.0049417107362688,-0.0039954680574408,0.0001635708110474,-0.0012828025724245,-0.0053235537629841,-0.0024827514095311,-0.0040468906536002,-0.0055797787280155
2016-10-17,-0.003472399808211013,-0.0027317176049732605,0.0006531359790369,0.0018815649616836,0.0008585242770662,0.0006659521098917,0.0011968792919245,0.0008121520254209,0.0023466732575824,0.0017338837209669,-0.0019068489359273,-0.0012456389331589,0.0025250233903307,0.0005262379503449,0.0012730757967756,0.0016292463001493
2016-10-18,0.006262403694392571,0.008902552599839186,0.0029156011376301,0.0060271723730798,0.0032543635945914,0.0030224588691822,0.0064522506105628,0.0033613458521037,0.007200564798317,0.0065986319441725,0.0084881255849102,0.0079804486388655,0.0083184078302791,0.0081997683856988,0.0067600405084895,0.006128056684759
2016-10-19,0.0026672498559550117,-8.484676214137732e-05,0.001502702747159,0.0003780575062506,0.0011007910618221,0.0015562719215069,0.000309457592718,0.0010386440544321,0.0057659143332329,0.0023055865571696,0.0008013045650753,6.40130081617229e-05,0.0044610576100535,0.0029514691386335,0.0024207868721814,0.0012890205021294
2016-10-20,-0.001866859420658118,-0.001187888702579576,-0.000708437785341,-5.137146857037145e-05,-0.0006506298769133,-0.0007645579243475,-0.0002197292404211,-0.0006451575220246,-0.0030427556900811,-0.0022398982782141,-0.0014724426632799,-0.0008225737096641,-0.0023839186748468,-0.002243360777957,-0.0018464277973086,-0.0010156925092475
2016-10-21,0.0004676068773969977,0.003738014661300415,0.000811780411027,0.0026030492672985,0.001071117277305,0.0009168878858774,0.0027710163401024,0.0011598871402698,0.0006556457990409,-0.0024894942052025,0.0032819590196639,0.0033736016592822,0.0009875346662075,0.000208417809198,0.0003853387911323,0.000412697838937
2016-10-24,0.004252622777833892,0.012018467041628789,-0.0003610502361536,0.0037158274677862,0.0003394306067172,-0.0001599099901313,0.0049457354799915,0.0006216621068226,-0.0016584383649818,0.0027672879327215,0.0098463657994342,0.0093497352220939,-0.0006338165032559,0.0040436559763334,0.0031829642634181,0.0036191817263174
2016-10-25,-0.0033504132901375216,-0.00317813325352978,-0.0005238640112368,-0.0002523906473657,-0.000673256810265,-0.0004546774558016,-0.000688844074513,-0.0006911948050919,0.0069721085297274,-0.0009413860238403,-0.001543497161713,-0.0022300871581211,0.0029170763540379,0.0008789224367519,0.0010366855062008,-0.001447209080034
2016-10-26,-0.00200775786713292,-0.0067957679282451,-0.0029247292637804,-0.0067792528990023,-0.003236308112182,-0.0031601949739289,-0.006781708997535,-0.0033479250957216,-0.0060405430721074,-0.0116405239906763,-0.0066132475748546,-0.0067904313435409,-0.0075378364564825,-0.0086920661062189,-0.0083100944234138,-0.0089756518444257
2016-10-27,-0.0026666460744114717,-0.004561599538695726,-0.0033536813712615,-0.0077568430965428,-0.003692396828183,-0.0032713155798146,-0.0072813758321615,-0.0037262413445914,0.0009000811071499,-0.0210852369781993,-0.0035888666276115,-0.0055939713428301,-0.0046955233341318,-0.0095397649803521,-0.0097733870203594,-0.0136429221691623
2016-10-28,-0.0029556579250077375,-0.006279659679340965,-0.0018849954963072,-0.0042367978058075,-0.0018203663962479,-0.0020396159874231,-0.0045416169011415,-0.0019324265012511,0.0039330461234003,0.0017554943518716,-0.0046048310498206,-0.0056175244033643,-0.0011212814352477,-0.0001652355386198,1.7410877664120868e-05,-0.0021180756626083
2016-10-31,4.713239003972802e-05,-0.0009394389744621368,-0.0008225194479297,0.0026251004008874,-0.0002687111590936,-0.0010102421844009,0.0020941572247439,-0.0003094523443613,0.0032029736501489,0.0131596055735407,-0.0003450263992225,0.0002135670910669,0.0031150090507742,0.0060601901875671,0.0061046986895109,0.0068412772394344
2016-11-01,-0.007245360042581583,-0.007521906275915313,-0.0016131639217262,-0.0036784595808736,-0.0018337740897177,-0.0014854854177553,-0.0042149159853562,-0.0019385746870054,-0.0015775732296877,0.004591303784757,-0.0063239485422882,-0.0062832051574904,-0.0017047629608944,-0.0026338578612236,-0.0081169821930866,-0.0099887001104504
2016-11-02,-0.006018605214534456,-0.008009609742773205,-0.0002527727874329,-0.0017332774907944,-8.470839352681114e-05,-0.0004520391118268,-0.0026063992863811,-0.000251910252496,-0.0030056580047029,0.0049047078585553,-0.0060606961325432,-0.0059944100364047,-0.0062869680528544,-0.001516121688418,-0.004744557066586,-0.0067591304075545
2016-11-03,-0.0045772436651608794,-0.009810700919803628,-0.0005621786905157,-0.0087203005067884,-0.0014091191183427,-0.0006029002725209,-0.0088711680600958,-0.0016311262477344,0.0009559095389642,0.0042897562758558,-0.0094741587597434,-0.009462717019035,-0.0008403882238003,-0.0022996603740879,-0.0070341194315677,-0.0080527251965655
2016-11-04,-0.0011013763251288555,-0.0035072472186404857,0.0018326822908967,0.0028687220313732,0.001764760383347,0.0016373959982816,0.0019873806888051,0.001663153588814,-0.0041671654469284,-0.0006914262886167,-0.0015414626643144,-0.00147459918613,-0.0031283628802535,0.0006403559712009,0.004086907064987,0.0046580513862078
2016-11-07,0.02205675047066391,0.0237569643289699,0.0034768103975766,0.0071597871104991,0.0034497959956465,0.0034823714087055,0.0094414109396583,0.0037973148328809,0.0109161941757804,-0.0109818252225866,0.0186707496711309,0.0184977595422352,0.0108138972023021,0.0046522829955533,0.0080278222100476,0.012274035368699
2016-11-08,0.004503940545470098,0.006532109595432711,-0.0026639509447649,0.0011687239838169,-0.0020648817814206,-0.002675099052351,0.0019164880438171,-0.0018998016741013,0.0008906739759504,-0.0027980350726142,0.0048625354999973,0.0048057495607835,0.0008660737227189,-1.206773271234016e-05,0.0018960024793408,0.002575061368412
2016-11-09,0.010602205420535027,0.004611067718078399,-0.0108364610364981,-0.0190919332168392,-0.0108333775205078,-0.0108452908291749,-0.015772033162435,-0.0107641186221124,-0.0156403771083318,-0.0047939926712232,-0.0028061659284063,-0.0030584576403042,-0.0032987553623997,-0.0242078469088538,-0.0159516157124671,-0.0128074228823052
2016-11-10,0.002495449516615178,-0.01614939248013947,-0.0081896381339314,-0.0154712729418033,-0.0083134082012138,-0.0091703159624955,-0.0155682190235159,-0.0086016274462058,-0.0205282590152303,-0.0166432288980922,-0.0159320200550925,-0.0159246267020973,-0.0118206320504678,-0.019097146446011,-0.0157900171394414,-0.0127017055734133
2016-11-11,-0.002304891621125682,0.00043176313930981536,-0.0048866515009948,-0.0025481062777982,-0.0037316693490567,-0.0053655785992816,-0.0021223464470184,-0.0037062495579186,-0.0187249305718831,-0.0217267163613259,-0.0005227658662995,-0.0005552257418445,-0.0122750858859104,-0.0134304582860769,-0.0019643021648968,0.0025460750480993
2016-11-14,0.000785450929779774,-0.010103666758571661,-0.0008110538990374,-0.0080810201954388,-0.0028113269701213,-0.0009374929692402,-0.008370753065704,-0.0030710639335264,-0.0055881357589631,-0.0082963095655227,-0.0094537616312165,-0.0094316570350809,-0.002585662337258,-0.004133397903134,0.0014335358519573,0.0036845917094975
2016-11-15,0.00780277280015107,0.01387070105422894,0.0053759505078148,0.0094819912659691,0.0048638582230386,0.0060583083272574,0.0101095507944519,0.0051647124991052,0.0144020646337895,0.0101790905758005,0.012463525268269,0.0124156633346033,0.014038940775352,0.0092950649473419,0.004014857652021,0.0034546277847307
2016-11-16,-0.001878242735023239,0.005937242811378196,-0.0011330512489778,0.0074479570379919,0.00015700194894,-0.0011405043897255,0.007231129532955,0.0003791673490904,-0.0054835991241535,-0.0036755734461489,0.0064238134800712,0.0064403675366057,-0.0060533403101509,-0.0009644195815644,0.0033237871829993,0.003614992406728
2016-11-17,0.005140683995398243,0.007270375501246429,-0.0032459345434394,-0.0035085751843068,-0.0027852419230945,-0.0032318471464711,-0.0019634973449654,-0.0026973520266023,-0.0017956665634743,-0.0042852443245224,0.003804083212129,0.0036861837338013,0.0004130525305788,-0.0065422433940266,-0.0058034853461337,-0.0047030248739243
2016-11-18,-0.0022375840390598256,-0.0037364277722066186,-0.0025664231494618,-0.0033250431580562,-0.0032814147673022,-0.0024623552428512,-0.0033845575034281,-0.0033486066677207,-0.0056186031478475,-0.0082388046880446,-0.0036026319994656,-0.0035980793601683,-0.0012568918574139,-0.0045895228097443,-0.001988594409567,-0.00058092511537
2016-11-21,0.007551402405975072,0.010399017175750869,0.0041468680780054,0.006559707326561,0.003696802309127,0.0046056018850135,0.0071149378480066,0.0038297745836957,0.0070630448348204,0.0045245707444244,0.0091508776773306,0.00910842556578,0.0109843860957353,0.0045099515708662,0.0033256440859553,0.0034178554223359
2016-11-22,0.0019532949176919168,0.003036828498107491,0.0032650948736228,0.0014103460849925,0.0028554359050323,0.0033895198477882,0.0016463305024865,0.0029281757206234,0.0077238780471776,0.0016660952306002,0.0025059176251465,0.002487859682801,0.0058298151189126,0.0061028830206562,0.006039136897792,0.0069857267961966
2016-11-23,0.000544010146756202,-0.004036955743498716,-0.0033322458323071,-0.0039615832343697,-0.0035894231383605,-0.0036358240565002,-0.0039725341267836,-0.00368609573231,-0.0133737728678753,-0.0186396099215982,-0.0040123156565385,-0.0040114717866975,-0.0071524745123653,-0.0107496726771706,-0.0056314842677483,-0.0030243829044661
2016-11-25,0.00371544316866923,0.003208929991469711,3.7156386480052817e-05,0.0023810285954009,0.0002132099031844,-0.0001204024000992,0.0025013068188666,0.000262518336888,5.732566759539467e-05,-0.0042901825426803,0.0029382379747493,0.0029290336489866,-0.0012169314397375,0.000783043899017,0.0025761805871152,0.0034706921731923
2016-11-28,-0.00469494477895982,-0.0022728023809656106,0.0024082348331821,0.0023712387941954,0.0025344607787969,0.0025742817625769,0.0016960722461736,0.0025299542266834,0.00600639526557,0.0097122784761063,-0.0007530436188881,-0.0007013545220146,0.0027084255285,0.0070329609562456,0.0039691223830541,0.001614526786118
2016-11-29,0.0019502232061292535,0.0034590536818766005,-6.544207497216625e-05,0.0038131514541304,0.0007263717928691,-0.0003671198060994,0.0037618754750592,0.0007929859904483,-0.0014501274794058,-0.0038703239040771,0.0035743542769605,0.0035782789603507,-0.005391468877006,0.0012395872730896,0.0046967608244207,0.0051097422357849
2016-11-30,-0.002398931625085532,-0.01210679428100958,-0.003389208896518,-0.0140896720362526,-0.0052038637465477,-0.0032817208390442,-0.0138026233516324,-0.0053778449155621,-0.0046859381859619,-0.0114598101477513,-0.0127522278424271,-0.0127741815889018,0.0021960599133423,-0.0095215174408867,-0.0132649042896494,-0.0124145113929639
2016-12-01,-0.003675604745540295,-0.017276661685033945,-0.0036694034376842,-0.0139786992536422,-0.0042547858480262,-0.0035572627726608,-0.0151585364502206,-0.0042833193956008,-0.002044558069433,-0.0040483237758216,-0.0131440390942792,-0.0161016128506174,-0.0023023784459714,-0.004609597504346,-0.011605986900897,-0.0132405020832672
2016-12-02,0.0005009636722073108,0.001991867093480648,0.004759969854883,0.005214964628716,0.0042873517948713,0.0047157278685372,0.0046859239831862,0.0042746281554315,0.0021538585421858,0.0010804131488777,0.0038923204357101,0.0050848173508944,0.0026816555764682,0.0033700747776037,0.0038867196165043,0.0057344132637015
2016-12-05,0.006008851555494132,0.0077786322628272675,0.0010699530206941,0.0037086324371859,0.0012526499770011,0.0016832977208391,0.0054804620409882,0.0017118037003818,0.0107646474466726,0.0110340295502133,0.0093552986800531,0.0073316485125622,0.0098544726387299,0.0051504158140182,0.0099175376012259,0.005938986148803
2016-12-06,0.0031674232569984806,0.0024013817729400255,0.0019343417251571,0.0013856299863095,0.0017647997704102,0.0023079091824929,0.0023064528103762,0.0018637339051912,0.0054446302192766,0.007592141092867,0.0053171729490016,0.0037730272655223,0.0031621385022185,0.0049921120225814,0.0058919973082646,0.0035116978971554
2016-12-07,0.013080728733228852,0.01266267749703509,0.0042663816657526,0.0115494119235362,0.0050825716721771,0.004117402161492,0.0128928666618386,0.0052374345829426,0.0056973086944992,0.008055772929848,0.0136652179828394,0.0151909519164064,0.0060980060363342,0.0071819727210264,0.013130812080249,0.0133272338160849
2016-12-08,0.002448721815233812,0.0017740554756613403,-0.0021076094520193,-0.0038055683418724,-0.0021167159195933,-0.0013509802549029,-0.000705513931401,-0.0019526297974805,0.0076424740554211,0.0108118073012887,0.0056348934438977,0.0031822079983204,0.0062792764501929,0.0044338011016827,0.006913389427056,0.0006356918606054
2016-12-09,0.00604047451072609,0.007843566097989862,-0.0024541967442017,-0.0021381297377509,-0.0022491356743381,-0.0024496702760958,0.0013141217435221,-0.0020180344745006,0.0006159515302994,-0.0014417874850729,0.0026827823252822,0.0039015204693612,0.0039636698116181,-0.0029429736733753,0.0022299495875116,-0.0015071266311979
2016-12-12,-0.0011478428022426712,-0.0045188463029987025,-0.0002901509890244,-0.0005372926569625,-0.0004347611631707,-0.0007120837095123,-0.0010378569115859,-0.0006345009256489,-0.0052499120221047,-0.0066344030486883,-0.0025434874860232,-0.0002420212714016,-0.00326284596974,-0.003105108504809,-0.0026342093493866,0.0001332752350451
2016-12-13,0.006674095168659244,0.012609264329398018,0.0015907934813235,0.0072336809259305,0.0019998650525145,0.0013415314874032,0.008122918564805,0.0021109114582071,0.0011016437746048,-0.0008588302543512,0.0054570591468709,0.007528225373926,0.0056822182396409,0.0008628793382057,0.0038853531918385,0.0047171438024241
2016-12-14,-0.00825433953193866,-0.002075320672444647,-0.0080808888419654,-0.0081471604609328,-0.0079725745055106,-0.0083037856991402,-0.0077092094377958,-0.0078496814070567,-0.0101568258862683,-0.013087803561649,-0.0105329372988394,-0.0096017449399225,-0.0102026953005427,-0.0133736912018471,-0.0115644524164623,-0.0117815001659668
2016-12-15,0.004117207698438374,0.0015805735474598848,-0.001275284432751,0.0023438071320744,-0.0010326751030276,-0.0010535386066894,0.0011410270705802,-0.0004377718199716,0.0041324317516903,0.0016937311915701,0.0012135484328281,-0.0010178585093491,0.0025015001249021,-0.0015554697493478,0.0010267681904914,0.00097821173302
2016-12-16,-0.0019558847337886043,-0.003707038851764155,0.0010026984599753,-0.001184746045393,0.0006371707004617,0.0010192136002908,-0.0001881254848647,0.00039005899891,-0.0006199381194049,0.0004716365002719,0.0018931441862473,0.0031616143391323,-0.0007672935323608,0.001259499574597,0.00275501453296,0.0025101207205192
2016-12-19,0.0021773758942305044,0.004097126259309691,0.0036175125330639,0.0077210231779718,0.0038554020722465,0.0037136746596369,0.0068545711197851,0.0038458923002071,0.0043288440917799,0.0061248781711761,0.0069292693306482,0.0067575716962517,0.0007845013727972,0.0035478656988583,0.0069093755165163,0.0083421755505306
2016-12-20,0.0038576860827670423,0.0038304820773951143,-0.0004788164556873,-0.0002257686460773,-0.0004389066658262,-0.0001451737531495,0.0014280385897225,-0.0001289475640893,0.0050806853606124,0.0041523264288662,0.003952128835509,0.0029648704389652,0.0053872754067079,0.0010948841511994,0.0043152111158161,0.0011846103451742
2016-12-21,-0.0027827073599198116,-0.0007467224254118499,0.0012332370899985,2.37286968327588e-05,0.0010909524333189,0.0009554266582234,-0.0020079572738216,0.0012093817946272,-0.0033247877190381,-0.0045901527310394,-0.0057026531181982,-0.0058358071911348,-0.0043254264211616,-0.0016849198552744,-0.0064137339734075,-0.004103533559433
2016-12-22,-0.0017275758027134325,-0.0028224082018895036,0.0002822408800509,-0.0022476811696013,-5.3121319915749865e-05,-5.319871637776696e-05,-0.002375164700973,7.590826326842048e-06,-0.0047958758615894,-0.0069265563667986,-0.0038404779553129,-0.0023676493786829,-0.0050086968419008,-0.003852185754235,-0.0039282933768764,-0.002747017481861
2016-12-23,0.0014643634556585905,0.0006659334454477417,0.0013016359704822,0.00147051827615,0.0012334463217835,0.0015093335552625,0.0013301127926101,0.0013706406833953,0.0036682132776605,0.0047305503361985,0.0024014761514733,0.0014199630649042,0.0029630364928219,0.0036863682524128,0.0027324813099784,0.0021245300719669
2016-12-27,0.0024811352458753433,0.005158088039983744,-0.0007002167942079,0.0011405248346283,-0.0007250144425935,-0.0004218702539332,0.0026043655990795,-0.0007786566910715,0.0039026508493426,0.0048534628240063,0.0036205384912688,0.003760100792598,0.0079633879969764,0.0032567855027284,0.0033430171022189,0.001661072052743
2016-12-28,-0.008264604628414052,-0.007780179336227544,0.0012079194645986,-0.0009593806835345,0.0008225558717422,0.0009524559923155,-0.0038487980241403,0.0006833266684114,-0.0044617710321156,-0.0066926592302221,-0.0069175106376418,-0.0066387607933642,-0.0044622792677205,-0.0019052292172116,-0.0068522115786795,-0.0029809840143814
2016-12-29,-0.00022283999950478695,-0.0014180316830288975,0.002289329757013,0.0021977102026986,0.0022252645094971,0.0023149955022871,0.0021578824144166,0.0023194519456086,0.0018277267553078,0.0042320280147731,0.0032066642760225,0.0038001321777497,0.0018639066330222,0.0062668077625412,0.0039535781010133,0.0044530250928782
2016-12-30,-0.003654941593565386,-0.010274785001070819,0.0016823567211925,-0.0026712397335266,0.0012907819003857,0.001569477874566,-0.0034400560833942,0.0011531075628816,-0.0013877021560351,-0.0044759813524074,-0.0017541684195468,-0.0015153572816975,-0.0043745974919915,-0.0036070473512477,-0.0002896431857265,0.0007787814291373
2017-01-03,0.007650092121185503,0.008946598494287583,0.0012391385637984,0.005787026238901,0.00169837782542,0.0011284173513008,0.0053876457243171,0.0018625773904763,0.0001546883633511,0.0020379207257007,0.0039564711103885,0.0051923796648625,3.461978811873319e-05,0.0002083492508154,0.0055841720645452,0.0054466762683309
2017-01-04,0.0059491609678608,0.005437511340589785,0.0029200561831126,0.0066444903351374,0.0027609945099906,0.0035496356294875,0.010026398672297,0.0033290357291491,0.0101374742363942,0.0120480851381399,0.012012909741397,0.0110784910194893,0.00946927784957,0.0095583150701962,0.0114027679728974,0.0088365153137388
2017-01-05,-0.0007944480984117819,0.00565782300990314,0.0035049715851187,0.0093981877393984,0.0037170385125615,0.0028958898442779,0.0056316931625175,0.0030996209594373,-0.0034233767649022,-0.0024162182985818,0.0054644533474508,0.0046052822494561,-0.0018206650515328,-0.0011489303762358,0.0007647033769114,0.0062033291793442
2017-01-06,0.0035777153498255387,0.008769564333319213,-0.0026277499374023,-0.0006848354682305,-0.0024242943064947,-0.0028886032590238,0.0019666561204239,-0.0025562131222304,-0.0017650378639874,-0.0039443316336808,-0.0006180338938219,0.0025370016130991,-0.000671725105722,-0.0020659369804762,0.0006468587810659,-0.0004552329463995
2017-01-09,-0.0033006884883538534,0.003280626028191236,0.0016998922137232,0.0027585686787476,0.0019170517080966,0.0013422089047294,-0.0025452694631937,0.0015654404066602,-0.0065237833906405,-0.0052540199053221,-0.00509964814741,-0.004156203128625,-0.0062567904070973,-0.0063816900370409,-0.0028858980554451,3.097744652262912e-05
2017-01-10,0.0,0.0022072505680206245,-0.0003301839536579,-0.0011926755862734,-0.00027217936198,0.0001431467733876,-0.0037104315135121,-4.33465227878127e-05,0.0023522500353475,0.0055299389598911,-0.0062241131164829,-0.0045968189900764,0.001778994556107,0.002092773925275,0.0009174941429098,-0.001127708213236
2017-01-11,0.0028258738446871323,0.0026914963776711875,0.0012741960637352,0.0011913358354469,0.0012617017245637,0.0013140280782963,-0.0017914507704951,0.001239037426695,0.0037730954670527,0.003955868719969,-0.0037836430255375,-0.0027891593017197,0.0042562319283445,0.0048988713028987,-0.000174186081442,0.0001466745575196
2017-01-12,-0.0025098728102189716,-0.001545511020835777,0.000537636790957,-0.0004958272860128,4.985390926348643e-05,0.0002874899506664,0.0017870119019247,-0.0001254341961097,0.0011657957959882,-0.0006761473224465,0.0032884631198502,0.0025645909104305,0.0020013142553166,0.0025694128761023,-0.0014643848068671,-0.0003660998412376
2017-01-13,0.0022953717270817187,0.0034220174116275093,-0.0010955638337037,-0.0010498175922694,-0.0009825943951592,-0.0007867993198817,-0.0001324302512586,-0.0007906378614032,0.0022783811356402,0.0043777998915518,-0.0015414238884737,2.2912184025335124e-06,0.002053304690769,0.0017384744336155,0.0022888645542416,-0.0001116329530477
2017-01-17,-0.0035233970464627618,-0.0030043564697486147,0.0024726259768326,0.0048886656388862,0.002479418024919,0.0018336116952915,0.0042406179320151,0.0020098339253706,-0.0055198030012957,-0.0050317948523226,0.007196086401521,0.0043261281243667,-0.0048714485246092,-0.0041542999957395,-0.0016032828865879,0.0032058024830475
2017-01-18,0.0022100352027343284,0.002035942680815639,-0.0040577843805298,-0.0043779412802462,-0.0040196071089755,-0.0039483746264371,-3.983522678030482e-05,-0.0037190990227894,-0.0008112902502646,-0.0017006675672139,-0.0006587514407361,0.0011175745965075,-0.0011841301794279,-0.0020281852216081,0.0008165734429229,-0.0023996573873387
2017-01-19,-0.0037045255251875187,-0.00048754929048744344,-0.003606573775707,-0.005161450565567,-0.0036511469067821,-0.0038410118618692,-0.006314559675956,-0.0037127695685309,-0.0050123352459933,-0.0055945035524795,-0.0087592145327635,-0.0068326957551806,-0.004411026009596,-0.0045961472972328,-0.0063372833693125,-0.0060776450002705
2017-01-20,0.0036739292834773174,0.002195329044523575,0.0013701406654926,0.0014494216827793,0.0012571283363127,0.001547969774845,0.0042846124852089,0.0014375206492167,0.0056620298840427,0.0059044935952378,0.0052862703119722,0.0051588349437354,0.0057948222450545,0.0057841262007442,0.0041873302083069,0.0027562156672859
2017-01-23,-0.0026022746455520718,0.0008114522653290823,0.0030011578620479,0.0062352417984223,0.0029776150650573,0.0028142073598445,0.0058961084362931,0.0027344649515168,-0.0015257989020069,-0.001079153175171,0.0079754903429226,0.0059826432458061,-0.0011683730326093,-3.227477507269759e-05,0.0025202239650366,0.0053541867898623
2017-01-24,0.006411922946869764,0.006728848977295199,-0.0016017908218155,-0.0003406948410514,-0.0013467674015121,-0.0009772984790148,0.0016585727805016,-0.0009679592663141,0.0065332455082183,0.0085022761353274,-0.0003195169383667,0.0020477858808791,0.0062291307158254,0.0058397895743723,0.0059987423721592,0.001566040186937
2017-01-25,0.008655510057301585,0.010066083209290477,-0.0014565351909319,-0.0028336076454384,-0.0011224437870731,-0.0012799714530277,-0.0013574259501729,-0.0007873518936997,0.0030813477308411,0.0024495745529704,-0.0060108061711435,-0.0013525631896131,0.003011763911453,0.0024984239043871,0.002622180484223,-0.0017711358171434
2017-01-26,-0.001045302849450036,0.00103632218575056,0.0006830449518113,0.0014048709992653,0.0006042666418346,0.0005234122089348,-0.0001999238683743,0.0004638029458052,-0.0004574099954937,-0.0033534356843452,-0.000785686212163,-0.0006958998974571,9.228834183854022e-05,-0.0005954454713728,-0.0011311129719934,0.0003439208768391
2017-01-27,-0.0015698429207805509,0.0019114938666633385,0.0007543191677734,0.000256334390805,0.0007666187104042,0.0005520007763131,-0.0038713724575434,0.0007115765309477,-0.0031039030399722,-0.0032828086056251,-0.0064858767717895,-0.0052674876561371,-0.0030224593092248,-0.0030946525664822,-0.0030200381449354,-0.0016107567566857
2017-01-30,-0.006201760165495562,-0.007790276633765858,-0.0013524013246881,-0.0055913735480103,-0.0015452133155224,-0.0018788678655549,-0.0066896764634324,-0.0018701498938151,-0.0073870390588036,-0.0084296604616794,-0.0062753289267987,-0.0069493887463054,-0.0072950069032959,-0.0067472992665292,-0.0088637161449591,-0.0066753849116257
2017-01-31,-8.774500687014353e-05,-0.00200276869401117,0.0018835068411235,0.0036044190987694,0.0019494502820154,0.0022594893055796,0.0038279645806811,0.0018495727088616,0.0037162691224783,0.0081758136575858,0.0063309571344185,0.0041600014305764,0.0033150246370767,0.0040820387853811,0.0043594215609849,0.0043513167242053
2017-02-01,0.00039542269314973844,0.006903823684290433,0.0002164120862244,0.0003280511213876,-0.000278927059144,0.0003250659034457,0.0041813320675729,-0.0002384786348896,0.0056627718114082,0.0011491541052797,0.0045981370366213,0.0019491286145419,0.0042624007101435,0.0051853296946448,-0.0020149643440556,-0.0023303558017189
2017-02-02,0.000658920073394853,-0.0008770275202643063,0.0004461803036606,0.0001547363456808,0.0004467839092225,0.0003039378670108,0.0009343440536295,0.0004501931982572,-0.0007053843623326,-0.0001972784556337,0.0002837568470148,0.0017230070450752,-0.0008602182805598,-0.0005895120427326,0.0031136356087508,0.0025161158624028
2017-02-03,0.0068930636126753875,0.002872637754501195,0.0014502491529244,0.0017207259281173,0.0018638846958325,0.0018749437417799,0.0032435391681002,0.0019838809750223,0.0039582001326592,0.0087510004894139,0.0035589855532815,0.0030965353406575,0.0058393560881872,0.0058705569489581,0.0073356832066371,0.0070433212343984
2017-02-06,-0.0017878145118714883,0.001193550706617863,0.002417805551673,0.0029507569347391,0.0026202102109267,0.002057576736115,0.0007798811931802,0.002323831823296,-0.0013074269487553,-0.0024090861953952,0.0023477568154218,0.0010510474198701,-0.002874836953479,-0.0040235228935523,-0.0010548092829181,-0.0018017135372845
2017-02-07,4.3714485085777355e-05,0.003655808839601038,0.0005420142755563,0.0046651407491513,0.0008734302925281,0.000298111249211,0.0026308550224478,0.0007978284138043,0.0005057784028367,-0.0035787909753371,0.0022354330369813,0.0025534876473575,-0.001191258231121,-0.0020611822325103,-0.0014847844147833,-0.0005458445707645
2017-02-08,0.0013103837587917777,0.0016627258093830921,0.0028404015573679,0.0068994734041696,0.0029305457607236,0.0026798203537821,0.0025483621007784,0.002824998317974,0.0012379933900706,0.0008905650903401,0.0022826542334801,0.0039757483140112,0.000632501367497,0.0017238802374983,0.0029553259803733,0.0036936891406706
2017-02-09,0.005932594551257164,0.003636322143985238,-0.0026859428352875,-0.0026163793728779,-0.002587482461553,-0.0021305941848178,0.0034608582362967,-0.0022268666266161,0.0048079882855788,0.0069434417279169,0.0026068314878469,0.0020341420323781,0.0063244929569068,0.0072830214283321,0.0052742768871519,0.0048822779386754
2017-02-10,0.003946180114135167,0.0033080882476517193,0.0002904073608103,0.001993556384271,0.000331740931964,0.0006003256484643,0.0038480774290332,0.0004149732368956,0.0042572380477984,0.0061917169251372,0.0035523044787899,0.0037166826780735,0.0047999810036165,0.0074072713133077,0.0056626305630656,0.005340380378252
2017-02-13,0.005442713059128801,0.005652547624799942,-0.0003299402921832,0.0017587678044388,0.0002096329639336,-0.0004593485894491,0.0048940568904463,0.0003889477493619,0.0023577671187244,-0.0013461094544665,0.0036205021215307,0.0038068009836311,0.0014830699915352,-0.0005718029220326,0.0019058522523235,0.002271426601346
2017-02-14,0.0039953081441777005,0.0033564823036649205,-0.0016821707284686,-0.0014551828346539,-0.0015113920328494,-0.0015798458592842,0.0021293612419497,-0.0012965194568554,0.0025552599656631,0.0022566904554477,0.0028028414821082,0.000689252923831,0.0023506805110612,0.0024871637292193,0.0005416304316589,-0.0002923475623396
2017-02-15,0.00522028077761294,0.005913061480532056,-0.0006672261043734,0.0011108457128656,-0.0002953231033436,-0.000492599164401,0.0046007491933117,-0.0001183928267555,0.0042270026471119,0.0042661009869772,0.0054533567599034,0.0031188448864675,0.0038198908123974,0.0047536363537439,0.0030059363380602,0.0021010578993456
2017-02-16,-0.0008512363362356279,-0.00030932048514642485,0.0019874563557815,0.0023867454048989,0.0022208257773912,0.0017821642207429,0.0005620267379182,0.0020191344395714,-0.0014717728945801,-0.0014710144737031,0.0005157749577834,0.0014477190848704,-0.0019368967153423,-0.0031783781514467,0.0013739464453306,0.001383903083955
2017-02-17,0.0015762915343373596,0.004332797813086486,0.0019923629310532,0.0048074304306435,0.0021797466615052,0.0018507284588047,0.0039912494124081,0.0021202555001804,0.0022136570680706,-0.0011354790630735,0.0029318944978736,0.003992385500385,0.0011504330716174,0.0001215586840129,0.0013412653046495,0.0022735892403103
2017-02-21,0.005955174381395922,0.004930147481401859,0.0011144748622726,0.0028005466905041,0.0013347111459189,0.0012678995105614,0.0060351872150179,0.0015031270621841,0.0042645376542236,0.0045350475715219,0.0047077392661215,0.0059016426294671,0.0045792849903964,0.004543605611,0.0077211232837907,0.007487116966668
2017-02-22,-0.0008880395559897059,0.0003833025841355475,0.0009484869484464,0.0006424922252201,0.0009867036903843,0.000715860466312,-0.0001392298914746,0.0008426724950292,-0.0009285578579274,-0.0027688954317182,0.0001570344557712,-0.0002388142151062,-0.0017222195910328,-0.0024253507134952,-0.002065967797401,-0.0020353367510098
2017-02-23,0.0006771243694156936,-0.0037547336923479113,0.0019808511049137,-0.0004845650786062,0.0019138420610333,0.0016303744665377,-0.0024880863815375,0.0019428250142146,-0.0022787797683357,-0.0009081726721794,-0.0018950331534126,-0.0013598317877035,-0.0022618120689451,-0.0019281407222781,-0.0004758236671319,-0.0010501171719306
2017-02-24,0.0012689552248035252,0.0019228782690379198,0.0030921669442665,0.005757135416472,0.0032933212448691,0.0029333553155643,0.0023194015652594,0.003321047592514,0.0008636117995206,0.0006716845214234,0.0024765523891048,0.003300539330327,0.0003402572827731,-0.0013927203334894,0.0024114275535867,0.002882878103922
2017-02-27,0.001562841725801567,0.001228369388868611,-0.0017105603509571,-0.0013466347124159,-0.0017447743487178,-0.0012752543041991,0.001805523305048,-0.0015409956058148,0.0019740841051303,0.0040478460760381,0.0009588711725322,0.0013989545507411,0.0033131713424419,0.0022133150031704,0.0043857927568893,0.0042801933500058
2017-02-28,-0.002699221860826162,-0.0030669453497393917,-0.000663520335108,-0.000630930530089,-0.0008982634283601,-0.0012633302139238,-0.0036123413047637,-0.0007449585897756,-0.0035110647778717,-0.0075869618076845,-0.0032848679512813,-0.0032219623485685,-0.0052868645073088,-0.0053637771575067,-0.0075180651302856,-0.0072393887712415
2017-03-01,0.01399754540398046,0.010921394917012828,-0.0020390740205535,-0.0012938056172988,-0.0014818152488452,-0.0015550411663172,0.0080206350557372,-0.0011186125954055,0.0097176622425577,0.0091854579719718,0.0069672028585199,0.0058620428676254,0.0137887756443158,0.0131309684839313,0.007452577087309,0.006170627281172
2017-03-02,-0.006297387937390542,-0.005021317652145196,-0.0034820448517659,-0.0044441443850423,-0.0034638026901693,-0.0038563690914689,-0.0049476949720765,-0.0033701421890366,-0.0075505930195941,-0.0078748214343586,-0.0058289624675537,-0.0048873501747365,-0.0105527218415713,-0.0116997278875937,-0.0078264010797729,-0.0069310604513957
2017-03-03,0.0006296045457532262,0.0018351976329999964,0.0008576744300643,0.0019430242852571,0.0008154306852763,0.0008271915725557,0.0015141567646865,0.0008180336767993,0.0011947790267925,0.0017290758467549,0.0004716072482663,0.0012792962659575,0.0026753619338809,0.0029786763932155,-0.0008945775375707,-0.0005762500976433
2017-03-06,-0.0029779396157550986,-0.0022136504372216592,-0.0013471094971917,-0.0033657966226564,-0.0012506075049276,-0.0015646661622256,-0.0025419648583148,-0.001455925295182,-0.0035789569235061,-0.0030410445349493,-0.0031087718460484,-0.0027962744535236,-0.0028807505857664,-0.0028102371085236,-0.0047440275000545,-0.0045509785763694
2017-03-07,-0.002986970915562548,-0.001682703212725678,-0.0031854018988981,-0.0023572923915754,-0.0027187011194879,-0.0033738624460109,-0.0019769188439447,-0.0030997341607483,-0.0040323150066457,-0.0038444291591254,-0.0029162602152386,-0.0022029371960932,-0.0028014045791658,-0.0029671488490852,-0.0047216463289395,-0.0042000886383308
2017-03-08,-0.0018565721894615583,0.001762357086484645,-0.0046809273609539,-0.0019592181339501,-0.003751217906543,-0.0049554117731576,-4.373877416707917e-05,-0.0036103886985222,-0.0034801709136915,-0.0054194749361818,-0.0029847522833429,-0.0014350729071067,-0.004934151478388,-0.0073925655574104,-0.0075998354371924,-0.0075230479454791
2017-03-09,0.001268242880976489,0.0007646046202687273,-0.0026145946338911,-0.0034285083264296,-0.0021167102532327,-0.0028390130601272,-0.0008426641066617,-0.0023808964038747,-0.0018373292202194,-0.0027458810039646,-0.002907783177245,-0.0021265369028295,-0.0036036757071405,-0.0042372015095248,-0.0059962087551805,-0.0062668243465979
2017-03-10,0.003504084280195441,0.00420364133715756,0.0012337672953091,0.0036568971934551,0.0018426721860442,0.0012333122583141,0.0036991186774462,0.0020055610692448,0.0024601074422784,0.0013383232010665,0.0025742787241033,0.0032863678023936,0.0059080704993244,0.0036548724072291,0.0018507626319184,0.0020119059569612
2017-03-13,0.0005049674498311951,0.0016746686441000413,-0.0012478803295247,-0.0015902901256967,-0.0013203332618507,-0.0011135741732491,0.0011759731902947,-0.0014884781570586,0.0013206735138043,0.0007256219803046,0.001685740858454,0.0007654572349523,0.0054727409293823,0.004244020048453,0.0019444081449347,0.0013236033354936
2017-03-14,-0.0038266750849191844,-0.0024315382564046306,-0.0006284471909699,0.000617157436592,-0.0005497677629506,-0.0007583003080834,-0.0018017224476235,-0.0005858844990935,-0.0033558227269904,-0.0029309696595871,-0.0022973213387125,-0.0012755824983884,-0.0041737977738847,-0.0041644085419729,-0.0027831455117909,-0.0017540809448886
2017-03-15,0.008653465614055333,0.006169605598389971,0.0103431859488878,0.0091606519983697,0.0097549486485366,0.01063431661855,0.007460604563058,0.0095989040575759,0.010295475257009,0.0093409029094774,0.0101550834668183,0.0085256094241071,0.0157065138991855,0.0140520324809608,0.014470479084047,0.0137850135579476
2017-03-16,-0.0019667934983768065,-0.0006813743119152837,-0.0026995884484306,-0.0025385214184941,-0.0026435729174907,-0.0025045986684245,-0.0010636404676047,-0.0024519333727751,-0.000158577264163,-0.0006021882524728,-0.0004542739753052,-0.0013747100374561,0.0017323581980515,0.0013916985922092,5.268650006436269e-05,-0.0009024981696204
2017-03-17,-0.0017562855279783518,-0.0003489417829379837,0.0017022853003303,0.0025623462829473,0.0015029326211661,0.0019185193976545,0.000420453557361,0.0013976289654835,0.0010877328804497,0.001535685220966,0.0008803829735097,0.0010480759352075,0.000595503395858,0.0012349289946575,0.0026813382818305,0.003108712743023
2017-03-20,-0.0010968031858612504,0.0009107040419922274,0.0007422536714134,0.0022497550040059,0.0009592522831323,0.0005741169924755,0.0010336242728168,0.0009779675462537,-0.0002114636455638,-0.000529943701608,0.000914925624052,0.0011355961829056,0.0022725486323827,0.0015843994493123,-0.0007251797271146,-0.0008516340961942
2017-03-21,-0.0128396234774385,-0.015172885237508926,-0.0012089710054059,-0.0050456013771672,-0.0014352254200803,-0.0021108552788385,-0.0128612665681676,-0.0015931081398572,-0.0135583888858922,-0.0138881790554133,-0.0106952873320238,-0.0109999498327844,-0.0170345010535264,-0.0164789459928053,-0.0129804835984555,-0.0134972397521622
2017-03-22,0.002353163614700726,0.006778918124276556,0.0020326414427955,0.0053456243063774,0.0021351206739959,0.0019714555522674,0.0061144725999093,0.0021668128367633,0.0040131549210482,0.0033559376212188,0.0049156878446955,0.0055963884136329,0.0037868997687458,0.0031130185518584,0.002207894535524,0.0023344750858961
2017-03-23,-0.0010669392713882342,-0.0025249177793398303,-0.0006062985593959,-0.0017034311444188,-0.0007803454320897,-0.0003381121741001,-0.001819476091017,-0.0007572089860009,-0.0004375584989242,-0.0003116401885894,-0.0004702833675878,-0.0012598174863197,0.0010989567719168,0.0007125293668995,0.0029750054635591,0.0030599971262284
2017-03-24,-0.0007265673225929081,0.0020711311556458334,0.0014296492931664,0.0025864181827097,0.0009926238541038,0.0015128759575981,0.001974734507592,0.0008933052500834,0.0020423311529416,0.0020128492376472,0.0014041742267363,0.0018988837491528,0.0019401275424593,0.0019859874192813,0.000679772615486,0.000865466067557
2017-03-27,-0.0010262478608885628,0.0016075037296077177,0.0011022663473214,0.0024621766990169,0.0012278847185487,0.0012023834621235,0.0011380821071085,0.0011742915107695,0.0014949446794361,0.0010009896104396,-7.926642305774344e-05,0.0007664859931007,0.0001073151105606,0.0001711292018745,-0.0010594739345611,-0.001216304652419
2017-03-28,0.00727683303186577,0.006114314563391288,0.0002162757560355,0.0006656824504789,9.431919402858036e-05,0.0003906694209163,0.0050917681520985,0.0002648953687032,0.0053585441735062,0.0056180274025455,0.0047536855054756,0.0043061754780086,0.0055567262474327,0.0058248709382157,0.0049046721804753,0.0047990823841852
2017-03-29,0.000934850476509208,0.004634224636201445,0.0026165451697484,0.0052283235337058,0.0024288061461641,0.0027642334036404,0.0047916989044474,0.0024136108663099,0.0041937714765995,0.0048893798069522,0.0046152480066423,0.0049165480127539,0.0030962742739818,0.0043275288491122,0.0042892460955307,0.004652785197516
2017-03-30,0.003184244681187831,0.0016634617217343717,2.570544607483072e-05,-0.0024058727906735,-0.0003534859236135,0.0002820514354042,0.0009887536171429,-0.0004016108916443,0.0024646219110886,0.0031041017712483,0.0008207447908948,0.0004608756635177,0.0016565482016394,0.0021966034115196,0.0024075022684021,0.0025086729185608
2017-03-31,-0.0023276003939827206,-0.0006797154059606791,0.0010033432563514,0.0010506723946681,0.0008435248608769,0.0011400260332008,-1.0150522578689092e-05,0.0006536834284165,0.0002666255777037,0.000467850976376,0.000897367720419,0.0005259252515518,-0.0018746613746408,-0.0010438222832759,0.0022848987053139,0.0023582270699738
2017-04-03,-0.0017392918924694634,-0.0006041293447076601,0.0026394484271718,0.0038453834985294,0.0028741737611084,0.0021014708537649,-0.0006041293410016,0.0027053289926641,-0.0005792602144835,-0.0027911975804512,-0.0010242161996144,0.0012660899143914,-0.0018143502892246,-0.0044043600683528,-0.0023353006774529,-0.0014648394814289
2017-04-04,0.0006372522502307021,0.0015870940179538717,-0.0005390124877272,-0.0013492475414319,-0.0006893457244662,-0.0005358972284756,0.0015870940154349,-0.0006618438371258,0.0011239428062651,0.0019214663902056,0.0013144208419453,0.0003605172815665,0.0002426157608657,0.0031325775883851,0.0004522420428308,-0.0004191935694081
2017-04-05,-0.0029723850039189426,-0.004075054061903338,0.0007341614691651,-0.0011003678409652,0.0005437603608198,0.0002692957006276,-0.0040750540591714,0.0004635638684122,-0.0028562006627963,-0.0038571473030451,-0.0044204822133213,-0.0028273682931682,-0.0060619594309943,-0.0041795218693725,-0.0051244615068264,-0.0038824290436194
2017-04-06,0.0028112083731470783,0.0005304333620399504,0.0002272237199454,-0.0003127156174163,0.0001051332591113,0.0005417853926059,0.0005304333616713,0.0002205975622928,0.0008019648090158,0.0025171862768406,0.0010635517619872,0.0001782535136451,0.0024353878327873,0.003771279639001,0.0026634846637324,0.0043937183809611
2017-04-07,-0.0010196354540459307,-0.0005301521516517527,-0.0020087657056671,-0.0019995204510991,-0.002165069150833,-0.001892250919851,-0.000530152152764,-0.0021260046061921,-0.000503068766557,-8.661202134251486e-05,-5.3980121938146085e-05,-0.0011446204158768,-0.0008888142409235,0.0004049454020195,-0.000371193661403,-0.000264265993163
2017-04-10,0.0005953772399460711,0.00037893181801740283,0.0017081801392826,0.0021573745906782,0.001519008541285,0.0017664720425922,0.0003789318197151,0.0014991102896246,0.0007491488730704,0.0018945009174986,0.0005711399657578,0.0011241762287976,-0.0005546624476928,0.003092969740139,0.0005839523181858,0.003109693366484
2017-04-11,-0.0011897710209718415,-0.004317522302435095,0.002236090070353,0.0014578495937564,0.0022142917275334,0.0025095069229936,-0.0043175222967414,0.0021370772245628,-0.003433494576127,-0.0008059407153079,0.0004057618293819,-0.0019033701140827,0.000871333794928,0.0014652399142583,0.0017563927539642,0.0041091346928062
2017-04-12,-0.004381797377156382,-0.004032042421488358,0.0017905514772873,-2.235437806374918e-05,0.0015254377221003,0.0013013988626728,-0.0040320424179357,0.0013705139563533,-0.0022749922788568,-0.0041709854656814,-0.0035976141436034,-0.0023692846001037,-0.0039092020252295,-0.0050955535321094,-0.0039794324869883,-0.0052701657601654
2017-04-13,-0.00649500868570041,-0.003971947500404638,0.000846299965868,-0.0009777299814259,0.0007253034405168,0.0005849120364149,-0.0039719474978076,0.0004814537880444,-0.0032602147938513,-0.0036401680632582,-0.0033669298360811,-0.0027370764062405,-0.0060666637297492,-0.0034319379655921,-0.0045905558012187,-0.0044900866698984
2017-04-17,0.008859847073162452,0.008282104727279638,0.0003972514067309,0.0034440929699681,0.0008340322725257,0.0006460193983945,0.0082821047232044,0.0010552051318224,0.0063086311284439,0.0058968934595647,0.0069517328233698,0.0062949041391703,0.0097664190813328,0.0047935201611839,0.0075183298400354,0.0093303035820132
2017-04-18,-0.0029842605014751555,-0.0015211382124469264,0.0031763220962317,0.0046568984346135,0.0033068360810317,0.0031553711180309,-0.0015211382072081,0.0030935009391293,-0.0010399799884478,-0.0012404871549685,-0.0002707864757011,0.0010330747696652,-0.0046343117652519,-0.0019337945192786,-0.0014456272745107,0.0017270850132582
2017-04-19,-0.0018385492074740606,0.0015999026820283646,-0.0023290421074505,-0.0014093488554216,-0.0019356726605681,-0.0020877949760157,0.0015999026791064,-0.0019782792647432,0.0006636547716799,-0.0011220254669426,0.0001705296874873,0.000366118522521,-0.0007269618732486,-0.0039610563265306,-0.0001585088124932,0.0005557016334542
2017-04-20,0.008139177221140992,0.008365383470464227,9.04957529350714e-05,0.0031658050582932,0.0004302925522829,0.0004712903712189,0.0083653834656352,0.0006393252336507,0.0064866349117455,0.0064256143407392,0.0079257221566372,0.0062249043280736,0.0108395433918427,0.0057419759272391,0.0085605203773904,0.00597982394569
2017-04-21,-0.003186950486967488,-0.00022624875200083494,-0.0003523440894322,-0.0001307803410646,-0.0001450617354782,-0.000340674738685,-0.0002262487521386,-0.0002733613411793,-0.0004391417985904,-0.0019843728414944,-7.282936626534132e-06,-0.0001866702326024,-0.0006795422834439,-0.0037749564316512,-0.0006412610602893,-0.001833054076272
2017-04-24,0.010997920311259124,0.01207031503291911,0.0008167093085309,0.0048927177109072,0.0013139309877119,0.0010687356719023,0.0120703150256891,0.0015607920103468,0.009318976158411,0.0085094234183052,0.0090857477107337,0.0090950743591716,0.0141692590941497,0.0071051451555248,0.0092862673240098,0.0035523827597315
2017-04-25,0.005818587314956991,0.007230155234656088,-0.002125668171203,-0.0008224365268314,-0.0019982736460304,-0.0017520698130534,0.0072301552277165,-0.0017936950408491,0.0052152286176992,0.0061625935965557,0.0047767521255289,0.003859238384745,0.0084275073163978,0.0068754480515377,0.0055260362681767,0.0051280842261047
2017-04-26,-0.0006287183090407655,-0.0014062447136924394,0.001212830762306,0.0014543473047408,0.0013652874625487,0.0013855481059743,-0.001406244711511,0.0013044780646109,-0.0012204655035433,-0.000655894759439,0.0005137703307926,-0.0001951687405661,-0.0002826901630786,-0.0006548894297731,0.0009585562557338,-0.0005667502856538
2017-04-27,0.0008388410762216747,0.006002911592545068,0.0005629308950891,0.0033765318282785,0.001019146725103,0.0005252013000709,0.0060029115896111,0.0009230245093145,0.004021600882985,0.0022390893953894,0.0035675575103006,0.0048954853673976,0.0014352636157632,0.000119119588826,0.0013706018564345,0.0008961232201009
2017-04-28,-0.002179240183114328,0.0017678562943204135,0.0003050175446237,0.0019512856055265,0.0005216025203094,-0.0002228628232099,0.0017678562936618,0.0003804876924515,0.0009830480132679,-0.0019661912553613,-0.0001035278583919,0.0018454867835396,-0.0031519995278423,-0.0042814522558253,-0.0031031467269434,-0.0063908882203494
2017-05-01,0.002519973456370117,0.008897712059662055,-0.0009472660665357,0.0026470297920184,-0.0002540278692874,-0.0007002855771185,0.0088977120470279,-0.0001110441555036,0.006157207655481,0.0060999659734216,0.0049266719828318,0.0060697306249345,0.0062554915430121,0.0061688758462929,0.0033045752864932,0.0053394744676165
2017-05-02,0.0003770797585360697,0.0016763667324395382,0.0011749938191296,0.0029135991909063,0.0015855929366275,0.0008675151144346,0.001676366732086,0.0014518649251937,0.0007150797128539,0.0012914409832644,-0.0005661300343612,0.0022423114460868,0.0013232246526243,0.0011734734873075,0.0001791430645696,-0.0010123650233157
2017-05-03,-0.0012144789301420378,-0.0032015260508774235,-0.0011553685423406,-0.0018123025261889,-0.0015139715758677,-0.0014047105460205,-0.0032015260516207,-0.0016440285508408,-0.0020540146229838,-0.0029870259517774,-0.0058876912307385,-0.0025674517164056,-0.0042623860674384,-0.0047194957286641,-0.0071418853894406,-0.0067540145940614
2017-05-04,0.0011741735272605691,0.0003647029282638492,-0.0033763766320926,-0.0015450622583917,-0.0024857333558935,-0.0035794608541733,0.0003647029231645,-0.0025097455587792,-0.0024088816445671,-0.0014338601207878,-0.0019154324072585,-0.0005048073116711,0.0006404372608144,-0.0041864261887005,-0.0045224541951892,-0.0022583128072787
2017-05-05,0.003936940392116783,0.003648555921331509,0.0011689097107214,0.0026627836787422,0.0010414968797642,0.0013587964256194,0.003648555921685,0.001128677946695,0.0035690194831937,0.0031446425419817,0.0041454946488392,0.0031982113522393,0.007077871068036,0.0056832004718855,0.0048807434605887,0.0059484867992839
2017-05-08,-0.00016681785096783752,0.0021814030805560325,-0.0012460762655419,-0.0005555778344875,-0.0011084302875227,-0.0013477741555448,0.002181403073258,-0.0011833301755166,0.0015887576042576,0.0017062724459369,-0.000384260009928,0.0009288363713423,-0.0025879852153619,-0.0005579615441699,-0.0011471185071024,-0.0032533399746203
2017-05-09,-0.0009180562261853487,0.003482443414696057,-0.0010519722282154,0.0022086241905316,-0.0005524696733273,-0.0010136648829166,0.0034824434090761,-0.0005147863379865,0.0018929983236354,0.0020607895265387,0.0007469241919263,0.002896622117678,0.0020249928441602,0.0046542252971569,0.0017291401542383,-0.0007067195836956
2017-05-10,0.001795847237531234,0.0005780723037489555,0.0015169987512619,-4.1730648173365914e-05,0.0008216017298938,0.0018153846703625,0.0005780723062001,0.0009280311803538,0.002378639022626,0.0013158532120332,0.0020741755114775,0.0002923754962077,0.0033581566747986,0.0044624719355522,0.0031591842602522,0.0042814749298501
2017-05-11,-0.0020426773983824864,-0.0007947154420959723,0.0004237225879282,-0.0005117392849005,0.0003288354509218,0.000195373459509,-0.000794715442642,0.0001927133308623,-0.0003051413753786,-0.0003255720204173,-0.0017448168948879,-0.0006641321264396,-0.0026693568144568,-0.0016582540097174,-0.0010469049147341,-0.0038284757174731
2017-05-12,-0.0016711517222776084,0.002241804439159889,0.0028821765889461,0.0041339310788481,0.0033374906024681,0.0026066899289953,0.0022418044389587,0.0032295266633886,0.0013918262727207,0.0017427304555976,0.0001951500425866,0.0031145060087966,0.0011134018685459,0.0002966746995325,0.0004463757245435,-0.001369454252252
2017-05-15,0.005523605755904937,0.003174273966728647,0.0007735069004428,0.0010678169590132,0.0006462067703187,0.0009660439361085,0.0031742739653843,0.0007330683943707,0.0030199191527118,0.0029571843661873,0.0044005450156807,0.0022060142113349,0.0060188347742601,0.0065706992788653,0.0056433944363742,0.0039006723640661
2017-05-16,-0.0009156111704563541,0.0041714908972652065,0.0012164608562512,0.0040096886401475,0.0015434652354875,0.0013115424241478,0.0041714908931758,0.0015811756325074,0.0032622221185355,0.0036246519738984,0.0031147850440312,0.0040968342229736,0.0031696535285272,0.0017954477592447,0.0025179928135036,-0.000292592955122
2017-05-17,-0.01774397861103938,-0.025425780563591238,0.0024204988675371,-0.0111879125841952,0.000688656224018,0.0016166304761442,-0.0254257805316141,0.0002356172976691,-0.0178663302495176,-0.0185043361277641,-0.0184246703161789,-0.0188544023226304,-0.0210506366031287,-0.0212732596694793,-0.0145005146987962,-0.0130418368258536
2017-05-18,0.004028550709487488,0.008745197666459203,0.000390085921228,0.0059654562785098,0.001130360891224,0.0004222038225989,0.0087451976562535,0.0011783236772118,0.0060180808542109,0.0061718959038182,0.0043966681363492,0.0074947977652496,0.0018616239605951,-0.0011522316097344,-0.0010058835789893,0.0054872672055855
2017-05-19,0.006504082036844938,0.004225700737894966,0.001187430405938,0.0035437135245051,0.0009341675820877,0.0012255780265812,0.0042257007385404,0.0009350044138014,0.0042405772593141,0.0037716318242005,0.004516365625629,0.0039174450462403,0.0087023193328856,0.0092935162865311,0.0075101103443891,0.0045578313987386
2017-05-22,0.005077438333125572,0.008415725073819713,0.0007170041061697,0.0043621218770122,0.0010250870922547,0.0009529886160757,0.0084157250650978,0.0011223698531412,0.0067862118976506,0.0070589348456728,0.0072223315612143,0.0065813290113356,0.005004854132471,0.0051514768250082,0.0056759681673382,0.0054468718968212
2017-05-23,0.002212808029482316,0.0010069872978801797,-0.0015419262978061,-0.001781649494676,-0.0014901034694011,-0.0014513914007449,0.0010069872942017,-0.0014384646911302,0.0004846611696682,0.0003412919748008,0.0004037554632474,-0.0002639653103424,0.0014615710479484,0.0015679201274507,8.962706783750743e-06,0.0008695194338903
2017-05-24,0.0023328532857651574,0.004599800583037439,0.0018883313420863,0.004969661461724,0.0022598135136859,0.0018288526586305,0.0045998005819112,0.0022349152003215,0.0034566932527771,0.0039608185553363,0.0033619440694765,0.0047692083458221,0.0022708335441492,0.0029103267829783,0.0031434329104059,0.0045736558833677
2017-05-25,0.004779353237041706,0.008513309852331785,-2.2885999090282994e-06,0.0055737279787837,0.0012954833554224,-0.0001893976375729,0.0085133098423502,0.0012585569701795,0.004421741468476,0.0060224055953238,0.0046312083685491,0.0071677761406511,0.0034179199605395,0.0041208735556869,0.0033330419007114,0.0028188520306868
2017-05-26,-0.0002067455520267103,0.001773364327688709,0.0006975001216817,0.0017485021584235,0.0007123791921308,0.0007471975464412,0.0017733643257755,0.0007141273415256,0.0016863644371203,0.0019431101110652,0.0023956266247039,0.0017619245217045,0.0001920857343163,0.0015832558119271,0.0030883529163203,-0.0015468386832312
2017-05-30,-0.0008687785663988867,0.0008498011642663617,0.0016186564713687,0.0023103933881087,0.0018714046065702,0.0012328833563837,0.0008498011625246,0.0016909260103734,0.0004860113280093,0.0006377952806605,-0.0023458404410812,0.001521896011257,-0.0031064368520761,-0.0035803257682565,-0.0037636494096498,-0.0034939435087986
2017-05-31,-0.000248428716832616,-0.0003537000928947043,2.719159781028324e-05,0.000667367179751,0.0002252686932553,-2.5182844958560047e-05,-0.0003537000918337,0.0002034564362403,-0.0007684862985561,-4.679600269261638e-05,0.0001966798546629,0.0001149167742589,-0.001161269933886,-0.0027372605297437,-0.0008274231076482,1.8572391719403863e-05
2017-06-01,0.00795223034079795,0.0038925209012314888,0.0010073974250455,0.0025252181786026,0.0010291003326543,0.0015868091168662,0.003892520900999,0.001115044110699,0.0034116297556069,0.0034039932442815,0.0037508042267768,0.0032646256316347,0.0075983263709673,0.0101549858957463,0.0058942754044519,0.0085356200641863
2017-06-02,0.003328453914014151,0.011421562415694808,0.0030024951818796,0.011572383245634,0.0042448381552904,0.0031367805926272,0.0114215624144864,0.0042963487309628,0.0080825163232467,0.0091290377654316,0.0101944826840681,0.0114909905229842,0.0088842620621666,0.0079838629461545,0.0078022028048193,0.0096400720684752
2017-06-05,-0.0007371364326452801,-0.00020921488431302482,-0.0014475865917549,-0.0023703334889292,-0.0013134563575135,-0.001687766755318,-0.0002092148857487,-0.0013279221576191,-0.0013750756219348,-0.0002039823753933,-8.636318825708558e-05,-0.0012037862978031,-0.0026954207032027,-0.0028387533916061,-0.0007480978110498,-0.0038439299713392
2017-06-06,-0.0031970119940820663,-0.00397416807127593,0.0013524289269577,-0.0005937951449489,0.0011201790207646,0.0013929291200716,-0.0039741680689371,0.0012084926071824,-0.0026755452578441,-0.0019738398520513,-0.0009871053729665,-0.0024124727165289,-0.001994591569281,-0.0016132281022999,0.0022343604724464,-0.0023719717518511
2017-06-07,0.001850414640662601,0.0039197747077539535,-0.0018581416375742,0.0007793359299941,-0.0011400331352605,-0.0019160865728214,0.0039197747055959,-0.0011688374256175,0.0011257454403109,0.0019341272477527,0.0019124983656249,0.0024776432411689,0.0010001600652972,0.0011274030564597,-0.0006739233764094,0.0030825397980234
2017-06-08,0.000492452851357017,0.0010461482030550417,-0.0006778078134792,-0.0002776495854038,-0.0007040572284595,-2.3407112532569663e-05,0.0010461482024122,-0.000691424225052,0.000550606657994,0.0002122102080748,0.0001580960644142,0.0004348466556469,0.0029403852285803,0.006034491721511,0.0015203477752979,0.0034305278596444
2017-06-09,-0.0015177042157513698,-0.025005199101883147,-0.000335030642421,-0.0165965012663772,-0.0031227797077606,-0.0001941853567567,-0.0250051990929235,-0.0031774829079749,-0.0148290214010359,-0.0189049183551962,-0.0208271956048108,-0.0211130386020991,-0.0103995973269478,-0.0086121594050527,-0.0120101952838883,-0.0040053594078502
2017-06-12,-0.00020554341212430938,-0.0053580542335216474,0.0002303179504616,-0.003526776518836,-0.0003098606946065,0.0001097611206335,-0.0053580542314448,-0.0003259743713028,-0.0038368932328935,-0.0037394627328093,-0.0046884609623758,-0.0045231999706919,-0.0044870313492977,-0.0040578297688495,-0.0038039764309007,0.0005623336213077
2017-06-13,0.004890054206686312,0.00811602384214849,0.0011875751585681,0.0052141717678002,0.0016664042136151,0.001291935743424,0.0081160238397786,0.001687655880465,0.0064775987543753,0.0062869866342598,0.0066192571396803,0.0067973509226827,0.0067097798140851,0.006184244681265,0.0046927838346413,0.0046538757320563
2017-06-14,-0.0012677934751399444,-0.0043458725588488845,0.0028306189461766,0.0028339818706411,0.0028484619609223,0.0023442115730436,-0.0043458725548926,0.0027304031380916,-0.0036629585775325,-0.0036958717781725,-0.0041974612480154,-0.0010666848336735,-0.0021924545825614,-0.003224446856584,-0.0036104699037333,-0.0011080607413806
2017-06-15,-0.0019242045916789685,-0.004436543314330854,-0.0023051232681581,-0.0033880392187154,-0.0024955898156616,-0.0024915983538857,-0.0044365433134366,-0.0025443486191787,-0.0045985323976501,-0.0043055219329566,-0.0048844007175539,-0.0039636132216716,-0.0080548967638511,-0.0069998163921953,-0.0061949962610808,-0.0014959624841287
2017-06-16,0.00021844475298626875,-0.0043387167706397944,-8.908763003534492e-05,-0.0020114825479409,-0.0004498494003011,-0.0002724145372229,-0.004338716768661,-0.0004636309420983,-0.0015542263824524,-0.0034139863926827,-0.0030604755235352,-0.0032909098735144,0.0015116810603031,-0.0006877094839255,-0.000990032515257,-0.0026254852777907
2017-06-19,0.008325093687821195,0.016721044183960254,-0.0003088754431225,0.0100136256317562,0.0009310413418428,-0.0001626851873027,0.0167210441777827,0.0009070197521499,0.0107491070557372,0.0118291433617421,0.0119744228872281,0.0137131539908865,0.0099621832548946,0.0106324964099429,0.0064545669436714,0.0071346460297934
2017-06-20,-0.00674408340785615,-0.00783155780968059,-0.0001676600296001,-0.0016963545434711,-0.0002513168242411,-0.0005461552427894,-0.0078315578062232,-0.0003265425692535,-0.0070506850057633,-0.0064897741736464,-0.0071181806414828,-0.0050487575748259,-0.00909248848793,-0.009507713065577,-0.0073110705805064,-0.0051976441682177
2017-06-21,-0.0002469454902935819,0.009902404493520978,-0.0019968722271559,0.0069993374058239,-0.0003084798906253,-0.0021238125652306,0.0099024044898354,-0.0002790362528064,0.0038333097847745,0.0064667863908663,0.0080524084131829,0.0085995367417301,0.0030103837916856,0.0027555920648467,0.0042423189912935,0.0018221338794617
2017-06-22,-0.00045280105555522976,-0.00028401567544644735,0.0013894972395596,0.0006270545896192,0.0011378608404839,0.0016162863028608,-0.0002840156746396,0.0011806878506457,0.0004863272680853,0.0006184798585145,0.0007950481052204,0.0001268862834345,0.0017826573763139,0.002573506500577,0.0028412759537817,0.0015581878395227
2017-06-23,0.001194228751680404,0.0038378533323670805,0.0015637118704996,0.0022523096760722,0.001512326201561,0.0019276018659808,0.0038378533314944,0.0015832034415956,0.0037401363620157,0.0039297531238312,0.0040398282787962,0.0031238756058058,0.0041532844118855,0.0049896549092123,0.004701197109189,0.0041386597348764
2017-06-26,0.0006581080400209771,-0.004672763915313571,0.0010029013674703,-0.001578271261077,0.0003685913844744,0.000956892622052,-0.0046727639125788,0.0002834855982638,-0.0021249822999,-0.0040805235047804,-0.0042136982679248,-0.0032755050911031,0.0021169883840946,0.0020204898593845,-0.0010773677175413,0.0014747371502214
2017-06-27,-0.008056256770696879,-0.018139153216661152,-0.0043397917766792,-0.0153867213443672,-0.0060311863320565,-0.0043641458906925,-0.0181391532126377,-0.0059461034388834,-0.010790797030429,-0.0132723011437671,-0.0138331184926223,-0.0169029511260955,-0.0098750855659145,-0.0116022847757963,-0.0086884962614925,-0.011836992507049
2017-06-28,0.008950391279876957,0.014417260395865217,0.0014006420571575,0.0078433678113041,0.002133487861377,0.0019149955517623,0.0144172603909844,0.0022182819697293,0.0109672897313222,0.0112134429463726,0.0115128837228692,0.0114787638749711,0.0107949285066639,0.0121081584821484,0.008401085585633,0.00929965869477
2017-06-29,-0.008788883602279363,-0.017355158273039573,-0.0035728304095965,-0.0140642403035945,-0.005075828929887,-0.0035033042435855,-0.0173551582692629,-0.0050702634647527,-0.0119004950280115,-0.0134929673084707,-0.0148238146428766,-0.0158676737187956,-0.0125713859400507,-0.0117793222461858,-0.0110717747751401,-0.0112405349614761
2017-06-30,0.0018645631882563407,0.00036348796835539154,-0.0002383818779948,-0.0006234597085947,-0.0008584648769105,-0.0002431638199758,0.0003634879679625,-0.0008553846270589,0.0019917295367722,0.0004087886247625,0.0002204252550797,-8.005292256237819e-05,0.0015208347763064,0.0010863779201319,0.0005760439345092,-0.0005897452464362
2017-09-01,0.0014141358954544714,-0.001368004981165738,-0.0013718397701873,-0.0038477595196693,-0.0015461198901384,-0.0010204670049871,-0.0013680049814791,-0.001285813207453,0.0008472718900957,-0.0003153913205,-0.001153814426285,-0.0024631367369104,0.0023922516860693,0.0027669113393083,0.0036286468627381,0.0015560459859427
2017-09-05,-0.007182215804602876,-0.008972605735695804,0.003132245780248,0.0007927781903833,0.002796587948739,0.0027127950448151,-0.0089726057324033,0.0024958914154484,-0.0041935870558447,-0.0056344707044285,-0.0052990609891593,-0.0046434071292218,-0.0075158399348107,-0.0095871445197364,-0.010165113701282,-0.0048064272604581
2017-09-06,0.003413794955501981,0.0030409332996494953,-0.0012678081187155,-0.0006222626945698,-0.0012195703014783,-0.0012761817006041,0.0030409332984802,-0.0012921477747175,0.002803073343363,0.0036685346295905,0.0027783571928083,0.0014410455274674,0.0042028069717354,0.0049211496042781,0.0041055906172851,0.0017087022291476
2017-09-07,-0.0001213318151970233,0.002342937544689283,0.0026757840843378,0.0054767712068928,0.0028595780789288,0.0024601938071533,0.0023429375456203,0.0025379341529097,0.0067402546369418,0.0030878983259746,0.0025052647060926,0.0037192205579523,0.0064151999024707,0.005123320081641,0.0029783308723199,0.002894873393519
2017-09-08,-0.0011747336032690292,-0.008661604189289962,-0.0016930939807385,-0.0060705552722158,-0.0016665537109663,-0.0016741999850021,-0.0086616041878104,-0.0015432675101301,-0.0037947236763181,-0.0060328194048881,-0.0078391450870377,-0.0075290570304746,-0.0046704872290362,-0.0044665287789884,-0.0043379956842641,-0.0023303033139301
2017-09-11,0.010665790499122307,0.011510722975093923,-0.0018154278526136,0.0021207460233438,-0.0013897477644454,-0.0015428431243791,0.0115107229718174,-0.0009718522370318,0.0052082524368816,0.0078553170794311,0.0080037212495549,0.0074224266447943,0.0084272907222245,0.0108668996995357,0.0113941442832723,0.0081606808793405
2017-09-12,0.0033707738886037397,0.002399558816005065,-0.0008201953596239,-0.0006232366297863,-0.0008052284195682,-0.0005369194689783,0.0023995588149205,-0.0004752646175599,0.0018387184019758,0.0022497688199968,0.0016642432003239,0.0010647394127742,0.0016092582901477,0.0019274001925119,0.0025327194863247,-0.0015069477056084
2017-09-13,0.0004799214203512481,0.0013679246340800866,-0.0010238062904586,-0.0007194363298048,-0.0011046504934116,-0.0008628668341027,0.0013679246332303,-0.0009179811713965,-0.0035378546892736,-1.3793095463894947e-06,0.0010164319423994,0.0004418853381365,-0.0035511260887029,-0.0025037860772991,-0.0008260154427046,0.0001269583658789
2017-09-14,-0.00031972979261385426,-0.005873507482542228,0.0005153542910343,-0.0019597243668849,0.0001505447514362,0.000542965382289,-0.0058735074806514,0.0005871274327395,5.121093068555583e-05,-0.0021448086743473,-0.0033305789311536,-0.0041315719961943,2.626192858231166e-06,-0.0005268168418829,-0.0010635572248952,0.0008607655123544
2017-09-15,0.0013460752088707562,0.003434780943680771,0.0011945967389026,0.0022363594084204,0.0012459096245167,0.0012758435910413,0.003434780943144,0.001202186872472,0.0013886699219986,0.0025536033779187,0.0032104464385982,0.0029046191505093,0.0025830613573173,0.0034913634451449,0.004132820002492,0.0028602186577078
2017-09-18,0.0021268619684067236,-0.0013105198751847125,-0.0023962387412451,-0.003058652495771,-0.0024081681676171,-0.0020823891123324,-0.0013105198755815,-0.0017870341189244,-0.0012563463721695,-0.0006130010149532,-0.0010453480020137,-0.0020852889654138,0.0001244572965205,0.0017376158144751,0.0028353821639168,-0.0005422343725704
2017-09-19,0.0010011366056286164,0.001717504220703825,-0.0003451520017466,7.9443791671574e-05,-0.0002980968900242,-0.0003007157306046,0.0017175042200612,-0.0001618680068061,0.0026429498000245,0.0018105359501984,0.001140143004482,0.0009895506005862,0.0027885983995606,0.0025795503683845,0.0016404672415081,-0.0017097635331013
2017-09-20,0.0003600564094783376,-0.0030862070236775674,-0.0010387356074592,-0.0015985784757964,-0.0013526429726532,-0.0008811444992443,-0.0030862070231045,-0.0010114427144216,-0.0035060447226145,-0.001138517998548,-0.0015727699785836,-0.0024234238157397,-0.0037595035868147,-0.0026363005368856,-0.0015565527952323,-0.0007102780493634
2017-09-21,-0.00267936977512806,-0.006123027806862025,-0.0014295148821881,-0.0039393528997689,-0.0016319454994923,-0.0013894400176528,-0.0061230278058582,-0.0013276239914019,-0.0038190450203491,-0.0040581755278055,-0.0045418699448168,-0.0051523845435369,-0.0032120549380391,-0.0025559563409839,-0.0023546404382025,-0.0027760594021112
2017-09-22,0.00020058218288121488,-0.0009691455589546649,0.0014884628278046,0.0005381633656045,0.0013326133567321,0.0016606541382433,-0.0009691455584365,0.0014471723131692,0.0009203256250522,0.0008203413796251,-0.0002434099619492,-0.0003014151379708,-0.0006192779533909,-0.0006512054611573,-0.0004181731218735,-0.0008472457224844
2017-09-25,-0.002044590436877769,-0.010532436282932989,0.0021872514658602,-0.0039081051557948,0.0013691941515705,0.0022807681652101,-0.0105324362798874,0.0018228136707187,-0.0054651066988325,-0.0043115643346497,-0.0053445852787335,-0.0076046863828666,-0.0089140674415135,-0.0098222357474288,-0.0084045631479871,-0.0003723394706005
2017-09-26,0.0006025367414539406,0.0025909013940919046,-0.0002657241409548,0.0008365660906013,-7.5109087119829e-05,-0.0001253816585771,0.0025909013932661,3.2887734641828814e-05,-0.0021391808087256,-4.066932298503568e-05,0.0006323326827316,0.0018233742360352,-0.0018076302569312,-0.0003730538120076,0.0007049710261389,0.0020575896138031
2017-09-27,0.003894323752075879,0.009010713893564892,-0.0027798705519563,-0.0005593596812389,-0.0023672733428966,-0.0018555450253519,0.0090107138900663,-0.0018334863192496,0.0002786610015012,0.0040397634715456,0.0048113706545582,0.0048126701839597,0.0009033652198811,0.0038023487303901,0.0075689201983677,0.0043601646333398
2017-09-28,0.0011997399506484818,-0.0003460925994530628,-3.0207776492208183e-05,-0.0013713925165468,-1.3457748922696132e-05,6.353448147122798e-05,-0.0003460925994374,0.000244366950902,0.0008590741017998,0.000482898151624,-9.539014986879163e-07,-0.000802479517016,0.0006769440842247,0.0007529329118898,0.0007518292587059,0.0024331997735392
2017-09-29,0.003515186429452033,0.007201412555308817,-0.0001577205851431,0.0052648457769095,0.0002247604066905,-0.000124023580531,0.0072014125542021,0.0002879706660783,0.0051009384346223,0.004494919908167,0.0049446154180385,0.0063380210255662,0.0068613626456546,0.0076136007333123,0.0069119514507916,0.0037106351424624
2018-03-01,-0.014540586457414295,-0.016326964783103692,-8.125594747354636e-05,-0.0112220194272607,-0.0011700532653909,9.286979105738168e-07,-0.0163269647533218,-0.001275417687941,-0.0071988820687278,-0.0129447309400367,-0.0110807365603902,-0.0134832693559863,-0.0051842261333281,-0.0107640829813753,-0.0107640327707129,-0.0065256292160587
2018-03-02,0.0051549509412307515,0.00918052634185873,-0.0001595809443513,0.0066720148825536,7.727761082043649e-05,0.0007125166915473,0.0091805263271675,0.0005314611591733,0.0047018317659272,0.0063195353575977,0.0057347179830328,0.0082425383396753,0.0056065015654943,0.007039408003628,0.0070394265872722,0.0094862444186623
2018-03-05,0.011557722815306093,0.011085161518262776,-0.0001277670917736,0.00688923526753,0.0007359259068786,-0.0001594261039048,0.0110851615005311,0.000522929038387,0.0076393397654764,0.0075618586167092,0.0084460773361509,0.0086193263503603,0.0064585433727422,0.0062535388541881,0.0062535498373222,0.0059033372041767
2018-03-06,0.0025351341489947554,0.004230169857119437,0.0006412947449885,0.0052048952081618,0.0007880557685613,0.0011510753652659,0.0042301698587452,0.0012393285923935,0.0042419231210405,0.0046670163094747,0.0037428981072743,0.0053378434100241,0.0062257106551338,0.006912217970082,0.0069122202495801,0.0085589864084294
2018-03-07,-0.0003662853063528537,0.0023140578205422813,-0.0008732953077774,0.0001179505035655,-0.0006608994438283,-0.000622446748782,0.002314057814452,-0.0005345157876165,-0.0033615298326859,0.0002851099258515,-0.0004922146488881,0.0007216898288514,-0.0013319082760652,0.0017988118237714,0.001798819270844,0.0021313042559771
2018-03-08,0.0048389343174315425,0.0055054830263177035,0.0017426426861213,0.003534400191965,0.0021820172783297,0.0013491335099218,0.0055054830158234,0.0017993367655184,0.0001653608414708,0.0033627510449,0.0028270207723463,0.0041149089652479,-0.0002970463637315,0.0021503169106268,0.0021502982844304,0.0005565128416261
2018-03-09,0.017402507700661873,0.019427525560474113,0.0008569571678882,0.012677981748854,0.0020625939105174,0.0010841477612346,0.0194275255316336,0.0015451728741981,0.0130909532568321,0.0126217415137428,0.0141491529414346,0.0157656318448136,0.0167390632093295,0.0157512964891993,0.0157513040511973,0.0147182294747536
2018-03-12,-0.0012551473958148929,0.005313170431423098,0.0008628190349897,0.0038733213835102,0.0010088500210374,0.0008312480285379,0.0053131704211728,0.0008430550028006,0.0018993278560556,0.0033484878517705,0.003333944918681,0.0043812609516976,0.0019538794517878,0.0028328316374865,0.0028328275645059,0.0025616072456613
2018-03-13,-0.006462829006242177,-0.013614409311832665,-0.0003448969408909,-0.0086243759295299,-0.0009161442018982,-0.000451762501518,-0.0136144092856398,-0.0008439092654562,-0.0075659555779407,-0.0091558008037446,-0.0096294707678089,-0.0105849866677145,-0.0081576004215264,-0.0092459880342586,-0.0092459725488342,-0.0067047197268156
2018-03-14,-0.005131700673753126,-0.0001749341144884342,0.0005681687146108,0.0002275753003668,0.0003166573827571,0.0004426320572377,-0.0001749341146383,0.0003406356398274,-6.347657277205332e-05,0.0005623519423529,0.0002766396446442,-0.0001188661077575,-4.014945250756978e-05,0.0006843961403753,0.0006843762782899,-0.0013163169080169
2018-03-15,-0.0010895440586332628,-0.0008735557486325707,-0.0001198376754978,-0.0018209192995071,-0.0002452077509739,-0.0003055577018095,-0.0008735557509077,-0.0002302981343093,-0.0010219156208228,-0.0010154332064538,-0.0005643760608377,-0.0018304226193741,-0.0020346949162149,-0.0020239637733849,-0.0020239701245177,-0.0038139687266195
2018-03-16,0.0010844738737065818,-0.0029731032995001794,9.204377670157804e-05,-0.0025107365164156,-0.0001536281932635,0.0004184936693016,-0.002973103290548,0.0003662304394971,7.093156872268161e-05,-0.0017611005701536,-0.0011580041730384,-0.0028814133590623,8.534722954919733e-05,-0.0012129896990588,-0.001212965469603,-0.0001391141843696
2018-03-19,-0.013530529189914153,-0.021336246846413887,-0.0026654133433813,-0.0142733321882628,-0.0036880668722262,-0.0026150026324228,-0.0213362468106518,-0.0034789904120279,-0.0129112546253731,-0.0144052755749813,-0.0157921129509619,-0.0169050385479162,-0.0125782955389641,-0.0130216916849506,-0.0130216878306545,-0.010778899318485
2018-03-20,0.0017009297664938305,0.003291474242888004,-0.0004100200949,0.0007999213746638,-0.0004165592301815,-0.0003479559627038,0.0032914742355083,-0.0007223820562641,0.0037123132625592,0.001461429411704,0.0028711875648098,0.0018054711140605,0.0062860590522377,0.0042467867495343,0.0042467831890421,0.0019524950715673
2018-03-21,-0.0019193621840659647,-0.004354420778707069,0.0007653980017621,0.0007336321567721,0.0003180009076031,0.0012708194222137,-0.0043544207593346,0.0006776100927881,0.0060970987875293,-0.0001501296430188,0.0004187723387472,-0.0004169643789892,0.0064523128979897,0.0015158286275324,0.0015158531867947,0.0053183277008293
2018-03-22,-0.024997168010076454,-0.0246825960097784,-0.0007389778214901,-0.0167765596404898,-0.0024432075130957,-0.0011023033521814,-0.0246825959780743,-0.0023238636165872,-0.0151463033658552,-0.0183855075478764,-0.0179243772465086,-0.0204900330668825,-0.0218977379711654,-0.0251669228864072,-0.0251668920673365,-0.0209114620724494
2018-03-23,-0.021314562034086992,-0.026351288474212198,-0.0009206801082429,-0.0148968861099225,-0.0026594070133365,-0.0010149678103847,-0.0263512884291146,-0.0026649846796136,-0.0087463730423086,-0.0163707324199439,-0.0163403226652702,-0.0190166471303261,-0.0134605871088357,-0.0194563292225774,-0.0194563156068153,-0.0152305569010046
2018-03-26,0.02735907270550042,0.03715849188528053,0.0016687229284775,0.0255832734059793,0.0038501102246222,0.001877449315923,0.0371584918237657,0.0039595704804635,0.0186093622837798,0.0258082155284956,0.0253933775447984,0.0308927072899017,0.0232352416701832,0.0284454874984488,0.0284454504211231,0.0247507396968595
2018-03-27,-0.017011765369403964,-0.03235996952547415,0.0022546368224716,-0.0219932519546758,0.0004203837083183,0.001760850133976,-0.0323599694613285,0.0005523168369891,-0.0173116185299424,-0.0204211316439098,-0.0215553006705796,-0.0270709317430341,-0.0183358399979875,-0.0193106896769086,-0.0193106947501335,-0.0201704063927335
2018-03-28,-0.0029549547705846058,-0.011503733456461385,-0.0004541901678111,-0.0102205178732618,-0.0009827546197077,-0.0004637344451962,-0.0115037334288892,-0.0004836777895309,-0.0076419073255219,-0.0064428258195864,-0.0076206165871758,-0.0116937573243634,-0.0062418267187346,-0.0032511740094303,-0.0032511880493108,-0.0074789842928427
2018-03-29,0.012777775877244268,0.018314761230843413,0.0030805102092996,0.0126259442081699,0.0039063587609,0.0030469473466994,0.0183147612031913,0.0038426268172375,0.0126266740323106,0.0132910854684414,0.0144470202429902,0.0149568589920512,0.0154598427749272,0.0155231423477323,0.0155231283283346,0.0124430700180763
2018-04-02,-0.02158474296151003,-0.028851629813916313,-0.0020478878969035,-0.0153343793308597,-0.0031713409465432,-0.0024907235252948,-0.0288516296007591,-0.0033139936512772,-0.0177937174090788,-0.0190183118084938,-0.0209868600742419,-0.0207809340183474,-0.0180316347317616,-0.0195491154364209,-0.0224330532040874,-0.0165760608401904
2018-04-03,0.012817096860302524,0.011253371290083747,-0.0003315951810609,0.0045505632363846,0.0003409216837937,1.8545680016135435e-05,0.0112533711912941,0.0003211493298089,0.0076980595662154,0.0071126016228393,0.0080696623096671,0.0074325757777812,0.0078593969679321,0.0088082131830846,0.0110472930136742,0.0077574804380772
2018-04-04,0.010699075580002493,0.015770255748576156,0.0008382382451488,0.0099567907014772,0.0017083173591161,0.0010733144829206,0.015770255642642,0.0017017554385601,0.0010670350605482,0.0057023337510894,0.0089714018194561,0.0127536125959663,0.0040718237160056,0.0054817889475367,0.0087405943010641,0.0088827924203939
2018-04-05,0.007891996649135535,0.005696665763606168,-0.0007868348169958,0.0021003623447635,-0.0003556117451725,-0.0005862057247117,0.0056966657130852,-0.0001045669734175,0.0044047718904733,0.0030490361600058,0.0051439574594758,0.0034565886845756,0.0037778793251929,0.0049260571149386,0.0055581404698662,0.0034971030133715
2018-04-06,-0.02228593294555581,-0.02502329568534145,0.0006811245702478,-0.0138132367332353,-0.0008971612739384,0.0003327404213713,-0.0250232955013004,-0.0007356945337465,-0.0138634649498829,-0.0150572724926443,-0.0162269542675246,-0.0188831511804747,-0.0157816792931938,-0.0160670613747857,-0.0196218858784664,-0.0159309843054866
2018-04-09,0.004928330170558715,0.007022790373909293,0.001728771564603,0.0052530315736012,0.0018040972850674,0.0017484581445346,0.0070227903380957,0.0018351674710102,0.0085928667788512,0.0062738264288573,0.0073929083737404,0.0062579805023331,0.0064655884284587,0.0061446301794073,0.0038157645034862,0.0034105529965955
2018-04-10,0.015900376710779263,0.02206311310208009,0.0012661607341792,0.0141611147664424,0.0020833570564462,0.0016836636180752,0.0220631129628119,0.0024990377605831,0.018726159277686,0.0172166396771011,0.0171119273838306,0.017992031462675,0.0183394133352005,0.0174026694056482,0.0189629057854408,0.0162763997029591
2018-04-11,-0.005242013691840186,-0.005768930983792719,0.0006566139248853,-0.0016087088766273,7.569644064497894e-05,0.0008429592354468,-0.0057689309203207,0.000563223478311,0.0030547840687317,-0.0002500758900383,-0.0026991753596073,-0.0030864913000493,0.0012683872510429,-0.0019966895897069,-0.0015207367542277,0.0007185829491075
2018-04-12,0.008227102004041198,0.012041485924612072,-0.0007950190210158,0.0042160298506312,-0.0002236665615299,-0.0005611850546137,0.0120414858011195,-0.0003347555785461,0.0001633218898349,0.0032355186633887,0.0066262542420202,0.0073056446859193,0.0016654640163653,0.0042341789874596,0.0058304846678067,0.0030044146429869
2018-04-13,-0.0029333319804212277,-0.0051785368422906375,0.0005376532110894,-0.0016305592468981,0.000341009396567,0.0004141359731855,-0.0051785367904328,0.0002559411671745,-0.0032013456864501,-0.0039037702394601,-0.0026777679369179,-0.0028663879681822,-0.0040729676111773,-0.0041956529220424,-0.0058354273944239,-0.0034447584070558
2018-04-16,0.008221928494975161,0.007622302552727334,0.000556892094508,0.005103098549628,0.0012011266672948,0.0007190364010052,0.0076223025078585,0.0011469983946943,-2.4752371337763052e-05,0.0028337374931879,0.0040982927601629,0.0063427926730824,0.0019987453016159,0.0027844294273667,0.0053581668457084,0.0055918733720755
2018-04-17,0.010698373714671083,0.021525260518171496,0.0011291655227891,0.0138081056426198,0.0020503935353239,0.0012329142610911,0.0215252603755267,0.0019312213095921,0.0052631870834742,0.0102431428180914,0.0131874090167995,0.0173741607140955,0.0076518409448961,0.0084993775337088,0.0106115699225521,0.0103030924649729
2018-04-18,0.0007403199436977204,0.002046976159045144,-0.00227914355683,0.000601944071513,-0.0024469812363442,-0.0020689858769393,0.0020469761362633,-0.00222847215226,0.0127086665171192,0.0057467250174586,0.0043752179113366,0.001642684376207,0.008890973043421,0.0066047336856194,0.0045882563175074,0.0031182101043795
2018-04-19,-0.005547528930484935,-0.00919257573233867,-0.0030623701527819,-0.0069684323713949,-0.0032598997930481,-0.0031490250802647,-0.0091925756929489,-0.0034344033634103,-0.0055058052466072,-0.0071815011413992,-0.0069126438762536,-0.0078265905484673,-0.006041541552158,-0.0060325014133648,-0.0068620277533562,-0.0063031927329788
2018-04-20,-0.008479457771832788,-0.015826904334884095,-0.0032918544499722,-0.0124002642267458,-0.003952804712428,-0.0032130107774817,-0.0158269042626503,-0.0038794466174023,-0.0072758681982261,-0.0108349456912401,-0.0103942286071748,-0.0141496467723153,-0.0097170266563409,-0.0098162129474866,-0.010451587027733,-0.0102780200206983
2018-04-23,-0.0001500283625047727,-0.002526049285505483,-0.0014549945732571,-0.0034258342350456,-0.0014456841257376,-0.0015315391180411,-0.0025260492910829,-0.0015251665261299,-0.0028083229833735,-0.0028804146238755,-0.0017930108551399,-0.0034947801493799,-0.0039455314001798,-0.0036072625667387,-0.0037338720084195,-0.0044032167764531
2018-04-24,-0.013467304152646076,-0.021187137450607407,-0.0021240865962961,-0.0127196915070399,-0.003059833464245,-0.002002955234501,-0.0211871373039503,-0.0028217210465317,-0.0083402680228917,-0.0119071961110984,-0.0139336453572795,-0.0160555090782693,-0.0091404787749157,-0.0095054972461553,-0.0098425638442756,-0.0078314206665488
2018-04-25,0.002471552311576586,0.001198710365146738,-0.0011808245116999,-0.0013528303778244,-0.0010330800183833,-0.0012125398729778,0.0011987103293789,-0.0013450749234796,-0.0007003591869864,-0.0016249012336842,0.0003430170799894,-0.0003676066661518,-0.0019371624055756,-0.0022916710355994,-0.0025778471762428,-0.0029025227359107
2018-04-26,0.01016582557046064,0.021052944668803697,0.0034616015835478,0.0129550710786066,0.0040659603311268,0.0033604282729917,0.0210529445295091,0.0038197466644196,0.0107235317691308,0.0142429317034974,0.0140068718874238,0.0162406306948453,0.0120999373242998,0.0126627153746014,0.0125452622915593,0.009492108467421
2018-04-27,0.0009388527448330741,0.0006172931780383806,0.0009113705846479,0.0018945618109023,0.0010451760323013,0.0007701746960364,0.0006172931954642,0.0009875136579236,0.0013295176673134,0.0024785494025824,0.0006673606579701,0.0014116550788423,0.0021211934547336,0.0022764157584311,0.0017821021914368,0.0017994127949649
2018-04-30,-0.0076906330692576574,-0.007094875222244501,0.0001012020943353,-0.0061102673641005,-0.0006594552196903,-6.315977059445643e-05,-0.0070948751960072,-0.0007907432180326,-0.0007155449373483,-0.0033280376001307,-0.0039869534993598,-0.0069751168794386,-0.0036867039379559,-0.0048012755299442,-0.007099739971417,-0.0076756792424718
2018-05-01,0.0017768886500313386,0.011432703277769685,-0.0007420687675725,0.004704026367315,-0.0005919002408334,-0.0005556195008088,0.0114327032767569,-0.000630023085535,-0.0056947972084354,0.0002790824259579,0.0025542475713775,0.0077169591255419,0.002698639154533,-0.0001026820000276,0.0033102989725356,0.0026208233035915
2018-05-02,-0.006717449777116302,-0.005897332030359026,-0.0001677145181159,-0.0038941057918566,-0.0007382413315211,3.555383864872752e-05,-0.0058973320300058,-0.0003501757075244,-5.883069195392164e-09,-0.0025762817250239,-0.0025206875300853,-0.004804383139521,-0.0014323224096275,-0.004189074763297,-0.0017601773457916,-0.0018897842879334
2018-05-03,-0.0022036557612411523,-0.00012374181433505438,0.0015410741098429,0.0018108301032186,0.0012759931689576,0.0013206737774278,-0.0001237418142909,0.0009323018073588,0.0063001545941987,0.0034049827309434,0.0021287796984933,0.000929785623181,7.5782286461515804e-06,0.0015174965903767,-0.0010867708948387,-0.0007967785672666
2018-05-04,0.01294621784236738,0.01897407834996634,0.0010853452231138,0.0123409736516666,0.0018796838678138,0.0012664740242291,0.0189740783489096,0.0020710094921527,0.006829876006627,0.0106885890991922,0.0108663028864875,0.0155299629095046,0.011940376138453,0.0094579449759875,0.0109794325196947,0.0107218266495609
2018-05-07,0.003383423676304398,0.00830971675070602,0.0002191983705914,0.0049577551355042,0.0004276837565597,0.0004573643330738,0.0083097167501697,0.0005718678512038,-0.0005652767229366,0.0021218764670593,0.0036558654118883,0.0066416037096448,0.0042846065993002,0.0005928436290087,0.0043374977130569,0.0042623913908787
2018-05-08,0.0,-0.00102271944208987,-0.0013610150831117,-0.0007187398572274,-0.0013555231102506,-0.001182628780464,-0.0010227194419575,-0.0009156680636221,0.0028280213443294,0.0016101933323282,0.0002936681793851,-0.0007971821899519,0.002594874212491,0.0022454766617699,0.001935387159798,0.0020257593257782
2018-05-09,0.009665827721534903,0.010899051653705749,-0.0002868231428653,0.0054035488862065,0.0002369977711087,-0.0001589177761044,0.010899051653046,0.000359892107534,0.0090241591092584,0.008925070397879,0.0072889839048382,0.008201218789466,0.0077864635929589,0.0067981595594213,0.0057858425701852,0.0049301567323998
2018-05-10,0.009350546855214414,0.010364450107185785,0.0027191988824479,0.0091916053494038,0.0032655327759447,0.002721376573652,0.0103644501069395,0.0035385130219602,0.0050308087591868,0.0080009929951712,0.007797100688419,0.0096635458412907,0.0083112164459612,0.0115220673757306,0.00912641946007,0.0094233258099897
2018-05-11,0.0030512913605134084,-0.0009433142102031056,-3.34851073852116e-05,-0.0005971352400794,0.0003192794325217,-3.546899477424592e-05,-0.0009433142100911,0.0003395668635273,-0.0061178391510539,-0.003720140156962,-0.0005274403958925,-0.0009882483411361,-0.0017038608037941,-0.0023583253328236,0.0008119850048787,-3.1059805024110736e-05
2018-05-14,0.00047655741254448714,0.0017114400663471585,-0.0011672528275492,-0.0006427097135933,-0.0012571773592893,-0.0012086583197241,0.0017114400660678,-0.0013197770770215,0.0072746787557099,0.0047580430038748,0.0026466028349299,0.0005157614793029,0.0016775030313827,0.0032566680566941,2.3907619979662986e-05,-0.001099738801931
2018-05-15,-0.006887021426611906,-0.011075269623473605,-0.0051536490598507,-0.0123462608461089,-0.0056503324217825,-0.0049421715237011,-0.0110752696232676,-0.005709706653887,0.0011110840094871,-0.0048638004381823,-0.007061939643045,-0.0120402495470493,-0.0049977090792961,-0.0099071437014501,-0.0078589048195455,-0.0097576934378104
2018-05-16,0.004204991398561786,0.006612210485202219,-0.0004599069560917,0.0032338399481366,-0.000323090281219,-0.0001040226784873,0.0066122104848962,0.0001021921511574,0.0055494427604307,0.0064178224634714,0.0046133738254496,0.0049185107349403,0.0082814644197491,0.0083066675195897,0.007401639946672,0.0070584399257957
2018-05-17,-0.0008447063764953633,-0.0038465219905057246,-0.0001262931347495,-0.0029450755227812,-0.0002541751820913,6.483335153695258e-05,-0.0038465219902887,-0.0002364357411777,0.0011037353831467,-0.0017036420356857,-0.000713661356678,-0.0030262800558417,-0.0009693505829502,-0.0052471637452304,-0.0012873285399645,-0.0017353894691589
2018-05-18,-0.002500082569714235,-0.005168233630791552,0.0020380071146164,-0.00198621996565,0.001724085935354,0.0019570806322581,-0.0051682336303522,0.0019149666255291,0.0005511484587503,-0.0021749798586192,-0.0033497713394606,-0.0039178216216435,-0.0018348466326849,-0.0042665422567786,-0.0032168394722851,-0.0025272947875395
2018-05-21,0.007518460950767469,0.005613222054529965,0.0014202907289906,0.0037065574336097,0.0017458299296866,0.001510337323515,0.0056132220544458,0.0016541031171874,0.0077136340005309,0.0068318469631044,0.0062911700009208,0.0045863082346796,0.0065888921522836,0.0064522261752204,0.0061612788791447,0.0050718074038627
2018-05-22,-0.002780166096953862,-0.0013064997301553971,-0.0002367983948728,-0.0011599716765763,-0.0004499005696556,-0.000389679787089,-0.0013064997301738,-0.0006792802246956,0.0010934794413637,0.0003518434434494,-0.0009970676083409,-0.0011704663528161,-0.0018913189999257,0.0008462533986165,-0.0024699233814117,-0.0022664937922767
2018-05-23,0.0027513518328856623,0.008443365233116173,0.0033339532015848,0.0065037523284074,0.0032741325643463,0.0031840125058679,0.0084433652326174,0.0032719232360527,0.0054615486767727,0.0054565113108568,0.0005776466605117,0.0070282533499194,0.0045179917903599,0.0029405431783129,-0.0001435899495153,0.0023101956573837
2018-05-24,-0.0020486487001224463,-0.0002948890834477691,0.0015563062507828,0.0029423199676226,0.0015627165392075,0.0015205362901136,-0.0002948890833508,0.0017342830593018,-0.0065182278716071,-0.0041906514518825,-0.0024770808431078,0.0015006700941868,-0.0024705926693205,-0.0039674532732733,-0.0015067685842057,0.0006664092164749
2018-05-25,-0.0023826422158118588,0.0010027538423791338,0.0015162530595647,0.0007242095272741,0.0015539120157961,0.0013199007783768,0.0010027538422292,0.0013085469785707,-0.0147622083421876,-0.0077712892561072,-0.0047930496420481,0.0003037544727222,-0.0042538197589777,-0.0035459556339594,-0.0014941284345728,-0.0006767077727568
2018-05-29,-0.01150097411315576,-0.004419202600944749,0.004829714897653,0.000178264885364,0.0039112155583271,0.0044948585254254,-0.0044192026007966,0.0036252064307389,-0.0094339689594121,-0.0090906260685504,-0.0111043140446955,-0.0032422644193525,-0.0068901855244071,-0.0131706565083693,-0.0102466376683346,-0.0064687124863106
2018-05-30,0.013344537366911213,0.00716114218899655,-0.0007514576315817,0.0038673259160024,-3.830283982719784e-05,-0.0002546384390541,0.0071611421889792,4.474685265321021e-05,0.0128852358198832,0.0106789208465567,0.0114389169396601,0.0058860554316481,0.0115625214443065,0.0099217429371016,0.0120804713589547,0.0093524922792011
2018-05-31,-0.0061258248262137105,-0.0006463260341786903,-0.0010059623203109,-0.0011534184175047,-0.0013590833902556,-0.00115978867427,-0.0006463260344155,-0.0013168973598279,-0.002765456789786,-0.0020128164541196,-0.0033122021881121,-0.0009526018399053,-0.003462454820056,-0.0017847960139867,-0.0043663044804932,-0.0034956182790625
2018-06-01,0.009817676081834259,0.015699287203366774,-0.0013023788914378,0.007914419327341,-0.0005375201847301,-0.0011021324500911,0.0156992872022116,-0.0005491839793628,-0.0066555296739261,-0.0032731158298837,0.0094356337646361,0.0118981852988826,0.0055497613743191,0.006085933337921,0.0121630279912398,0.0086794677659957
2018-06-04,0.004751466653176495,0.009031104030946313,-0.0015875719035772,0.0038748742730598,-0.001131112194281,-0.0013429304167562,0.0090311040302695,-0.001077308753503,-0.0117251915790557,-0.008584653711804,0.0037566419522666,0.0064070253072635,0.0010848200317924,0.0017992160388393,0.0071836019118452,0.0058657321057942
2018-06-05,0.0007276357105268083,0.0030978906184391253,0.0020748369728933,0.0030321142474354,0.0021297210033273,0.002224774266474,0.0030978906182932,0.0020627540351838,0.001694910701963,0.0019071836570424,0.0025513039189406,0.003045490055181,0.0031389210297894,0.0025264025579699,-0.0012290697744466,0.0017133533696019
2018-06-06,0.008360514728265711,0.005834042172756959,-0.0012623184717202,0.0018981509138067,-0.0008635156191689,-0.0009916585655307,0.0058340421725187,-0.0009276919670794,0.0033841852660156,0.0037548588183087,0.0046940817620863,0.0037632017049701,0.0058363993748814,0.0064449512340095,0.0096923998154106,0.0061485603177821
2018-06-07,-0.000108030104236434,-0.00813147704694761,0.002774398452698,-0.0030213891936691,0.0024879640376194,0.0024445064863167,-0.0081314770462921,0.0020935492842284,0.0039347032284259,0.0021090243002394,-0.0046407754639618,-0.0054351520198413,-0.0034599505594892,-0.0044217038810218,-0.0092632435572453,-0.0060728138586751
2018-06-08,0.002956384656648714,5.730911459633781e-05,-0.0008867487017568,-0.0005007081492554,-0.000659176804894,-0.0007975918455921,5.730911464429944e-05,-0.0007582140860507,-0.0005600049122677,-0.000466607754348,-9.509174046411343e-05,-0.0002728460438435,0.0008664533300456,0.0005588233837546,7.804024963598672e-05,0.0005255501834105
2018-06-11,0.0013297665964639993,0.0026943528574474573,1.1571834234835876e-05,0.0015202848586328,2.283720048690263e-05,9.855240833434031e-05,0.0026943528572691,2.2991515096215664e-06,-0.0005602056800294,-6.777232725499429e-05,0.0020812436120872,0.0020638515692388,0.0017297283546624,0.001090662341734,0.0028757424477062,0.0011413366504697
2018-06-12,0.0012926724061792516,0.005259833223111965,-3.741658226252831e-05,0.0029569876746433,0.0001305018869328,0.0001402913183337,0.0052598332227069,0.0004029060229926,-0.0005603974368754,0.0003202350380125,0.0029232091071988,0.004156243043879,0.0021419373790296,0.0025179153425765,-0.0006485397544396,0.0025239207700733
2018-06-13,-0.0031910311957813464,-5.676452617908723e-05,-0.0007166919110221,0.0002463727175991,-0.0009912036474692,-0.0007574519992273,-5.6764526397912185e-05,-0.0009007635066075,0.0039257875712854,0.0033232161956245,0.0008398590729647,5.079511633367443e-05,0.0001207850789952,-0.0006920468350656,-0.0019974409078331,-0.0032026992551445
2018-06-14,0.002517654696750471,0.010124082114945532,0.0027422583108076,0.0085645650721373,0.0030535070423658,0.0028309661299057,0.0101240821143093,0.0033024291296084,-0.0111729800912629,-0.0079506193018465,0.005145003685951,0.0094292967184681,0.0010726121670437,0.000609981047072,0.00090615243181,0.0046980077938942
2018-06-15,-0.001275597221521485,-0.0034910546912965135,-0.0002931761444981,-0.0041932976314325,-0.0001062578016233,-0.000292959058588,-0.0034910546913375,-0.0007402744438071,-0.0242937587733763,-0.0211462151899823,-0.0075788874476228,-0.0036260006880807,-0.0087577421482367,-0.0090357374731512,-0.004921478132028,-0.0035550366026889
2018-06-18,-0.0020569047717066136,-0.0005776389861584796,0.0004134744130772,-0.0008270033871039,0.0002561942581098,0.0006162950223889,-0.0005776389861592,0.000432156055256,0.0086855730022154,0.0072839947578302,0.000601252500418,-0.0006914910150581,0.0031304684754437,0.0026287605112481,-0.005493349385453,-0.0012606480389707
2018-06-19,-0.003832720600838946,-0.0028329094192988125,0.0008272806273468,-0.000791332798295,0.0007879219679847,0.0007988136331902,-0.0028329094192183,0.0005052193151726,-0.0103329148023299,-0.0091981328695265,-0.0041218611327198,-0.0017079724212057,-0.0048506302231845,-0.0050358647519377,-0.0069113652095081,-0.0025902519342391
2018-06-20,0.0017058938512111155,0.007102349983516332,-0.0015743144768675,0.001898533270356,-0.0013347502492199,-0.0011845653672145,0.0071023499829681,-0.0015005071345762,-0.0011601544069536,9.000314590233162e-05,0.0039981171050771,0.0044454988946209,0.004276548969994,0.004635239243247,0.004457900288675,0.0047398188737313
2018-06-21,-0.006268684234785882,-0.008688311711009478,0.0004866761856991,-0.0045743151695487,0.0001218003585139,0.0001389050754783,-0.0086883117105721,-0.0007063866488824,-0.0075492904705599,-0.0077216305099705,-0.0074242370583607,-0.0065267330293991,-0.0083880833462889,-0.0090838410680105,-0.0098917251621094,-0.0074693901000694
2018-06-22,0.0018232094178602942,-0.0022195882297560976,0.0006448342991094,-0.0011221524850658,0.0004296923739066,0.0004796518707064,-0.002219588229319,0.0005876111648281,0.0198947092317885,0.0165487082501987,0.0028055482455048,-0.0016966211478531,0.0053631732319658,0.0053400775236669,0.0052820674419933,0.0008150758367046
2018-06-25,-0.013613008341063382,-0.022530181378495606,-0.0008535733631663,-0.0143106112536108,-0.0018465098193001,-0.0012745899633257,-0.022530181377218,-0.0024476238305474,-0.0114746113414491,-0.0131473898443938,-0.0180640169705365,-0.0183431697135386,-0.0164859625823303,-0.0164428477745061,-0.0165810621562694,-0.0143621667913229
2018-06-26,0.002214102266428597,0.004084491027587012,0.0006381436705737,0.0022243831251971,0.0007906332781111,0.0007928963664942,0.0040844910273969,0.0016161021578957,0.0098664997073231,0.0089916515572308,0.0044858917257187,0.0032396164478889,0.0061093212878128,0.0055375014531198,0.0011682775906175,0.0021424288608366
2018-06-27,-0.008284366138822774,-0.013599073615319868,0.0013576129601347,-0.0071117664677803,0.0006137401853616,0.0007740406858949,-0.0135990736145573,0.0003114205839287,0.0051722661952922,0.0023320727156045,-0.00853423463675,-0.0102210929149711,-0.0082746286543779,-0.0092570520266973,-0.0142726457919826,-0.0121999403720365
2018-06-28,0.005717471781356842,0.008601997459371846,-0.0011883781930822,0.0050705667351735,-0.0005284586059567,-0.0011982116449242,0.008601997458806,-0.0007585809436774,-0.0005716068735115,0.0008164165735781,0.0058040263969218,0.0069050709001091,0.0037040177599667,0.0041776551201624,0.0065683876541991,0.0053259859485508
2018-06-29,0.0014398792657386306,0.00268707169083382,-0.0008743214861425,0.0013401655956863,-0.0007321826435897,-0.0009367822605456,0.0026870716907694,-0.0004391679188637,0.0114415921754639,0.0101169967028602,0.0041566737841369,0.0019520621515999,0.0045927738653566,0.0055363652861956,0.0069032505950598,0.0034765534076546
2018-07-02,0.002137957435168758,0.006699586478031927,-0.0004264342690454,0.0039136399593957,0.0001823350095566,-0.0006299717207683,0.0066995864769388,-3.0336211027881532e-05,-0.0026134523975051,-0.0043218858494776,0.0030897416402201,0.0053007383666644,-0.0027509843364552,-0.0031908946403805,-0.0018867384916668,0.0022389311342357
2018-07-03,-0.0035314033102518128,-0.011574093578395783,0.0014959998007582,-0.0052993486391537,0.0010198940606147,0.0016533085633032,-0.0115740935764652,0.0013570355690519,-0.0080619580314341,-0.0074176731789794,-0.0068159354099954,-0.0084086787655996,-0.0018697198783236,-0.0025528873586285,-0.0018913580770541,0.0004651524481248
2018-07-05,0.008157848440969895,0.012412170127867883,0.0017239018704382,0.0088373917644097,0.0021260595640959,0.0016645231882439,0.0124121701269082,0.0023896163057579,0.01017771990749,0.0097678204578696,0.0099342864234469,0.0106279178855386,0.0100662884226391,0.0086215097398803,0.0071733084347566,0.0109327894342316
2018-07-06,0.008458311212160119,0.01555643478080948,0.0018384571102547,0.0109810019311007,0.0024293054003132,0.0017334916702171,0.0155564347793928,0.0023686463047403,0.0118631713426219,0.0111856594261861,0.0118552760727754,0.0132591437248176,0.0091152121310066,0.0099602654555605,0.0114694767253294,0.0092485827180742
2018-07-09,0.009004587664951824,0.00899727886272328,-0.0006095977539721,0.0032942780654074,-7.7546230756953e-05,-0.0007808174257357,0.0089972788615613,-5.305809220412794e-05,0.0077009683150788,0.0074631662032389,0.0058790040267114,0.0061118301515305,0.0053397699959899,0.0079315488117739,0.0113723062896279,0.0018414346206303
2018-07-10,0.0035981674819594023,0.0007336829625930186,-0.0003740887891805,0.0004351443987073,-0.0001058094209288,-0.0005624124251132,0.0007336829624584,-0.000526870688612,-0.0002815015098418,-0.000467732356648,0.0002841780457091,0.0005811579517737,-0.0016212019796404,-0.0020539065789213,-0.0013337161049114,-0.0005582978772944
2018-07-11,-0.007314330133524005,-0.005075586094580031,-0.0002203768451598,-0.0018094787308368,-1.1995030997358214e-05,-0.0004214657038281,-0.0050755860943668,-0.0005015054049278,-0.0151014304527742,-0.0169406247378489,-0.0053384576723024,-0.0034060416150151,-0.014840436436594,-0.0164638159773604,-0.0126599217032955,-0.0049329047352176
2018-07-12,0.009066080578453928,0.017231506622484627,0.0012312358054953,0.0108631170447404,0.0018749613904491,0.0010596328888989,0.0172315066207251,0.0018472899792529,0.0132169867671623,0.0124805418620276,0.0129878902369845,0.0139945329504473,0.0085242312128457,0.0095850890078498,0.011870817984563,0.0076851687834036
2018-07-13,0.0007873410936960479,0.0008358292843717585,0.0010963769722844,0.0014531752668145,0.0011274851266487,0.0010710074573956,0.0008358292843542,0.0009481984821064,0.0011489822127323,0.0012064286534245,0.0007593187481557,0.0011530548924227,-0.0004161562882471,-4.470612397064005e-05,0.0006635993698698,-0.001319627208428
2018-07-16,-0.0008941046626936844,-0.002394146423242538,-0.0017179487582276,-0.0030358107825875,-0.0013928233674156,-0.0019554992886928,-0.0023941464234003,-0.0018344136594145,-0.0087130502051495,-0.0098722235684282,-0.0033338083780729,-0.0027235122122729,-0.0087596040679125,-0.0087720401221639,-0.0031224928409316,-0.003918335537088
2018-07-17,0.004045173346227893,0.006083409261048889,-3.43186675360041e-05,0.0031852581368321,0.0002962238068973,-0.0001015035195239,0.0060834092602186,0.0002167123604035,0.0044371493800263,0.0041351506988873,0.003351650730344,0.0045941237471078,0.0028561865468465,0.0042499156583093,0.0051884350052852,0.0010941591917244
2018-07-18,0.0021037368767158338,-0.0018860851321998995,-7.579547200953218e-05,-0.0026574455698517,-0.0001904856332725,-2.8722761813981812e-05,-0.0018860851321176,-3.533563992186295e-05,0.0017793318519033,0.0024517354651652,-0.001606021315237,-0.0022844816096441,0.0025292237672916,0.0028583127271061,-0.0003959995622911,-0.0014214136219143
2018-07-19,-0.003771467997338185,-0.0050019618743846195,0.0014413465008336,-0.0009024903447041,0.0011238520992866,0.0016492460341657,-0.0050019618734189,0.0014272765848595,-0.0037161702281631,-0.0034802977591641,-0.0029731069798201,-0.00288175777564,0.0014423113257818,-0.0009622601401732,-0.0044609376237185,0.0045659130647286
2018-07-20,-0.001142913512960142,-0.00022338853764169997,-0.0020197774480482,-0.0046094944880629,-0.0022189055604497,-0.0019954862058025,-0.0002233885382385,-0.0020702633149618,0.0022568910207701,0.0027118867119628,-0.0013423544832237,-0.0024755174683886,-0.0001152213589564,0.0022802256086779,0.0046161301175846,-0.0051065812719652
2018-07-23,0.0018593877952972626,0.0031845604203273314,-0.0030317525742852,-0.0024243409538163,-0.0028715924538799,-0.0030840442348909,0.0031845604192344,-0.0027871752601879,0.0033050100384759,0.0033271059568501,0.0001246593760574,0.0002822346024235,0.0021822369740713,0.0017322244534114,-0.0008115770729803,-0.0004674355066509
2018-07-24,0.005032064679316051,0.00412100697387241,0.001320784692413,0.0038765769582458,0.0015111403700882,0.0011053595810945,0.0041210069736046,0.0011843346925324,0.0045164390742275,0.0045889792436003,0.0037821699919871,0.0039932579975379,-0.000883364642308,0.0010888728476218,0.0051677403820839,-0.0030122625292009
2018-07-25,0.008522508244810156,0.013976839827881227,0.0007926739145101,0.0084114056678801,0.0012694580352545,0.0006971254494587,0.0139768398265556,0.0013026065073968,0.0138019889950524,0.013769913425289,0.0108381411705238,0.0110668258059651,0.0101220349602977,0.0109519295827296,0.011401664881836,0.0077211110682735
2018-07-26,-0.002359264508580927,-0.01515162683322735,-0.0007184202860802,-0.0104689650114242,-0.0012465714676508,-0.0005933915708378,-0.0151516268315876,-0.0008371221331675,-0.0100440828145564,-0.0091071277351988,-0.0118467651977846,-0.0126786699365288,-0.0026008104378636,-0.0040439366999297,-0.007995193489755,-0.0022333108454675
2018-07-27,-0.006776088375245681,-0.01349608247905143,0.0003774898661237,-0.0080779914332125,-0.0002214379727878,0.0003508416884265,-0.0134960824776898,-0.0005018698592745,-0.0103089578173255,-0.0097242946942999,-0.0096291544052766,-0.0106592344544476,-0.0119237486069044,-0.010495810557786,-0.005708703155589,-0.0126589750649769
2018-07-30,-0.005223506655888888,-0.014131391092956691,-0.0008633440799004,-0.0102732621456881,-0.0016139577251552,-0.0007275438077191,-0.0141313910915423,-0.001406349012588,-0.0074135691728798,-0.0061812161401263,-0.0106412656271761,-0.0121309942699005,-0.0043624040167796,-0.0045810879454401,-0.005834122330925,-0.0062991659164851
2018-07-31,0.0049293132083241264,0.007652368481993133,0.001671607573292,0.006856301324547,0.0020975895192654,0.0015880264703291,0.0076523684817098,0.0021588057427903,0.0031298588887642,0.0023002256428133,0.0063823352980688,0.0072424504808446,0.0052928778384469,0.0041556310439264,0.0059406996912624,0.0109174240914881
2018-08-01,-0.0016706551423814053,0.003797039441632011,-0.0015469092953553,-0.000366161974145,-0.0016719355843795,-0.0017238329555724,0.0037970394398294,-0.0017458313415682,-0.0017663543464887,-0.0034247520330876,-0.0003707067185008,0.0014437827734011,-0.0026998512166585,-0.0039157621624716,-0.001475831902323,-0.0017575857240669
2018-08-02,0.0054477173182252425,0.013606616513737402,0.0012962751860972,0.0078270805284261,0.0015797305800739,0.0013302140900706,0.0136066165105364,0.0018656405768597,0.010047347035924,0.0097348283446178,0.0095413947810366,0.0104699824483886,0.0076366886658793,0.007379942642041,0.002974872361604,0.0028252796789786
2018-08-03,0.004284624404016446,0.003063685048000364,0.0020934211396306,0.0034378986306038,0.0023782077550054,0.0019871045995187,0.0030636850479943,0.0020806409099267,0.0015586675416672,0.0020633067265632,0.0033571280292639,0.0033097378216287,0.0020124440202571,0.0009883535256591,0.0008282745977086,0.0022546761524992
2018-08-06,0.003667262331669585,0.005886139038391747,0.0010875625711359,0.0029074956685346,0.0012616726212237,0.0010672563130866,0.0058861390370728,0.001392035255225,0.004768466355961,0.0043667925179987,0.0039923491172388,0.0042550473684621,0.0038347331872212,0.0035414308387497,0.0013964820482253,0.00108746663389
2018-08-07,0.003302232921003956,0.003643745467978299,-0.0008892518426178,0.0018275538084977,-0.0008169527492608,-0.0009158007449264,0.0036437454676323,-0.000880731911957,0.0041189952754624,0.0047433292033327,0.0023231423569769,0.0025642359279752,0.003898263122812,0.0048603916024144,0.0051801099668569,0.0039350210423735
2018-08-08,-0.0004201906184725379,0.0012100018641627575,0.0001646828200836,0.0013809070375814,3.096392688251015e-05,5.9041851574015425e-05,0.0012100018635596,-0.0002674584903112,-0.0024365794138701,-0.0038102731575332,0.0001374140454058,0.0013413956071376,-0.0041222327525286,-0.0036304300503909,-0.0003039867112389,0.0002062796832553
2018-08-09,-0.0013659444734382964,-0.0006042697645398665,0.0014269885793021,0.0006573082935288,0.0011714812048255,0.0015293651726406,-0.0006042697643612,0.0011785905933907,-0.000496086282097,-0.00121110227041,0.000878619276766,0.0002780648608721,-0.0005902642888725,-0.0009316776061049,-0.00058369547354,-0.0001824677696052
2018-08-10,-0.006700154319619012,-0.007641171147843684,0.0019105387365254,-0.0037605910380504,0.0012324241093277,0.0021777576905916,-0.0076411711470754,0.0012844051482152,-0.0044283677771454,-0.0040459585621881,-0.0047012151144025,-0.0053489313764716,-0.0038963814289691,-0.005128684816831,-0.0112529004453104,-0.0071067319805423
2018-08-13,-0.003743497485379943,-0.001107895099700662,-0.0006754930207024,-0.0037671611900055,-0.0008341865729383,-0.0007082988707408,-0.0011078951007726,-0.000849885427769,-0.0032843597116656,-0.0034108552926273,-0.0017227289742784,-0.0025597277861729,-0.003867487569917,-0.0040313538510504,-0.0048099439698137,-0.0078923484508579
2018-08-14,0.00638061038315918,0.006266567173076609,0.0002570127499725,0.0038379006761763,0.0007896742091832,0.0001992660503016,0.0062665671725059,0.0010028004372113,0.0060043797067465,0.0053081914065225,0.0038840726974588,0.0048441399126912,0.0058731620759344,0.0053678785101841,0.0054189205029692,0.006254198817147
2018-08-15,-0.007467258110318342,-0.01223475988115319,0.0002874109971731,-0.0097814909480302,-1.533690791033493e-06,0.0001550673279744,-0.0122347598803119,-0.0005049854567106,-0.014286341925129,-0.0155321616987193,-0.009318312796773,-0.0107231965785528,-0.0132024987889629,-0.015414695151556,-0.0146431368453624,-0.015301266051303
2018-08-16,0.008091396531928474,0.0032918658996967665,0.0007179448779943,0.0019702958699674,0.0012793137010564,0.0006828424409353,0.0032918659001073,0.0012791460026337,0.0058003617499861,0.0059204753266819,0.0031087001735992,0.0025345416309919,0.0069280648535085,0.0068191238581379,0.0065014663393248,0.0049601888215198
2018-08-17,0.003520139167878744,0.0002224932683512204,0.0008392857083006,0.0020049388966854,0.0010202986494645,0.0008356076435176,0.000222493269427,0.0009922824973513,0.0021821295107089,0.0023318206431416,0.0009988436064231,0.0012047281478219,0.0035343098100456,0.0032008275539309,0.0041816941497925,0.0052775522417346
2018-08-20,0.0021400409161012046,-0.0008896889860533497,0.0022644032754872,0.0014582465159411,0.0022834087463705,0.0023168792060017,-0.0008896889851015,0.0021881271597381,0.0007659854965132,0.0007336615911709,0.0011722797808706,0.0004907942278362,0.001177383331871,0.0016483135773369,0.0026477207210803,0.0023348151307963
2018-08-21,0.0023454446974651155,0.003672858000867363,-0.0002214626657754,0.0022371583104983,-0.0002836219118861,-0.000141391912562,0.0036728580007812,-5.811213081075017e-06,0.0050867726555456,0.0043732377644806,0.0022301832095468,0.0028467181598592,0.0044774725337147,0.0056980648825782,0.0076658860124829,0.0070743065070266
2018-08-22,-0.0005936807600085414,0.003881158719063915,0.0014974771205495,0.0034706742831305,0.0011215867055835,0.0017315098487513,0.0038811587186882,0.0014162727755606,0.005944645664119,0.0072316692938461,0.0046126679063724,0.0037279731446484,0.0056081173319397,0.0065574392560753,0.0038556863397511,0.0034837025508167
2018-08-23,-0.0013279888362798253,-0.0014359167915947157,-0.0002012290818103,-0.0023440800562817,-0.0002207945266092,-0.0002280551719464,-0.0014359167921372,-0.0002597043674975,-0.0018680440416154,-0.001817535573762,-0.0011390659656019,-0.0018878689177869,-0.0021206896241151,-0.0025801543120154,-0.0050956361305909,-0.0060228176491175
2018-08-24,0.006018342763994378,0.009291922775461314,0.0011195144183184,0.0093639955616049,0.0015391127773167,0.0010869099470427,0.0092919227749364,0.0017332840807817,0.007831869740758,0.0079871575201885,0.0074988572529913,0.009295900578759,0.0072965979634834,0.0072884266669932,0.0080257835293051,0.0111901231901297
2018-08-27,0.007895403599582185,0.010192875487052389,-0.0009090551810102,0.0061920274851205,-0.0002954528632611,-0.0011304107426299,0.0101928754853999,-0.0005141190654343,0.006209603532473,0.0062250247126914,0.0066380483531688,0.0078672890091763,0.004181207222982,0.0058777081863369,0.0089351832559446,0.0065348729378157
2018-08-28,0.00048324441861424816,0.0014646477589779217,-0.0016015574803471,-0.0015300730879176,-0.0016308056960524,-0.0016792726345933,0.0014646477583697,-0.0017665650789828,-6.601392949528599e-05,-0.000587815759117,-0.0005656549655862,-0.0002431814715025,0.0008502126958549,-0.0005851353705568,9.118721956810516e-05,-0.0009770225644147
2018-08-29,0.005380814554295732,0.011537945860356613,7.455629746377923e-05,0.0083478095733426,0.0003398861582004,8.24209261425235e-05,0.0115379458584448,0.0004203721729012,0.0091157048348023,0.0097806993376349,0.0091002499109587,0.0097715536670356,0.0076711766973324,0.0081902453086662,0.0065780044199141,0.0062812616523933
2018-08-30,-0.004048328397519896,-0.0017672378684255863,0.0007222345630979,-0.001641607364054,0.0003792523784174,0.0008618428542894,-0.0017672378690455,0.0005514907752686,-0.0014618780740758,-0.0015636802771538,-0.0013622425528907,-0.0016502671737439,-0.0019320524835507,-0.0022396626260127,-0.0062268359229909,-0.0063888227764738
2018-08-31,3.429232827278916e-05,0.0012874335385493207,0.0005455801668454,0.000224047047159,0.0003057073015144,0.0006030356842257,0.0012874335384192,0.0003808371627309,0.0018403594016835,0.0016758958581597,6.562583690311384e-05,0.0006674853553482,0.0022747493114733,0.0010850641343234,-0.0003393738909853,0.0023209356034969
2018-09-04,-0.0017221778735414528,-0.0042859549438228894,-0.0022603680085394,-0.004581586491829,-0.002188153687599,-0.0023766496793685,-0.0042859549439207,-0.0022619977102061,-0.0043278709581854,-0.0046916061759843,-0.0047110123111148,-0.0045922109164993,-0.0055367703253754,-0.0055367789017356,-0.0057368885412694,-0.0084516916464997
2018-09-05,-0.0026915375994672752,-0.012913710325409333,-0.0005896894939592,-0.0108903950563634,-0.0008379790595024,-0.0006717498613519,-0.0129137103248503,-0.0008341063480422,-0.008827377630471,-0.0071906580618235,-0.0097462310443252,-0.0108151517291952,-0.0053126334700737,-0.0053126262922237,-0.0077609601791371,-0.0053957675262249
2018-09-06,-0.0030098820835202655,-0.008939692474376204,0.0012572576171343,-0.0064281776314455,0.0008026759218546,0.0009910435087086,-0.0089396924739658,0.0009581863130483,-0.0071878325937457,-0.0072612072322857,-0.0058689325503506,-0.0063562596723259,-0.0061634574521924,-0.0061634576315293,-0.0057834857316215,-0.0038348517768712
2018-09-07,-0.0019432959852879739,-0.0038502900496745207,-0.0032493029114214,-0.0047832440332081,-0.0033340300824648,-0.0031349818192917,-0.0038502900496545,-0.0031531174618787,-0.0025214297781352,-0.0014106342977116,-0.0044013680994919,-0.0048002987511742,-0.0016982949903055,-0.0016983014149902,-0.0039604353018619,-0.0047827732116043
2018-09-10,0.0017382952970206311,0.003368106540337479,0.0011000687113797,0.0034332636735021,0.0011090178775723,0.0011240605319844,0.0033681065402175,0.0016293161144345,0.002758959268213,0.0026513071200344,0.003372000883925,0.0034347028233966,0.0028759904148643,0.0028759929956033,0.0035721225871365,0.0010493424007821
2018-09-11,0.003297457666720627,0.007704224469730514,-0.0018992613359893,0.004634955627836,-0.001496761888759,-0.0016965436584136,0.0077042244693601,-0.0013680438035691,0.0059044566474683,0.0057750735058343,0.0042055847462924,0.0045679792842894,0.0057545432001204,0.0057545462120834,0.0033046736247046,0.003043636621357
2018-09-12,0.00024228710278206833,-0.002948811285297559,0.0015364743550974,-0.0018978978839409,0.0012633170264333,0.0015286094273307,-0.0029488112850385,0.0015160935879638,-0.0012320850222944,-0.0005040708813079,-0.001168463671689,-0.0018617147394717,0.0005155851342544,0.0005155834303541,0.0001640828138355,-0.0007191407853764
2018-09-13,0.005914374004606371,0.010680270648750767,0.0006256991644542,0.0088577705014836,0.0012997324440653,0.0003663174200281,0.010680270648304,0.0010688035836081,0.0051185887266068,0.0021315809624678,0.0070018458423936,0.008803029127061,0.0005097268428069,0.0005097258072902,0.0049477522883669,0.0064860566354621
2018-09-14,0.000172018529318807,-0.002926446916221792,-0.0010054448973964,-0.0032933085873165,-0.0010175967603589,-0.0010029603273472,-0.0029264469161043,-0.0008428270944551,-0.0019905851062245,-0.0011978566820717,-0.0032869204588962,-0.0033070989650147,-0.0021520973667453,-0.0021521050940021,0.0002705042019492,-0.001342572677567
2018-09-17,-0.005294282535571182,-0.014402925472694283,-0.000432999980943,-0.0115645238699815,-0.0010466340497877,-0.0006470461365801,-0.0144029254720925,-0.0010892245052854,-0.0107601623282595,-0.009918882666686,-0.0102834251520013,-0.0114534134262104,-0.0075308700412469,-0.0075308676873203,-0.0073029995594268,-0.0080425570392261
2018-09-18,0.005426225602928714,0.008271639832097,-0.0021925249245542,0.0045370381087794,-0.0014977927712317,-0.0019469745694532,0.0082716398317679,-0.0017435221902633,0.0065884188581088,0.0067299608462784,0.0040163401042987,0.0044357248519693,0.0060520740779054,0.0060520713823285,0.0069528244440832,0.0039041989573883
2018-09-19,0.0010655044035705608,-0.0007654829213694647,-0.0014475117631717,-0.0017870453504347,-0.0011467396800197,-0.0013891034282378,-0.0007654829213351,-0.0012893660439898,-0.0004540079205904,-0.0003134320497924,-0.0016086898092557,-0.0018306607157326,-0.000587469159325,-0.0005874783744218,-0.000156007352131,-0.0022001466311673
2018-09-20,0.008103994883035481,0.011056374513290113,0.0009624313058802,0.0097996487811204,0.0018512460819777,0.0010790875522401,0.011056374513056,0.0019603545019808,0.0083655952838813,0.007888930236958,0.0089120238995619,0.0097404832374792,0.0070318377121545,0.0070318434657006,0.0100134592923986,0.0100590465995976
2018-09-21,-0.0009137183157570394,-0.005467775868733593,0.0002862908629244,-0.0044869120745696,0.0001119688030946,0.0002071731252704,-0.0054677758684862,5.5368312069203895e-05,-0.0038438468978297,-0.0034412554772784,-0.0038653871686253,-0.0044354495122751,-0.0024256791865503,-0.0024256796312799,-0.0028347732235411,-0.0024844301765952
2018-09-24,-0.003322046148556579,0.002780999728257294,-0.0007838779176937,0.0017371567724595,-0.0012180852474393,-0.0005792460050572,0.0027809997278902,-0.0011002336868977,0.0028234598329136,0.00305295485731,0.0020700699669006,0.0016868524094182,0.0023891153401576,0.0023891033208403,-0.0009005098415831,-0.0063764573671838
2018-09-25,-0.0009277642255108853,0.0013594858421013267,-0.0008719756634716,0.0008951334442619,-0.0008955042847279,-0.0007627867900914,0.0013594858420777,-0.0005799637963008,0.0012990118895332,0.0015730363566467,0.0008866125904375,0.0008706577144962,0.0015558079615172,0.0015558085543366,0.0024430691107508,0.001476796376862
2018-09-26,-0.0029922265734347864,0.0007060669192575642,0.0020978447554862,0.0019335083722271,0.0016356864134494,0.0017740168451128,0.0007060669190475,0.0016267801801559,-0.0014982582174887,-0.0037813780953706,0.0014571227424537,0.0020006931275216,-0.0050766626436191,-0.0050766777319292,-0.0023482462843594,-0.0051162105203155
2018-09-27,0.002794238307958885,0.008465734103202394,0.0007682429301689,0.0069465584754206,0.0009393900386707,0.0007818636994623,0.0084657341028031,0.0010398228490791,0.0057156620549608,0.0045077857210223,0.0062007325089301,0.0068715118648589,0.0043924736728427,0.0043924784753279,0.0022312516500597,0.0044608301042781
2018-09-28,0.0001030335813714256,-0.00021507720314772882,0.0006995972764451,-0.0006846641121942,0.000542877679587,0.0009183273200095,-0.0002150772030498,0.0005924409401973,0.0017476937714094,0.0031455570015539,-3.153319127100395e-05,-0.0007109471901381,0.0052380897027888,0.0052381065074383,-0.0011471156625159,0.0031743355128575
2018-10-01,0.0034744279032943304,0.0020452125457346426,-0.0004148331981226,0.0012868387617193,2.2417154104559245e-05,-0.0007949172523532,0.0020452125452763,-0.0006283792334708,0.006609937025306,0.00660688716084,0.0030762714741217,0.001475706444124,0.0026277124005551,0.0024559845375371,0.0024560031226161,-0.0025063995957676
2018-10-02,-0.0005828898481617939,-0.002255971735075968,0.0013588820847343,-0.0005534587279044,0.0011743795585261,0.0012758072455159,-0.0022559717349011,0.0007213805299022,-0.0006369806294865,1.1455706798758626e-05,-0.0003794670738671,-0.000319424350566,-0.0030213285511911,-0.003454358403566,-0.0034544027938654,-0.0056898021286025
2018-10-03,0.0005489158238070058,0.0010767646817186893,-0.0052768112787356,-0.0003719693578311,-0.0047184181553228,-0.005169530962961,0.0010767646811891,-0.0041825908391999,0.0028530756425526,0.0024114223416134,0.0002702743563556,-0.0012742509113384,0.0054582130918508,0.0055476615337737,0.0055477211126227,0.0011967616086007
2018-10-04,-0.007815952770175216,-0.01919869477112701,-0.0034008844722756,-0.0163329384670001,-0.0039318521173609,-0.0035089590022693,-0.0191986947696792,-0.004280240171874,-0.0153450090414425,-0.0153755237939717,-0.0154786255794497,-0.0160036017049863,-0.0135795475689822,-0.0143760188851697,-0.0143760589644934,-0.0140643629463077
2018-10-05,-0.005596972947637946,-0.012227396754405762,-0.0031949714930871,-0.0104065141259129,-0.0034993741314728,-0.0031610068183092,-0.0122273967534789,-0.0036726459947588,-0.0087458016747087,-0.0085669475772083,-0.0095803752224862,-0.0104768512830921,-0.0074793343149866,-0.0076345280380748,-0.0076345628179939,-0.0080604320339027
2018-10-08,0.0,-0.006105870331338914,-0.0004410555778684,-0.0061148150975159,-0.0004077594077648,-0.0004534895874649,-0.0061058703307084,-0.0009165350968416,-0.0048044382607524,-0.0046713402747165,-0.0048326972993165,-0.0056684840999147,-0.0035032134273965,-0.0037622442367946,-0.0037623162174155,-0.0028987682053248
2018-10-09,-0.0014591493385622822,0.0032393440278690733,0.0016631160820215,0.0031467984322548,0.0013822125562639,0.0017410852527217,0.0032393440276403,0.0014978957054752,0.0040899525337217,0.0046693510501169,0.0046493566612533,0.0041749956922008,0.0020935629210902,0.0016836532792155,0.0016836116876371,-0.0002218068458928
2018-10-10,-0.031663144002735844,-0.043979468312121295,-0.0038789568034701,-0.0370854876653659,-0.0070308673876525,-0.003252241853017,-0.0439794683082622,-0.006571816872086,-0.0336488566549854,-0.0327894471148572,-0.0322656114971468,-0.0345611584599759,-0.0284026041010826,-0.029810636666671,-0.0298107482073065,-0.0274354158623599
2018-10-11,-0.022026625939631783,-0.01240308695611858,0.0013976949212741,-0.0079915082046465,-0.0010641260919931,0.0018053826483488,-0.0124030869551577,2.1280032878934207e-05,-0.0117002584952998,-0.0114113029033062,-0.0095464286945079,-0.0074377069103053,-0.0138626053740914,-0.0153401234031227,-0.0153401943181898,-0.0104606483288657
2018-10-12,0.013888387985721895,0.027830116091992485,0.0015547708585113,0.0223096073806101,0.0029038538533492,0.0009433409161856,0.0278301160887741,0.0020588024971608,0.0201797947182021,0.0191048657746159,0.0178217425689896,0.0208725147598613,0.0113051005367733,0.0111353290238593,0.0111353260866266,0.0134823247681561
2018-10-15,-0.005617026380345891,-0.012104121271111934,-4.0753348419686475e-05,-0.0094228889130768,-0.0008308174141862,0.0003179912460951,-0.0121041212696678,-0.0004983884425672,-0.0071054961272901,-0.0066553143779958,-0.006756445589482,-0.0088467661506179,-0.0019176102278937,-0.0020820438089548,-0.0020820697237582,-0.0040213214316945
2018-10-16,0.021865939854305072,0.029092464122274952,0.0022541708834025,0.0243645730651109,0.0044212243720951,0.0019727664390833,0.0290924641198728,0.0045536685139451,0.0198667474551636,0.0191193761057672,0.0203055894623583,0.0224867836488344,0.0191052712804528,0.0204755175977181,0.020475595583103,0.0214459776615438
2018-10-17,0.00017828623951121614,0.0003948675248244271,-0.0025782168766471,-5.4665287022581666e-06,-0.0023702560155225,-0.0028183612149375,0.0003948675242377,-0.0029465448346245,-0.0023163008001877,-0.0028636263187615,-0.0025892334593026,-0.0009588644550255,-0.0040317772205611,-0.0044037622613854,-0.0044037710708148,-0.0032194560536346
2018-10-18,-0.014441079160797288,-0.02318228998696914,-0.0010892324374294,-0.0193129053169075,-0.0024992638111924,-0.0008834288762333,-0.0231822899849135,-0.0025837206211791,-0.0180177906753903,-0.0174396870326823,-0.0172022401461317,-0.0181358625032574,-0.016360236289723,-0.0175519999776073,-0.0175521100099994,-0.0169671837737422
2018-10-19,-0.0005427129180699541,-0.000923864560812615,-0.0006102752524498,-0.0008178779708458,-0.0006033240401901,-0.0008019671816813,-0.0009238645608081,-0.0010016536664393,0.0009825512397925,0.0010271419516678,-0.0003549793164871,-0.0006748710518491,-0.0016926622864397,-0.0011835977209419,-0.0011835945402142,-0.0021340372975119
2018-10-22,-0.004488809806571736,0.005143860449305482,4.145093768559427e-05,0.0036158415865454,-0.0005405950018847,0.0001812579362805,0.0051438604484095,-0.0006109490649051,0.0035884852127729,0.0034187020105815,0.0030135595407197,0.0036728230060575,0.0012827608080769,0.0007963642586398,0.0007963527225214,0.002356649105451
2018-10-23,-0.005090541931420112,-0.0036801241821872166,0.0007515413405745,-0.0024790814074783,0.0002056908435843,0.0006254338256579,-0.0036801241820616,-3.3377471414519633e-06,-0.0082378796847638,-0.008704479570381,-0.0064369205564851,-0.0031834032383292,-0.0104680347760872,-0.0113192493831278,-0.0113193363804302,-0.0053956325413419
2018-10-24,-0.03029869224477799,-0.045766796625844264,0.0001983372637586,-0.0375935845602009,-0.0030698456763208,0.0008122173354752,-0.0457667966212828,-0.0031195401469468,-0.0311797685103236,-0.0293331904168177,-0.0298260596300151,-0.0339062332606749,-0.0275913930028343,-0.0299278081638194,-0.0299280780865337,-0.0303535325585436
2018-10-25,0.017940526073454643,0.03459549009482776,9.088191050121708e-05,0.0279797050044685,0.0019395977094851,-0.0002355461454178,0.0345954900910254,0.0017446763332824,0.0230792285425917,0.0219562884506129,0.0221944905562377,0.0257094184913558,0.0182920231084904,0.0193512451978787,0.0193513205121251,0.0197954372283346
2018-10-26,-0.01758729316321639,-0.02572195819466616,0.0007838597649483,-0.0208253846413382,-0.0012073554972972,0.0015638988818544,-0.0257219581918405,-0.0007282130383272,-0.0146841665122766,-0.0128598280553479,-0.013766458201187,-0.0182635988871186,-0.0091947529972008,-0.0094247194181394,-0.009424712965575,-0.0136517842136075
2018-10-29,-0.005540261621719833,-0.020580789772337682,-0.0007874521106963,-0.017215868977862,-0.0013354305623637,-0.0007795274514509,-0.0205807897700034,-0.0014630861732924,-0.015798181033754,-0.015751663116983,-0.0150504276447603,-0.0164861562812916,-0.0110096508472702,-0.0111913558199961,-0.0111913922905204,-0.010208706683749
2018-10-30,0.014818522094420361,0.01647978226125213,2.4713974231094227e-05,0.0130919444312214,0.0014518080921046,-0.0002947893096428,0.0164797822596827,0.0011905764766626,0.0092487818862639,0.0080980229747802,0.0093042362478516,0.0114324288743057,0.0098780489230814,0.0108482738634304,0.0108483427477081,0.0142487954547228
2018-10-31,0.010680887641484338,0.02350534235622792,-0.0012669264614626,0.018446024919249,2.442112121636697e-05,-0.0018528784535242,0.0235053423530331,-0.0008803026771686,0.0112578181382713,0.009842060639839,0.0109717047392935,0.0162214592029933,0.003638731309267,0.0043805611972827,0.004380666273483,0.0089812608912996
2018-11-01,0.010641831154773795,0.013190377787110963,0.0024271083438027,0.0106715622590305,0.0029650559805749,0.0024103976623885,0.0131903777863766,0.0035456254986108,0.0051141856634749,0.0056562472086649,0.0053194643513357,0.0119229393186646,0.0060429091442787,0.0092255202783998,0.0093598029995212,0.0157122556652767
2018-11-02,-0.005922840313134947,-0.01557591219604515,-0.0040316377374911,-0.0091331858304771,-0.0041812091159385,-0.0038464214357866,-0.0155759121917861,-0.0035975236454262,-0.0085973153871578,-0.0104723024664466,-0.0094482207085154,-0.0120029710929349,-0.0075662607876757,-0.0052146055383581,-0.0044116594464816,-0.003239217214798
2018-11-05,0.005516803588739849,-0.00247950639538852,0.0008734287562408,-0.0005649232320713,0.0012309494320592,0.0005918229670875,-0.0024795063938058,0.0009897242209855,0.0140650454249614,-0.0015867344907099,-0.0013872419272674,-0.0019238609468583,0.0039050467154939,0.0003302856959134,-0.0010879098454275,-0.0004726622757001
2018-11-06,0.006327864826643603,0.007575696569495971,0.0003300579314888,0.0043972935614082,0.0007911327870548,3.08504323478509e-05,0.0075756965677999,0.0008776424590308,0.0051668607366296,0.0030574398395569,0.0029152630720494,0.005320344481267,0.0041534170502693,0.0030086269645904,0.0027912901276147,0.0043598022170973
2018-11-07,0.021408934468193586,0.03136733551752635,0.0028122357467887,0.0186749602323299,0.0041532004149582,0.0021865345787479,0.0313673355109911,0.0038966209493145,0.0128301246193965,0.0177404343433091,0.0164989405761726,0.0234907837435103,0.0144897882236768,0.0152597747958446,0.0147819440677128,0.0183379562628881
2018-11-08,-0.00181504214498307,-0.006378742514970059,-0.0018147725348819,-0.0043530803372869,-0.0017990480710655,-0.001869718290721,-0.0063787425142882,-0.0020037089753974,0.0004165953693995,-0.0057642836151701,-0.0055693047351228,-0.0051895245840134,-0.0030304634971478,-0.004438173699123,-0.0048910115597851,-0.0059740907475699
2018-11-09,-0.009768151235131417,-0.01685203512401179,5.19736803992199e-05,-0.0114587710420528,-0.0005932508362692,5.587291402253669e-05,-0.0168520351213952,-0.0011513911612345,-0.0008948828798526,-0.0129210762388406,-0.0125928665719907,-0.014069484953944,-0.0078757323549317,-0.0138858467507039,-0.0144557926482583,-0.0141371662824559
2018-11-12,-0.018685265963212516,-0.03025876979958919,-0.0009653792455963,-0.0186255730734123,-0.0022275123285262,-0.0004818060184799,-0.0302587697931036,-0.0022547969474538,0.0004993663916967,-0.0182928525373877,-0.0172379099822263,-0.0233970787743621,-0.0105752772946153,-0.0155492815743311,-0.0165482498028966,-0.0182398293581043
2018-11-13,-0.0018711288432242679,0.0008416266652313542,-0.0005016274525561,-7.199851741279684e-05,-0.0004868410820564,-0.0008287426010076,0.0008416266641926,-0.000811322615788,-0.0009062032214332,-0.0079855066412233,-0.0081501397162229,0.0005114782784079,-0.0032962564240672,-0.0090518848285667,-0.0090118556543778,-0.0001431591836431
2018-11-14,-0.006836739638068301,-0.007628919772117881,0.0005424142635057,-0.0037432254013374,-1.483303991411944e-05,0.0008675478884399,-0.0076289197700718,-0.0003342924881789,-0.0027159914484156,-0.00154938735209,-0.0013836266968455,-0.0045288320085034,-0.0027257534491717,-0.0020886904008668,-0.0019832029091127,-0.0044411697463094
2018-11-15,0.010436725163248894,0.017493781267975628,0.0009410137018892,0.0096218428694034,0.0015459530779089,0.0008857750347603,0.0174937812641273,0.0012695837816063,-0.005713157152839,0.0097965895635757,0.0087597991843208,0.0129476240088346,0.0029391315071228,0.0082796929153727,0.0090009005265953,0.0116024878968876
2018-11-16,0.0026005821349179836,-0.003509980942033253,0.0013477677354429,0.0001744043396156,0.0013577395603399,0.0015531344991566,-0.0035099809398012,0.0012676485245073,0.0101019663136759,0.0001800890586924,-1.605451271244544e-05,-0.0014647737533282,0.0019011732008713,0.0026081373464242,0.001306838983462,-0.0010256225659929
2018-11-19,-0.01691441706773944,-0.03247758554324076,-0.0008900168342971,-0.0181319267820651,-0.0019779125512968,-0.0005945971902885,-0.0324775855354354,-0.0020686844758031,-0.0001977086726364,-0.0189917203560322,-0.0174830660418988,-0.0238702058669223,-0.0102716256116965,-0.0156885412295308,-0.0162379005881985,-0.0180592229295449
2018-11-20,-0.018506197317366024,-0.017894557178330328,-0.0024805893178849,-0.0114854705925235,-0.0034292779328219,-0.0025544422985261,-0.017894557176731,-0.0034814851843818,-0.0106115044437229,-0.0200254316953296,-0.0192192920871523,-0.0133515452213018,-0.0124255829020048,-0.0212973689696397,-0.0208395477431491,-0.0142284542363759
2018-11-21,0.0034075557996642303,0.007602386787493032,0.0016952537668102,0.004891264159365,0.0017573552523015,0.0019061467015737,0.0076023867871202,0.0024038574104177,0.0011842511243572,0.0070491168640793,0.0070746808533683,0.0061829488604802,0.0048973681696483,0.0090554308465769,0.0096364550017837,0.0097983976396508
2018-11-23,-0.006678716689217934,-0.007233329891461526,-0.0019471907798543,-0.0044934883956797,-0.0022265714246441,-0.001915311947628,-0.0072333298908552,-0.0019816542246651,-0.0022375966550335,-0.0132877858811235,-0.0133405456005691,-0.005778224033747,-0.0073469072575155,-0.0114097243657169,-0.0117822607982574,-0.0052950401437887
2018-11-26,0.01614434107908269,0.023114161594998794,0.0017352103344254,0.0130510137180692,0.0027171702031429,0.0013180861875023,0.0231141615898922,0.0024560085496112,0.0028538482697629,0.0149666681083977,0.0141047077132916,0.0170418552429726,0.0093689253514191,0.0123891087727743,0.0128590113924591,0.0134406455092191
2018-11-27,0.0033643818680446635,0.0033765694574470206,0.0005450448970805,0.0007581364927011,0.0008089855803805,0.0001535139598245,0.0033765694560099,1.8051814101083252e-05,0.0042032210852975,0.0008731726094577,0.0006123358947047,0.0016226989921639,0.0017510567190416,-0.0022169484947574,-0.00274950434628,-0.0009591055568324
2018-11-28,0.023025226908076846,0.03218283308526049,0.0035169917958508,0.0198105153883065,0.0048833767155787,0.0029412768524454,0.032182833078916,0.0048502373467882,0.0100182240217479,0.0179392808467423,0.0168900742109088,0.0245572785929222,0.0145047377249683,0.0169804774966002,0.0170233211960116,0.0218702192402363
2018-11-29,-0.002185011963713901,-0.0032601898575761457,0.0016883920571908,-0.0018721209646553,0.0013939906906437,0.0018625997261001,-0.0032601898568068,0.0009110520716724,8.465394402248527e-05,0.0003734771880292,0.0004794982389129,-0.0017653390552495,-0.0001773829549366,0.0002045281570467,0.0001085965660131,-0.0025358037383715
2018-11-30,0.006095374315717272,0.007255516530857653,0.0009469222236031,0.0038439426262335,0.0012820372774655,0.0008766571667491,0.0072555165292387,0.000880750193986,0.0093790883834967,0.0030531835434281,0.0023965382450667,0.0050817150619674,0.0039568106201929,0.0033186229847462,0.0021271392191008,0.00302447592576
2019-01-02,0.0010403365221134386,0.0040191368240543035,0.0009757673890751,0.0014074802314087,0.0007336341425547,0.0012686741149321,0.0029093501815109,0.0007236082226995,-0.0186341069667422,0.0035258044738935,0.0036087888452982,0.0031046156214282,-0.0039935840956281,0.0034852486604375,0.0027585629548454,0.0027852854558696
2019-01-03,-0.02386274052978954,-0.03267052199192799,0.004666939029337,-0.0073393509492456,0.0035324534264404,0.0049096654175579,-0.0189133269339135,0.0039207579261695,0.007115328917345,-0.0221672636758567,-0.0197871264292272,-0.0213084010032396,0.0079399759682881,-0.0030960826582767,-0.0034657505651256,-0.0143067824328709
2019-01-04,0.03349561436483639,0.042784761982382236,0.0015881253317875,0.0155604852313606,0.0032813591453575,0.0010695448433062,0.02553852336785,0.0038830186994174,0.0091421686499736,0.029633283956402,0.0269942498430007,0.0289359781131736,-0.002445000190907,0.006131463382554,0.0133476248473894,0.0238950843771779
2019-01-07,0.007884700919090548,0.01190547031112632,0.001958137409062,0.0078298491835291,0.002591815953461,0.0017933662841145,0.0091356734263929,0.0034642387295116,0.0081887356254026,0.0081087315978035,0.0085217561947648,0.0096059183423651,0.0012378285589487,0.002199764117967,0.0065366009863403,0.007263463131405
2019-01-08,0.009395356626517248,0.009045399808778054,0.0011031814399373,0.0039002519275428,0.0015379869609428,0.0010700594003389,0.0052130872022893,0.0019603885236174,0.0176512144468221,0.0060606854039016,0.0055128924679133,0.005845720956453,0.0048790581187677,0.0009051151733765,0.0046463921701939,0.0047359896246909
2019-01-09,0.004673534445389871,0.008149666312418757,0.0011691833950437,0.0051998872487906,0.0011227332908707,0.0015233974208137,0.0075895417523825,0.0013602840241462,-0.0011749094439346,0.0061917246150959,0.0065841843510974,0.0076782920472556,-0.000347821371771,0.0027905790662485,0.0101701830657506,0.0103896703198163
2019-01-10,0.0035274630268391505,0.0028602853747250467,0.0011385552159617,-0.0001245853422398,0.0013314503199002,0.000963549590162,3.4020327273509565e-05,0.0013935816613463,0.0117713833037419,0.0019962773666737,0.0001521554425174,0.0004790662717563,0.0017411399698227,-0.0018049078906792,-0.0023299680225601,0.0017218104681777
2019-01-11,0.0003863875823877372,-0.003658267408077065,0.0007066206798853,-0.0014433551883007,0.0004541973351464,0.0009201968866161,-0.0019284626278904,0.0001888991241687,0.0028566209693169,-0.0019405290048657,-0.0017506439236568,-0.0021921712932592,0.0031021315318659,0.0011411512902835,-0.0011650891430013,-0.001941217591484
2019-01-14,-0.006100947461500361,-0.008836966718969164,-0.0017717109618967,-0.0032922433796348,-0.0018295382802737,-0.0018973170966136,-0.0052205873795143,-0.0019335265383811,-0.002985122320887,-0.0067008455739199,-0.0062531237305105,-0.0057830896706583,-0.0025560354260814,-0.0037020799092585,-0.0048546216942305,-0.0054600547462399
2019-01-15,0.011460873594276277,0.01952666977652484,0.0009253367949471,0.0068755694709892,0.0013241988856331,0.0008629040258878,0.0126248852521737,0.0012042602985207,0.0081869620557496,0.0142290852433415,0.0128695462747864,0.0137426074096456,0.0015427627248386,0.0043021416644717,0.0073467747639565,0.0082874596141275
2019-01-16,0.002419668170091427,-0.000184764768150103,0.0003619086553556,0.0014797086798481,0.0004556770485699,0.0004916438608277,0.0008991236835833,0.0007784786022433,0.0060441485295169,-0.0002861392270068,0.0005478698978164,0.0007366441152803,0.0024297673709754,0.0003913964865339,0.0025721032592057,0.005267348015874
2019-01-17,0.007586888591861962,0.007884152163766478,4.903553066637478e-05,0.0030623162194354,0.0004284429685046,-2.083676534714307e-05,0.004933528867606,0.0005562460551171,0.0039611833555148,0.0053728744345535,0.0053168058993313,0.0053815925783162,0.0011758322405041,0.0017609492766077,0.0021925653397005,0.0042599897358503
2019-01-18,0.01330993090844812,0.009900325890281225,-0.0005139331856144,0.0010652415695358,-7.65294799289773e-05,-0.0005604258490307,0.0038949561438483,-0.0003056833802757,0.0025563525327233,0.0065179498393175,0.0047069384568274,0.0047750597997897,-0.0013277658368892,-0.0004490759543688,0.0028849203942248,0.0028521842875599
2019-01-22,-0.013510499584223679,-0.020030108791707524,-0.0006506849480152,-0.0074390164701025,-0.0013287641863379,-0.0004992984621422,-0.012603579843336,-0.0016010465355186,-0.002178468149977,-0.0139507892762865,-0.0125000954264688,-0.0136099627245087,0.0023365145994165,-0.0025771495951374,-0.0063864488332539,-0.0117008036290938
2019-01-23,0.0020924788800638083,0.0012965818374579552,0.0003866035480741,0.0005419335032872,0.0006005472820544,0.0001394228293525,0.0004335982087306,0.0004711263317394,4.7325346484754555e-05,0.0008367493885168,0.0006124655586777,0.0005625535812396,2.2265392647413208e-05,-2.0173819670588177e-05,-0.0004608292704652,0.0025867534497079
2019-01-24,0.0005313784622276163,0.006475560336208774,0.0024369409087128,0.0022723421655124,0.0021540571290739,0.002659684808937,0.003906291083517,0.0021884076443552,0.0033795567691447,0.0056236948999864,0.0051144145721302,0.0042862041567285,0.0042084845139923,0.004710077132376,0.0029069494217047,0.0049291544533664
2019-01-25,0.008461461045187857,0.011948517863639374,-0.0002127936419089,0.0094799292974878,0.0003787393700724,-0.0001378349488343,0.0127964624421872,0.0009962304322601,0.0105434080856414,0.0082625618006001,0.0102161761864218,0.0126750392656809,0.0016956997224041,0.0029177116568263,0.0090422267742618,0.0132116145015059
2019-01-28,-0.0076000933947679705,-0.012352340529452221,-0.000704063543877,-0.0035949298008707,-0.000787699957075,-0.0008148214510829,-0.0073065201224573,-0.0005897500929508,0.0085829655669876,-0.0090835669116895,-0.0081615185879705,-0.0080368257191605,0.0027161842536654,-0.0035676595688088,-0.0068067418652069,-0.0062451965024926
2019-01-29,-0.0013270982287489907,-0.009441418722340833,0.0016406773750305,-0.0013458257039584,0.0013719426747844,0.00184158415426,-0.0046026730259256,0.0013093735240956,0.0072301826067688,-0.0062532098352527,-0.0049777491511819,-0.0053475732561103,0.0049667444526416,0.0001135583864056,0.0022866665306411,-0.0009493098001017
2019-01-30,0.015830803397924864,0.02543776473020931,0.0046259874732625,0.0128242757103558,0.0052460843384927,0.0044020390562045,0.019030397143356,0.0051970266242193,0.0073133628676922,0.0194559465021863,0.018650302045531,0.0200717610341754,0.0033458084679412,0.0086721760232636,0.0114053951725199,0.0168106981374965
2019-01-31,0.008782425610288191,0.014968703341737832,0.0038657618446324,0.006355257990366,0.0039432385969155,0.0038839996097974,0.0103207984014324,0.0036786852465084,0.0096633772059034,0.0122869933093014,0.0116629041640899,0.0110247141493822,0.0077841132732743,0.0084980083828064,0.0039565065993991,0.0080158605173115
2019-02-01,0.000481463147385508,-0.004222343120800609,-0.0033484011934993,-0.0023762757820168,-0.0026280220352724,-0.0032866111382349,-0.0042223431203132,-0.0021270025742404,-0.0063162385022359,-0.0063543310770987,-0.0043307806729696,-0.0031376370740673,-0.0053821839279773,-0.0048266320045297,-0.0020294705444113,-0.0035602946913688
2019-02-04,0.007035592248826328,0.012421785518305528,-0.000283514067124,0.0054678218442569,0.000200668275875,-0.0003930110309934,0.0124217855161157,0.0004739632976313,0.006035266875777,0.0074807214305764,0.0075648687758192,0.0082420594727815,0.0048614353859828,0.0055440658872046,0.0096141373841364,0.0075025211287531
2019-02-05,0.004191679092611755,0.0088479753002777,0.0022895579164932,0.005466666453999,0.0028022806037837,0.0019102243181308,0.0088479752994268,0.0029405027880626,0.0056056363761605,0.005748585996859,0.007408879672236,0.006628398341092,0.0053556871513679,0.005252252035305,0.004250255276604,0.0073823757856841
2019-02-06,-0.0013182472099486642,-0.0029818716912664023,0.0001371242264405,-0.0031968605454131,-0.0004381551173844,0.0002747743321369,-0.0029818716917618,-0.0009586342291872,-0.0056966706605927,-0.0065491843454033,-0.0027260937100755,-0.0034748354368244,-0.0025791234198743,-0.0027225630725251,-0.00310833912581,-0.0059027394748734
2019-02-07,-0.009532578857198382,-0.013429576749757643,0.0004540733445186,-0.0065549923966776,-0.0005628540128685,0.0005839908363778,-0.0134295767478518,-0.0009838881136343,0.0080694461389075,0.0082703528366208,-0.0080805970185569,-0.0090984598063025,9.290107656699936e-05,-0.0009088822676779,-0.0049727433866308,-0.0093832056880716
2019-02-08,0.00122142138528325,0.001961554485190975,0.0008116951785963,0.0017121013380736,0.0009055608462305,0.0009251227088309,0.0019615544845912,0.001145985940959,0.0005164934825977,8.256626079254794e-10,0.0025784026971997,0.0021085268941976,0.0014174324423853,0.0009669223206553,0.0010383822762338,-0.0004926544009406
2019-02-11,0.0005546298874734568,-0.0009492225393614717,-0.0007582237317443,-0.0010512189212398,-0.000753849541762,-0.0008263620241423,-0.000949222539163,-0.0005984261596981,0.0019285884224497,0.0027341716980047,-0.0019086425717518,-0.0009862304688763,-0.0003157940555099,0.0001237689361687,0.0024570132348381,0.0008423530200388
2019-02-12,0.012859448516205019,0.014786345600662054,0.0012746138749668,0.0087790075726412,0.0022684245780018,0.0010549233626344,0.0147863455987378,0.0027026027802334,-0.0058307204018652,-0.0062832316641567,0.0102669669647681,0.0113145011869794,0.0018944416439109,0.0026320631872892,0.0068877763344587,0.0109539137734003
2019-02-13,0.003246735462950845,0.0007020748648898234,-0.001829424398079,-0.000907337606381,-0.0017204744799714,-0.0016697418437104,0.0007020748644945,-0.0017421701270022,0.004051313137867,0.0051300243077886,-0.0006094979232047,-0.0002489817507581,0.0006233834107519,0.0008610686561681,0.0031737874913513,-0.0014127592715785
2019-02-14,-0.0022181107760987917,0.0012279944140272114,0.0029755960230266,0.0019728846282851,0.0021183365034616,0.0033484368230993,0.0012279944141844,0.0019132482361683,0.0035062860905629,0.0032045812028679,0.0025062960971005,0.0021071621927257,0.0033123242398222,0.0027543000413914,0.0022709597659852,0.0020689493361161
2019-02-15,0.01089724773047629,0.004205231353906713,0.0011498817069637,0.0048581899182511,0.0018501778228003,0.0015560695373648,0.004205231354609,0.0026378888260396,0.0061167884005239,0.0067440880992745,0.0038960598750683,0.0053221259282669,0.0031539885689099,0.0033150240996918,0.0099211603964852,0.0061531284996576
2019-02-19,0.0017306418903071386,0.001977333474528775,0.0012932291588341,0.0046508747789157,0.0012398267511668,0.0014450107520436,0.0019773334751396,0.0014989964071936,0.0001009653249301,-0.0002349683536361,0.0034462531989165,0.0046016179958615,0.0012939036035644,0.001074869404828,0.0015999115223864,0.0049844994264952
2019-02-20,0.002015387550932113,-0.0001740578614866095,0.000302515674704,-2.96683231402195e-05,0.0002650445523464,0.0003990403633826,-0.000174057860887,0.0002810106914441,-0.0058225623071128,-0.0062301483246331,-0.0008333085443338,-6.870125423796089e-05,-0.0022648729446103,-0.0018966676739758,-0.000190618609857,0.0029414046080427
2019-02-21,-0.0035558694258592816,-0.0036575520250615723,-0.0022296241636564,-0.0046886642248237,-0.0022649790971234,-0.0022194483732841,-0.0036575520249283,-0.0024866174932334,-0.0002499003823905,0.0009462770161518,-0.0054244970755447,-0.0050202318980187,-0.0025966063924269,-0.0017960884754459,-0.0016445498114878,-0.0037891332764235
2019-02-22,0.006199963537584896,0.007400170109766346,0.0027839790204464,0.0049952187582336,0.0029942244743677,0.0029222995068693,0.0074001701096033,0.0033799200654425,0.0059147067428106,0.0059087753422001,0.0067411904004132,0.0063198165628899,0.0054803631568267,0.0050834753808015,0.0068440890842591,0.0084604706126776
2019-02-25,0.0013613244681964787,0.003643923334485377,-0.0008525521029484,0.0015675574925011,-0.0004144278695499,-0.0014281644438222,0.0036439233339449,-0.0003800334835695,-0.007277202201329,-0.0078713582388215,0.0019372723239157,0.0022435600994468,-0.0020233149493707,-0.0016453941301896,-0.0026839040771593,0.0044490577741508
2019-02-26,-0.0007154889596047154,0.0010373282688613816,0.002218350232739,0.0008862022634223,0.0018738893585539,0.002209555747483,0.0010373282682689,0.0013492181158518,-0.0021070744706763,-0.0030786145500791,0.0018284552286841,0.0006198696494402,0.0007731124755162,0.0004064642271058,-0.0022378359645908,-0.0026302779105228
2019-02-27,-0.00042944397810917856,-0.0006332905814113721,-0.0019925855669551,-0.0017672496118179,-0.0017363623041253,-0.0019840947023292,-0.0006332905820478,-0.001657417891136,-0.0057560560053795,-0.0049888344404467,-0.0032810677429288,-0.0017258095421501,-0.0038794635809666,-0.0027113115730244,-0.0007640445764816,-0.0028832128201178
2019-02-28,-0.001862806351152435,-0.0023042937843573696,-0.0019139217490916,-0.0026298142433744,-0.0016683228818293,-0.0021006200295331,-0.0023042937850057,-0.0016922346700581,0.0018964825046452,0.0026262577267426,-0.0028491638158633,-0.0029295003830287,-0.0010198371828475,-0.0007376752980422,-0.0011832184245217,-0.0060844494470903
2019-04-01,0.011859162441553828,0.013247263056331393,-0.0038157779886242,0.0054764647620295,-0.0028496039582214,-0.0038496892469538,0.0132472630556892,-0.0028100217709688,-0.0010031821820952,-0.0022245773533456,0.0058087784404917,0.0084616585395478,0.0012646821696583,-0.0004839815519361,0.0056540044719529,0.0087746111902593
2019-04-02,0.0004897295701329352,0.0037902647470549056,0.0011645811323044,0.0022027184512041,0.0010948659267904,0.0012664133391036,0.0037902647468202,0.0009205786589199,0.006252391946084,0.0063967577780427,0.003289270652316,0.002777341162683,0.003834616500284,0.0038451585413317,0.0026534721287632,0.0002230325825924
2019-04-03,0.0015736635946959066,0.0057462532710610414,-0.001599353023547,0.0023641208773357,-0.0012958777556209,-0.0017278633216031,0.0057462532707228,-0.0010544873211846,-0.001274774852086,-0.0020537976108814,0.0018426600758254,0.0035877040990715,-0.0001187309715405,-0.0011845971329507,0.0020690732702508,0.0040305452264992
2019-04-04,0.0026533351903634816,-0.00038075527040837276,0.001294425076046,0.0006629272439837,0.0013295023563164,0.0012665057778156,-0.0003807552702113,0.0014377314257858,-0.001166182306988,-0.0010655632572196,0.0004734042505859,0.0002841348295268,0.0001706473399414,0.0004060739524023,0.0011577838839708,0.0023828989105432
2019-04-05,0.004840333619428039,0.005171096444173795,0.0012184849044591,0.0034454192579198,0.0013356738381395,0.001228514944874,0.0051710964441029,0.0015560337212512,0.0062609524603697,0.0063031025880354,0.0041422710201386,0.0040582141062742,0.004259935526532,0.0042222069980474,0.0065875488078819,0.0056540136975609
2019-04-08,0.0007624219745012706,0.002545161829873077,-0.0011537323777682,0.000843091655952,-0.0009817078049895,-0.0010967177914258,0.0025451618296512,-0.0010814186958074,-0.0050151718669928,-0.0053325435703083,0.000864239435255,0.0015263567721647,-0.0016947336196171,-0.0020320195814598,-0.0017602088098637,0.0001222660854293
2019-04-09,-0.005124985617754985,-0.003511037652651594,0.0005109141652848,-0.0018326146953951,0.0002977177328142,0.0005364135197822,-0.0035110376526231,-6.20143629942449e-05,-0.0042635491002656,-0.0042469726904345,-0.001734916903969,-0.002443389336983,-0.0016841390677453,-0.0017559368389832,-0.0059835394752317,-0.0051290277842253
2019-04-10,0.0034110985621165213,0.005366488870944597,0.0034390039561831,0.0048468025151369,0.0033808070296699,0.0035240758483217,0.0053664888709965,0.0038891560051734,0.0086201665184032,0.0083855546547351,0.0045995767041092,0.005125003716272,0.0060807241253887,0.0055381197416536,0.008692561221502,0.0075123800321321
2019-04-11,-0.0002775037966386007,-0.0023723287446406616,-0.0008908425458781,-0.0010167847369001,-0.0005010148671035,-0.0012935454044125,-0.0023723287446992,-0.0004259838032507,-0.0007279225745438,-0.0013121208550931,-0.0033006661706807,-0.001564905825118,-0.0018058826422657,-0.0025291210005141,-0.0018857051915842,-0.0016773333750129
2019-04-12,0.0067658840738622494,0.004323612192346893,-0.0020630638329078,0.0023372930448104,-0.0012383502169188,-0.0023449374736929,0.0043236121922316,-0.0012555449061122,0.0040616734159344,0.0033509539101179,0.0012590186662125,0.0030904180224948,0.0018466017733944,0.0007478884674026,0.0031112474083657,0.0035298193829504
2019-04-15,-0.0006548910768675587,0.000161404338654636,0.0004365452949834,-0.0001014411750687,0.000293291927623,0.0004919648823782,0.000161404338514,0.0001256407517391,-0.0046332196524676,-0.0041865118935332,0.0007640635616605,-5.54286548078449e-05,-0.0017111801432627,-0.0007957073983772,-0.0022024817423984,-0.0016223015087975
2019-04-16,0.000655320240245505,0.003443426889962131,-0.0022344967355663,0.0009153223967566,-0.0019328980309121,-0.0024588172185994,0.0034434268895378,-0.0017837241359993,-0.019908741233721,-0.0206251533783895,0.0006882599001128,0.0017285173917827,-0.0072066758560446,-0.0076836084440832,-0.0056675516478234,0.0022306651022419
2019-04-17,-0.002446987307863191,0.003485246063966718,-0.0010351684730809,0.0005865597469549,-0.0011509861747015,-0.0009843065174682,0.0034852460635059,-0.0015211212758913,-0.0078951495504114,-0.0079582021280275,0.0025861228566582,0.0015119557401929,-0.0016973373575929,-0.0018065566884181,-0.0043886891129526,-0.0021792061360658
2019-04-18,0.0019691697920769524,0.001282374192266733,0.0015644701905621,0.0012342348564498,0.001503060885416,0.0017144288958004,0.001282374192262,0.0012165094268263,0.0067350239506735,0.0073677187947604,0.0023794048808078,0.0012808578477968,0.00345951046219,0.0042997284037167,0.0023224720350059,-0.0003998401357848
2019-04-22,0.0008620131485996829,0.002828368304141904,-0.0014725753635985,0.0004552236002193,-0.0013906930413406,-0.0012760807056663,0.002828368303779,-0.0015863109832984,-0.0097190255575913,-0.0102457196215767,0.0007018890965032,0.0014044297363606,-0.0034106786388723,-0.0040633411843921,-0.0037203552419715,-0.0010258765867973
2019-04-23,0.00899163200609876,0.012718211799914059,0.0027159330502763,0.0078225032285705,0.0029177364657395,0.0026332409007219,0.0127182117994,0.0032023999327877,0.0120091390894473,0.0119009688022229,0.0098827438224305,0.0094007806528849,0.0092435769272763,0.008773916494677,0.0125243249683197,0.0095960522845809
2019-04-24,-0.0022191569245171294,-0.00315274282075384,0.0017534240356644,-0.001697856171909,0.0010972342809461,0.0020010664480885,-0.0031527428205621,0.001218334404615,0.0068117222474014,0.0074511306342718,-5.916430549269475e-05,-0.0022759673492097,0.0030850852931499,0.003569637201292,0.0030088808970221,-0.0017059763301933
2019-04-25,-0.0006160451796303201,0.0040587676853172105,-0.0007675429487902,0.0020342740961072,-0.0004457507474477,-0.0009885107202831,0.0040587676848711,-0.0007419901548492,-0.0018706255531171,-0.0020095635587443,0.0025442624068217,0.0026608877125874,0.0002953711913711,0.0002010833801712,-0.0020400763306362,-0.0012709593884461
2019-04-26,0.004656721905349048,0.0008925122608336444,0.0025759662781708,0.0014237841825288,0.0025833525156671,0.0022163071607239,0.0008925122610321,0.0028239686443658,0.0073016983994986,0.0073523355900891,0.0016070626039163,0.0009378605208643,0.0040337111353517,0.0039112637417851,0.0058858823979012,0.0042093887245518
2019-04-29,0.0015677233453863515,0.0019407565164637486,-0.0012860551971077,0.0003598873013421,-0.0011412557992659,-0.0013082480638707,0.0019407565162967,-0.000966914968711,-0.0089958932943349,-0.0093798378278231,-0.0003588591204428,0.0009358691220001,-0.0041718091322072,-0.0043157617946214,-0.0015530310128728,0.0020792218460394
2019-04-30,0.0005104531089954456,-0.007747908541632098,0.0011622828580724,-0.0033383763340066,0.0010803535842371,0.0013118565619847,-0.0077479085409859,0.0007867652375941,0.008301130496292,0.0090056838546841,-0.0041966274840655,-0.0047410302709434,0.0011755879571895,0.0020856203483073,-0.0003461476876785,-0.0037465769372872
2019-05-01,-0.007516471640033773,-0.003218326223537238,-0.0017375692795935,-0.0019998213083092,-0.002165620864107,-0.0016934908197758,-0.0032183262239604,-0.0021455700978343,-0.0006303687881688,-0.0008216751687897,-0.0017876620243201,-0.0026205387668801,-0.000891764044261,-0.0011474429910055,-0.0038943019723216,-0.0055300829679447
2019-05-02,-0.0021589949121525454,-0.0043402535957948185,-0.0015064314735473,-0.0037546322912654,-0.0013779396659201,-0.0019185388713151,-0.0043402535931984,-0.0011975232345246,-0.0008833297768362,-0.0011388715403128,-0.0035511995956428,-0.0031579801051899,-0.0022049421637954,-0.002007174258321,0.0004750383558376,0.0005305566006702
2019-05-03,0.009787779750731973,0.01594815787204551,0.0021318820809033,0.011992319413113,0.0025125068233251,0.002335464140962,0.015948157864055,0.0030009526362952,0.0111674339682097,0.0115208338835769,0.0123936492600223,0.0116142839556401,0.0081846167844621,0.0089359386990785,0.0133255573405036,0.0124657473159745
2019-05-06,-0.004115188418543303,-0.006122145446109228,0.0017371087785666,-0.0037919713125327,0.0011691798942952,0.0019494361686167,-0.006122145442449,0.0013987799049712,-0.0042393738038816,-0.004378551885474,-0.0041024461860721,-0.003789914412968,-0.0018923891860351,-0.0023450290832504,-0.0024122296497032,-0.0033911718848518
2019-05-07,-0.01669967564596697,-0.01947978712612819,-0.000840641787147,-0.013178930612656,-0.002003683487144,-0.0007467064013022,-0.0194797871165072,-0.0022449646046442,-0.0185796926039595,-0.0186462302159889,-0.014619244135224,-0.0139567946149167,-0.0102549539105088,-0.0118934544015662,-0.0178043540644543,-0.0155413353990728
2019-05-08,-0.0013893620680145435,-0.0025236520594359435,-0.0010645535497715,-0.0024542258257359,-0.0009588798975109,-0.0012676156596909,-0.0025236520586803,-0.0011101610449703,-0.0015754426716937,-0.0016455359285443,-0.0024329478033274,-0.0019793184557835,-0.0019731534395754,-0.002044627775958,-0.0025032924234841,-0.0022596462622335
2019-05-09,-0.0030256281622558223,-0.005382986928155864,0.000854023530326,-0.0032547294327678,0.0005331098748566,0.0009551620429923,-0.0053829869249421,0.0004174302955004,-0.0002717722803504,-0.0006496023587108,-0.0027434677080115,-0.0036551422660525,4.095126803448342e-05,-0.0007178106991265,-0.0020867039370615,-0.0047087916885364
2019-05-10,0.00502336291230554,0.0012448376426374974,0.0007367079122093,0.001000608794176,0.0011689676423651,0.0005163614498016,0.0012448376442655,0.0009867864516697,0.0073273728879994,0.0068777415730622,0.0020140500662509,0.0014011790997476,0.0034461031501473,0.0040408069626365,0.0046899179378673,0.0026433483243599
2019-05-13,-0.025130279873520123,-0.03470281285824339,-0.0011800899096848,-0.0240293699186775,-0.003077678021167,-0.0007120231336501,-0.0347028128364058,-0.0035054397519512,-0.0130566002405151,-0.0146567270944473,-0.0227420125273898,-0.0249761198056209,-0.0091644406722772,-0.0114610408083118,-0.0211957553456015,-0.0259995750648566
2019-05-14,0.00904363684504772,0.010975463361965865,0.0007079442899733,0.0073365937089331,0.001104456486348,0.0009987042610937,0.0109754633566343,0.0013612603431409,0.0062898280783113,0.0066361987960722,0.0076389596999836,0.0076980930619795,0.0042606121122155,0.005050133241725,0.0084002400984136,0.0091264246123358
2019-05-15,0.005857479070934701,0.014124173870764256,0.0024494951417841,0.0109652082782303,0.0025136786502795,0.0028073030424586,0.014124173861113,0.0025995279350123,0.0093987734023282,0.0097480835853241,0.0114017365588078,0.0102691413356302,0.0075040187989274,0.00719432190197,0.0073400278514563,0.0056967328280893
2019-05-16,0.009261391543279096,0.010049914198414056,0.0001696170844962,0.0067884956915189,0.0009102891764152,8.269518697812117e-06,0.0100499141910481,0.0008033318459952,0.006154855969208,0.0064427859180343,0.0069053934911765,0.0072369730886741,0.0034640380196922,0.0040385588233389,0.006385476313806,0.0053240018569402
2019-05-17,-0.006465167555421147,-0.0102202070404539,-0.0002637453566829,-0.006771141023067,-0.0004174159035258,-0.0007043492478402,-0.0102202070356544,-0.0008631272531239,-0.0048907489260384,-0.0052847120527077,-0.0070100217872159,-0.0067948862056793,-0.0034963633910646,-0.0036551104895089,-0.0078609813863035,-0.0091287047096192
2019-05-20,-0.006612044028144637,-0.01688141417565614,-0.0014258456846921,-0.0121862314091707,-0.0017855274551314,-0.0014362466590754,-0.0168814141636007,-0.0019258575253042,-0.0153212417759863,-0.0154365731211791,-0.0137484806830954,-0.0117885030418152,-0.0101416505447776,-0.0101983718999332,-0.0115745391382906,-0.0078629206307667
2019-05-21,0.009015629789546509,0.010447285473473622,0.000768638893559,0.0073493733088561,0.0013777158570946,0.0006555874516906,0.0104472854681592,0.0015511098187945,0.0092249314353292,0.0093152904681488,0.0079880485527675,0.0076771595512148,0.0054442353920451,0.0062646432013137,0.010044592499099,0.0093741354114757
2019-05-22,-0.003071506572941418,-0.004454716210946952,0.0017102438370735,-0.0019735744989513,0.0016454080045966,0.0012712666720657,-0.0044547162082976,0.0012739485337562,0.0003235876888131,-2.9633038885602033e-05,-0.0018744446046377,-0.0023307667137258,0.0005846400169326,1.5899848001000283e-05,-0.0028779676478662,-0.0040878959426032
2019-05-23,-0.01221845088677509,-0.015302087299787881,0.0010611002786293,-0.0092530900174239,0.0002288187610341,0.0009874926774851,-0.0153020872902073,-0.0003180534624278,-0.0039953226424871,-0.0048311390063774,-0.0086077182131776,-0.0105929527567055,-0.0018607326605781,-0.0037501117126708,-0.0105801480161436,-0.0135244402946573
2019-05-24,0.0022683115300887735,-0.0005049765965924324,-0.0003136546230434,-0.0003797437137444,-0.0005176687271101,0.0003145670815982,-0.0005049765933015,-0.0001805297707173,0.0017970621826155,0.0016268914931147,8.843720352139359e-05,-0.0006071074902571,0.0008965741137428,0.0012589460861758,0.0034426902838677,0.0023438509253032
2019-05-28,-0.009300492897270862,-0.003760689637420045,0.0022247830909627,-0.0014113067988448,0.0011963372311227,0.0026354241761064,-0.0037606896354932,0.0014768782637943,-0.0076948650913787,-0.0074040444948237,-0.0027487668921279,-0.0021626260463184,-0.0027119864760917,-0.0039850049778107,-0.0065727773776256,-0.0034671794134193
2019-05-29,-0.0067107670623178795,-0.008225812339178074,-0.0014279952799146,-0.0054416725866066,-0.0017812075091674,-0.0014264823544473,-0.0082258123342351,-0.0018724075460815,-0.0114910172145391,-0.0112496481192227,-0.0070853127110853,-0.0059475935885892,-0.0065285771788697,-0.0066026636491135,-0.0092346189931017,-0.0051647315070032
2019-05-30,0.0027310464270058343,0.004203888321310467,0.0027510175724361,0.0047253801389646,0.0029564171444,0.0024324202874912,0.004203888319902,0.002644472157999,0.0041913906671693,0.0041923144780888,0.0045305614475159,0.0040642241607992,0.0041775441169093,0.0044544891163285,0.001898254183799,0.0016079303410182
2019-05-31,-0.013475186249194082,-0.015953014239966312,0.0006823315274602,-0.0095584941283889,-0.0003758103532285,0.0008727815905789,-0.0159530142277797,-0.0006128242266366,-0.0019745476002589,-0.0030078608215454,-0.0084446640467209,-0.0114727382175668,-0.0008206998685525,-0.0030776364701187,-0.0079722271155783,-0.0108097626279072
2019-06-03,-0.0025429232847853367,-0.022017819753330392,0.0034427850764422,-0.0095549066025798,0.0030689579462106,0.003562235189209,-0.0220178197345504,0.0032064395241089,0.0066891072697395,0.0029337624728842,-0.01482850561727,-0.0141051453800107,0.0080216386970901,0.0044831713639349,-0.0033924222769966,-0.004165857976219
2019-06-04,0.02170670032908184,0.02815659792345593,0.0021850344916911,0.013729982658347,0.0033808424570029,0.0014942600256842,0.0281565979072231,0.0037784128642059,-0.0114014493882211,-0.0053155733531702,0.018249744055956,0.0187043176311164,-0.004870450853695,-0.0058293422534581,0.003317080583206,0.0194396019114274
2019-06-05,0.008662304339688731,0.00743246334579184,0.0005376765726141,0.003075012182627,0.0014984078036044,-0.0002346115295449,0.0074324633411089,0.0011955115453805,-0.0056520616752808,0.017664199211037,0.0041555932144124,0.0043962810996363,0.0011566552936588,0.0045004256108767,0.0067963075026888,0.002190935154625
2019-06-06,0.006502483113452806,0.007944957950350995,0.0009398930856885,0.0054107420960038,0.0011667440785605,0.0010762887810784,0.007944957946864,0.0009144036891095,0.0032261281374593,0.0020786738510756,0.0067631830359906,0.0064472182202648,0.0020851490417574,0.001679397151649,0.0039091915456259,0.0022848969011867
2019-06-07,0.010006933495628756,0.019311980477468182,0.0034963325987145,0.0129780551885014,0.0038022206149987,0.0036692140489913,0.0193119804683676,0.0036181077506509,0.0086515995937112,0.0043173879701,0.0166422150319905,0.015572025844341,0.0058453544340248,0.0053435662769924,0.0099004837366,0.0094684782761047
2019-06-10,0.004589055488608551,0.011654956372012082,-0.0022621137607063,0.0040121387819926,-0.0017413299684307,-0.002695403697105,0.0116549563636751,-0.0015677636774145,-0.009412395530044,-0.0040024042981585,0.0063788822761578,0.0065709884082983,-0.0076185078526288,-0.0056460398375246,-0.0007988397763064,0.0067541745053613
2019-06-11,-0.00024225793012155883,0.0013650819498707278,0.0005795030189463,0.0011294790140661,0.0005383384006403,0.0005419266325039,0.0013650819503305,0.0005015323478438,0.0006131510979902,0.0024516444539853,0.0011767691517447,0.0012226902945202,9.521645759966342e-05,0.0010861872242029,0.0014049054154046,0.001062135777271
2019-06-12,-0.0017653111666791066,-0.005779886036869075,0.000415092022199,-0.0029631353899285,0.0003320891000737,0.0004994530205302,-0.0057798860340235,0.0002855329195088,0.0007656387674907,0.0030565210056528,-0.0041406361075588,-0.0041689967770586,0.0028971684932967,0.002162502297754,-0.0002351392333708,-0.0031558637771818
2019-06-13,0.0041262356867555194,0.005923121628576666,0.0027542420083532,0.004556756301173,0.0025264630297865,0.0031738744116409,0.0059231216272686,0.0027421258855249,0.0034436325823313,0.0041583371174303,0.0053021628140931,0.0050828272584266,0.004037714767388,0.0033088022949064,0.0043348334654568,0.0054763951299754
2019-06-14,-0.0011048555681483219,-0.004252574659806774,6.324220299402938e-05,-0.0018583925465867,4.086308841988462e-05,0.0001169277179227,-0.0042525746583883,-0.0002426115923771,0.0025166819196893,0.0007947868111948,-0.0025572924270317,-0.002589084007941,0.0009356186790121,0.0011830456247899,-0.0002802547125052,-0.0052109364581861
2019-06-17,0.00038024782641321586,0.006022846185158581,-0.0006155718496538,0.0034717863711579,-0.0006710950588956,-0.0004550820593527,0.0060228461822722,-0.0005040904365044,0.0017496218203911,0.0096191402706416,0.004952666867842,0.0044417809770456,0.0013496329831203,0.003730062794083,0.0055241837033704,0.0038180262873644
2019-06-18,0.010470920214790569,0.01453139908551937,0.0041870277395843,0.0106280672408001,0.0044993640070194,0.0040731240695996,0.0145313990816644,0.0046460897755138,0.0050115005182049,-0.0002662031092105,0.0121472522139057,0.0119342432511964,0.0034994815647457,0.0024469392175442,0.0057572477967601,0.0123450892878711
2019-06-19,0.002257200030374218,0.0037550711209728416,0.0034174877544188,0.0038576134580621,0.0034976152380641,0.0031070744563497,0.0037550711213039,0.0035980896645146,0.0014356305826137,0.0049291956344858,0.0031741929030047,0.0034051483185318,0.0036108636598358,0.0035115871760619,0.0034542407907801,0.0044469776588037
2019-06-20,0.009554334038594181,0.009299385332227628,0.0033200340994059,0.0072262970052543,0.0035330291436657,0.0034691588858157,0.009299385332067,0.0034460523798405,0.0026408788804283,0.0047598753504466,0.0076318389773971,0.0075874951392014,0.0093424482219414,0.0033423629956532,0.0052615390511362,0.0071815545516397
2019-06-21,-0.0014534847003604412,-0.001482540363430429,-0.0037207239209634,-0.0036201231804023,-0.0035543428673702,-0.0037385847310058,-0.0014825403653337,-0.0037796809089694,-0.0109867497081162,-0.0137190214499006,-0.0038627603408665,-0.0034883404044392,-0.0039412305354728,-0.0091145681107582,-0.0083784001796793,-0.0043220763881439
2019-06-24,-0.0012245426727875985,3.182813200441892e-05,0.0018242253091567,0.0019185976477731,0.0017180258740747,0.0019361630986483,3.182813265723006e-05,0.0012759771951271,0.0074565263849072,-0.0021176387701691,0.0018912594743327,0.0014495639083712,0.0073898084769437,0.0024976900689643,0.0015626842685322,-0.0038047311559836
2019-06-25,-0.009807929972908247,-0.01716632387227357,-0.0007684371286419,-0.0096763392828038,-0.0015308727314488,-0.0002381484482003,-0.0171663238636928,-0.0014922099056782,0.0030966475317486,-0.0126265333304805,-0.0120916968900843,-0.0119577932026663,0.0004973141073996,-0.0033428673036893,-0.0085035886200833,-0.0092796496955818
2019-06-26,-0.0009974144816737862,0.004650367215102369,-0.0025261031794697,0.0008577759642911,-0.0024373192236394,-0.0026440399221469,0.0046503672099593,-0.0023789390449181,-0.0063997560553937,-0.0183363676103939,0.0018829934252487,0.0020049501403542,-0.0078919417729054,-0.0093424723416491,-0.0069274318453698,0.0015014475756503
2019-06-27,0.0035460743206479073,0.0038216083566762205,0.003166232338948,0.0045342862601789,0.0029471790640631,0.0034096260490397,0.003821608358159,0.0034367955954921,0.0070470602752449,0.0121682682018633,0.0046293852489148,0.0043373497853813,0.0040104900062552,0.0074628961280336,0.0074235812952732,0.0083078017902827
2019-06-28,0.005145683079036623,0.001286886315573721,0.0004523676709886,0.0010365017704461,0.0007276149064563,0.0003875354231144,0.0012868863163175,0.0009086723124864,-0.0006774039517061,0.002945548820903,0.0007949517420152,0.000813177127572,0.0010905893990955,0.001224478427782,0.0012616390937238,0.0040014222782921
2019-07-01,0.00907860331197563,0.013494610945854468,-0.0005510062680856,0.0092451223138201,0.0001477039268724,-0.0006521864316685,0.0134946109423883,0.0001281089520261,-0.0193693627591824,-0.0026899128309921,0.0094375264834877,0.0099261847741766,-0.006460255108242,-0.0056132498120748,0.0012732792813886,0.0061680992837272
2019-07-02,0.002604196146649196,0.003962812859625187,0.002554438805667,0.0035167584672715,0.0029140538944625,0.0020187835219391,0.0039628128592048,0.0026364371715745,0.0213597201167089,0.0178666490874084,0.0049238389306327,0.00358549861972,0.0142152937446936,0.0132196994100259,0.0108577722827809,0.0003696172156305
2019-07-03,0.00799511396343644,0.007525994249800272,0.0028501695871918,0.0057827687142395,0.0031426707516017,0.0029069458266186,0.0075259942490717,0.0031198638534863,0.0016490648416086,0.0107132321202482,0.0074242647961273,0.0060502668691828,0.006484186220841,0.0056042198384726,0.0081393052885721,0.0064932455055204
2019-07-05,-0.0011378708218433564,-0.0020371680909117007,-0.0051651648976254,-0.0044890836449283,-0.0049838513360315,-0.0050828449538525,-0.0020371680917018,-0.0051105409987792,-0.011150226306805,-0.0044540838778591,-0.0049135856010017,-0.0041191585412733,-0.0092717554114226,-0.0083801976044371,-0.0067721290165074,-0.002101956701822
2019-07-08,-0.0054947080286097405,-0.007013875443069084,-0.0015124951046574,-0.0049790418127924,-0.001734620735093,-0.0015401441811567,-0.0070138754420254,-0.0018058470815448,-0.0064326125740041,0.0023898833886025,-0.0048684230871667,-0.0052785177622019,-0.0005881708224052,-0.001134577227827,-0.0012684030551427,-0.0064610883434079
2019-07-09,0.0012465280398854528,0.005007591073250772,-0.000745232467085,0.0024335518926958,-0.0007143966541969,-0.0005497965926196,0.0050075910716989,-0.0008267712911401,0.0035037421774511,0.0033553302095899,0.0036278982498034,0.0028203123800628,0.0017284715257984,0.0013833411731841,0.0027400475418883,0.0008556796985966
2019-07-10,0.0047780221824529345,0.009965280098836127,0.001777985305261,0.0071915851332204,0.0017895375961118,0.0020923390585614,0.0099652800972349,0.0018126454438769,0.0157874783643164,0.0069458224163835,0.0060007437991609,0.0075976310785563,0.0050398115065655,0.0065948682174567,0.0046445716102289,0.0047596892656133
2019-07-11,0.0023441289672569976,-0.0007269396034080833,-0.003671036322415,-0.0025829898725177,-0.0031458738816264,-0.0038871675924971,-0.0007269396042474,-0.003460867398387,-0.008443582307619,-0.0124634196132755,-0.0039615653408654,-0.0023190608651995,-0.0110288679619496,-0.0095391934374396,-0.0089677753766159,-0.0021499834639476
2019-07-12,0.004477048345391976,0.005768594814449246,0.0014274008407442,0.0040555284360219,0.0015679801630146,0.0015094657192864,0.0057685948135168,0.0016002011614486,0.0062547187555803,-0.0004431533976092,0.0045859495691674,0.004294218572063,0.0019180959516418,0.0018826691872023,0.0022999770584001,0.0046242067897311
2019-07-15,0.0003326327807287033,0.003203576173600453,0.0012329565960349,0.0026700673040773,0.0013815576523592,0.0009341415648824,0.0032035761726887,0.0012251134136986,1.0465392404755163e-09,-0.0006901327689849,0.0038584533427716,0.0027429914433596,0.0016636931141515,0.000853173520761,0.0024541135252731,-0.0002963029182408
2019-07-16,-0.003225269294529487,-0.005150591306040897,-0.0022607203682585,-0.0040678208843725,-0.0022201020510269,-0.0024742452512348,-0.0051505913054199,-0.0021447276833751,-0.008462548743024,-0.0030708269279132,-0.0045937201944316,-0.0042149222988459,-0.0043476417685083,-0.0041739760323677,-0.003989160072345,-0.0028565120498509
2019-07-17,-0.006805008747775787,-0.004918485804697337,0.0019476570628791,-0.0012793216970971,0.0013291589735799,0.0021164375899065,-0.00491848580341,0.0014802112834382,0.0164653020818541,-0.0010234924153216,-0.000891387856215,-0.0017798992459195,0.0076981079716117,0.006595246247403,0.0024005193426782,-0.0041475076009142
2019-07-18,0.003660894121242375,0.0011447015211556444,0.0015547672159543,0.0015755943836193,0.0017164549558064,0.0015598397993601,0.001144701521637,0.001686806006556,0.0141179388764911,0.0016664224742902,0.0008707553584418,0.0015138972340528,0.0044925451436922,0.0049462863689251,0.0017774495295678,0.0021511531756433
2019-07-19,-0.005554898175928802,-0.007327752138514554,-0.0017277087290196,-0.0052455284996373,-0.002060284680145,-0.0015953100447952,-0.0073277521376394,-0.0019933760984304,-0.0147273840716796,-0.0161268051321315,-0.0060518584202107,-0.005545037324258,-0.0101702336649427,-0.0100069830184881,-0.0092693079359756,-0.0048375904924227
2019-07-22,0.002456435678980018,0.007957680587087568,0.001502117882604,0.0061950206889163,0.0018116739131157,0.0010320954074594,0.0079576805850778,0.0018805100519998,-0.0001487623744626,-0.0008245505302082,0.0064050494329262,0.0064541755295567,0.0005573804300953,0.0007918848509092,0.0026674992564394,0.0030190659868349
2019-07-23,0.0071500559887114346,0.006544352814908949,-6.755388212709157e-05,0.0043940945757243,0.0004176823027197,-0.0001351131232,0.0065443528138502,0.0004632917708595,-0.0056526093822892,0.0093287302049767,0.0034691867717246,0.0047045222847051,0.0001236047990219,0.0013277412848072,0.0031613503093641,0.0055077599317679
2019-07-24,0.004699535180046066,0.007018032627631676,0.0013372889990803,0.0055135973187634,0.001427960153695,0.001501767630339,0.0070180326266215,0.0017566426204882,0.0050863364022529,0.0012992526669378,0.0063327162251213,0.0057258612960367,0.0033484270328272,0.0030433155636093,0.0041547195588031,0.0073827115633455
2019-07-25,-0.004777173690106884,-0.009479880109365735,-0.0017908463817911,-0.0072406205807954,-0.001812154101811,-0.0020566005156668,-0.0094798801081693,-0.0020574453691041,-0.0070700060243506,-0.0060219693924094,-0.008275620736728,-0.0075513917827926,-0.0056406333578607,-0.0053268676198082,-0.0067493388143669,-0.0086912833935724
2019-07-26,0.0067000233667693365,0.010294764949770885,0.0009509425984775,0.0070934915580116,0.001321288097746,0.0008950044581568,0.0102947649478186,0.0014706021255772,0.0016489386727735,0.0042086294029548,0.0082625291713731,0.0075489190661816,0.0027060312920947,0.0025071802014722,0.0053277869926239,0.0074778765473101
2019-07-29,-0.0018211906428891034,-0.003430719469804777,-9.339636645566696e-05,-0.0024366875555462,-0.0002986263140556,0.0001502105536979,-0.0034307194689389,-0.0004841062298704,0.0066596718974373,0.0031834718266081,-0.0024737157158664,-0.0025732292445485,0.0028402895611532,0.0026506937691465,0.0005431730668691,-0.0029377405039134
2019-07-30,-0.002454684002354157,-0.0043161017484062425,0.0006901704803765,-0.0028891570285293,0.0002397400987577,0.0010118742864353,-0.0043161017470483,0.0005433428393437,0.0033449541032686,0.0074679999238219,-0.0025866464027109,-0.0030873730666903,0.0041072305025522,0.0035560751561715,0.0021754946243325,-0.0001592227846246
2019-07-31,-0.010940319655074027,-0.01383004788704889,0.0005641762278132,-0.0085592201642316,-0.0002427049637925,0.0006813180764206,-0.0138300478844265,-0.0001455114399053,-0.013112962272545,-0.0050067388914162,-0.0082260429855374,-0.0093030410496493,-0.0026097630652892,-0.0040406727676096,-0.004224344831225,-0.0082061908529662
2019-08-01,-0.008707905382722148,-0.00497132822264712,0.0056145499044621,5.192646105012244e-05,0.0048972786402246,0.0055032862872947,-0.0049713282193927,0.0046036105036237,0.0198603562076828,0.0240221514359412,-8.483218524715416e-09,-0.0012840411672303,0.0126676186247587,0.0126681992747591,0.0056008879842157,-0.0080956051126383
2019-08-02,-0.007529605066769585,-0.014725158794556936,0.0004786665013392,-0.0081515906845381,-7.473619500408812e-05,0.0005907161537832,-0.0147251587790853,-0.0001563659671963,0.009241401190587,-0.0038120359655891,0.0048373044395271,-0.0098507549327641,0.0016074912017549,0.0016081830653855,1.3402868914954487e-05,-0.0093791406461846
2019-08-05,-0.03007304594782023,-0.035334953425757654,0.0003260928362136,-0.020497380691805,-0.0020002203836497,0.0013903948917892,-0.0353349533964191,-0.0021250823024709,0.0172882329053799,0.0139818039888773,-0.0197044629066748,-0.024484603395194,-6.381157698524158e-05,-6.220543838210299e-05,-0.010461745568661,-0.0268907453441502
2019-08-06,0.014022880620655487,0.013998757841022114,0.0034741978004069,0.0105983556823692,0.0044156676456323,0.0028760516899868,0.0139987578326838,0.0043140000971086,0.0079931668981222,0.0081283909901559,0.011078140763306,0.011538103830971,0.0095597809392189,0.0095594234319736,0.0100816044734896,0.0103648918373608
2019-08-07,0.0005908421724556412,0.005402111324617653,-0.000258109589094,0.0029722606362354,-2.439224521777472e-05,-0.0005528399315606,0.0054021113193079,-7.843893501235932e-05,0.0003571995030147,0.0151896623484804,0.009714212744173,0.0036351168467689,0.0081185316741696,0.008118287157781,0.0046420692260665,0.0020731640295134
2019-08-08,0.019619938419524807,0.021764029113935157,0.0019554295090793,0.0135283039136595,0.0029510161357642,0.0021007516450162,0.0217640290982168,0.0029770124248298,0.0021424201819214,0.0050347006582951,0.0175635036692257,0.0157678058756327,0.0095985811570938,0.009597731646666,0.0124499151702559,0.0155881529299801
2019-08-09,-0.00681151515049172,-0.009401875807541038,-0.0014313022767148,-0.0065140972086167,-0.0017852063454814,-0.001474760799392,-0.0094018758005862,-0.0018538374772948,-0.0019952696032416,-0.0033161684282424,-0.0012093545956892,-0.0072564640691699,-0.002896422188167,-0.0028961326410233,-0.0039333369352608,-0.0082008603100356
2019-08-12,-0.012173209629577353,-0.011475145542046095,0.0020108422994902,-0.0043918208893215,0.0009708993505728,0.0024634439919426,-0.0114751455304723,0.0008750211790402,0.0208496460985027,0.009698499584795,-0.0026417499605676,-0.0063721615229153,0.0072244074385779,0.007225181339443,0.0026529579890459,-0.0097171761861606
2019-08-13,0.015551681261966932,0.02191472814430706,0.0001937189078169,0.0123122192500764,0.001046686115447,0.0001618649513748,0.0219147281235552,0.0010449775823424,-0.0034273944317335,-0.0059595013498234,0.0014347758058314,0.014981472037717,-0.0001941753133639,-0.0001951815940292,0.0056221732434416,0.0125538129430066
2019-08-14,-0.029567634299002443,-0.02988480095410473,-0.0002465423788646,-0.0164461687502188,-0.0022727247392194,0.0003780922548306,-0.0298848009310284,-0.0023403482912595,0.0225295219145138,0.0068415833643743,-0.0152082544919651,-0.0201070065430087,0.0012603839131525,0.0012618305540625,-0.0061021208657494,-0.0234310115176775
2019-08-15,0.002641771293406814,-0.0011489635676463772,0.0046659505350963,0.0013807599290642,0.0046639605571008,0.004513291396534,-0.0011489635612157,0.0044721125119771,0.0111194027539009,0.0066549809396751,0.009959637125438,0.0006606313040103,0.0082053120985417,0.0082055774619986,0.0066150933003458,4.110249851509521e-05
2019-08-16,0.014754983614767347,0.016050326891287492,1.8484056912626556e-05,0.0098646176380341,0.0009705445098888,-0.0001310988271968,0.0160503268783247,0.0011099694712339,-0.0080102161487781,-0.0064021903087095,0.0103046602838695,0.0116048278139698,0.0003727053825991,0.0003720664833841,0.0052401082993952,0.0139374497748985
2019-08-19,0.012047795931303229,0.015904655022597636,-0.0014321401952636,0.0078891248398293,-0.000461220485531,-0.0018254177665909,0.0159046550042605,-0.0004490482643779,-0.0143025051618988,-0.0116962773008232,0.0072384241418229,0.0101441005602343,-0.0040376480674573,-0.0040384946166404,0.0021768745863653,0.0091542240155901
2019-08-20,-0.00766263337997497,-0.00774817107551018,0.0028438767755414,-0.0021838487525843,0.0021287663942444,0.0030001943857131,-0.007748171065341,0.0021510721934596,0.0103443941204575,0.0077953612265336,-0.0070774616895745,-0.0037139245443682,0.0025438756444772,0.0025444680392045,-0.0009021723886673,-0.0039289480936586
2019-08-21,0.008135556572105518,0.008878465643189504,0.0002940327795766,0.0059410068717933,0.0009722085938193,-0.0001792157025716,0.0088784656362377,0.0010297309562736,-0.0066651613296158,-0.0031644137079337,0.0041671935259114,0.0067632498037364,-0.0008108685984346,-0.0008111900947681,0.001650037118588,0.0074659604369274
2019-08-22,-0.00030794363169173167,-0.003233881531309546,-0.0006601359730564,-0.0030809523711637,-0.0003642522688657,-0.0012305316648092,-0.0032338815301831,-0.0003706895076379,-0.0066407998684911,-0.0025395037999357,0.004586508958511,-0.0030624711147703,-0.001701525108323,-0.0017015374476043,-0.0018071467056921,-0.0025660330165944
2019-08-23,-0.02568729365608191,-0.031645503975104794,0.0015849118690438,-0.0168025737155386,-0.0001467183819153,0.0017980640147481,-0.0316455039436247,-0.0002886712711656,0.0164345496501,0.0195897888051766,-0.0140232233510714,-0.0208691851704288,0.0034357978832453,0.0034373609665449,-0.0080978522901319,-0.0217895801502253
2019-08-26,0.011058302974850331,0.015103949980336484,0.0014994251452669,0.0087494235167859,0.0022882099279379,0.001035098441652,0.0151039499659888,0.0023109162380852,-0.0040423083586624,0.000138760240987,0.0077177324517678,0.0105957976913309,0.0026546440078512,0.0026539808281824,0.0055371580842722,0.0099374405111184
2019-08-27,-0.003923622417170036,-0.0021101368822314948,0.0022595172039991,0.0008173183310344,0.0017738032715919,0.0024669021112053,-0.0021101368783323,0.0015462320146559,0.0154090331806719,0.0095707286359074,-0.002844642445884,-5.4487715971670435e-05,0.0064295215348352,0.0064298436138454,0.0035673183928193,-0.0050381767701671
2019-08-28,0.007041683703811419,0.0035786161574080655,0.0014239008339,0.0021493673622206,0.0016441667904225,0.0016200560240555,0.0035786161575723,0.0017507729757619,0.001287164652526,-0.0028165234186737,0.0032916375575786,0.0025747478307734,0.0008865431346071,0.0008863863334108,0.0024822753364779,0.0055238564877748
2019-08-29,0.012772800618928493,0.015289822188410351,-0.0004635529707687,0.0077969459781974,0.0002382237752733,-0.0002810517856215,0.01528982217457,0.0003173840911725,-0.0037887349089643,-0.0071645379310622,0.0077646767761176,0.0099133858407379,0.0005723954452717,0.0005716259222067,0.0055870920678165,0.01149741431593
2019-08-30,-0.00044412738713173194,-0.002394576922668201,-0.0004896413726451,-0.0014643291555356,-0.0002979814261241,-0.0007731101636248,-0.0023945769203815,-0.0003781226416285,0.0002714355864573,-0.0025672617313766,0.0007595598646736,-0.0017245451920374,-0.0007003355927252,-0.0007002372849815,-0.0003827584471009,-0.0006057006389961
2019-09-03,-0.005847326082846771,-0.009708271065910323,-0.0002151581156182,-0.0038931890094966,-0.0002477228882402,-1.0810174380315727e-05,-0.00970827106497,-0.0004438212996087,0.0012925672074181,0.0139130373862459,0.0089254122059442,-0.0066546607425102,0.0052766939340464,0.0052767937171091,0.0003739642073776,-0.0042659954623407
2019-09-04,0.011350501385049894,0.014435777489592905,0.0023628041359435,0.0089831801267932,0.0025751846629591,0.003053106218207,0.0144357774888972,0.0026873272032159,0.0014943946378068,0.0062435924030418,0.0075419569545144,0.0108435111130318,0.0037198992278136,0.0037199443178734,0.0074784227864605,0.0097288772290912
2019-09-05,0.012855368905338116,0.018318890748143524,-0.0027763436467391,0.0017507850901352,-0.0021331975904836,-0.0037782347301396,0.018318890746056,-0.0018333702294969,-0.0181103096739973,-0.024001111170984,-0.0085556432282405,0.0082068808685479,-0.0155508081087392,-0.0155508304423245,-0.0028406393558862,0.0076922623562761
2019-09-06,0.0007721066785042474,-0.0009906762892963883,0.0007252694313393,0.001362717063315,0.0007376684302686,0.0006791277480722,-0.0009906762891096,0.0007937152410819,0.0071151450720006,-0.0085231273210214,0.0028406938711966,0.0012593359661571,0.0008840930392068,0.0008840835282597,0.0028734286047406,-0.0003831911959973
2019-09-09,0.0005034577105400562,-0.0020878290785298903,-0.0026692058419638,-0.0078129554173863,-0.0030706547837769,-0.0028666867245037,-0.0020878290785587,-0.0027944135171898,-0.0177652496405142,-0.0037344912286911,-0.0063823903898205,-0.0064395644490882,-0.0091330266817013,-0.0091330141326119,-0.0081343790276658,0.0007050832454123
2019-09-10,-0.00023476635032271265,-0.002876630638843136,-0.0036484586753179,-0.008485536632543,-0.0039084132426686,-0.0041333594717833,-0.0028766306389865,-0.003661261667594,-0.0175278506492738,-0.0085579370667707,-0.0111944684196327,-0.0069435134201467,-0.0113825696170656,-0.0113825946141492,-0.0100596413830916,-0.0013893730456926
2019-09-11,0.0071109640112956285,0.009389371486969944,-0.0005118391063995,0.0051477982886518,9.067846280519376e-06,-0.0005303361203149,0.0093893714863804,-5.560719896102739e-05,-0.001776902988806,0.0060636738482377,0.0007399608542443,0.0062898393576767,0.0011567573781552,0.0011567674756057,0.002530369973461,0.0092949077087677
2019-09-12,0.0034637005054043435,0.00415727088707829,-0.0010988583233737,0.000248902430753,-0.0007550713676652,-0.0014898232212066,0.0041572708867432,-0.0007055234320659,-0.0065509032928289,0.0020563594524274,0.0038816546950668,0.0011848980568425,-0.0012214445518437,-0.0012213919474463,0.0007423226340509,0.0025805226891004
2019-09-13,-0.0006637495834207474,-0.0035708390983160143,-0.0058084371540871,-0.0100639858281271,-0.005819046024171,-0.0063310490060944,-0.0035708390985066,-0.0055792918261881,-0.0213590639475114,-0.0082791783996344,-0.0119789593781926,-0.0085084910637468,-0.0126547222255111,-0.0126547445267543,-0.0115834203723776,-0.0052068076733648
2019-09-16,-0.003088748008741038,-0.004466644793476249,0.0049542541121396,0.0024078206409503,0.0034483677812755,0.0063247740809371,-0.0044666447925144,0.0037601857963962,0.0127435828626069,0.0083482938240078,0.0092155384411788,0.0003105665880139,0.0087164206648468,0.0087164571367206,0.0056073292192071,0.0031236180655657
2019-09-17,0.0025319087823152397,0.004799832731645193,0.0011824058610723,0.0047768713701199,0.0018642879480912,0.0006649155791147,0.0047998327313349,0.0016425677546685,0.0054237279100873,0.0019813112565563,0.010165058844455,0.0049730135165501,0.0040693476403103,0.0040694180798107,0.0065677606764369,0.0043960195773191
2019-09-18,0.0005982430048874221,-0.0004153760576443011,-0.0002663076914053,0.0007816330289747,4.4704825563179895e-05,-0.0004564913440774,-0.000415376057728,-1.1073435160047218e-05,0.0042436418387662,-0.0062853030341373,-0.0024966383497538,0.0008778732558779,-0.0002146477865896,-0.0002146940637276,0.0003678750674744,-0.0027151481032254
2019-09-19,-6.648888266769237e-05,0.0016620351468030758,-0.0001534162130002,0.0023128422105385,-0.0001570608863485,0.0001335344164838,0.0016620351467613,-0.0001422968995258,0.0030081155453405,0.0040508272590737,0.0034788693617964,0.0020356798919152,0.0033295778831838,0.0033295871380818,0.0027499919488148,0.0004147179860193
2019-09-20,-0.004724833005052664,-0.010578669598444113,0.0037064031512934,-0.000560022188865,0.0032504536562332,0.0040472653689767,-0.010578669597101,0.0031578309939277,0.0132107586774413,0.0118204821995695,0.0015986305151089,-0.0039752050514451,0.0095758513452232,0.0095758071709128,0.0014784592871602,-0.0028844662664873
2019-09-23,-0.00023465873287797923,0.00044110450120538047,0.0006603992805773,0.0005807954544774,0.0006200006821048,0.0009155736105082,0.000441104501234,0.0005563521512874,-0.0002114511039975,0.0055963813578842,0.0013853846268504,0.0002599682414972,0.0015637270912953,0.001563746248396,0.0004797069279236,0.0003002546655627
2019-09-24,-0.00784682715339835,-0.013280795243674204,0.0017535239677697,-0.0028871948847002,0.0016346206040795,0.0017802167140894,-0.0132807952424944,0.001377591707544,0.0120541775416244,0.0052869167721019,-0.0004914085388743,-0.0062483186975355,0.005924747331305,0.0059247150233209,-0.00071878541066,-0.0083787561964534
2019-09-25,0.005914774696399894,0.011225163384385839,-0.0040884798958495,-0.0003406270525074,-0.0035584939385329,-0.0045552556322677,0.0112251633828841,-0.0034483472897369,-0.0146270894916067,-0.0185453729871058,-6.222752895383954e-05,0.0040491004047887,-0.0114518429480147,-0.0114517928423548,-0.0010025140642579,0.0060741023592869
2019-09-26,-0.0020832370263328404,-0.003682691158066298,0.0007770456030806,0.0001584550160935,0.0007806264504062,0.0008963382256683,-0.0036826911576243,0.0007038595202655,0.0064325159399894,-0.0002820862688856,0.0081639670789153,-0.0008749140639989,0.0033243583793953,0.0033244147166394,0.0035586497064689,-0.0013594598389812
2019-09-27,-0.005387174542398676,-0.012408943761388458,0.0001368326942643,-0.0065121646819883,-6.580920259413592e-05,0.0001773615499871,-0.0124089437604869,-0.0001547463838081,0.0024581147620326,-0.0051484275183331,-0.0045852557995505,-0.0082821487664651,-0.001291745281073,-0.001291787056346,-0.0046281074024616,-0.0076944915209177
2019-09-30,0.004637740183792705,0.009517256997975787,0.0006970867750315,0.0050991149291572,0.0012408881689891,0.0003177841244519,0.0095172569970285,0.0011813478679711,0.0024521959296903,-0.015525317610576,0.0018075045750128,0.0075561389368283,-0.0027583789594324,-0.002758397208119,0.004437012045143,0.0040049590627829
2019-10-01,-0.011894710111657436,-0.008156351842291132,0.0001804443869144,-0.0050653221047359,-0.0004332833202688,-0.0003268909640965,-0.0081563518387588,-0.00065134741829,-0.0094368974735257,0.0030104421247707,-0.0079306651362814,-0.0049236891042752,-0.0042600691712979,-0.0001712547913543,-0.0042600161567491,-0.0112697005332863
2019-10-02,-0.017664671887030248,-0.017194374556374625,-0.0008293354971576,-0.010010206262156,-0.0018672290271637,-0.0005845666610041,-0.0171943745432415,-0.0019491578479287,-0.0042222717405366,0.0024432611544311,-0.0034156683666096,-0.0115094989364131,-0.0057313181271267,0.0029291026133234,-0.005731276186764,-0.0091685770581652
2019-10-03,0.008192816087368993,0.010975242487373027,0.0031630120177117,0.009511707490768,0.0038049592835049,0.0034160120057573,0.0109752424818605,0.0034140761754515,0.0096760271937814,0.0091219671985268,0.0096089844250048,0.0104387405428293,0.0093249248768923,0.0073915510879957,0.0093248996058228,0.0080274395765222
2019-10-04,0.013532118959518558,0.014725629030010401,0.0026805919528318,0.0116214636532423,0.0034141447042881,0.0029381100883474,0.0147256290208648,0.0033237901164409,0.0060299715557893,0.0073831848633566,0.0061937136873783,0.0126000745182246,0.0088565413680376,0.0044388590888478,0.0088565146121118,0.0098226747332371
2019-10-07,-0.004314730627230423,-0.0030188720286390414,-0.0022371161378929,-0.0053372086733255,-0.0025138022404286,-0.0023690134429148,-0.0030188720301582,-0.0024102274038145,-0.0021406244438983,-0.0082882493892466,-0.0028845392396826,-0.004544298446583,-0.0045410486368423,-0.0061935146154178,-0.0045410459484616,-0.0026771235719137
2019-10-08,-0.015524705729796029,-0.014980911183272161,-0.0006679199820166,-0.0085230441314783,-0.0015938514914065,-0.0009282827103477,-0.0149809111719223,-0.0017264829121832,-0.0052558818041503,0.0026939661078743,-0.0042938700251657,-0.0098642319135599,-0.0053490541782398,0.0017680120488248,-0.0053490195944937,-0.0110590914119411
2019-10-09,0.009496439490040753,0.009761552684499408,-4.304381500797039e-05,0.0039130505321296,0.0005409787612244,-0.0001876498315083,0.0097615526766916,0.0006458216993432,0.0019408587784308,-0.0056486482692704,0.0010224509796812,0.0053004713294742,0.0018553631840354,-0.0007983311609336,0.0018553344939909,0.0047257719895337
2019-10-10,0.006763418970192836,0.007744487250201937,-0.0027405800942902,-0.0009407018948779,-0.0023556815720517,-0.0028485225172057,0.0077444872410974,-0.0022350123550902,0.0016144250228943,-0.0148944746004784,-0.0003833047430954,0.0011907595900593,-0.0022485594000497,-0.0071907801624788,-0.0022485967304526,0.0032143970011439
2019-10-11,0.01036694905385338,0.012879027168102741,-0.0015108714012005,0.0029331332738196,-0.0012675933500561,-0.001317895541806,0.0128790271577818,-0.000697634981531,-0.0004298429819591,-0.0123768271375276,-0.0018755557496524,0.005567738815515,-0.0001595723402553,-0.0056852000863677,-0.0001596384884022,0.0085298472209184
2019-10-14,-0.001113745632658425,-0.00010464349285066454,0.0016484422056555,0.0022755147839461,0.0016524174952168,0.0014902685915232,-0.0001046434921863,0.0015835383886848,0.000430048725233,0.0072629404789021,0.0012568908895908,0.0020281904526138,0.0026082590595422,0.0038394356251384,0.0026082799567905,-0.0006342238089202
2019-10-15,0.009900321352369179,0.01271651741445945,-0.0015653864525431,0.0029382161778177,-0.000903165702886,-0.0014932482931677,0.0127165174021157,-0.0007000016784264,0.0012893516903403,-0.0120883718656035,-0.0003294858981727,0.0055357784829171,0.0003076028890232,-0.0055985948744358,0.0003075539032964,0.0071905632774369
2019-10-16,-0.001606079259252824,-0.0024804051320463927,0.000787910013916,-0.0008972758314975,0.0006214919024454,0.0009848748441754,-0.0024804051282281,0.0005691473728712,0.0001072428671486,0.0012164308372807,0.0002414657661087,-0.0014102126961413,-0.000236466182849,0.0022267108379333,-0.0002364734642701,-0.0002638371718641
2019-10-17,0.0029490602487209916,0.002642008450362443,0.0006750042703826,0.0009184206950609,0.0005847589610141,0.0010674307947948,0.0026420084505742,0.0008533823296814,0.0065450126824927,-0.0024297913477505,0.0054589888750388,0.0011737782118822,0.0021691598611973,0.0018038357355031,0.0021691411707563,0.0062097270583536
2019-10-18,-0.004377135819846667,-0.009609951182635745,0.0004797921222121,-0.0047328312082932,0.0001606669629785,0.0002882855327133,-0.0096099511726586,0.0002144087428663,0.0076750652290451,1.758270073801216e-09,0.0067463421001799,-0.0068279784112535,-0.0004544794587361,0.0021085136396031,-0.0004544514262133,-0.0020229046187646
2019-10-21,0.006779157770242739,0.008868503533763228,-0.0017045002316634,0.002405322283449,-0.0012290756520656,-0.0014940670689123,0.0088685035260187,-0.0011019302884595,0.0076166313210509,-0.0075225928843921,0.0057846546446814,0.0041234633824577,0.0024606980546047,-0.0016309383624373,0.0024606595037498,0.0074137881023359
2019-10-22,-0.0032667015877149153,-0.007963187068848576,0.0014128672723721,-0.0017556098318182,0.0010382029599256,0.0015358405705991,-0.0079631870595501,0.001087619302962,-0.0029395232684379,0.0058471107554454,-0.0018762601920042,-0.0039652598784979,-0.001343248426526,0.001925613388468,-0.001343232363906,-0.0026156788295199
2019-10-23,0.0029095145313753346,0.0019286371504638744,0.000835661300677,0.0018726866119667,0.000800075321528,0.000950337065827,0.0019286371509965,0.0007807067606451,0.0022111418977276,0.0010046237241386,0.0020651424165071,0.0016611454673407,0.0015984457531069,0.0017259641720509,0.0015984295291685,0.001851401155375
2019-10-24,0.0016340528171954194,0.009728263937188064,0.0004501251984021,0.0033182736736772,0.0004755499982802,0.0003395803025456,0.0097282639272939,0.000550775857369,-0.002521493783618,-0.0020072275830588,-0.0024592812350936,0.0063309706155383,0.0017800937494842,0.000996374462118,0.0017800803967179,0.0016540331154355
2019-10-25,0.004094950936689434,0.007986105107208541,-0.00062480528686,0.0023479740644867,-0.0004837766718759,-0.0004872009250277,0.0079861050988581,-0.0003967922909965,-0.0085317745827504,-0.0048851673515253,-0.0080905313268777,0.004260016097072,-0.0018018644856006,-0.0034982484825041,-0.0018018932544591,0.001130767420005
2019-10-28,0.005636501883095724,0.009865100277914207,-0.0020041656595388,0.0019806870346228,-0.0015441499322534,-0.0018078867744031,0.0098651002661653,-0.001437425429475,-0.0060553108676974,-0.0090964619822767,-0.0064233409771012,0.0043759401716325,-0.0018847303946282,-0.0074242980239783,-0.0018847572886629,0.003255812815749
2019-10-29,-0.00029657975198360553,-0.007744214584908926,-0.0002471477019118,-0.0027495032216524,-0.000216839089148,6.131198758807521e-05,-0.0077442145764259,-0.0003917213934402,0.0060922003625494,0.0006560654098457,0.0054344021615471,-0.0053124281794777,-0.0005589573718197,0.0009323804429652,-0.0005589630111618,0.0005185496386013
2019-10-30,0.0030670926907621077,0.004845996766416949,0.0019325751382017,0.0077580185792738,0.0024411831619153,0.001998908960721,0.0048459967650185,0.0020123846908834,0.0036121188093614,0.0146341661199553,0.0049458851683455,0.0076795639023294,0.0072834154598571,0.0074767127436137,0.0072834031099517,0.0026752380473536
2019-10-31,-0.002663164060419998,0.0004569565449419333,0.0018198246341567,0.0041937997623993,0.0019188851810842,0.0020408578840347,0.0004569565455041,0.0015438790072921,-0.0017995072128155,0.0134901437469485,5.067222684023996e-05,0.0042299200948737,0.0042507982155632,0.0071133195259719,0.0042508145574451,-0.0012437102066188
2019-11-01,0.009263843187090837,0.009082548033947146,0.0014520306433087,0.0045718116919963,0.0014051743743208,0.0019912957342769,0.0090825480323193,0.0023218946716467,0.0067000594458991,-0.0030780362466452,-0.0005589300728043,0.0057586934714632,0.0018289901805734,0.0001950282378613,0.0018358842442838,0.0080227705713339
2019-11-04,0.004017770773546481,0.006184956586480883,-0.0016368021108367,-0.0008371155909157,-0.001653359943905,-0.0016364082265227,0.0061849565834493,-0.0016992247187491,0.002394575088326,-0.0131617269247013,-0.007745977750996,0.0010116353260322,-0.0044807539784593,-0.0062929538605093,-0.0046637415600474,0.0009007394382874
2019-11-05,-0.001106178592543805,0.0005497199399766561,-0.0032549819948334,-0.0047435151656252,-0.0034197788781137,-0.0032295803416537,0.0005497199374271,-0.0035995792158098,-0.0017613979305921,-0.0112465824584975,-0.0162893124707248,-0.0029311278226073,-0.0099221184032684,-0.013268066691663,-0.0088794095459144,-0.0052441177779833
2019-11-06,0.00022797121393725028,-0.002247653530848215,0.0007397167759441,0.0011140306253316,0.0011995527685431,0.0005335223567648,-0.0022476535295422,0.0013047648122763,-0.0006216424424088,0.0060517537298996,0.0026425267872578,4.8861591318556056e-05,0.0022222113772499,0.0035297959464595,0.0023559430351729,-0.0014523198671957
2019-11-07,0.003516726802259784,0.003354028051829161,-0.0044476103070294,-0.0048676053631446,-0.0041642528907545,-0.0045135390693866,0.0033540280484631,-0.0046461839272413,-0.0008528477848745,-0.0181185054027785,-0.01096048615669,-0.0026447262057519,-0.0089740101875383,-0.0127491191868819,-0.0082021755973235,-0.0020192072472973
2019-11-08,0.0024660945778349763,0.003991408577904254,-0.0002321804169798,0.000442691488838,-0.0001565763660085,-0.0001946479339326,0.003991408575791,-0.0003089975348476,0.0023851285901814,-0.0042072909314723,-0.0026269566572868,0.0016091973382344,-0.0014240231627897,-0.0034951876007102,-0.0009226330529426,0.0010349345259954
2019-11-11,-0.0019097493171942315,-0.0013417563658606468,0.0001792599765082,-0.0008960409888512,0.0001877396111442,0.0001019773829471,-0.001341756365773,3.4515342744789734e-05,-0.0009481557428237,0.0006672418057428,0.0020107386363083,-0.0008628592068355,0.0002161604762826,4.125878894380391e-06,0.000488156717382,-0.0003348046752414
2019-11-12,0.0021079851429615104,0.00288607077938563,0.0003589752078765,0.0032976480926274,0.0005521353266439,0.0003730294284758,0.0028860707784412,0.0005184045869861,0.0032203934732413,0.0045924966124808,-0.0060879995167302,0.0033136481555602,0.0002460152590934,0.0002087011283571,7.148216879627483e-05,-0.0010404766080539
2019-11-13,0.00032365393108757523,0.00024818416481608985,0.0009607778737943,0.0024587032603609,0.0011542695634916,0.0009465549382727,0.0002481841654253,0.000903884147795,0.0014708419852221,0.0064888169679656,0.0088378278145062,0.0019411524966902,0.0051696687870698,0.0059204448274339,0.0050077833355077,0.001723646013506
2019-11-14,0.0014557718604797376,-0.0007937034028978607,0.0023988833519774,0.0032335417952915,0.0027157172061307,0.0025345246949941,-0.0007937034012144,0.0027368027411169,0.0013855520680174,0.0103295482521023,0.0080757683506258,0.0021744775390888,0.0056107544518142,0.0066102034297014,0.0057134848804747,0.0024214606094582
2019-11-15,0.007236389006508581,0.007347493184712839,0.0010375326101508,0.0039028424199569,0.0013682485311794,0.0010552061960606,0.0073474931830839,0.0011664777330286,0.0056948887700846,-0.0010876500098631,0.0046381673792548,0.0049193394457986,0.0032532883753969,0.0012786024573989,0.0035216461755268,0.0056233935061221
2019-11-18,0.0007375845377743939,0.0007885400755613947,0.0001400057630411,0.0012848311122624,0.000573096169105,6.666496691498658e-05,0.0007885400755247,0.0002347322660378,0.0009895907905968,0.0018147347265263,0.0044893610977678,0.00111240248708,0.0025348947636848,0.0029704699947497,0.0023486192856766,0.0010903661684269
2019-11-19,-0.00028839011777925805,0.0014772816628865204,-0.0005954355692847,0.0032721125454175,-0.0002366278798501,-0.0001783167476892,0.0014772816628971,0.0001251371246693,0.0028204219848644,0.0083328703244026,0.002519120140625,0.0031885815991256,0.0035091754952344,0.0033147256397814,0.0036555118643897,0.0024613973609281
2019-11-20,-0.0037188036931704582,-0.005998895933687298,0.001256434618077,-0.0002302323199364,0.0008952596823776,0.0014942421989527,-0.005998895931061,0.0007922419286541,-0.0027963061802921,0.0103476066653238,0.0007808333509447,-0.0016614019923157,0.0011942204696337,0.0024949377540443,0.0012852014031011,-0.0028285866325029
2019-11-21,-0.0016089535201131433,-0.0022260831753824206,-0.0011844075624195,-0.0036835931337466,-0.0014651495629958,-0.0013955713146518,-0.0022260831760347,-0.0017080902650131,-0.0030161622520249,-0.0062587712531146,-0.0131122216600621,-0.0033441222814566,-0.0073098752557832,-0.0079600674506057,-0.0069975961574846,-0.0067579819209873
2019-11-22,0.002223892306662867,0.0006445085787336602,0.0015687760535041,0.0007844227620477,0.0014561628294884,0.0013818218838435,0.0006445085788451,0.001881601988751,0.0007706008650367,0.0012881004359032,-0.0030964674064056,0.0007341429046246,-0.0007186422632539,-0.0012243461988264,-0.0002549220913368,0.0002143510223892
2019-11-25,0.007750181565053582,0.011841661586480257,0.0017856216777685,0.0072247670881151,0.0019900585450285,0.0025315746302376,0.0118416615838301,0.0032231173198224,0.0100958634246968,0.0029308389187589,0.003138926855148,0.009095823136302,0.0049028556578603,0.0015761858653815,0.0057271878026365,0.0113990597205091
2019-11-26,0.002265681248888818,0.001909741776648266,0.001617251324995,0.0033970924014454,0.0016689470906479,0.0016642279703251,0.0019097417773552,0.0017631706189509,0.0026805791787671,0.0058442171215038,0.0123836958063051,0.0029927777831429,0.0067928507798833,0.0073738493149736,0.0065693633890772,0.005048818557099
2019-11-27,0.004457572766425555,0.0069888395316337615,-0.0008076937415754,0.0026347891310469,-0.0005006458691115,-0.0007137229662845,0.0069888395292587,-0.0001469417755758,0.0050504355748525,-0.0029050685172538,0.0038044792307778,0.0041201371092689,0.0021135881223123,-0.0003441681374343,0.0026357549605821,0.0055962604351417
2019-11-29,-0.0037086380230244576,-0.0045622321111078445,-0.0018555563385347,-0.0028058503685293,-0.0015955634029467,-0.0022059252614969,-0.0045622321108776,-0.0019851995004001,-0.0040861220465496,-0.0021320954759624,-0.0043003642472018,-0.0036318543233222,-0.0027675601160128,-0.0006143193118013,-0.0035907042610223,-0.0051397424854241
2019-12-02,-0.008494743403356209,-0.010238920345165714,-0.0021436642971286,-0.0115769366186118,-0.0028803054224302,-0.0020449790899425,-0.0102389203315712,-0.0024527200771322,-0.0133147635603344,-0.0133329018615846,-0.0149299818505655,-0.0110463527644499,-0.0116672877690771,-0.0076579984644942,-0.0120505862583365,-0.0089970311077773
2019-12-03,-0.006706588320026019,-0.007832383934018194,0.0037763874769825,0.0046002279223438,0.0037086295988331,0.0034347976374311,-0.0078323838855323,0.0035370786973849,0.0207984843211538,0.0209673281797777,0.0081950908081375,-0.0003165615846529,0.0068295154179086,0.0075856907181897,0.0066427623067823,-0.0020972682367052
2019-12-04,0.00617028848193879,0.005064200124735185,-0.0002930673204168,-0.0015383203635468,-0.0004400631030442,-7.089198726739632e-05,0.0050642001116332,5.399311609566304e-05,-0.0098968968643679,-0.0099851259481272,0.0024124083498611,0.0011367974993889,-0.00037712680081,-0.0020188024754247,-0.0003733108295951,0.0062033713832967
2019-12-05,0.001797928771792634,0.001975986861678436,-0.000410185990039,-0.000999531632067,-0.0005299739409783,-0.0002831433997468,0.0019759868529114,-0.0001417408197675,-0.0048239706984117,-0.0048640717741756,-0.0001141217454713,0.0001909458858123,-0.000646904954342,-0.0008031411247167,-0.0008139694487895,0.0008665027370594
2019-12-06,0.009134067395099699,0.010698637563970825,-0.0007753597792369,0.0036642917731635,-0.0003667357078296,-0.0006320289090618,0.0106986375274937,-0.0004519405548499,-0.0054393629886092,-0.0055345333281729,0.0011322924586847,0.0064622887348244,0.0011714487782388,-0.0014840006742114,0.0021094529087661,0.0070186974576883
2019-12-09,-0.00314406749771734,-0.004536562961696022,0.000389021843216,-0.0016578072708686,0.0001687595670962,0.0003635438108811,-0.004536562946833,8.983285531916074e-05,0.0021288966755555,0.0021682047776768,0.001966049602273,-0.0027868287218914,-0.0001580975130424,-0.0008133369201215,-0.0001446938606492,-0.002698126823497
2019-12-10,-0.0011150785429639987,-0.0008330942211240977,0.0006514190833286,-0.0004429070999187,0.0002222906314259,0.0007702009674002,-0.0008330942173302,0.0008317894183227,6.688897967263261e-05,7.219659754203073e-05,-0.0050923274688311,-0.0005968417332978,-0.0016857951786982,0.0006221338084203,-0.0019692631038412,-0.0013952530197184
2019-12-11,0.0028386254563042,0.005296671075110337,0.0030306084258606,0.0064024431166473,0.0032607959223154,0.0029632654941429,0.0052966710670006,0.0032689409459207,0.0078458832918736,0.0078609163400613,-0.0079802657317784,0.0059658588209638,0.0015875018251802,0.0064045935989369,0.0012906322766816,0.0019342448699159
2019-12-12,0.008619020928277932,0.007464188477244615,-0.0027077164618745,-0.0028665869266288,-0.0026629805606284,-0.0023736489423964,0.0074641884427091,-0.0020679570946754,-0.0163175979304103,-0.0164578451287424,-0.0138944956155696,0.001221287277058,-0.0071133208172749,-0.0042166976177256,-0.0072209831822398,0.0023251001615769
2019-12-13,0.0005991971342034219,0.0032928552224895657,0.0034742363932835,0.0068176334497642,0.0036038803201272,0.0033121087931831,0.0032928552248978,0.003619058013031,0.0115191434089429,0.0115676556704657,0.0015944478731279,0.0054523189200947,0.0049724848854238,0.0064524947408787,0.0051752785432657,0.0028145719210087
2019-12-16,0.006869919778025313,0.01003911401717894,-0.0012877525639641,0.0018950739183825,-0.0011616751921417,-0.0010720253543563,0.0100391139865652,-0.0006466148765117,-0.0088785535292049,-0.0089901160316691,0.0052357428559154,0.0050730812974959,0.0024657420561379,6.721874179190437e-05,0.0022470575977453,0.0091415716949103
2019-12-17,0.00021917012535466185,0.0005733765242807998,0.0016128763136031,-0.0002530194241496,0.0012598617077039,0.0017122731489804,0.0005733765206419,0.0013291907403492,-0.0013673316241766,-0.0013787763559297,-0.0084737517907239,6.392576165493173e-05,-0.0030983483195083,-0.000384427636775,-0.0031548348882323,-0.0029189808988369
2019-12-18,6.255115463349448e-05,0.0007642103084519736,-0.0004318879322671,-0.0030315112704299,-0.0007161212122677,-0.000281455447146,0.0007642103071159,-7.382973954106475e-05,-0.0081597161722147,-0.008212342546116,0.0097197434111931,-0.0015783887887458,0.0014292795707935,-0.002283128776115,0.0013517729291066,0.0042893187073346
2019-12-19,0.004098967883632065,0.006251398617252102,0.0001731808392151,0.004294796097759,0.0005595524457593,0.0001274118744398,0.0062513986034142,0.0004193804576322,0.0016273071684631,0.0016000373800098,0.0079835300510686,0.0050375391724603,0.0052730818146528,0.0032310697331133,0.0051128878685563,0.004595869003145
2019-12-20,0.004384177662678734,0.004031118985635018,-0.0007466542976932,0.0028933330057456,-0.0002265342559852,-0.0007967985351708,0.0040311189764052,-0.0005972143593279,0.0013349257965087,0.0013190253576514,0.0049854838573967,0.0033233476098092,0.0033525559127184,0.0018750641663438,0.0032207920989458,0.0033240973252151
2019-12-23,0.001527816832726403,0.002641371767412304,-0.0002179824318427,0.0009218767375205,-0.0001652664798047,-0.0001732554127609,0.0026413717578777,0.0001964784523358,-0.0014397034634692,-0.001463770734641,-0.0045927071885567,0.0015700582415145,-0.0008455689814291,0.0013248509353435,-0.0011067593353084,-0.0001122756927241
2019-12-24,3.115382391682964e-05,0.0005193600969588541,0.0012940557158718,0.0014967619005037,0.0012289209190787,0.0012622101383008,0.0005193601032078,0.001405207873024,0.0028446658519648,0.00285837885942,0.0026612589405111,0.0011297706791384,0.0027467520042597,0.0039447020426331,0.0019053393929045,0.0003731884315549
2019-12-26,0.005323219932168888,0.008824105598911336,0.0015322186035753,0.0061408914741951,0.0018092457665985,0.0015305383619292,0.0088241055805278,0.0019489930967582,0.0024491802953549,0.0024115853475107,0.0041407293132551,0.0071506388488353,0.0054700605096914,0.0059077976680973,0.0048642383019314,0.0060854144514205
2019-12-27,-0.00024780812901914473,-0.0008419194791385864,0.0005088250809461,-3.504074740268148e-05,0.0005643898082419,0.0004452416496179,-0.0008419194727613,0.0004305491381604,0.0010822382989132,0.0010935856721083,0.0029106509244378,-0.0003368133156297,0.0009886240940451,0.0001106820184102,0.0011642772432666,0.0016998693761794
2019-12-30,-0.005513219757038446,-0.006553979218542061,-0.0006719267950259,-0.0053382758309381,-0.0010514738889731,-0.0006721006740929,-0.0065539792020156,-0.0003090529257631,-0.0036581833229379,-0.0036411056677243,0.0004188932139294,-0.0057938106031823,-0.0025543961107295,-0.0022468580251257,-0.0025858488213453,-0.0045482399054155
2019-12-31,0.0024293372154289283,0.0018848780366889084,-0.0014018497859898,-0.0029976409351633,-0.0013746569471009,-0.0012503466717734,0.0018848780282518,-0.0012593651390948,-0.0097254976038892,-0.0097939668384903,0.0051117713474925,-0.0011629345539896,-3.430212601885455e-05,-0.0022173247429647,-0.0006360769761859,0.0042372611068226
2020-01-02,0.009351884058192095,0.01669723465491435,0.004392234174732,0.0132405480414599,0.0049092234021455,0.0043732730106194,0.0166972346543139,0.0049435196676486,0.0145464703134961,0.0082823467779979,0.0139928974001731,0.0146051891144148,0.010812471337752,0.002633153547315,0.0039004221219188,0.0145891757466485
2020-01-03,-0.007572161221448326,-0.00915992820386502,0.0028730565751127,0.0011210691328857,0.0026154672546652,0.0027061196656106,-0.0091599282032478,0.0027525765805103,-0.0040004291310491,-0.0032058855847992,-0.0026724553495499,-0.0028201281344917,0.0061957662626702,-0.0027440070312397,0.0034405001439971,-0.0082399669439208
2020-01-06,0.0038150157702996346,0.006443224722312291,-0.0010242393473042,0.005385980467861,-0.0004120948700951,-0.0010172379016559,0.006443224722024,-1.1663200333855706e-05,0.007374040892413,0.0053566213762597,0.0076136182873482,0.0057011501070667,0.0030421068754441,0.0032227735715965,0.0051032735956939,0.0040516019081481
2020-01-07,-0.0028118076000850367,-0.00013917954579945047,-0.0011676831960543,0.0001289715146737,-0.001191292018825,-0.0011526590970343,-0.0001391795459164,-0.0008285354083517,0.0007980899475824,-0.0027742346527464,0.0010393283134718,-4.0002687124955554e-05,-0.0005932805053562,-0.0045134085815696,-0.0024634302901684,-2.661022447737742e-05
2020-01-08,0.005329581928577687,0.0075163159650872835,-0.0008192379253235,0.0009577602935868,-0.0005565637911985,-0.0007734967203598,0.0075163159645998,-0.0007591462599768,0.0040615727721389,0.0051031619374124,0.0031723763165483,0.0035353385523734,-0.0021195643051353,0.0041663641990352,0.0007832538520634,0.0031112019622416
2020-01-09,0.006780594633938097,0.008473489563568526,0.0016237541898174,0.0037968774470915,0.0018077067117108,0.0016558871959115,0.0084734895631828,0.001493256316186,0.0052241048511431,0.0049026151298025,0.0043877644232777,0.0056775451179346,0.0023772210565937,0.002799199740271,0.0011604350695894,0.0038989566910954
2020-01-10,-0.0028777116337850295,-0.0025572559860512767,0.0012350985982811,0.0017228837792806,0.0011288306359611,0.001187639076041,-0.0025572559857607,0.0013289644502529,-0.0005826971257006,0.0008835920974998,-7.447676984643837e-05,0.0001024367677999,0.0039884439674059,0.0002403766750616,0.0036142643781118,0.0012437345285606
2020-01-13,0.006877356634087617,0.011536910377597964,-0.0006327456075341,0.003899572841983,-0.0002046256965634,-0.0006222047131664,0.0115369103770586,-0.0005908982459462,0.007176132144737,0.010136077896591,0.0060537365611085,0.0068834660285945,8.421305546767397e-05,0.0092619145287587,0.0046029490378073,0.0077325267668861
2020-01-14,-0.0015246019916423936,-0.003937537280993331,0.0009540365298121,-0.0015548565073939,0.0007878077089653,0.000910366479055,-0.0039375372807626,0.0005791465992828,-0.0032368289318517,-0.0036400668785463,-0.003056477647142,-0.0024218663532117,0.0002191440655083,-0.0011436398257943,-0.0024484237091859,-0.0028366815210302
2020-01-15,0.0022598338301229592,0.00040889374821251323,0.0013168670316896,0.002936943951507,0.0016358428456899,0.0012445718248896,0.0004088937483304,0.0015915458718167,0.0016569551773471,0.0031685242660148,0.0019781865409703,0.0019745507902879,0.0040802003092486,0.0043982955888108,0.0047992609022395,-0.001077819505557
2020-01-16,0.008318381871101899,0.009583510697073638,-0.000857048844296,0.0043798597293627,-0.0002819970106696,-0.0008011086088683,0.0095835106966946,-0.0003934177788847,0.0070178411518252,0.0082520762929357,0.0063574782449732,0.0063715323694128,0.0015987035331214,0.0094345415740999,0.0049405724122654,0.0053168420656069
2020-01-17,0.003112559363484646,0.004948761602282303,-0.0007686540608401,0.0017813904066115,-0.0004304844901468,-0.0007598495461302,0.0049487616020269,-0.0004123721106562,0.0042348621831532,0.0036213901877818,0.004051115713788,0.0029210107779694,-0.0005416788525242,0.0012303944509152,0.0023081080699296,0.0041532373493913
2020-01-21,-0.001958155126574934,-0.000447690665738687,0.0008354707147437,0.0018435186225458,0.000973499256476,0.0006702966201483,-0.0004476906657863,0.000591732435583,-9.359304559060982e-05,0.0023556984157581,-2.453864156717231e-06,0.0010432824803697,0.0038254876937443,-0.0003677813677681,0.0035243050498471,-0.0091332213277021
2020-01-22,0.00012073115081423502,0.002642421006617157,0.0008890791835436,0.0021835417263842,0.0008492881211283,0.0008963878531489,0.0026424210064874,0.0010185046345272,0.0021129168727421,-5.736904327480263e-05,0.0019766308320768,0.0023781827667629,0.0020029528960464,-0.0012475351528266,-0.0010590032084562,0.0037314048759242
2020-01-23,0.0011468537999039796,0.003216112735048293,-0.000342477367467,0.0036174421680486,0.0001630993555383,-0.0004995902712896,0.0032161127349021,-0.0002007558864864,0.0029934336477676,0.0045397288862137,0.0029361195783784,0.003494585230651,0.003870975174096,0.003153011349603,0.0042972037839797,-0.002192487559066
2020-01-24,-0.008893088513441838,-0.008415291170749573,-0.000424178591891,-0.0017733736385442,-0.0004591887312647,-0.0006491883719612,-0.0084152911703966,-0.0005405907354895,-0.0051346849082906,-0.0059237004953213,-0.0042903085470114,-0.0042830924047096,0.0018250504679675,-0.0074590908612743,-0.0016351093413769,-0.004654821314202
2020-01-27,-0.016029365025121978,-0.020655554160165512,-9.524147544803796e-05,-0.0069709766697468,-0.0004028791210619,-0.000467872599513,-0.0206555541593309,-0.0007599390380649,-0.0143337838928213,-0.0141689009740378,-0.0127066598186826,-0.0121906519448705,0.000709486120172,-0.0125284025617696,-0.0054026395597065,-0.0194365457870612
2020-01-28,0.01047912132291584,0.015359874674393481,0.0025769507451858,0.0046335770625929,0.0023392921188889,0.002878592614552,0.015359874673626,0.0026215369223414,0.0097729080563643,0.0103369821409503,0.0083349108786911,0.0088826093031751,-0.0004731747282621,0.0088469648443476,0.003076348026389,0.0072793971649047
2020-01-29,-0.0008259997992283719,0.001625663707953695,0.0020729063580662,0.0040840069194731,0.0022435192742591,0.0019252210852751,0.0016256637079778,0.0020764832490254,0.0024980332642678,0.0005065100243321,0.0027225674278252,0.0031534262583661,0.0053692748426293,-0.0021950403277532,0.0013345084219288,0.0030318561016325
2020-01-30,0.003245359050093155,0.00356165207049286,0.0009273476396103,0.0020184766388655,0.0011451292459836,0.0009078355193219,0.0035616520702352,0.0010407684842446,0.0027578070857226,0.0025183968003713,0.0025509100532959,0.0026198506866786,0.0011914341925782,0.0012225265514605,0.0013709243931292,-0.0035655898956846
2020-01-31,-0.018157882114707702,-0.015858031837239883,0.0004330155031104,-0.0056412447751865,-0.0003441962576562,0.0001922348845841,-0.0158580318366864,-0.0002357196273726,-0.0108775054657407,-0.0131216788362272,-0.0095955964616962,-0.0095923622812291,-2.0731623914481696e-05,-0.0158378940369431,-0.0064193151171716,-0.0131352786647294
2020-02-03,0.007428522522905823,0.01510926439376914,-0.0006690693825132,0.0071968609187187,0.0001740164497396,-0.0006867486720606,0.0151092643708947,-0.0001493878954326,-0.0064956809245318,0.0124270944399106,-0.0064956866889225,0.011086669077431,0.0022622773944635,0.0026710943169311,0.0026710846096851,0.0046302765358953
2020-02-04,0.015241304875724948,0.02288875729359141,7.100441917229361e-05,0.0056854601687212,5.380489148554268e-05,0.0002057143294844,0.022888757257957,-0.0002756315779091,-0.0130089338070844,0.0167633322401043,-0.0130089471130883,0.0137021261210521,-0.0013210609074637,-4.685429706012834e-05,-4.688942347034579e-05,0.0046134773148384
2020-02-05,0.011548001213477654,0.003297173195638381,3.331107043402781e-05,-0.0026896954149236,8.79804396325401e-05,0.000148142994895,0.0032971731915862,0.0002966861319806,0.0012293121253861,0.0008993086370702,0.0012293101343592,-0.0002990339313713,-0.001983834748721,-0.001859431442776,-0.0018594528669087,-0.0019792792725614
2020-02-06,0.003364813636763442,0.008631996323440028,0.000784008159685,0.0067733660272948,0.001016201130036,0.0007888000460993,0.0086319963149179,0.0012848866135724,0.0053883974793438,0.0079369527031827,0.0053883992832377,0.007589601827129,0.0055120736545006,0.0058940109515974,0.0058940260131257,0.0054881191157197
2020-02-07,-0.005329654371187931,-0.004300816838332611,0.0015726890022449,0.0029187339791731,0.0017195514611256,0.0014939386433612,-0.0043008168295687,0.001580578137988,0.0026458537162028,-0.0014738168170166,0.002645857313513,-6.1012051011157976e-05,0.0036309751223972,0.0032259954455016,0.0032260172424399,0.0026549990866689
2020-02-10,0.007465329081951744,0.012085536045352008,0.0015582145734014,0.0077477134951045,0.0023569143758723,0.0015364063630127,0.0120855360328047,0.0023299981672066,0.0025712508531446,0.0105159399774346,0.0025712495598946,0.0097315279511983,0.005465118549664,0.0063475048018125,0.0063475164051238,0.0080724567847634
2020-02-11,0.001733059651463753,0.00017237903770683793,-0.0008051124592632,-0.0021547073564286,-0.0009732999744244,-0.0007663545399808,0.000172379037719,-0.001021941909356,-0.0034419505061751,-0.000705899658183,-0.0034419544037822,-0.0011448230150482,-0.0026380073495389,-0.0017376031678016,-0.0017376108193789,0.0004615404904903
2020-02-12,0.006442750305862388,0.009740999492970026,0.0001582836896927,0.0031343837664801,7.178201927082739e-05,0.0002345134044794,0.0097409994805424,0.0001654090031069,-0.00081274380608,0.0072462463115774,-0.0008127473706586,0.0059994832527963,0.0011128363347579,0.0017543640057703,0.0017543564953765,0.0031082349872942
2020-02-13,-0.0010669633203156392,-0.0012805742904753448,0.0006100598312113,0.0011552271021479,0.0004962081583756,0.0006052949895161,-0.0012805742865895,0.0007865075822384,0.0056934453049052,-0.0004184632233863,0.0056934490295395,1.2380296457834952e-05,0.0024059219477736,0.0030770653078598,0.0030770897598712,0.0031430989104869
2020-02-14,0.0016021544204736227,0.0028636315718648664,0.0011575625494641,0.0035478106467661,0.0015828557826906,0.0011252364870875,0.0028636315719148,0.0016195986377516,0.0041784261147105,0.0031186788935074,0.00417842737722,0.0032461398314515,0.0036707327251629,0.0044609198993257,0.004460940031224,0.0056954526191644
2020-02-18,-0.002577059226443912,0.000383520867543119,-0.0001617623197527,0.0036595541999175,9.033327263296977e-05,-0.0001937208877715,0.0003835208713074,0.0006241472817509,0.0128188062885421,0.0014728234806403,0.0128188140861884,0.002017206907867,0.0062061902103912,0.0059048260555453,0.0059048511131824,0.0031201284830978
2020-02-19,0.004781272377458734,0.009585518488195222,0.0002267646644926,0.0054430348248499,0.0005538058548932,0.0002444711557367,0.0095855184759332,0.0008859486198171,0.0058312177978043,0.0079589305101588,0.0058312203103623,0.0071460365541844,0.0044672443286469,0.0032570240160228,0.0032570118914295,-0.0006040249542307
2020-02-20,-0.004108270497145128,-0.009283509579973148,0.0022414812367759,-0.0016278114108156,0.0018025172400601,0.0022213771791974,-0.009283509562478,0.0018685295057379,0.0040846557264144,-0.0063995595596875,0.0040846585110801,-0.0049582937976664,0.0011261361247336,0.0019828850313593,0.0019829109991168,0.0035510489503099
2020-02-21,-0.010298240844732742,-0.019209418996781413,0.0015089064798048,-0.0056987235377207,0.0009973685788309,0.0014465019820606,-0.0192094189638399,0.0016043584279437,0.0150252019152582,-0.0143991533432773,0.0150252130137332,-0.0119952034869666,0.0017446616029729,0.0018389936141627,0.0018390309497573,-0.0005818149467823
2020-02-24,-0.03316536556232963,-0.03856348186226799,-0.0016517115046509,-0.0137340938970684,-0.0024604834889276,-0.0018798257448104,-0.0385634818122897,-0.0022731198166329,0.0089851082295559,-0.0295508728133765,0.008985124688471,-0.0250467847401718,-0.0043798104840009,-0.0057608862418188,-0.0057608322796241,-0.0102895956071037
2020-02-25,-0.030302199395104257,-0.02719185123027723,-0.0022115692287413,-0.0127399202986459,-0.0037732529410348,-0.0023386263747152,-0.0271918512041728,-0.0047358678392243,-0.0178742576474359,-0.0217133117711278,-0.0178742588728324,-0.0189753893899428,-0.0118238770417141,-0.0146309186438818,-0.0146309437298403,-0.0164730604228275
2020-02-26,-0.003678243664423375,0.005153973457153738,0.0001567877752881,0.0005484056628961,-0.0004030787077928,0.0001641295218004,0.0051539734445056,4.6687690820501615e-05,0.0043704981597306,0.0033932448218172,0.0043705018582796,0.0025133135294674,0.0008969416408361,0.000190461285479,0.0001904597200811,-0.002839571592429
2020-02-27,-0.04491167877680169,-0.05007394188512537,-0.0043060589717872,-0.0208846768466375,-0.0059861379699366,-0.0045267110193883,-0.0500739418245383,-0.005977471128887,0.0001948160409564,-0.0398093765904914,0.0001948316819742,-0.0346796182889071,-0.0122418860213549,-0.0170307525292458,-0.0170307573771324,-0.027712942897007
2020-02-28,-0.00420148254966024,0.0007780987798780004,0.0075055237005541,0.0084720792769223,0.0072628116437336,0.0073983926185319,0.0007780987760823,0.0046927186403897,-0.0364934477061998,0.0044520054588446,-0.0364934659259481,0.0062880552220961,-0.0028150031891094,-0.006353132544207,-0.006353200145955,-0.0038818455066392
2020-03-02,0.04330647593739867,0.05160347696659717,0.0035706047573578,0.0167767599434969,0.0049849009034592,0.0036436827345065,0.0218046242860896,0.0043327713912879,0.0055263031665749,-0.0073574262221365,-0.0073574669696259,0.0375119685951652,0.0148323277058865,0.0148322763292498,-0.0009156899956911,0.0148323577954604
2020-03-03,-0.028632486951105207,-0.032067300966428625,0.003831816008559,-0.0046227070656854,0.0036224402698614,0.0037221910753306,-0.0087003773539777,0.0045624499635044,0.0314343192299812,0.0155254930314248,0.01552551892056,-0.0206927446295792,0.0056067153349493,0.0056067465142922,0.0186667600696608,0.0056066890692897
2020-03-04,0.0420330751731719,0.04172239036965952,0.0054675038025293,0.0109288082464493,0.0057236569697036,0.0055638739314598,0.0153962158482581,0.0056489376896338,0.0017545325514443,-0.0106185311288562,-0.0106185732674977,0.0292130392905277,0.0100001483316077,0.0100001081410626,-0.0024508257980355,0.0100001758964687
2020-03-05,-0.03324170797003301,-0.030382204176428673,-0.0017267136347112,0.0014437996587763,-0.0008550622904126,-0.0018822832622867,-0.0032930974987637,-0.0006062615815963,0.0216009363408617,0.024891680787896,0.0248917356012088,-0.0171718792473635,0.0047956564666545,0.0047956812890826,0.0147240753959261,0.0047956271659411
2020-03-06,-0.016531091324835767,-0.01687218161611892,-0.0005665852353411,0.0237378766395048,0.0013071736174858,-0.0007578154858813,0.0178578624967293,0.000308481411086,0.000380966657423,0.0520437935684975,0.0520438867515838,-0.0004014222770023,0.0113632759557075,0.0113633006652087,0.0188350226476857,0.0113632478770499
2020-03-09,-0.07809446008684251,-0.06946451541623366,-0.0165654854699003,-0.0109868683837248,-0.0129916638691087,-0.0169891091412413,-0.0191650664966075,-0.0143521825859168,0.0016502257187367,0.0271030252224133,0.0271031400786633,-0.0463851011063266,-0.0146412906510257,-0.0146412312347844,0.002239075837934,-0.0146413454480826
2020-03-10,0.0517449161229977,0.0544506216887235,-0.0023399842968419,-0.0120278393957976,-0.003566147971019,-0.0020708360918614,-0.0032074914678531,-0.0034509051489812,-0.0211013278782585,-0.0512579800609692,-0.0512580851110035,0.029186521119208,-0.0076243765538681,-0.0076244358128923,-0.0302986394152275,-0.0076243038218903
2020-03-11,-0.04874848042157165,-0.04355493677456013,-0.0156023190247848,-0.0394741319637602,-0.0158000939416635,-0.0156698406027483,-0.0400468930250801,-0.0153253287535386,-0.0035603646338567,-0.0367976471022315,-0.0367976503523001,-0.0419399643786952,-0.0284614036571634,-0.0284613849713392,-0.0229679079686595,-0.0284614231747818
2020-03-12,-0.09567715172362568,-0.09169143677489278,-0.0187619125968931,-0.032410811235804,-0.0178500145759862,-0.0190359031944928,-0.0407007053661329,-0.0194504119597022,-0.039888260301935,0.0061967418847477,0.0061968514201691,-0.0682963946885955,-0.0423867409511559,-0.0423866505537515,-0.0243723668291305,-0.0423867809940831
2020-03-13,0.0854862350837442,0.08470557251331745,0.0109300528639215,0.0171269695484834,0.0102782843738118,0.0111806931850841,0.0260749460301907,0.0094614327686894,-0.0305162145125706,-0.0226030998334507,-0.0226031962145,0.0590590618677931,0.0138085431983168,0.0138084848123164,-0.0035895001627863,0.0138085792025208
2020-03-16,-0.1094237103217911,-0.11978783610524368,-0.0122615041713809,-0.0081036484387948,-0.0081609475854753,-0.0128641938967002,-0.0237365639928994,-0.0109526463981485,-0.0114461221199974,0.0647653126310286,0.0647655218548518,-0.0756800713994648,-0.0213627022378048,-0.0213625779905186,0.0143707657111852,-0.0213628252001141
2020-03-17,0.05399208890760865,0.07584162470439115,-0.0096775984997394,-0.0167447966860618,-0.009632042276366,-0.0094598436848076,-0.005060141518692,-0.0083275247030102,0.0135554762913114,-0.0666828526619875,-0.0666829889062523,0.0417786197668427,0.0027169455274602,0.0027168357021007,-0.0307372536508669,0.002717039162452
2020-03-18,-0.050632916772132,-0.0304161335963542,-0.0277600872391173,-0.0464461291236786,-0.0246121042725809,-0.0279690572727755,-0.0442586025779132,-0.0261802142489354,-0.0199219976856425,-0.0564125153708907,-0.0564125262610176,-0.0366292025748684,-0.0370282030184327,-0.0370282056203838,-0.0392974712264959,-0.0370282304431869
2020-03-19,0.0021249379344430164,0.006002313957360617,-0.0079684458276633,0.0189522528182439,-0.0047324716134244,-0.008133889969535,0.0171594511633241,-0.0072323917457959,-0.0189054866988383,0.0272254459020576,0.0272254877716449,0.0110745986745808,-0.0006440349146726,-0.0006440281207259,-0.011998024012748,-0.000643963958698
2020-03-20,-0.04309416021869683,-0.039175987468806905,0.0041274996272764,0.0311776757789996,0.0073314159714146,0.003770886069925,0.0215446715624267,0.0056318502857368,0.0149957079111626,0.0751952942767321,0.075195420585369,-0.0118415228559811,0.0169133021608075,0.0169133587579231,0.0344313016925483,0.0169132580236935
2020-03-23,-0.025568208153355143,0.0007221043847080999,-5.1816113753933024e-05,0.0266902875445373,0.0027216710753281,-0.0002394024991791,0.0233460029837693,0.0026714236413953,0.0441795814076547,0.0412093109424308,0.0412093659361081,0.0103984525479237,0.0332251090830764,0.033225090997254,0.0489754821129576,0.033224980922894
2020-03-24,0.09060326182884704,0.07743750104621072,0.0136679856221082,0.0149593952954365,0.0115085206360416,0.01398841497912,0.0228276846851485,0.0144211199212114,0.0485303465966017,-0.018614317399485,-0.0186144260361766,0.0544813441190294,0.0342561019441396,0.0342560082703153,0.0144448934098182,0.034256150544811
2020-03-25,0.014970180880193862,-0.007404990652475463,0.0126208067498436,-0.0041761527918794,0.0087089925164258,0.0128205507233367,-0.0046044929124297,0.0098650972183311,-0.0136896363260003,-0.0022712158618403,-0.0022712477650134,-0.006178041652848,-0.0022226205788233,-0.0022225862606651,0.0096316357429618,-0.0022226275616742
2020-03-26,0.05838980231338309,0.05266039870553918,0.0213162846392258,0.0225781016651558,0.01841255607571,0.0215886357106134,0.02655761220318,0.0201630703066684,0.0128222291334587,0.0049219937848502,0.0049219519723,0.0412510370459053,0.0212029477648949,0.021202904955875,0.0058101137857338,0.0212030035214857
2020-03-27,-0.029785657253030173,-0.03439286636083372,0.005127948545289,0.0034354669555767,0.0037308019338986,0.0051031162960133,-0.0016959902394888,0.0039765176823722,-0.0064604889133683,0.0266926427195864,0.0266927054372573,-0.0197935763698786,-0.0044519751728521,-0.0044519285013528,0.0061994005854116,-0.0044519941673033
2020-03-30,0.03247571536186511,0.036373395161209965,0.0050678173098792,0.0081124659413638,0.0059865792491469,0.0050954362488255,0.0118205337203571,0.0056064765955594,0.0044006481086704,-0.0082288285524569,-0.008228863062726,0.0257135739765253,0.0109805720542571,0.0109805388579477,0.0027340654409244,0.0109805780780164
2020-03-31,-0.01490538500844496,-0.008539884643741225,-0.0027200451678764,-0.0082762097858425,-0.0018907280684129,-0.0027984316808323,-0.0083116445803487,-0.0034804954536197,-0.0318466768999905,-0.008116890022952,-0.0081168876565288,-0.0084387891696829,-0.0148818909894697,-0.0148818660442437,-0.0128002154635867,-0.0148818872937384
