Gamma,Formation Date,SPY,QQQ,IWM,EFA,EEM,IEF,TLT,LQD,HYG,GLD,DBC,VNQ
1,2010-04-12,1.2181655941326795e-10,5.5723503442696e-10,1.4413024388796664e-10,1.0460144751279173e-10,0.08473429778664582,1.3254922194053842e-09,8.52400152389721e-10,7.015854829813102e-10,3.940103955989927e-10,0.9152656975502756,6.753349145190856e-11,3.9427337900972784e-10
1,2010-05-03,5.799002779883196e-10,2.036130190567738e-09,8.017722239552307e-10,5.001308292842331e-10,0.03004113722814591,3.804117037385518e-09,2.925612427642528e-09,2.7645184117853416e-09,1.792923930420721e-09,0.9699588364552981,2.939927433680574e-10,1.0817457947953125e-08
1,2010-06-01,1.0280251566046634e-09,1.8166004839129216e-09,1.206939675637545e-09,9.159938743260359e-10,5.593681999543587e-09,1.0612576767736439e-08,1.7976889026275793e-08,4.210136748341074e-09,2.0920125899908756e-09,0.9999999448115483,7.214993352654393e-10,9.014096061518744e-09
1,2010-07-01,2.5269327810204944e-09,3.4940164198687898e-09,2.794829699489809e-09,2.2327229200880425e-09,6.011056891858488e-09,2.8994063114064e-08,1.8393108675497675e-07,1.3220627903201186e-08,6.6528036918503655e-09,0.9999997205666711,2.081017942286785e-09,2.7494170860492085e-08
1,2010-08-02,1.5831120958111849e-10,2.2153667440659939e-10,1.8086976818680555e-10,1.4351829895607983e-10,5.572322307038463e-10,7.310057909736965e-09,0.013079392350012067,2.81804075322159e-09,1.592464714376975e-09,0.9253889026828114,1.436144152148421e-10,0.06153169184153061
1,2010-09-01,3.9779062593992794e-11,5.2447349075229426e-11,4.5691763500925776e-11,3.634472089374771e-11,1.673604286458736e-10,3.700365340675404e-10,0.052225206823346026,3.1561810238853345e-10,1.2348345759135752e-10,0.936318731921827,3.378479136922043e-11,0.011456060070280768
1,2010-10-01,3.0821898507137713e-10,4.68179443261162e-10,3.951532955302772e-10,2.8349099408484114e-10,1.4171312438861011e-09,5.061689556868556e-09,0.09152510298113882,3.660470904114156e-09,1.0975178927608884e-09,0.8762020967767891,2.65617922196513e-10,0.032272787284601784
1,2010-11-01,5.016232689221105e-10,7.43424685459694e-10,6.268589404219527e-10,4.3684497977900884e-10,7.256764668765145e-10,0.02441244322752687,0.0003183635716116813,2.06915875306181e-08,3.3886968649001263e-09,0.9183408516600089,4.3782267030685273e-10,0.05692831398831709
1,2010-12-01,7.34154746031155e-11,1.3538872700971087e-10,1.294842902726195e-10,6.455746281965185e-11,1.170088485572848e-10,5.93649288895572e-10,4.390801529628661e-10,6.034045330408493e-10,3.6109840213008653e-10,0.9282302081218234,5.901938899038707e-11,0.07176978930206993
1,2011-01-03,1.0582449979383455e-10,2.35185573238056e-10,2.2322151134749804e-10,9.177263246849625e-11,2.3840318720707214e-10,7.682905925433245e-10,6.040445953301098e-10,1.38606396966693e-09,1.5686254842815937e-09,0.8585660532434631,9.590400806635643e-11,0.1414339414392008
1,2011-02-01,4.6132940588829395e-09,0.02377422080392603,1.0098046808881836e-08,3.733074575786647e-09,7.915027394004526e-09,1.372709943822671e-07,4.884684179087319e-08,3.4459075544442165e-07,0.1096093058492489,0.695104890420337,4.375008184338079e-09,0.17151102148344566
1,2011-03-01,5.570958986805847e-11,0.23468587185315587,1.559633799143078e-10,4.6501826231209197e-11,4.2970110075769395e-11,3.919528871904227e-10,9.188380865866782e-10,1.7615124804919515e-09,0.0043520533692844275,0.6348726914804983,5.8004075014626796e-11,0.12608937986560886
1,2011-04-01,2.869778260349816e-10,0.15551906130193813,4.9418635231466e-09,1.9691237582799037e-10,9.597245261833167e-10,4.6185528419660955e-10,5.124034642058596e-10,1.4851094651827081e-09,6.946414331823292e-09,0.7485510599213933,1.979228644239934e-10,0.09592986278748494
1,2011-05-02,7.365336105989245e-11,3.435097721526387e-10,7.006107453843076e-10,5.5532771502921397e-11,2.2775976265383727e-10,5.725992731287303e-11,5.835488262011939e-11,1.2216041895763174e-10,1.858530050093926e-10,0.9160901852401266,4.2810191611527666e-11,0.08390981289236857
1,2011-06-01,1.3099348384956635e-10,3.484859150666129e-10,4.3993757149765477e-10,1.0798284140771274e-10,1.786485927703112e-10,4.431388209902777e-10,7.922275590332178e-10,1.2040420793232325e-09,9.59741253131317e-10,0.8758098249443534,1.1176789691956852e-10,0.12419017033868054
1,2011-07-01,3.785409804754907e-09,2.377755571973934e-08,1.2757508336441339e-08,2.948483924945534e-09,6.0709089513274935e-09,1.828277680645795e-08,1.9007042759401373e-08,1.866376949532075e-07,1.6226615956670366e-07,0.8139909052663892,2.9499657293831934e-09,0.18600865625010435
1,2011-08-01,1.3790939304392797e-10,6.953323295003729e-10,2.2240214581023018e-10,1.1543289491978978e-10,4.927704657644884e-10,2.714928512421318e-10,3.6912033753737783e-10,8.570292541362495e-10,7.574812695470834e-10,0.8704462577799023,1.1172760319790263e-10,0.12955373818939928
1,2011-09-01,2.482911778555687e-10,5.361141428111343e-10,3.4666093390892e-10,2.2276215208042648e-10,1.287118885734844e-09,1.4496877005426418e-10,1.9148874155709908e-10,2.6909625884010064e-10,3.877064018230212e-10,0.9982057845664016,1.5629896231277514e-10,0.0017942116430919714
1,2011-10-03,2.034004970944669e-09,0.0524061922546395,2.3586776838730486e-09,1.7742427370286275e-09,6.895968997985044e-09,2.393723380016964e-09,9.50915389018823e-09,9.455200105943503e-09,3.5915279754255163e-09,0.947593582563701,1.5769145828791874e-09,1.855922452763185e-07
1,2011-11-01,3.855605783926662e-09,5.633866946333418e-08,6.310630532489047e-09,3.5341868717553712e-09,2.8351647425708325e-08,1.3177215683427236e-09,1.1486280853988535e-09,2.1762625008155302e-09,7.320617378921603e-09,0.9079228190752401,2.429990982850307e-09,0.09207706814079931
1,2011-12-01,3.613167791357912e-10,4.2870609233656035e-08,5.404576387389593e-10,3.361346508746463e-10,2.1512565794138825e-09,2.2329889511446898e-10,1.6867533154673568e-10,2.6841369630851874e-10,1.3506304485288546e-09,0.7218915130801793,2.683692005260725e-10,0.27810843838065813
1,2012-01-03,7.84481958344236e-10,0.18930377048356858,1.1533312065116253e-09,6.734572087677115e-10,1.1640198386368717e-09,5.984241457766342e-10,7.234075798518046e-10,7.935488473045704e-10,2.9874832139146018e-09,0.5305280220148375,5.282966667104579e-10,0.2801681980951434
1,2012-02-01,2.5724334804496784e-10,0.26343298985673785,6.056267981214018e-10,1.7658981981543688e-10,3.0020003098412273e-09,1.5261333246902685e-10,3.609625724277075e-10,1.7510718972357014e-10,3.103802263694242e-10,0.3431269733581881,1.554750222209615e-10,0.3934400315890755
1,2012-03-01,5.088176518041276e-11,0.4331793641683954,5.4805213955428903e-11,2.942385595084621e-11,1.0285416458352571e-10,5.174082087276492e-11,1.155492451939441e-10,6.142960147749688e-11,7.835175305239573e-11,7.652177503703e-08,4.204871845987356e-11,0.5668205587227444
1,2012-04-02,1.1833090791834737e-10,8.341010060462451e-08,1.013415629345258e-10,5.5754810245075565e-11,5.621709037073833e-11,1.4844042513931406e-10,2.6995724429480666e-10,2.233983460975022e-10,3.0290125723052356e-10,0.06027856939159132,8.950917029067774e-11,0.9397213458324573
1,2012-05-01,1.1134676860906818e-10,6.582303423474502e-09,9.125064905212622e-11,7.172946442254023e-11,5.715364908523728e-11,1.06436334850785e-10,2.915403670612987e-10,1.2388812251134156e-10,1.1747476165705059e-10,0.30219420092879845,7.415182722358565e-11,0.6978057914439262
1,2012-06-01,4.859195068708084e-09,5.082815163187378e-08,4.399947763340661e-09,4.237166635988872e-09,3.831094102013411e-09,8.468572966131953e-09,0.20890101847686784,8.900337014915339e-09,6.963006154965024e-09,8.981172583733779e-08,4.548565176790774e-09,0.7910987946753698
1,2012-07-02,3.648517857720387e-11,2.2942087030199353e-10,1.9927081678245568e-11,3.847414475868306e-11,3.257605268597623e-11,1.1349323595324473e-10,0.09724008202360959,9.429758773943329e-11,6.606146015857672e-11,2.6403079493020997e-08,4.7119705110433903e-11,0.9027598908954556
1,2012-08-01,7.356772805768113e-11,2.8141238730466455e-10,4.338575765934046e-11,8.197014185224841e-11,7.476395403164473e-11,2.065493206549804e-10,0.1827311588676169,1.6559333782551015e-10,1.1194463813948804e-10,7.741957530492882e-08,9.112383134004101e-11,0.8172687625824967
1,2012-09-04,2.910844475975e-10,3.852462159570335e-09,2.420543531030252e-10,2.0947385625675855e-10,2.0487751697388819e-10,5.099818624253223e-10,0.05511211999224485,4.2553178374403793e-10,4.0647039656881255e-10,0.22655156192749665,2.5158230572551505e-10,0.7183363116867398
1,2012-10-01,2.6353614202166723e-10,1.0614929361668017e-08,2.413598644970967e-10,1.3286478498397145e-10,1.357062800788785e-10,2.633857769995014e-10,3.052267943780846e-09,2.4875131064033125e-10,2.2340587599864087e-10,0.5783768087422728,1.5485718439724103e-10,0.42162317592666265
1,2012-11-01,1.3315556912357386e-10,8.820185748998352e-10,1.576574569544456e-10,7.529751809884439e-11,7.528850089443441e-11,1.7937194295683905e-10,0.08294086011855809,1.8759313004748116e-10,1.4188906206966968e-10,0.2983161853002124,7.977601180255437e-11,0.6187429526691817
1,2012-12-03,1.2879946320128736e-10,3.0366295420231577e-09,2.4923005653128896e-10,7.10541790473663e-11,7.229178537657954e-11,1.0880142716433994e-10,0.3942758980720347,1.1443185205492408e-10,1.324652207106777e-10,7.27902300715972e-10,7.833711774423003e-11,0.6057240972080223
1,2013-01-02,1.8723287300171674e-10,6.163018949469235e-10,3.0736253757902893e-10,1.2466390657274374e-10,1.2769888551694599e-10,1.6526990868685168e-10,0.4233214555337248,1.6118942547933057e-10,1.6144407372578895e-10,0.020891868508567554,1.323837209632059e-10,0.5557866739741603
1,2013-02-01,8.385724771575863e-10,5.478398461523512e-09,1.2733823076964244e-09,4.822509952665996e-10,4.866632978914491e-10,7.653443722922998e-10,0.20014292570489464,6.973709715719814e-10,6.566487341846835e-10,0.051299823811893915,5.708691435241501e-10,0.7485572392337108
1,2013-03-01,4.61249268134362e-09,2.2337295435631687e-08,7.236581648238826e-09,2.0477903834239525e-09,2.064977060023912e-09,2.747937948325321e-09,0.30402602432617126,2.6399419695085854e-09,2.751623492948786e-09,1.9006297937590765e-08,2.1368167558886693e-09,0.6959739080920734
1,2013-04-01,1.9606153607307644e-08,6.4907302951793e-08,3.597160066169252e-08,6.676428682357793e-09,6.178181600252758e-09,9.022116383343842e-09,0.416337279787497,8.124259779969496e-09,9.43048959075608e-09,1.2023515544561323e-07,6.8778142053312245e-09,0.583662433183
1,2013-05-01,6.867036736755558e-09,3.125123182753871e-08,4.234204734646717e-09,2.080696740204386e-09,1.5408996876988075e-09,1.9268870127379375e-09,0.432693745278843,1.8210006325287202e-09,2.4104747337906065e-09,1.9732833569414506e-09,1.4303879364440616e-09,0.5673061991850537
1,2013-06-03,8.391784858058329e-08,0.7249702669157935,3.5263767181415094e-08,6.862656947309517e-09,3.6130578488862237e-09,8.870367155352767e-09,0.1403526422461552,9.449705028844766e-09,1.0992666430235049e-08,5.216434139735657e-09,4.931354740900072e-09,0.1346769217201932
1,2013-07-01,2.9193970370749133e-09,0.992541884116982,2.0931621362917794e-09,2.080919135967495e-10,1.2718450234141564e-10,2.167863442130839e-10,8.274918092003123e-10,2.1607764365296434e-10,2.541237238297485e-10,1.375526601593363e-10,1.6288038192690294e-10,0.0074581087202698565
1,2013-08-01,3.6643478793734625e-09,0.9999999736493554,1.832980515387523e-08,2.774866537063839e-10,1.6689287588438867e-10,3.139922949172398e-10,1.0067915262594061e-09,3.198577970536472e-10,3.6535607555594955e-10,2.8105251842666084e-10,2.3681170070890103e-10,1.3882501534539407e-09
1,2013-09-03,3.788688252305513e-08,0.9999996649608041,2.409185722400551e-07,5.511069782968541e-09,3.0488410066056914e-09,5.387763846064082e-09,8.351473994609853e-09,5.711450032788096e-09,7.202459881235296e-09,5.5801300347129134e-09,5.350297949569566e-09,1.009025462082397e-08
1,2013-10-01,1.1990151509839673e-08,0.9298368444569616,0.0701631265074063,1.7331081264748484e-09,9.897883547671451e-10,1.5930558416682138e-09,2.399993371897568e-09,1.6136392151824758e-09,1.929604004222995e-09,1.2730862862983628e-09,1.2572644388749384e-09,4.2559410118147534e-09
1,2013-11-01,1.6518941544772067e-08,0.9947160303934407,0.005283940151148074,8.44299697529521e-10,4.857474794704998e-10,9.134681522836758e-10,5.2806993557203456e-09,9.587290429944483e-10,1.0605926736340287e-09,6.102217384647273e-10,5.793421300927487e-10,2.2033692689918615e-09
1,2013-12-02,1.8343957413152069e-09,0.9999999945716366,1.2603746209250137e-09,1.390605209831078e-10,5.7335749092098904e-11,1.6862943115015185e-10,1.24460950516064e-09,1.799862902595779e-10,1.8293140358302675e-10,7.203668534193683e-11,7.304998784813482e-11,2.1595334410363553e-10
1,2014-01-02,5.274513171499351e-10,0.9999999973354554,2.939013634735038e-10,8.740454896755273e-11,3.6867350828465004e-11,1.3914540706401687e-10,1.082463921492115e-09,1.5399383184170365e-10,1.29943855470232e-10,4.627590562507696e-11,4.643216247015177e-11,1.2066504092065715e-10
1,2014-02-03,1.8717831883398558e-08,0.8255732572358399,3.1150813385093116e-08,2.8453755372987147e-09,7.085146090646739e-10,6.5932803580611546e-09,0.17442665875805738,7.306110388521367e-09,5.647379382844658e-09,1.8038864631140058e-09,8.598593100458346e-10,8.373051522784875e-09
1,2014-03-03,8.186670218912346e-10,0.9234823563210226,6.428856103226644e-10,2.1502165801743747e-10,1.1644107973167077e-10,4.5948463599139475e-10,0.07651763984807265,4.700090726549717e-10,3.4495291846961553e-10,1.7117796990075223e-10,1.2271920088354157e-10,4.695454740715912e-10
1,2014-04-01,4.428499263615994e-08,0.8739797542775188,1.7858263527602643e-08,6.57363767681927e-09,2.135062216022848e-09,1.1993625854113108e-08,0.12602011779642805,1.3762244660789518e-08,1.0364138785699454e-08,3.440189929795089e-09,2.2778073385241056e-09,1.523609040291308e-08
1,2014-05-01,4.626476270835411e-08,0.8100028117635009,8.26703031593236e-09,3.144255119915925e-09,6.26992083141323e-10,5.323104929172267e-09,0.18999710201273473,6.456389429714744e-09,5.474360868147219e-09,7.986497546431071e-10,5.403492617444542e-10,9.327870019381116e-09
1,2014-06-02,3.173667214830782e-09,0.9991057813276151,1.062467327864725e-09,6.465197080631922e-10,3.6858014101821925e-10,1.1053145113974739e-09,0.000894208083820375,1.2530916160475398e-09,9.82838179367706e-10,4.0555912978546233e-10,3.791720689462257e-10,1.211354667529786e-09
1,2014-07-01,9.660027532354152e-10,0.999997956500098,4.423391735030769e-10,2.3047518520728306e-10,1.4090566067998967e-10,3.914047319624205e-10,2.03978012727839e-06,4.424870314338453e-10,3.447142023118694e-10,1.7737470583146153e-10,1.5418201033919352e-10,4.298892281067329e-10
1,2014-08-01,2.7089777534921717e-09,0.9999999598640554,9.132439139486578e-10,5.217130052869207e-10,3.1749791081851e-10,7.726228117514126e-10,3.1768647017134366e-08,8.895326319640676e-10,7.01877086373051e-10,3.128618362902102e-10,2.87881264758186e-10,9.410893601562233e-10
1,2014-09-02,2.2629226949448336e-08,0.9999999426621795,1.5376938518082034e-08,2.9487381782647426e-09,9.674681770273767e-10,1.265420172782954e-09,3.043619325610472e-09,2.0269472025365637e-09,2.437506854026878e-09,0.0,4.2204811696922845e-11,6.5997502051479024e-09
1,2014-10-01,4.8963746435009274e-08,0.9999999081846701,1.9568681866449506e-08,4.404014980218354e-09,1.910281479823824e-09,1.264195807437464e-09,1.6808181823854598e-09,1.9863178169417826e-09,3.0952272880220275e-09,0.0,3.7749393569156043e-10,8.564552270863594e-09
1,2014-11-03,2.6023561582312487e-08,0.9999999365394444,1.4678922282803182e-08,3.499187297280398e-09,9.314501796555859e-10,1.3632709241486492e-09,2.143642327685509e-09,1.910176395696247e-09,2.556893101762534e-09,0.0,0.0,1.0353451314652414e-08
1,2014-12-01,1.0073625224825097e-08,0.9999999699503597,5.807944627929334e-09,1.825999922635552e-09,5.03429459967617e-10,7.330080755119203e-10,1.2472550568920773e-09,1.2762443776933397e-09,1.3657885973030689e-09,0.0,0.0,7.216345060413281e-09
1,2015-01-02,1.0782315224872485e-08,0.9999999668877685,9.068826386375539e-09,1.888121721920017e-09,5.298524325400495e-10,6.777769432721287e-10,1.3362714341583833e-09,1.1513451490876515e-09,1.114021983314753e-09,0.0,0.0,6.563700136357224e-09
1,2015-02-02,4.878884900120424e-10,0.9999999966874719,2.248017625275347e-10,9.776337286370894e-11,4.0377562180124564e-11,8.030305732364253e-11,2.357165944049405e-10,1.0087733285747399e-10,8.679254442327601e-11,2.421316696369507e-11,1.122639573827087e-11,1.922567835710787e-09
1,2015-03-02,4.3093807567768676e-08,0.9999998544856656,2.3640537883678747e-08,6.319232205099133e-09,1.7046029247029747e-09,4.041257620136227e-09,9.699518378567847e-09,5.041415287765381e-09,4.9026219314583185e-09,2.7952281247267647e-10,0.0,4.679181752537418e-08
1,2015-04-01,4.807593946275504e-09,0.9999999739849325,1.2337987800921865e-08,3.409295870151794e-10,1.5312716685185037e-10,2.683328845765969e-10,1.1366463398553687e-09,3.170265241120465e-10,2.899777800680094e-10,9.479594990226056e-11,6.421671310580347e-11,6.204432754950822e-09
1,2015-05-01,3.90983519258844e-08,0.9999999030405032,2.7170798490117686e-08,6.59504686509313e-09,1.6016006969005742e-09,2.3513580361957174e-09,5.238813082263121e-09,3.169158205582761e-09,3.3097248250663567e-09,0.0,0.0,8.42464463910954e-09
1,2015-06-01,1.7848308080248495e-08,0.999999940059403,2.3121901422593183e-08,7.1385689331241384e-09,1.227896448603833e-09,8.990018048209916e-10,1.2405189154351288e-09,1.3979963108944815e-09,2.0795562295490465e-09,0.0,0.0,4.986849058017844e-09
1,2015-07-01,1.704670539282501e-08,0.9999999228141931,4.3895985885602616e-08,5.1284423921375714e-09,1.1550501346009711e-09,1.2502506828839849e-09,1.4905059027531964e-09,1.6561153318352e-09,1.95644554917789e-09,0.0,0.0,3.60630557788302e-09
1,2015-08-03,1.1867136815041165e-08,0.999999948393381,2.5720395458442903e-08,4.963719000174811e-09,6.0491282502827e-10,9.885069439502529e-10,1.2210022798259406e-09,1.1387744574054862e-09,1.4440346449685853e-09,0.0,0.0,3.6581365954188236e-09
1,2015-09-01,2.8622043522554134e-08,0.999999897288148,4.6376229153416084e-08,6.5620384156540855e-09,9.463614969029831e-10,2.898581027219276e-09,3.724212707093115e-09,3.0947773548040044e-09,3.4244432086274735e-09,0.0,0.0,7.063165108766318e-09
1,2015-10-01,2.04934213232978e-08,0.9999999143754803,1.506983692340305e-08,5.904676744969332e-09,1.0830351674107526e-09,5.152046937153084e-09,8.76036897522414e-09,4.913509678159498e-09,4.239427461293282e-09,8.571079616816963e-11,0.0,1.992248583959172e-08
1,2015-11-02,4.210956720706741e-09,0.9999999863377911,2.765127117713587e-09,9.36320486069627e-10,9.313600029594552e-11,6.245417306387145e-10,1.016932038447216e-09,5.891763830964641e-10,5.954062879570921e-10,0.0,0.0,2.8306122452489143e-09
1,2015-12-01,5.537930958404963e-09,0.999999981082924,4.903398294724666e-09,1.1852262494861898e-09,9.558960444985735e-11,8.022865511134473e-10,1.1729990761381142e-09,8.395579142764903e-10,7.20660906493957e-10,0.0,0.0,3.659426617667758e-09
1,2016-01-04,4.397937207203822e-09,0.9999999843488792,2.320202312433864e-09,8.30294245578476e-10,5.3057038446386303e-11,1.0084619464853768e-09,1.9220929572730017e-09,9.400250373847075e-10,6.555112621005028e-10,0.0,0.0,3.5235387889788912e-09
1,2016-02-01,9.699501350683385e-09,0.9999999356814827,4.3050209177426366e-09,2.5480156844606007e-09,1.2094972385645762e-09,6.050947884062909e-09,2.120613675918327e-08,4.808181529989981e-09,3.0126804786710815e-09,1.3799749907949574e-09,3.55660101295924e-10,9.742900489474115e-09
1,2016-03-01,1.5775751717747918e-08,0.9999998588273759,6.9236634297603395e-09,4.314627925386191e-09,2.649517392238341e-09,1.1363927293539026e-08,6.535270731862534e-08,8.69973386368525e-09,5.512582557999875e-09,3.908014429962466e-09,1.411111268530586e-09,1.5260986764941352e-08
1,2016-04-01,9.759524743916695e-09,0.999999926301128,4.229704820333422e-09,2.656109840040006e-09,1.7198744322425785e-09,5.4931448957801e-09,2.421003270526338e-08,5.280026789755079e-09,3.074393657937725e-09,2.0069926996438644e-09,6.29766173918864e-10,1.4639301303510223e-08
1,2016-05-02,7.794628964181983e-09,0.9999999647188201,3.5062562580599117e-09,1.2390178163026869e-09,7.327875353712203e-10,2.8123205346054308e-09,8.420026061696926e-09,2.8721750234222973e-09,1.6419761675741684e-09,1.314814848838987e-09,1.5468993130340267e-10,4.792486736646365e-09
1,2016-06-01,4.3762595732279005e-10,0.9999999939531046,2.062723930472309e-10,1.305687280182721e-10,9.228748252889137e-11,2.827953567403297e-10,3.3679729050227854e-09,2.841181078917934e-10,1.649506586687996e-10,1.3052085730518452e-10,5.7439181661087175e-11,8.923439713986465e-10
1,2016-07-01,7.741451799104551e-10,0.8551271997012398,3.528466689488555e-10,2.2687519256631456e-10,1.904276213738456e-10,4.718898127272445e-10,0.144872772938121,5.116000749825977e-10,2.80055971146833e-10,3.523682496779757e-10,1.1177665940485133e-10,2.4088653732211914e-08
1,2016-08-01,7.175381060123061e-09,0.752456038409012,3.7487711486269265e-09,2.5231755706530954e-09,2.321165496867997e-09,4.546837430494469e-09,0.24754220691403836,4.8081937862668965e-09,2.8937818417180763e-09,2.9977247634710417e-09,1.2835463720447263e-09,1.7223783721336037e-06
1,2016-09-01,1.1528371468106771e-08,0.6582604877492357,5.824239008098443e-09,2.9993005405381704e-09,2.6469042131326574e-09,7.237571594870914e-09,0.14281927588013713,8.085750162826092e-09,4.1296008822211306e-09,3.1486611283233045e-09,8.965803463312994e-10,0.1989201898736479
1,2016-10-03,2.6056618560950806e-10,0.7427856873136766,1.232748372480834e-10,7.235365767910061e-11,6.671480607234271e-11,1.449065719295288e-10,0.25721430390199196,1.6542450775053458e-10,1.0190776278314568e-10,8.784256547229594e-11,3.3961507364424425e-11,7.727379030955926e-09
1,2016-11-01,7.553911020081966e-09,0.7666677382884375,3.057105433151896e-09,1.7316211099516513e-09,1.6374254140207382e-09,5.5169771150771385e-09,0.23333218510629158,6.167971415144988e-09,3.0237903070490235e-09,2.494962138977453e-09,5.458712908652614e-10,4.487563569462182e-08
1,2016-12-01,2.706279263513036e-09,0.6622504465452108,1.5563936351432592e-09,6.909999547289677e-10,6.420616512706101e-10,2.0856910511188106e-09,0.052379891701039204,2.3528441622050963e-09,1.2450444177343932e-09,1.014675033457476e-09,4.289071508766808e-10,0.28536964903085366
1,2017-01-03,1.7774740797005284e-09,0.25613253760572885,1.0089763618307534e-09,3.784483910686612e-10,3.5804140841729274e-10,9.594187060268512e-10,5.2967452868599987e-08,9.983862673677277e-10,6.404288211034423e-10,4.691738882328979e-10,2.3063344441241815e-10,0.743867402605837
1,2017-02-01,1.0437109516826537e-09,0.9999998013038078,5.11039749370902e-10,2.446382652536489e-10,2.5348743866619964e-10,4.844284331764494e-10,5.40582374129051e-09,5.104873623970507e-10,3.5529509746511395e-10,3.240709941981556e-10,1.3454310326265318e-10,1.894286669897818e-07
1,2017-03-01,1.5262493012134613e-08,0.999999244230591,6.690057956587796e-09,3.3713058682027467e-09,3.6957494769088554e-09,7.784937199576477e-09,1.9420544952498213e-07,8.126037248812575e-09,5.291977532708334e-09,4.523777341433817e-09,1.9153689459810605e-09,5.049022549404868e-07
1,2017-04-03,3.2585629952708514e-10,0.9999999949883163,1.6057255662034335e-10,9.634823625746164e-11,9.613715462321978e-11,2.436085304437491e-10,2.554946243129724e-09,2.317940276463736e-10,1.4363648032394274e-10,1.422306957955344e-10,5.404864871160786e-11,9.625048089194888e-10
1,2017-05-01,2.561934852024194e-09,0.9999999770504889,1.8346276664744676e-09,7.121287344741279e-10,7.01381083837631e-10,1.7974249258917035e-09,7.379073105222498e-09,1.6829977568480554e-09,1.078772053756372e-09,1.210344528752399e-09,3.2039677420123636e-10,3.6704294994863655e-09
1,2017-06-01,1.5245425610471439e-09,0.9999999865394568,8.500641122223116e-10,4.302952136693638e-10,4.124463419379744e-10,1.0861426000346201e-09,4.624450543615272e-09,1.0559175830104727e-09,6.38948973808252e-10,8.785389863234857e-10,2.668113026876388e-10,1.6923848214911348e-09
1,2017-07-03,8.483983217652979e-10,0.9999999793522344,5.314780035823635e-10,2.854518479135367e-10,2.7288323649532963e-10,7.336376886721734e-10,1.4778291547455481e-08,7.773585901570291e-10,4.282483273692453e-10,3.9087953965900334e-10,1.5354687325044925e-10,1.4475916436945665e-09
1,2017-08-01,5.834071015776565e-09,0.9999999577662378,4.782020293325704e-09,1.4549530544449063e-09,1.350221027427609e-09,2.923995382444257e-09,1.1333369134776582e-08,3.1669158982759736e-09,2.1670871373291135e-09,2.0260212855162606e-09,5.192307664946542e-10,6.675877149173245e-09
1,2017-09-01,4.294958066286827e-09,0.9999999597427853,2.5225447111110396e-09,1.2536447022971131e-09,1.188524361871247e-09,3.0075484684147473e-09,1.4666036604472445e-08,3.0319156339025606e-09,1.8188762788348187e-09,2.4668974610831695e-09,8.209128621561796e-10,5.1853556208967725e-09
1,2017-10-02,1.426234218974867e-08,0.9999998669635887,5.9454176623179736e-08,4.4871018949127624e-09,4.422677245400568e-09,4.871884197075888e-09,9.691678528167138e-09,5.655802836912864e-09,4.676826193586043e-09,4.8986550103327256e-09,1.333968685090238e-09,1.9281297905107364e-08
1,2017-11-01,1.0102581278363395e-09,0.9999999953621559,9.013811233401085e-10,1.5712909510216542e-10,1.3270494790016135e-10,2.8890938430760913e-10,7.672408742865316e-10,3.349184963842165e-10,2.175564258085108e-10,3.857670415878196e-10,1.1251990060695816e-10,3.294588463808583e-10
1,2017-12-01,3.987968830926358e-09,0.9999999793535559,7.658832080444896e-09,8.730293062588436e-10,8.04854950295321e-10,8.528383855502735e-10,1.6114911775148993e-09,1.0392522281085296e-09,8.834791175931886e-10,1.2469416651442534e-09,3.65122830828419e-10,1.32263354185197e-09
1,2018-01-02,4.6462427491370166e-10,0.9999999989535875,1.8511992844690052e-10,9.872548478571755e-12,3.304891337160991e-11,5.436041224743145e-11,5.246502617849188e-11,3.2558608093163226e-11,2.2330825636704114e-11,6.072255292679793e-11,9.858216115284712e-11,3.272732791259974e-11
1,2018-02-01,1.1462191854762358e-09,0.9999999971741281,5.082883635023234e-10,2.1237149150755655e-10,4.593768799979235e-10,6.195805406998687e-11,6.02231310283042e-11,7.200735967786222e-11,8.668490355486767e-11,7.752362710207417e-11,7.344377277582425e-11,6.777501147242334e-11
1,2018-03-01,2.1796185038347284e-08,0.9999999661273729,2.3974442695402387e-09,0.0,4.1097776122451337e-10,1.2973385799655403e-09,8.802438876884693e-10,1.8975779128265123e-10,0.0,1.8255271215862822e-09,3.2254128931984855e-09,1.8497397484230273e-09
1,2018-04-02,1.578505610197452e-08,0.9999999741368387,0.0,0.0,0.0,1.5303220776281387e-09,1.0488865993875977e-09,1.6171946438765244e-10,0.0,3.0620779207880278e-09,2.880453941730411e-09,1.3946453722078437e-09
1,2018-05-01,2.7370033847302863e-08,0.9999999136583938,2.395402876263722e-08,0.0,0.0,4.94618826868214e-09,4.7003673567241946e-09,3.6244557482514572e-09,1.9276857942610018e-09,1.1765868464131753e-08,5.897500348386821e-09,2.155477501646223e-09
1,2018-06-01,8.541624702094556e-09,0.9999999432424332,3.205763232120007e-08,0.0,0.0,3.0376523873884393e-09,3.0076122802603054e-09,1.7963029270748115e-09,8.441752479228901e-10,4.064327680314698e-09,3.0868093766191045e-09,3.21429732932679e-10
1,2018-07-02,5.813290238696665e-09,0.9999999630709026,7.809391609969688e-09,0.0,0.0,3.3785306721621023e-09,7.928174855794245e-09,2.3323008489025193e-09,5.537928963946021e-10,3.6679714084169794e-09,3.273542769851648e-09,2.172101973407243e-09
1,2018-08-01,3.7616213126045833e-10,0.999999998854101,5.144377717347518e-10,1.2876692094872794e-11,0.0,5.602774985842922e-11,3.239912765854683e-11,2.7545098442355886e-11,1.6651335341502104e-11,4.574474220428758e-11,4.866656942942514e-11,1.5387993542972446e-11
1,2018-09-04,8.392946380263347e-10,0.9999999970949108,1.212779186485435e-09,8.315412920785498e-11,1.4427666408184712e-10,8.385615485921259e-11,7.16899519126337e-11,7.853243836443479e-11,7.953947037595386e-11,8.225384162079397e-11,9.547634476104333e-11,1.3423631589483227e-10
1,2018-10-01,1.52091127739632e-09,0.9999999949548882,1.931622933924076e-09,2.016158189677189e-10,3.108350353130633e-10,1.2028675045680895e-10,1.2743660693550376e-10,1.3752174789534222e-10,1.706107727004564e-10,1.4115794404272606e-10,1.9930867510642071e-10,1.8380411730959775e-10
1,2018-11-01,1.3788477663867149e-09,0.9999999964814921,1.1392255272635181e-09,9.45693070431114e-11,3.974439805214587e-11,1.354930041206414e-10,1.1968500651520048e-10,1.0928009095979053e-10,1.0232100659861744e-10,1.3044952165335716e-10,1.5992938827004197e-10,1.0896282079534934e-10
1,2018-12-03,8.402979447214001e-09,0.999999979531167,3.097013995128924e-09,6.376831136407822e-10,1.4016833419536226e-09,7.072256054664389e-10,7.357383116835267e-10,7.257163268380618e-10,9.107167494931416e-10,1.8790786940764278e-09,8.218480424556479e-10,1.1491494773502643e-09
1,2019-01-02,4.1445875272694487e-10,0.9851831899677896,1.271866566672227e-10,9.377893629890894e-11,4.61462602136111e-10,1.338194310377948e-10,2.1710868326886767e-10,1.409492521903451e-10,1.825335621998179e-10,0.014816808016406561,1.4178269426876144e-10,1.0272318998219157e-10
1,2019-02-01,1.2751614553111906e-08,0.9999999030999343,2.6886693760506192e-08,3.2984872387819885e-09,2.8267413382202998e-08,2.5777566736771498e-09,2.7530579759619753e-09,3.067768228027934e-09,4.20158986472158e-09,4.234926591003003e-09,4.868329935370955e-09,3.992427553972211e-09
1,2019-03-01,1.1099212108090148e-08,0.9999999157903938,4.165853444554071e-08,3.3907572006615835e-09,9.157867803350696e-09,1.8164012013751127e-09,1.8627759253420375e-09,2.2815927165331825e-09,3.174735310530075e-09,2.113135323114873e-09,4.338789067080232e-09,3.315804989062139e-09
1,2019-04-01,3.642583116303394e-10,0.9999999989497681,4.0528917156243197e-10,1.0315788627036935e-12,0.0,5.7989414575122165e-11,4.0262050349534744e-11,2.9925094676141516e-11,9.94369675092377e-12,5.3783708723511956e-11,7.154395965828294e-11,1.6204785522335443e-11
1,2019-05-01,1.2951302841469238e-08,0.999999973197462,8.421858016953902e-09,0.0,0.0,1.6019545542644695e-09,8.152161743409542e-10,1.922490164108189e-10,0.0,2.2191473704700613e-09,6.008101544106688e-10,0.0
1,2019-06-03,9.440682290221042e-11,0.9999999997576015,0.0,0.0,0.0,3.4374104791367224e-11,2.9600888174088447e-11,1.1852423365945714e-11,0.0,3.3557033638313886e-11,3.698659400838963e-11,1.620690429819178e-12
1,2019-07-01,1.547813745812251e-10,0.9999999997550851,3.4632145561823145e-11,0.0,0.0,1.5170460932891795e-11,1.1025879765135196e-11,0.0,0.0,1.1708637661669255e-11,1.7596289209792777e-11,0.0
1,2019-08-01,2.7738423458160535e-10,0.9999999996695139,0.0,0.0,0.0,1.537418014199775e-11,1.5307352986838723e-11,0.0,0.0,1.5130735823523997e-11,5.291415932844762e-12,1.9981620297182584e-12
1,2019-09-03,2.5566772039460784e-10,0.9999999992182609,0.0,0.0,0.0,7.226489423819634e-11,1.7923148014042584e-10,7.127225522861479e-11,2.196828207364673e-11,1.1335618871022899e-10,3.942633234184582e-11,2.8551945299286042e-11
1,2019-10-01,1.2184777965324149e-09,0.9999999980259104,0.0,0.0,0.0,1.027261534920354e-10,1.6930462354588506e-10,9.77797028866027e-11,5.3293236641029514e-11,1.1630791046178622e-10,8.468221795435285e-11,1.315177487728045e-10
1,2019-11-01,7.915314067943665e-10,0.9999999985346512,0.0,0.0,0.0,8.241733258399676e-11,1.2524296761802496e-10,6.43482164583609e-11,3.518890017443245e-11,9.923352490296786e-11,7.23381554458332e-11,1.9504852083126364e-10
1,2019-12-02,7.009482067245139e-11,0.9999999990199623,0.0,0.0,0.0,9.011928805773839e-11,3.5962657825339986e-10,7.560480619583701e-11,3.616956771824453e-11,1.5561909493272951e-10,8.03383107382835e-11,1.1246524822522471e-10
1,2020-01-02,3.511696024440104e-11,0.9999999992928036,0.0,0.0,0.0,7.006588154284602e-11,1.5429942220769263e-10,5.079450183163634e-11,2.3084326363378604e-11,3.0341373523331977e-10,6.040298240837219e-11,1.0018682993324262e-11
1,2020-02-03,3.904698681781863e-10,0.9999999937111429,4.7146330872432796e-11,1.2384540705177255e-10,8.350653614289577e-11,4.351357086981043e-10,2.60009992822538e-09,4.661571580642409e-10,2.700683818413115e-10,1.1828686898728636e-09,3.3352260807781744e-10,3.560363030804245e-10
1,2020-03-02,1.0895104643668532e-09,0.8309904578040221,8.660184659312336e-10,9.675735432986505e-10,7.736750170032912e-10,2.811945207622661e-09,0.1690095223540182,3.468635497133524e-09,1.327622638690669e-09,5.9816195944209585e-09,1.1895550509376868e-09,1.3658040573818897e-09
1,2020-04-01,3.338115522594171e-10,0.4240943806208387,2.589348164417051e-11,5.6964732519464126e-11,6.027315210309686e-11,6.185640717438391e-10,0.5759056168513699,3.162552195959498e-10,1.1113070827109423e-10,9.249454760537297e-10,0.0,7.99529789233342e-11
2,2010-04-12,1.73363913352415e-10,1.895555274209348e-09,2.3553806748435323e-10,1.2831254636017132e-10,0.08965318611458908,0.3587185401758536,1.5645182355940652e-09,6.1095249951612405e-09,1.6897789162206193e-09,0.5516282610485881,1.0693488142009247e-10,7.574423284935938e-10
2,2010-05-03,2.3163353048119592e-10,1.607609428890699e-09,3.718277315773291e-10,1.7145550948494452e-10,0.06312585313367947,0.3504184694938622,2.8346835882050355e-09,1.2766357279824135e-08,2.8694312118991603e-09,0.5864555833311498,1.567215539748479e-10,7.30315888604132e-08
2,2010-06-01,1.3507206103974673e-10,4.679428930027993e-10,1.908571526958769e-10,1.0210423239519814e-10,2.6698437728310793e-08,0.3520672035486476,1.4866537483134486e-06,1.7294622602728355e-09,5.796052196950043e-10,0.6278889862657347,9.747596309899493e-11,0.020042293530911855
2,2010-07-01,1.7559969408260573e-09,3.632685780270216e-09,2.0393119921299798e-09,1.40485735000578e-09,1.594137585905516e-08,4.42321732121994e-07,0.31291568555046406,8.30433055983682e-08,2.0815735826639154e-08,0.6491489682722178,1.276600677874827e-09,0.03793477394571593
2,2010-08-02,2.339127610509113e-09,4.227316949555959e-09,2.8847882198765713e-09,1.9478945198714084e-09,2.3657501284274738e-08,0.2993331385405244,0.09306169668123715,4.858420196656159e-06,2.19696850836405e-05,0.536410605591961,1.851248969650066e-09,0.07116769417311962
2,2010-09-01,1.4872845051283443e-09,2.3334994189461605e-09,1.6749086353388671e-09,1.2472701442072135e-09,1.7199671336959037e-08,3.1350016548940286e-08,0.355265097983802,2.8865571846717157e-07,1.9662819527205728e-08,0.5828714923661826,1.1997330087383714e-09,0.061863044839093835
2,2010-10-01,3.687084477842234e-10,8.271995827140289e-10,5.470533138975977e-10,3.009780378119684e-10,3.725770980227489e-09,9.49454089824065e-06,0.3410765686791451,0.04375407713103595,6.562466329223164e-09,0.5475960010988553,2.8801256078398374e-10,0.06756384592987612
2,2010-11-01,5.212443446586854e-11,9.71307397249895e-11,7.369174824702309e-11,4.3567233692452947e-11,1.5246367984260716e-10,0.444076660954829,3.9154131220312615e-10,5.352763236317364e-08,1.6486661570566996e-09,0.494407183154463,4.521022011411592e-11,0.06151609985868023
2,2010-12-01,9.86274639323885e-10,2.750522202922969e-09,2.1074055150869187e-09,7.322168599770224e-10,1.8185586720004683e-09,0.27474158361065587,1.089553112698857e-08,0.041002695025621934,5.888956103313774e-08,0.607097737357557,7.605419407872344e-10,0.0771579050655532
2,2011-01-03,1.1044531977979917e-10,4.270530803641731e-10,3.386416917784586e-10,7.854138829949701e-11,2.613802408797905e-10,0.191789763263383,2.2328964180436655e-09,0.0964921878828974,0.048613351915980825,0.566191418451496,8.158391793099773e-11,0.09691327495570053
2,2011-02-01,1.7765379068075466e-10,0.07647949543575049,5.280394482562258e-10,1.4399642533303738e-10,3.8744471206983445e-10,0.308689233041693,9.63338488964354e-10,0.00935634684853249,0.133965369174876,0.3966151693313678,1.6161061668024624e-10,0.07489438380569657
2,2011-03-01,1.337020960703662e-10,0.20443989796516732,4.4306124946450323e-10,1.0205277397633234e-10,9.994202017084358e-11,3.918087707538344e-08,0.1542447115247397,0.057596377613318074,0.12504228971531672,0.41712298413658755,1.2448432544121028e-10,0.04155369896075108
2,2011-04-01,1.7717884606378746e-09,0.19962800983302975,4.0558436303822895e-08,1.2520209229466297e-09,2.0530332582098152e-09,1.053939267858382e-07,0.019103975015555094,0.12343540974243007,0.10201959228313232,0.5446266916265299,1.6155839671200227e-09,0.011186168854533276
2,2011-05-02,2.034964149840214e-09,3.2296569564433424e-07,1.9571672030060336e-06,1.1813137710856572e-09,2.92975656725959e-09,4.3776463593172765e-08,1.1209833548620026e-07,0.13887242735495756,0.034398871159479476,0.7463193054804009,1.070470902671414e-09,0.0804069527809589
2,2011-06-01,1.8367420120537086e-09,8.413963924771358e-09,7.910794563045363e-09,1.1709692112793431e-09,2.0921620021510465e-09,7.139276289193944e-08,0.08902071593969298,0.1937844823742525,0.0058091319454282205,0.6164835844461647,1.2390816523679446e-09,0.09490199123798539
2,2011-07-01,5.491677326170646e-09,5.8290743796170104e-08,1.956506094040819e-08,3.652969402584364e-09,6.29253811088685e-09,0.04791697911363422,1.273987652023837e-06,0.26243008680396274,0.043213601858819305,0.5431174249332299,3.4674357525461426e-09,0.10332053654227646
2,2011-08-01,7.343132561473197e-10,1.136733399211391e-08,1.240986947828082e-09,4.814545446117016e-10,1.2686080693570295e-09,2.3556226757763578e-08,0.01919650843870245,0.24296526745311425,4.3048340489857187e-07,0.6454550683645487,4.792327755261779e-10,0.09238268613207333
2,2011-09-01,1.529916911429761e-09,9.777759950945362e-09,2.0478211247970087e-09,1.0103617843812565e-09,4.3597305074517525e-09,1.5563982673371176e-08,0.009980468908346378,0.035759919776550436,5.742247050231253e-07,0.8919689381181094,7.521705943797466e-10,0.06229006393054527
2,2011-10-03,3.754713165463403e-10,0.16522390490408803,4.028441320942275e-10,2.8074804223310563e-10,6.722235573892524e-10,1.1688554208510242e-09,0.13756735090222497,0.06369114219687197,1.84214868954293e-09,0.6335175944307812,3.2975799122731196e-10,2.493984694984967e-09
2,2011-11-01,8.20487391721631e-10,0.14694494766584726,1.0966198695880408e-09,5.88250797572615e-10,2.071111771370628e-09,9.420458125034617e-10,4.944306036218791e-09,4.754746459921012e-09,3.30786510288986e-08,0.8222751524613842,4.44538420227029e-10,0.030779851132011118
2,2011-12-01,1.9300421152957435e-10,0.2508523156105435,2.322218878492078e-10,1.6041480472831893e-10,5.562371221023177e-10,1.8987855908570328e-10,5.057570991882056e-10,5.085918444230486e-10,1.4872526216837159e-08,0.6636099966543058,1.4662856307692983e-10,0.08553767036989049
2,2012-01-03,4.910487255306002e-09,0.37919357524189345,4.7309056955849185e-09,4.0600171011564135e-09,3.893391426743196e-09,1.3936475536098148e-08,7.319868468342901e-08,2.1234238857420757e-08,8.246841721433164e-08,0.5419450661974182,4.0479952098777775e-09,0.07886114608007538
2,2012-02-01,3.2980571050795004e-10,0.4045367574477195,3.400978245764542e-10,2.6882451092159887e-10,3.5179223121494804e-10,7.161587688463921e-10,3.5944172481280695e-08,7.627850484299128e-10,7.151007286220819e-10,0.4518052779466457,2.6096464263601196e-10,0.14365792491593285
2,2012-03-01,3.589816577462928e-09,0.49652243799603424,2.9193083631553533e-09,2.440826874918046e-09,3.1357407903658196e-09,6.90560539240522e-09,0.0010130016502640825,1.217874346780143e-08,1.2871348425755149e-08,0.272839195776463,2.728890238180235e-09,0.22962531780695866
2,2012-04-02,4.709515456321899e-09,0.25432008531372924,3.153735185513969e-09,2.7803865436344464e-09,2.14019485606664e-09,1.0857872082209783e-08,9.159460646706471e-08,3.0817425412221525e-08,3.264261763979885e-08,0.3114780486082562,3.0658463146210408e-09,0.4342016843158145
2,2012-05-01,3.690822520599325e-10,0.163416663215956,2.3742943443148356e-10,2.2761192054834035e-10,1.655486080145859e-10,6.384591999781095e-10,0.03307250779146212,1.1111649597266932e-09,6.706013236034259e-10,0.4377122825964337,2.0577153471458476e-10,0.36579854277047896
2,2012-06-01,6.303104812884024e-11,6.283883336874967e-09,5.903734601216103e-11,3.519636629343067e-11,3.568023514929883e-11,7.217549542531057e-11,0.43584738166679005,8.070807574728691e-11,8.121965312637005e-11,4.962732852351174e-08,3.782561586294534e-11,0.5641525619571243
2,2012-07-02,5.318472916294247e-09,5.588334947236613e-08,3.6223341130825346e-09,3.564012494375969e-09,3.373174045652463e-09,8.209012759490717e-09,0.3159994922473816,7.502097425051963e-09,7.469453313092346e-09,0.09748695757683759,3.777991618268226e-09,0.5865134514558826
2,2012-08-01,4.688209262264603e-09,2.4529649090109177e-08,3.2769293965715345e-09,3.3099410521539165e-09,3.2716230209828892e-09,7.48922976477251e-09,0.3566557774510153,6.441760062284885e-09,5.568254186782324e-09,0.09689170199407315,3.7106141022706984e-09,0.5464524582687016
2,2012-09-04,3.4102128626451153e-10,2.0222116328844564e-07,2.5857677577209587e-10,2.1821617375617543e-10,2.0429248425344492e-10,3.7746086623141006e-10,0.2819943501210307,3.367728375404561e-10,4.642891684108005e-10,0.22005914116011804,2.237975416301222e-10,0.49794630407326085
2,2012-10-01,6.05123801744411e-09,0.1079584789737222,4.756173098227949e-09,2.5629222236972935e-09,2.402069101447189e-09,6.356991667632367e-09,0.17963503825420596,5.728104882520956e-09,5.149932339225653e-09,0.43059093242606844,2.506879317305572e-09,0.2818155148316928
2,2012-11-01,5.495963718993873e-10,3.0991717365152174e-08,6.550297203023304e-10,2.4304785355740483e-10,2.3570824886664103e-10,4.1069868990593813e-10,0.2896347125738482,4.794067524115666e-10,4.889207755260955e-10,0.2544459998501113,2.406316329443846e-10,0.4559192532812831
2,2012-12-03,7.225592634854053e-10,0.09260812411617984,1.3211998236570997e-09,3.271130267773052e-10,3.2285951517645595e-10,5.724644486500767e-10,0.4886591645419991,6.1765056107306e-10,8.342190679037459e-10,2.9389028762383672e-08,4.365640085381807e-10,0.4187326767981626
2,2013-01-02,9.93343316867702e-09,8.661297059526081e-08,1.7117561622319276e-08,4.495114924024786e-09,4.435335576043824e-09,6.576641418692739e-09,0.4543604373690926,6.584501137949532e-09,7.675346518427384e-09,0.11645390476831616,4.930164379304651e-09,0.4291855095015219
2,2013-02-01,1.6517179122601165e-09,1.02391211264045e-07,2.4722419507507317e-09,6.744743091415851e-10,6.460734895184456e-10,8.333141983477626e-10,0.3408347654305428,7.975822836206662e-10,9.581410132895065e-10,0.13207251583616592,7.063805618492174e-10,0.5270926076021543
2,2013-03-01,9.368138966359452e-09,3.5700194934529103e-07,1.2462641005231808e-08,2.9795283531595556e-09,2.794289156231922e-09,3.6524956705866496e-09,0.45592433317545655,3.6107487354470415e-09,4.543430865923578e-09,1.0091813551831654e-07,3.085782018397477e-09,0.5440751664074038
2,2013-04-01,6.19693780907262e-09,1.1950362954737466e-06,1.0880214154790554e-08,1.1231309901476039e-09,9.766969048215566e-10,1.4932928849209487e-09,0.49888969219583307,1.3619652230259584e-09,1.9418212454625924e-09,0.019887007420793863,1.2675055872427468e-09,0.48122208010551276
2,2013-05-01,5.847843102113411e-09,0.009694169841691802,2.062111882839035e-09,1.0336747521479391e-09,6.52380630078364e-10,7.852428089497586e-10,0.5140530487457354,7.90291269445125e-10,1.3313782156217623e-09,9.402317346957362e-10,6.932968988140926e-10,0.4762527672761215
2,2013-06-03,5.147053837107262e-07,0.557283701335151,5.161450546061882e-08,9.308702857365065e-09,6.053631769832632e-09,1.1127733382277144e-08,0.3341560366434499,1.2131955571796893e-08,1.6560055251924978e-08,6.861020244168887e-09,7.170455352166089e-09,0.10855962648795553
2,2013-07-01,1.8492914105378414e-07,0.7435368483933362,9.666274122651562e-09,1.1021977631704e-09,7.281534907386361e-10,1.5396710477952043e-09,0.2029447510907131,1.4683286532803105e-09,1.7751281032419738e-09,8.180348014229453e-10,9.40238355892257e-10,0.05351819754878333
2,2013-08-01,1.2326089954871553e-07,0.8062098351955951,3.927777466727198e-08,1.0092948509968952e-09,7.026775131315959e-10,1.580194912055303e-09,0.19378998668350328,1.541806551470041e-09,1.6786848590817319e-09,1.1988764539647532e-09,9.546667205247523e-10,6.916025512072869e-09
2,2013-09-03,9.953981537374544e-10,0.8828473928294679,1.1597701002798222e-09,8.107749486903849e-11,5.7733453561433034e-11,1.9881879709287955e-10,0.11715260392378703,1.8274014511395647e-10,1.730419054248782e-10,1.5313066844731329e-10,1.0067805496459629e-10,1.443563490953531e-10
2,2013-10-01,4.445091522742268e-09,0.8539888247064398,1.0258138271853509e-07,1.6300031275997243e-10,1.0371318774213772e-10,3.0165260901924595e-10,0.14601106637733918,2.6532954548246596e-10,2.721116136149759e-10,1.5605098341659646e-10,1.4217062274722587e-10,4.857179949656532e-10
2,2013-11-01,0.0008849378052148108,0.7869992833668137,5.903885804997602e-07,6.963885025964676e-10,4.2038153212851753e-10,9.94344997548854e-10,0.21211518090461348,1.0360869196099842e-09,1.142989106070152e-09,5.517767361307115e-10,5.301966136462988e-10,2.1626128941070184e-09
2,2013-12-02,1.0296674172975591e-07,0.7956733734929393,7.730241043603949e-09,6.452579450211281e-10,3.285154815239953e-10,8.983925481616314e-10,0.20432651012895883,9.703155379656887e-10,9.955458794262925e-10,3.9552608009824697e-10,4.0391694932752485e-10,1.0436488759550384e-09
2,2014-01-02,1.165491842914158e-07,0.8009607500224526,2.6530970422800097e-08,5.782825655138809e-09,2.565236933048635e-09,1.177345004239645e-08,0.19903904802031144,1.3539948104723152e-08,1.0468430186138678e-08,3.1423775921913386e-09,3.2005043019481774e-09,8.404308402762124e-09
2,2014-02-03,4.3703917982626175e-08,0.646599391168104,8.58982999028121e-08,4.472039835569075e-09,2.233632524218826e-09,8.015737950195096e-09,0.3534004297386882,9.094946992394534e-09,7.988761685317555e-09,3.069482488670642e-09,2.276660897905448e-09,1.2339727716996016e-08
2,2014-03-03,2.7583115619000153e-08,0.6950991235185647,2.603785153992684e-08,3.1975087074757396e-09,1.4098940306592066e-09,5.555226196624793e-09,0.3049007885855463,6.0936258165114784e-09,5.187661789634444e-09,1.8801248993667074e-09,1.3383970892246947e-09,9.612483398213908e-09
2,2014-04-01,1.4476024849087005e-07,0.671292002830171,2.55465334541028e-08,6.030759116480109e-09,2.400389496710716e-09,8.122879452323787e-09,0.328707770683591,9.829380909324497e-09,8.858616326332736e-09,2.9543889210788564e-09,2.3367976174570356e-09,1.564624430686141e-08
2,2014-05-01,7.557412709341735e-09,0.636681921435282,2.7969348352356047e-10,1.0878101589445194e-10,4.944996454266906e-11,1.4580632956159952e-10,0.3633180696584143,1.797952545536865e-10,1.760966369226419e-10,5.087208267979394e-11,4.6822241387517794e-11,3.11574059064651e-10
2,2014-06-02,7.853281511901225e-08,0.7318821942296305,8.873714203026054e-09,4.058986594881459e-09,1.7398678649406988e-09,5.546318970757401e-09,0.26811768064322555,6.919419564668248e-09,6.273862111377262e-09,1.6680598320416761e-09,1.6366424298443022e-09,9.877457267009941e-09
2,2014-07-01,2.4233160104131022e-08,0.7341953312992727,6.321477250239344e-09,2.0020802206201294e-09,8.298445323379378e-10,3.0434662788550675e-09,0.26580461816685635,3.819695578825562e-09,3.2495166259907894e-09,1.0009618396939247e-09,8.648047753321915e-10,5.168863699330378e-09
2,2014-08-01,5.619221828140952e-08,0.7662197831120963,6.994200325600461e-09,3.021843467696369e-09,1.4336657162388691e-09,4.3230172865605706e-09,0.23378012568393333,5.455881103174152e-09,4.360745122644323e-09,1.2271265266074646e-09,1.1325407192514406e-09,7.062731885640922e-09
2,2014-09-02,7.543214694826972e-09,0.9999999740824617,1.3964008819477132e-09,5.439936522481422e-10,3.3096383358306276e-10,6.891442003292691e-10,1.1799692864267432e-08,9.506590904734974e-10,7.842296308533799e-10,2.528394960600487e-10,2.7809372536381065e-10,1.348306102291429e-09
2,2014-10-01,5.330179413428244e-08,0.9999999408633823,1.6282037959699148e-09,4.867763021108953e-10,2.82820316784463e-10,3.316426305611915e-10,4.585005219569259e-10,4.2755632381869467e-10,5.320728047756933e-10,1.7587234796046497e-10,2.0525788428360639e-10,1.3061207054374768e-09
2,2014-11-03,6.947463786486634e-09,0.9999999891774978,7.935337570690551e-10,2.464424795515711e-10,1.2792598445082468e-10,2.2037643518422063e-10,4.2163362093110057e-10,2.6314260409410323e-10,2.785724587772073e-10,7.87653009385173e-11,9.60642843062803e-11,1.3485814979643563e-09
2,2014-12-01,6.606082540662687e-10,0.9999999978843307,2.159287656905356e-10,8.938063350417269e-11,4.856757096493035e-11,7.866120403427848e-11,1.3966555207761406e-10,1.0823072134540103e-10,9.754436238272121e-11,2.600796145658593e-11,2.8306300824050248e-11,6.22767941946627e-10
2,2015-01-02,6.543476973126923e-10,0.9999999980185021,3.084516001388074e-10,8.438277965286506e-11,4.653890263972791e-11,7.118230436409449e-11,1.334536330291131e-10,9.150029934472994e-11,7.806710245563792e-11,2.9705076574701936e-11,2.1094754109722235e-11,4.627736099396303e-10
2,2015-02-02,2.3628700971885954e-08,0.9370143605098765,5.049296905083893e-09,2.6425369940479393e-09,1.4957232623556403e-09,3.8694481527632576e-09,2.3046920472583444e-06,4.92817141491485e-09,3.187995413103659e-09,1.32799849713172e-09,1.0310000969195468e-09,0.06298328763720458
2,2015-03-02,1.1245527683029337e-09,0.999999992382485,1.7664696164311843e-10,6.144502541686912e-11,3.243014907143188e-11,7.453044317489257e-11,1.1367855888564192e-09,8.744046647567246e-11,6.806357773582792e-11,2.653904340025406e-11,2.1541593740015757e-11,4.8075395304341084e-09
2,2015-04-01,1.2411139377693217e-07,0.8877278584014476,3.838679417996115e-08,7.10553888356041e-10,3.353278552759963e-10,6.819645538979217e-10,0.11113253481190945,8.353378317674547e-10,6.938140436879186e-10,2.2999954360596732e-10,2.0016641033999432e-10,0.00113944060129083
2,2015-05-01,4.697248326410999e-08,0.9999999276592729,4.665700464048047e-09,1.4162621831711026e-09,6.158554305813637e-10,1.2049903636669714e-09,1.1268450951902232e-08,1.4868581528253806e-09,1.1947411487523934e-09,4.0920224589648694e-10,3.4490576260312786e-10,2.761277074499227e-09
2,2015-06-01,1.5553014785931845e-09,0.9999999964168743,9.59943267967512e-10,2.697615041501911e-10,7.14736547427726e-11,8.590149664852833e-11,1.1121643405002862e-10,1.0382684932417336e-10,1.2030575212693187e-10,3.8929888813922343e-11,2.8837234291096968e-11,2.376281086505222e-10
2,2015-07-01,1.4399360578550211e-09,0.999999994994561,2.564838841710354e-09,2.066351375775629e-10,7.32662527871607e-11,1.0107590048093027e-10,1.2427945506323867e-10,1.175673207612728e-10,1.196342807879854e-10,4.320968966768966e-11,3.655457842863062e-11,1.7844153684769566e-10
2,2015-08-03,5.432967754686424e-10,0.9999999976955608,1.1032785288376034e-09,1.5376788562841618e-10,4.142612486595196e-11,6.573354128477905e-11,8.07588067579489e-11,6.878072363781783e-11,7.2356340194042e-11,2.2352068985679152e-11,1.3793095626704691e-11,1.388952430839769e-10
2,2015-09-01,9.543379387001957e-09,0.9999999786934269,6.632652081004177e-09,6.621376830813552e-10,2.3409724713898694e-10,6.078592057502342e-10,1.2179544129422036e-09,5.998752731489618e-10,5.375273895629486e-10,1.841843296586219e-10,1.3342428786421433e-10,9.534817629209144e-10
2,2015-10-01,3.3542580868973826e-10,0.9999999947767934,1.475864102268884e-10,7.081276977124979e-11,3.30428090448125e-11,1.7033362619097812e-10,3.4619630473978826e-09,1.3430006191462978e-10,8.02990408423504e-11,2.935781421711285e-11,2.269276228991734e-11,7.373926320018684e-10
2,2015-11-02,2.5021332264855436e-08,0.9999998778856132,1.3683314333946563e-08,6.3897672720789005e-09,2.9433159385209864e-09,8.75236753218207e-09,2.1644595578519294e-08,7.745657179134781e-09,6.464278448954464e-09,2.510606417593872e-09,1.639006309412805e-09,2.5320145692438354e-08
2,2015-12-01,2.6201441296742292e-08,0.999999881094483,1.922456467442634e-08,6.282698052809978e-09,2.8216083083913966e-09,7.991907908310742e-09,1.4903789005241507e-08,7.807292779893243e-09,5.977749082794239e-09,2.131443977362088e-09,1.3009640323994253e-09,2.426205779346844e-08
2,2016-01-04,4.0953212400834966e-10,0.9999999971875034,2.0074665613336347e-10,1.0772465311517701e-10,5.7290946879124014e-11,2.2661637993366605e-10,9.084623420100534e-10,1.9370891718071716e-10,1.2067905960132106e-10,6.012824398230501e-11,3.824219551718764e-11,4.89365121694637e-10
2,2016-02-01,1.7323876448329958e-09,0.937737243547768,7.520468508744582e-10,5.256884227570172e-10,3.4038918574368804e-10,2.7670044338821453e-09,0.06226274486600472,1.6398788150102783e-09,7.439709950623386e-10,4.2169917662236846e-10,2.449926928597676e-10,2.418169020101769e-09
2,2016-03-01,2.2160042399865304e-10,0.8662365149851927,8.598066356658582e-11,5.517004287666226e-11,3.585228652371334e-11,3.001539621872519e-10,0.13376348372042485,1.7476592565460445e-10,8.281103598749162e-11,5.7562074817359653e-11,2.3006716173037354e-11,2.5747911859325196e-10
2,2016-04-01,4.788819948408759e-10,0.9069239525284483,1.9397837636696142e-10,1.3588165772379725e-10,9.932915085289296e-11,5.457594866301803e-10,0.09307604405678581,4.668631136745255e-10,1.851255415047506e-10,1.304075933185742e-10,6.336839835020475e-11,1.1151704740793483e-09
2,2016-05-02,1.0071483014521539e-09,0.931042429597018,3.766204835438011e-10,1.828746311719539e-10,1.411169438966452e-10,9.159084244421976e-10,0.06895756553934351,8.403408112585246e-10,2.8241921721113196e-10,2.683620830747178e-10,9.91570095019438e-11,7.496905478049249e-10
2,2016-06-01,1.433950100880975e-08,0.7998670693041897,5.359502618213247e-09,3.129106556070146e-09,2.1451580700540885e-09,1.012874739662483e-08,0.20013283198758505,9.913625406875537e-09,4.423647185868201e-09,3.1785433964343485e-09,1.2130123412388994e-09,4.4877381168521775e-08
2,2016-07-01,1.9889290430846685e-09,0.6419304819121014,7.4410239124082e-10,4.773691246368228e-10,4.174570187623275e-10,8.312546443567457e-10,0.3580694203295718,9.175713673438056e-10,5.556907970910508e-10,6.587595259415272e-10,2.6053662110116e-10,9.090665625883424e-08
2,2016-08-01,2.0415685047916234e-10,0.5895019159199011,9.016638356248409e-11,5.971004671018307e-11,5.567549309617182e-11,9.766299620589168e-11,0.4104978792325797,1.0473049276143725e-10,6.611731950525746e-11,6.393956417708079e-11,3.324790971744409e-11,2.040721121992236e-07
2,2016-09-01,1.823809241141247e-08,0.5251375283384424,8.481302083007773e-09,4.504140026558634e-09,4.10482975109646e-09,7.629169797676876e-09,0.34890533548946834,8.56692563306558e-09,5.421828493235552e-09,3.92302000844648e-09,2.054374516814131e-09,0.1259570732484065
2,2016-10-03,8.736518563998715e-10,0.5827304517535441,3.4900181153452554e-10,2.1102005166033342e-10,1.966611582567838e-10,3.767805235053866e-10,0.4172695114638743,4.3483242201080334e-10,2.8566416614772594e-10,2.2939158508122945e-10,1.1758904658390996e-10,3.370798899452067e-08
2,2016-11-01,7.756474962879626e-09,0.5963417103616067,2.7705289019985767e-09,1.7363287286808015e-09,1.6629467903010694e-09,3.9785630776368645e-09,0.40365820643279265,4.499417820753367e-09,2.6674010892064515e-09,1.9836232019290063e-09,8.321609044902416e-10,5.531815513903627e-08
2,2016-12-01,8.894507890938549e-09,0.5279256221050547,4.143485623958353e-09,1.1092543505907532e-09,9.761906091675742e-10,3.3691192359353895e-09,0.3021178912845454,3.972804672880126e-09,2.337900562806998e-09,1.431803052125246e-09,3.7248643715127324e-10,0.16995646000284745
2,2017-01-03,3.554711252404061e-09,0.3283693409921499,1.570726362584679e-09,3.203800898134887e-10,2.971849210476896e-10,1.546983410184178e-09,0.23841218366588784,1.625811489395346e-09,7.921446847192986e-10,4.309741790983696e-10,9.020917889247242e-11,0.43321846511283685
2,2017-02-01,1.1428234022469948e-09,0.7230392630091267,4.297431980630021e-10,1.9180494388884793e-10,1.9294357608315864e-10,4.952975773628812e-10,0.19413318899612922,5.23228202389768e-10,3.040327841891471e-10,2.7346144874874064e-10,1.0261318817363947e-10,0.0828275443387958
2,2017-03-01,1.4486796492560327e-08,0.7481652451291634,4.796655301200071e-09,2.280576382608352e-09,2.4107158950812905e-09,5.857367422743008e-09,0.2409130826184718,6.112103212559172e-09,3.6619686047822557e-09,2.934849110565927e-09,1.2961618195371685e-09,0.01092162841517048
2,2017-04-03,1.3838724870378147e-08,0.80227353052541,5.742735642186308e-09,3.289822791321309e-09,3.2257942610255367e-09,1.2740921740717487e-08,0.1977263293196703,1.1204178068087304e-08,5.384589057834943e-09,5.39135422156679e-09,1.8099546108879947e-09,7.752684440529847e-08
2,2017-05-01,2.4647873923060993e-10,0.9227658554353038,1.6398461176480733e-10,8.220274763932911e-11,7.96508302584316e-11,4.2715003025678105e-10,0.07723414230486275,3.4192239401705607e-10,1.3925539379870145e-10,2.0098289384755652e-10,5.950869901490683e-11,5.186970377473609e-10
2,2017-06-01,2.2891177740358504e-10,0.9298326431588265,1.243684382762677e-10,7.910606792408783e-11,7.707027708008995e-11,4.2704754572800053e-10,0.07016735469816515,3.7328878994646016e-10,1.358785145996585e-10,2.7778283758881647e-10,6.962971965409634e-11,3.4992436799168193e-10
2,2017-07-03,9.194353561162894e-09,0.7747437314512055,5.222813199012942e-09,2.125323053529896e-09,1.9750439149288294e-09,8.192715131565418e-09,0.22525620633747367,8.81650554863364e-09,3.748459924249743e-09,2.988663938737479e-09,8.6780301427419e-10,1.9079639545463076e-08
2,2017-08-01,2.2004517911511847e-08,0.8922811995814486,1.6475339085287178e-08,5.4357890435975985e-09,5.106223878864811e-09,2.050275286543021e-08,0.10771864942668302,2.235735906513901e-08,9.718302993726972e-09,1.0468531675094426e-08,3.0074002031059886e-09,3.5915651710112665e-08
2,2017-09-01,7.354005234014362e-09,0.8601701017018824,3.922625077791952e-09,1.897216014968504e-09,1.8410922763569042e-09,9.428747123111059e-09,0.13982984213305602,9.068071039493828e-09,3.3898145290885318e-09,6.552815548848904e-09,1.379909213254757e-09,1.1330765789753885e-08
2,2017-10-02,2.946420185047019e-09,0.9309006773143527,3.023339534993476e-08,8.653930477875562e-10,8.182645971335968e-10,1.8756315732807222e-09,0.06909926752661902,2.4467600616254866e-09,1.1639837017786688e-09,2.1846785217622892e-09,4.795340794598361e-10,1.2144967171207896e-08
2,2017-11-01,2.1854853614038087e-09,0.9697448952022008,1.5610762642038428e-09,5.917109369764966e-10,5.301088047900437e-10,2.2516134977579668e-09,0.030255085491713234,3.239670083297109e-09,1.0068300653955254e-09,6.108985261503121e-09,6.183955495729882e-10,1.2122103837921067e-09
2,2017-12-01,2.749400838326618e-09,0.9608872880844926,4.458306112193774e-09,6.301980708463303e-10,5.638154520043056e-10,1.509328493480287e-09,0.039112686168177375,2.401116293427436e-09,9.538709276803278e-10,1.077157099705593e-08,5.246772878297068e-10,1.185045466114042e-09
2,2018-01-02,1.3123517524039662e-09,0.9999999732894924,4.1344510193678177e-10,2.238512524228194e-10,1.8424687266371175e-10,9.477688871272e-10,1.4081516101782317e-08,1.7596158905954833e-09,4.781597397261256e-10,6.3607551882995745e-09,4.965491411958092e-10,4.522476526241722e-10
2,2018-02-01,2.2341796956158895e-09,0.9999999953634813,4.930297965117355e-10,1.547460778784955e-10,3.1376374741421905e-10,1.8334529626478e-10,1.9192527776706127e-10,1.8292138101367897e-10,1.514517025894153e-10,3.123339496604575e-10,2.3983173296668197e-10,1.7899009541655027e-10
2,2018-03-01,5.013043911279258e-09,0.9999999461283136,8.841170417312443e-10,6.89861856838081e-10,3.6508524999644965e-10,3.4434990914023965e-09,6.148706987991633e-09,4.329178993672497e-09,1.9617585440954032e-09,2.7286305449410775e-08,2.1026086216056516e-09,1.647520728982421e-09
2,2018-04-02,2.7662306939692366e-10,0.9999999921095909,4.069533578498573e-11,4.3145019403022216e-11,2.060990336838928e-11,2.6776436294593096e-10,5.825046752345741e-10,3.5705489770794165e-10,1.4456297936634432e-10,5.9079058520997505e-09,1.4525120410662403e-10,1.0429163427526135e-10
2,2018-05-01,6.8671551705297255e-09,0.9849334085292348,4.561177095109371e-09,1.0554689281058677e-09,7.977060090618612e-10,5.887010742408104e-09,2.678759659274923e-08,8.47408644366364e-09,3.4079049751186096e-09,0.015066528490580143,2.8379518776373635e-09,2.3041273260832157e-09
2,2018-06-01,2.780716837299543e-10,0.9999999867580064,5.948706107958797e-10,8.971327323039899e-11,4.6215060823168174e-11,4.897140959648619e-10,5.756105247834257e-09,6.970639654066564e-10,2.281803014178093e-10,4.643026926864731e-09,2.2369789560191076e-10,1.95334553622875e-10
2,2018-07-02,6.082982850427727e-11,0.9999999834362925,5.214918587447454e-11,2.1473141713141724e-11,1.5314963700968334e-11,1.2299470176199506e-10,1.5639586285905493e-08,1.5483472605131748e-10,5.516431122915597e-11,2.992606465887027e-10,4.902804039300636e-11,9.307177443914994e-11
2,2018-08-01,3.795370290263693e-10,0.9999999954711707,3.8320368228274323e-10,4.392929063065425e-11,1.8590165793807037e-11,1.6296473951406406e-10,6.59806027934695e-10,2.6749470401978807e-10,1.1671446674177727e-10,2.2656750147351022e-09,1.362703915353165e-10,9.464371255461127e-11
2,2018-09-04,1.8495554138916813e-09,0.9999999928470202,3.1798272746532063e-09,1.2755175422178334e-10,5.296351797251939e-11,2.5451302673316617e-10,2.9990614388573456e-10,2.3435438173639753e-10,1.897182256128127e-10,2.9863210105551227e-10,2.7803280979698375e-10,3.8792504466417954e-10
2,2018-10-01,3.9895762780872215e-09,0.9999999873746566,5.180098619447926e-09,2.939870377634105e-10,2.638816407528908e-10,4.146571016163189e-10,3.5546846809682266e-10,3.617745173816501e-10,3.656757329253156e-10,4.396727242733175e-10,5.784474483520643e-10,3.8210401326631417e-10
2,2018-11-01,1.205616232495899e-07,0.9999996298076056,4.982284675821419e-08,5.832863677196221e-09,3.362646744502561e-09,1.3365128641690517e-08,2.0058106440473416e-08,1.876835890681924e-08,1.9924211789069945e-08,8.447942157942594e-08,2.4051316021512727e-08,9.965870446707363e-09
2,2018-12-03,2.1381235289753292e-08,0.8960518382540567,8.360238968081901e-10,1.700882498598272e-10,1.8885451347807122e-10,2.407246095318584e-10,2.8754129862597026e-10,2.574815285765099e-10,4.4885242488925065e-10,0.10394813714966815,2.7303277631254517e-10,5.124405286161319e-10
2,2019-01-02,1.0499918287144705e-08,0.6722724925854694,2.142672276165539e-09,1.3866087011050608e-09,5.220669827026894e-09,1.6233207586857223e-09,3.951456318139923e-09,2.090746237424413e-09,5.166356929645671e-09,0.3277274720562366,1.8764838654867824e-09,1.4000609014528452e-09
2,2019-02-01,6.14671036507389e-08,0.9846493179090666,6.25499442062322e-07,8.011195173753838e-09,1.2088194721338412e-07,1.0107357637346123e-08,1.2277346293544637e-08,1.4049521902566708e-08,2.7466369098229962e-08,0.015349738123370423,4.992620476512948e-08,1.4281075147943653e-08
2,2019-03-01,1.0823868700296004e-08,0.9998903472994322,0.00010961454637573156,1.8260497509753529e-09,4.639735447935463e-09,1.5947889492100017e-09,1.5978810063793112e-09,1.853005821132819e-09,2.872783083523749e-09,1.8610184925141346e-09,8.583974988860592e-09,2.5010859488584896e-09
2,2019-04-01,1.677497239510305e-08,0.9999999169727415,1.136454607314239e-08,1.246968354502841e-09,6.32886432446962e-10,3.7117753565270117e-09,6.0050648300760445e-09,4.812070162761405e-09,1.039410886235441e-08,5.144873991589382e-09,1.9806665532942045e-08,3.1333264588307404e-09
2,2019-05-01,8.290505308239246e-10,0.9999999975780054,2.669929982738194e-10,0.0,0.0,1.8273028599068186e-10,2.561878701984677e-10,1.7984037117812185e-10,1.7579692766036095e-10,1.868047451505246e-10,1.6967050553971283e-10,1.7492041932953313e-10
2,2019-06-03,3.1424719804339237e-10,0.9999999955675005,1.4533991766770416e-11,5.069184465898379e-11,1.3427831757433738e-11,3.8354835452433883e-10,1.6377598250050196e-09,5.585564755782171e-10,3.934963209988387e-10,6.633898298276219e-10,1.3211060542328792e-10,2.707372513984058e-10
2,2019-07-01,1.5800320062696268e-09,0.9999999953533939,2.0821014836202573e-10,9.115753460263207e-11,0.0,3.9215625411090366e-10,5.194682563437823e-10,5.196166867208882e-10,4.381670004962022e-10,4.937217290136554e-10,2.1919536394314533e-10,1.8488130469497886e-10
2,2019-08-01,5.822127320943088e-09,0.9999999858444465,1.8107385154644671e-10,2.0005316379091877e-10,0.0,1.1034181992930453e-09,1.2791888156504295e-09,1.5706892053389585e-09,1.5257451763722084e-09,1.1588852944626955e-09,8.524259994804301e-10,4.619463830326904e-10
2,2019-09-03,3.5586015948666397e-09,0.9778827077921546,1.3327846530522188e-10,3.8804916033447353e-10,2.7516240399418665e-10,3.872879166080486e-09,0.022117254213498576,6.7759128788894054e-09,1.7011340204735518e-09,1.910943748712439e-08,8.170168143489031e-10,1.3628748234536214e-09
2,2019-10-01,1.844818880743614e-09,0.9906179457618537,2.6596984667995434e-11,5.0651492941524415e-11,3.4225312634308437e-11,2.9788753055100057e-10,0.009382049774946178,6.490278980584105e-10,1.7605458013679004e-10,8.89721219683283e-10,8.157595822796626e-11,4.126402396977174e-10
2,2019-11-01,4.91536012172726e-08,0.9999990929904602,2.118474319822402e-09,3.056968191973421e-09,1.7986988531051306e-09,1.278343269894463e-08,6.552326100862504e-07,2.011721798210158e-08,6.758019217081796e-09,8.931038469841545e-08,4.729811200572145e-09,6.195032130135572e-08
2,2019-12-02,3.1152394647943695e-10,0.960343940289935,4.746060259751138e-11,1.1017057012085582e-10,5.362020809079636e-11,5.309229424807774e-10,0.03965605319046022,7.692974109137147e-10,2.332993523404431e-10,3.2811734760738157e-09,1.999946381429983e-10,9.821415517419886e-10
2,2020-01-02,1.7744250465250106e-10,0.9872966509169505,2.7287506825720854e-11,6.418605382230607e-11,2.7075796278991107e-11,3.039245596090575e-10,5.262091680610431e-09,4.1968904211819695e-10,1.3934457636069724e-10,0.012703342333174798,1.228383536029119e-10,2.0599456649447103e-10
2,2020-02-03,5.0701061491422526e-09,0.8636136721625136,1.1309494349025134e-09,1.6674285176029496e-09,1.2769035843894854e-09,5.939105567904767e-09,0.13638622569958375,8.40686154968765e-09,2.751198131615979e-09,6.823988676909723e-08,2.5315358504528926e-09,5.123927042040881e-09
2,2020-03-02,2.4195045774139917e-10,0.567450016788791,7.770134542033334e-11,9.989004584761213e-11,7.27208234056865e-11,4.668152830261143e-10,0.43254997985828153,6.207677868536055e-10,1.7088889498654537e-10,1.3224121869979254e-09,1.0454493578513446e-10,1.7523569316183814e-10
2,2020-04-01,4.504830523112007e-10,0.3806413718202869,1.1082236830680904e-10,1.244614085522978e-10,1.5402832038426212e-10,1.1313892192137764e-09,0.6193586232367638,4.744019261589771e-10,2.1579910522163538e-10,2.073391555552421e-09,2.478294459625295e-11,1.8338920668598403e-10
5,2010-04-12,4.616528964665833e-10,0.03167129461008366,7.451668963456258e-10,3.00754731620837e-10,0.06136731946998537,0.6363053759074471,1.4451416599826782e-09,2.4202664920893856e-06,0.020197281926303275,0.25045630188892526,3.7118875449964447e-10,2.6068581642036817e-09
5,2010-05-03,1.479334369654803e-10,0.008724391252173527,3.4956980020799503e-10,8.74412218050953e-11,0.05035510304093349,0.6187880945398454,3.4666474953365784e-10,0.013851630212260003,0.032909034745029965,0.26614317692536943,1.2604947264715323e-10,0.009228568226729265
5,2010-06-01,5.913881812760669e-10,8.77151570967122e-09,1.1018524141633866e-09,3.8503972050592686e-10,0.037158351224216166,0.6613594908905567,1.7651924611473152e-09,3.560636253553699e-05,8.965081062990132e-08,0.27925181536142674,5.046190645943301e-10,0.022194633390846867
5,2010-07-01,2.9243093653207815e-10,1.2993621490182247e-09,3.908514305943272e-10,2.1039566564771268e-10,0.0029015420657940096,0.6134742193392708,2.1121760299079682e-09,0.03177899350533191,0.012963781131207754,0.2973098698804206,2.454771942263008e-10,0.041571589527281426
5,2010-08-02,7.319594217914877e-11,2.365831209275158e-10,1.1209052502200021e-10,5.7542523653336643e-11,6.341609504316875e-09,0.5999566079776898,4.281897984256526e-10,0.017582853762072748,0.08076055500272535,0.25376133946835966,6.236039147272614e-11,0.04793863647758076
5,2010-09-01,1.068934526030739e-09,2.471433268669055e-09,1.3307468920627372e-09,8.541849792693075e-10,9.939512247747994e-08,0.5673110255706688,1.854605458451827e-06,0.10045603493782242,0.0009433533357135775,0.28055999481888755,8.953767794551597e-10,0.050727630715650326
5,2010-10-01,3.5712118254011436e-09,2.0002458382132588e-08,7.250497120611034e-09,2.72490984193497e-09,0.0013744086881093238,0.5991917341399406,2.363819639561216e-08,0.07912269248257724,0.017479451752935922,0.2522121049883924,2.83620417165253e-09,0.05061954792456674
5,2010-11-01,4.231986127923087e-10,1.955303290567579e-09,8.839156847262083e-10,3.035594090430761e-10,2.691792115081584e-09,0.6160774856372644,1.3102247297554313e-09,0.04328785876286217,0.05108073828102065,0.2390160726067953,2.865900528177797e-10,0.05053783685747353
5,2010-12-01,4.314695679498918e-10,5.3687028110158284e-09,1.8381721354562943e-09,2.721908986352773e-10,1.444831112545083e-09,0.5435590829042181,1.242015969013424e-09,0.056324473293555465,0.06530982709931116,0.2813502461225107,2.6599083075417205e-10,0.053456359717031304
5,2011-01-03,7.495415772605295e-10,1.4801908792286913e-08,4.860546482292754e-09,4.783357063800242e-10,2.3820004649442817e-09,0.5092400947504275,2.109076844714451e-09,0.053540201552783294,0.11623360582545118,0.264558972905647,4.2617764080449803e-10,0.056427099158103476
5,2011-02-01,2.4972294441095632e-09,0.10351713207704713,1.006372961040714e-08,1.8287720080487634e-09,4.2777482555998526e-09,0.5581848794896874,8.271320911378293e-09,0.005259372790111897,0.11942057832065502,0.19074216828497592,1.6550250294747147e-09,0.022875840443697386
5,2011-03-01,9.236505473528691e-10,0.15115308427785437,5.16170190973433e-09,6.640119004931912e-10,7.903936304769413e-10,0.5005079425609931,1.3065796446656653e-08,0.036527836696332305,0.10612727478049634,0.19724675858935017,7.076314748288572e-10,0.008437081781787672
5,2011-04-01,5.943957179876677e-11,0.14631348855187604,1.898214931562718e-09,3.696706135636953e-11,7.038091407099442e-11,0.41588965615440127,5.914158614583336e-10,0.0801710312177549,0.10165055173463222,0.2559752630450145,3.7581818688529726e-11,6.602320873155717e-09
5,2011-05-02,7.547770945382188e-10,0.05812448219066611,0.01569666156377987,3.959882839773295e-10,9.537055456673676e-10,0.3988289658355717,3.284067483671128e-09,0.09101531467275983,0.07648601228093167,0.33976673246644545,3.3998697501410415e-10,0.020081825261320053
5,2011-06-01,5.102303228198167e-09,5.451105402552983e-07,9.199719780075164e-08,2.6118929430894274e-09,6.521494220964612e-09,0.4498120889242204,1.9433363935029806e-08,0.11824488477214604,0.08946378957455435,0.29024659202850583,2.2869071357190632e-09,0.05223197163687408
5,2011-07-01,1.8749714620531677e-10,0.037177219538217565,2.4379173630358182e-09,8.932775272147095e-11,2.5825862514472297e-10,0.450067674025682,3.409126966738273e-10,0.11658582463537752,0.09555231052627824,0.2562890006675706,7.029290016190096e-11,0.044327967222667596
5,2011-08-01,4.192542897457676e-09,0.04622389881996523,1.2163282386223388e-08,2.1815987683545083e-09,1.0365086345393932e-08,0.40755537853141066,2.386188767422504e-08,0.1378802373685857,0.06810869197429929,0.3048208741631801,1.7921343241485214e-09,0.035410864586026755
5,2011-09-01,1.883314400801725e-10,0.005344725210397715,3.339564076561931e-10,1.0655653627829907e-10,6.612149705816905e-10,0.34401755891450964,6.873126482304318e-09,0.1051446411770386,0.09068964452491933,0.4204141849681319,7.2474338270478e-11,0.03438923696934257
5,2011-10-03,1.5621867129082934e-09,0.135380981657538,1.895315721005704e-09,1.1205608509867716e-09,1.897061687603498e-09,3.5517770741401983e-08,0.14231592785341043,0.40717723176368337,1.0603820837056649e-08,0.3151257942991289,1.3869063436257396e-09,1.0442616345200136e-08
5,2011-11-01,3.053079233760439e-09,0.1310197454844078,3.757125069346731e-09,1.890125896170961e-09,5.142324716528291e-09,1.092441381749927e-08,0.09465824375086652,0.20749556527828492,0.14389008955982024,0.42293629698416235,1.7339102309982462e-09,3.24414792756891e-08
5,2011-12-01,1.0013577857195736e-10,0.20881690136070286,1.060555100891761e-10,6.887824884171955e-11,1.3670091875632396e-10,4.1493007127181127e-10,0.13966999521357648,7.447839976417979e-09,0.24547094135981978,0.406042151863726,6.206575465359356e-11,1.865568443342593e-09
5,2012-01-03,1.6155544391679805e-10,0.28857962889647876,1.4166201933528211e-10,1.2259963578803873e-10,9.936745773668588e-11,3.45517615900618e-09,0.19362384903698646,1.0079907459804288e-08,0.18478210826754576,0.33301439537954186,1.2642311749207434e-10,4.232755807798011e-09
5,2012-02-01,1.2697293205604608e-10,0.41897644264974016,1.1830625693209962e-10,7.464705822973503e-11,1.923402901590225e-10,2.465163230147839e-10,0.2583168123480948,4.079313890996814e-10,1.3677702096925602e-09,0.2990729381444962,8.30169543555927e-11,0.023633804240167505
5,2012-03-01,1.2305649940479093e-09,0.4471157901149936,7.782738594110867e-10,5.981577641978893e-10,1.0940264347028432e-09,1.727999559874725e-09,0.2761471491203005,1.3963019944034772e-08,0.002100978554649468,0.20948149236042388,7.620256730078504e-10,0.06515456969556445
5,2012-04-02,1.084547088437269e-09,0.3349213689392154,6.887133901594e-10,6.205250321111795e-10,4.668474375398276e-10,3.4470937311784563e-09,0.21839849011597065,0.010885357076338106,0.03688306463725568,0.2490185094126604,7.342984585320753e-10,0.14989320277653467
5,2012-05-01,2.9485992043997523e-09,0.3063249011510827,1.5165514382842712e-09,1.0654233402381985e-09,9.711461944875482e-10,3.957621263145987e-09,0.2887228512818247,1.9510273503114034e-08,1.8724563294622382e-08,0.2709283719974072,1.2438634993016401e-09,0.13402382563164364
5,2012-06-01,1.5980364240512626e-09,0.21458104121265456,1.1567883716383256e-09,5.523176585842424e-10,5.732909887628027e-10,2.0889911809949437e-09,0.45885320241802235,3.262233158168824e-09,5.503441408320473e-09,0.08832100987845536,7.482207871268388e-10,0.2382447310075477
5,2012-07-02,2.1305704291551546e-09,0.12157483593598489,1.0926315069578072e-09,5.624816910571374e-10,5.624335197445295e-10,2.6540121921641974e-09,0.4215693244338749,2.37999895341275e-09,5.2844755774705595e-09,0.14807628823095273,6.726640513020381e-10,0.3087795360599195
5,2012-08-01,1.1632662044384974e-08,0.055554417401255114,5.335770270116536e-09,2.8392995808098343e-09,2.877282597651228e-09,1.03488088936539e-08,0.4457851441971074,8.792690013843711e-09,1.4896160384161655e-08,0.157854047395016,3.5917936071122184e-09,0.3408063306921539
5,2012-09-04,4.662577516269229e-10,0.21770033701754865,2.6433999006472584e-10,1.5350001652143067e-10,1.4872958300440767e-10,5.954964256693835e-10,0.40150256955127456,4.692191148589754e-10,1.8112209631874222e-09,0.16664925553171858,2.7376999631222827e-10,0.2141478337169244
5,2012-10-01,1.1300916474918309e-09,0.2616064952598099,6.183257670350923e-10,2.3072370246477778e-10,2.2665576306238204e-10,1.6344268805439325e-09,0.35996553128497855,1.3944987876577916e-09,1.7599086900534757e-09,0.24900832051451663,3.605542099716484e-10,0.12941964558550942
5,2012-11-01,1.8898527291990795e-09,0.18262637026781914,1.358966534686502e-09,3.966479595724863e-10,4.0208381526270037e-10,1.6040196399444603e-09,0.4032911361417187,2.8700909857110164e-09,4.8177640874975586e-09,0.1875441713930922,5.031379649924949e-10,0.22653830835480623
5,2012-12-03,7.860452327199898e-09,0.24757068765790535,7.336206151438128e-09,2.196510597298281e-09,2.1127440083857183e-09,7.669399509390803e-09,0.4900076707689652,1.1720077036874939e-08,7.431643328588211e-08,0.0615207396515549,3.596331886035911e-09,0.20090078511341958
5,2013-01-02,1.0005642070156846e-08,0.13264581081372215,8.73252021827666e-09,1.7117272178831175e-09,1.6324104120257905e-09,5.711112679069897e-09,0.4675243447327992,6.5293629832267765e-09,1.8616258973914984e-08,0.14480094325892867,1.8057692598238666e-09,0.25502884644974616
5,2013-02-01,3.172586269130963e-09,0.1824413842884451,2.3515746260670152e-09,4.954412296852497e-10,4.551192395007439e-10,9.035482694508993e-10,0.41873270487615966,1.0119294493939852e-09,2.784073908087155e-09,0.13983304042116132,7.344444283059872e-10,0.2589928585055167
5,2013-03-01,3.084789670870185e-08,0.18939820637103835,1.2083128108435001e-08,2.9556849636560784e-09,2.479058230090782e-09,6.1630698536597906e-09,0.47342310265694426,7.1257778583652584e-09,2.434676954241056e-08,0.06765305086224786,3.4526538049452423e-09,0.2695255506557305
5,2013-04-01,7.598712441660262e-09,0.19387078133173982,1.0538562250608744e-09,1.4003640090963054e-10,1.0793640848017462e-10,3.635321596587558e-10,0.47711338504198986,2.979907317036868e-10,1.4795035235920919e-09,0.0957515290460484,1.7010699090826393e-10,0.23326429336854704
5,2013-05-01,6.214378377669297e-08,0.2322382419721669,7.491028684320701e-10,6.568717380324995e-10,3.106392894471074e-10,8.636038667435438e-10,0.5303726872836518,8.760861507299327e-10,7.4452092276835434e-09,2.81851955533435e-09,4.380836764200983e-10,0.23738899444228112
5,2013-06-03,0.3357439926901757,0.22192583348844028,3.2913745928038215e-10,8.999811920325695e-11,6.646623573691527e-11,1.702526271928468e-10,0.44232990069523026,2.1139338028975335e-10,6.212267617916684e-10,8.646056611555171e-11,9.366318938592833e-11,2.714575554941437e-07
5,2013-07-01,0.34144229572170387,0.2726798186528986,6.377740842562443e-10,9.491439223810146e-11,7.741574587334861e-11,2.3328154909971453e-10,0.38587787579210026,1.9962827406422524e-10,3.0023208276229936e-10,7.933548090300642e-11,9.735112786388252e-11,8.113364756600249e-09
5,2013-08-01,0.2968279367127097,0.3242245520599354,1.4463203165351406e-08,8.320094156397927e-10,7.619708117705684e-10,2.9112374224991158e-09,0.37894747819137276,2.287103818640115e-09,2.8166069381822837e-09,1.9314178495767744e-09,1.0417245504174106e-09,5.990708155654851e-09
5,2013-09-03,0.07986778287319807,0.5638670987996839,2.1647451653045272e-09,1.6756160485534966e-10,1.340657263120639e-10,8.162613506757026e-10,0.35626511217703777,6.778233672940204e-10,9.379000776874365e-10,6.502238937059124e-10,3.0935629948610935e-10,2.921427483287618e-10
5,2013-10-01,0.22147528732483993,0.4158690936155847,1.693371006671521e-07,3.961301945142256e-09,2.8327870706565958e-09,2.196952095907695e-08,0.36265536951383737,1.3923159234086083e-08,1.6313243386406458e-08,4.93397183443389e-09,4.424521772205166e-09,1.185013100835308e-08
5,2013-11-01,0.3709208546573659,0.24356816905790693,1.8590352036731365e-08,6.88108101960225e-10,3.969101239717585e-10,2.004181347474939e-09,0.385510947534962,1.845145293316863e-09,2.121270279837312e-09,5.350111190221956e-10,5.678891283064862e-10,2.0008976652205952e-09
5,2013-12-02,0.31135805505555525,0.30320345292295114,4.836366476691176e-09,3.9336220176465e-10,2.1941423921129142e-10,1.2230956832182994e-09,0.38543848157674265,1.2297392015268812e-09,1.3152549024806813e-09,2.403116640774304e-10,2.937970129827611e-10,6.934096616462818e-10
5,2014-01-02,0.13901577827248993,0.4685095518078986,1.7331392169970833e-08,3.594799366124926e-09,1.6250090744761418e-09,1.3204994439148248e-08,0.39247459463005996,1.7056862884980358e-08,1.2859100398300002e-08,2.1977328048613277e-09,2.4224881736994713e-09,4.997172187262752e-09
5,2014-02-03,0.015915535239481804,0.5239002998451852,4.8505780085678485e-09,2.4525567011789726e-10,1.1340754681115928e-10,6.019794907698932e-10,0.46018415658725786,7.852916803080681e-10,7.64375541568118e-10,1.6934724721519547e-10,1.4027651630692897e-10,6.57563446368647e-10
5,2014-03-03,1.8045936840896148e-06,0.5580674810877575,3.9943623877288315e-08,4.918710961053331e-09,2.210134693408123e-09,1.043877903411233e-08,0.4419306123168297,1.2509405029975123e-08,1.1821963252821917e-08,3.010601462472889e-09,2.6633170277033554e-09,1.4485193468250263e-08
5,2014-04-01,0.1817087117263528,0.37449060349147956,6.074339220559566e-09,1.4950426739415414e-09,4.9738464327708e-10,2.6177803780219354e-09,0.44380066172077504,3.84014774033135e-09,3.520774611904806e-09,6.765017820707356e-10,5.242039612222914e-10,3.815217592762554e-09
5,2014-05-01,0.27498837524853925,0.26893546203860585,1.0954068850596006e-09,3.933425743404471e-10,1.3968173639108143e-10,7.308305654704458e-10,0.4560761565994162,1.1150935095426726e-09,1.0948904453990834e-09,1.9559855399781405e-10,1.0723649970290686e-10,1.2413579039852612e-09
5,2014-06-02,0.13901102373719637,0.4382765054473584,6.663767525290935e-09,3.3327514082191963e-09,1.2379846714731777e-09,4.903265787153906e-09,0.42271242878594184,7.298962611794184e-09,7.707118687125449e-09,1.4373940647878806e-09,1.3206784075158775e-09,8.127580064355343e-09
5,2014-07-01,0.0070303647979908625,0.5671602101341524,2.3134547469963163e-10,8.373016454490795e-11,3.767953429039492e-11,1.1167239330059482e-10,0.42580942398042126,1.5892445202770483e-10,1.7104714444191403e-10,4.40302056913321e-11,4.801876442153074e-11,2.0098736528074995e-10
5,2014-08-01,0.0805454456053798,0.5096373694503253,4.453628154188906e-10,2.039873698142301e-10,9.300287387761317e-11,2.573473162276963e-10,0.4098171825730722,3.673984057423809e-10,3.3965566940130264e-10,9.69258063819672e-11,9.222163310348032e-11,4.753207826637028e-10
5,2014-09-02,0.1183001739878811,0.601229238150441,5.344627237848647e-10,1.3464453504707575e-10,7.231163345992768e-11,1.7100284767669712e-10,0.28047058572708583,3.0402939131972004e-10,2.679561802027058e-10,6.514084148735316e-11,7.065182434211946e-11,5.143921224143023e-10
5,2014-10-01,0.42413173008439764,0.4179941220204591,3.793335202752614e-09,1.0995991630817025e-09,7.156221722737762e-10,5.20283330045715e-09,0.1578741112515386,1.0350493091895612e-08,7.084304168046169e-09,1.00616472828684e-09,9.531194993140604e-10,6.438133453363455e-09
5,2014-11-03,0.2982553170069103,0.5072594398441145,1.9069516232853777e-08,5.688175190678268e-09,3.3929627967986765e-09,1.5109079921522744e-08,0.19448503834398656,2.0763386664132437e-08,1.5054334392704427e-08,3.0440510263210678e-09,3.307031374072958e-09,1.193764509212945e-07
5,2014-12-01,1.5027216733504133e-06,0.8343043240647333,3.737448217662448e-09,1.7312514264612057e-09,1.0540604018110308e-09,3.5253090336899255e-09,0.16542825016788673,7.751599793092328e-09,3.649012809046034e-09,8.658339184560444e-10,8.84720890726387e-10,0.0002658998464702538
5,2015-01-02,0.008196439581104064,0.8244587008869722,7.585771605695857e-10,2.16215974500776e-10,1.3571063685390658e-10,3.816794145051728e-10,0.1673448297757705,6.393239612458388e-10,3.127926055400446e-10,1.2401712378854753e-10,1.0613089505877507e-10,2.7081705514712348e-08
5,2015-02-02,2.7246885800072104e-06,0.6068460598108696,1.190891413550719e-08,4.5207801114316375e-09,2.3270028866137097e-09,5.7392152562385326e-09,0.29405924150049023,8.299120660041112e-09,5.946064893171591e-09,2.1355178476199406e-09,1.5241351527750495e-09,0.09909193159930924
5,2015-03-02,0.19077869829712216,0.5291847584576151,1.0863667917711512e-08,2.167728548030904e-09,1.1573142995999326e-09,2.8948984418319003e-09,0.27116419760390437,3.694629872687525e-09,2.9200518924416866e-09,1.041547029487543e-09,7.439620785875498e-10,0.00887232015755816
5,2015-04-01,0.33992946796924234,0.32856429843923424,7.311422716279742e-08,1.9358009011796734e-09,9.390764494605762e-10,2.663033421093411e-09,0.33150596592640996,3.3039509603229674e-09,2.5600874981414373e-09,8.635706217777292e-10,4.812711911872945e-10,1.818040951962952e-07
5,2015-05-01,0.29291118688877615,0.45244739948637874,2.864272461843618e-08,4.665524520094427e-09,1.7856504742143946e-09,4.950095789829675e-09,0.2546413474604943,7.201292431760344e-09,5.1977264141407925e-09,1.5794308490031008e-09,7.19236301865631e-10,1.1422669339596561e-08
5,2015-06-01,0.2682575274979159,0.6256814724404022,7.287953226555008e-10,2.3101589421609632e-10,6.672971308668502e-11,2.527919866168021e-10,0.10606099752423936,4.074104445952416e-10,2.6382728891434714e-10,6.252440398764416e-11,4.798142100296714e-11,4.763660433209968e-10
5,2015-07-01,0.23720190685910894,0.6534766309946116,4.687147257993393e-09,2.4485118874971895e-10,1.0070378299033197e-10,5.031694260861228e-10,0.10932145508241303,7.107890183401759e-10,3.1953097148346614e-10,9.686087046405639e-11,8.136041545766974e-11,3.19453576793894e-10
5,2015-08-03,0.02036480772925303,0.8814385712586148,3.106005794095094e-08,2.542544996227936e-09,7.277690718767089e-10,3.549577635908417e-09,0.09819657308892459,3.0214231949546014e-09,1.954060327032097e-09,6.588936380900827e-10,4.792341530064972e-10,3.929646468998521e-09
5,2015-09-01,0.2803767517826393,0.5088309481276729,1.1856320500396959e-08,4.229746243109149e-10,1.548171233130986e-10,1.867109035479888e-09,0.21079228296850064,1.2372389814718622e-09,6.864884928229593e-10,1.6085349748504632e-10,9.555902690569861e-11,6.398257048100849e-10
5,2015-10-01,8.604471569227551e-08,0.6932368690947889,1.0631515218992209e-09,2.715655826890818e-10,1.0460930055216375e-10,1.5065207461141972e-09,0.30676303517868286,7.14221722959498e-10,3.8969369862525045e-10,9.750789204982214e-11,6.975174340887316e-11,5.4647901474383215e-09
5,2015-11-02,1.5163190293532207e-09,0.7799072969028219,4.006536897908156e-10,1.7309538199686616e-10,9.31583031435576e-11,7.474400917193779e-10,0.22009269772780998,4.239181032907674e-10,2.655149071269078e-10,9.49119794120011e-11,5.127113875364375e-11,1.6030854808008122e-09
5,2015-12-01,3.404893267147856e-09,0.8084285946607823,1.1955219982117239e-09,3.3811137731145035e-10,1.8293558099430576e-10,1.5514059892706379e-09,0.19157139352406982,1.1474435306682446e-09,4.933330299488133e-10,1.8019810825344442e-10,1.0956245579498139e-10,3.2117425375253954e-09
5,2016-01-04,8.568890046516396e-10,0.7528452159748764,2.3830213754922475e-10,1.1534314115868589e-10,6.491074401313703e-11,6.96630892916065e-10,0.24715478050422865,4.007801841030384e-10,1.6939005408646184e-10,7.099042555132442e-11,4.0682692910607973e-11,8.669758313048656e-10
5,2016-02-01,3.3825224389463796e-08,0.642141745948234,8.449033380681052e-09,5.443201709391233e-09,3.304882781564622e-09,5.552883585027564e-08,0.35785808613340137,1.9482474668299963e-08,9.057639619520427e-09,3.658934296437177e-09,2.1444539253137976e-09,2.702368389076729e-08
5,2016-03-01,2.601121511275604e-08,0.6108393915979136,5.742291990485246e-09,3.5461784313102244e-09,2.4293252790271438e-09,3.0506556799768496e-08,0.389160501793399,1.1608771852294342e-08,6.431272561361661e-09,3.3733912181962244e-09,1.6041097360832572e-09,1.5355574470647566e-08
5,2016-04-01,2.948604535674899e-08,0.626060195147097,7.062779859482863e-09,4.787309637423694e-09,3.480894027831092e-09,2.448295248143997e-08,0.3739396579000965,1.868118749730242e-08,7.434284307611123e-09,4.0337464300921286e-09,2.135317863745168e-09,4.536828917287352e-08
5,2016-05-02,2.068195713655825e-09,0.6352626494256398,2.4252481822104327e-10,1.0085608499874713e-10,7.676321135261972e-11,1.1187230730047444e-09,0.36473734531988405,8.622765487062609e-10,2.0443133770066285e-10,1.685958699969841e-10,4.80500261473528e-11,3.6405934293165143e-10
5,2016-06-01,4.698091924891478e-08,0.5787070912057899,9.795141316492836e-09,5.911902402299541e-09,4.28014965221894e-09,2.6796340228209932e-08,0.4212926876325979,2.5479055413019145e-08,1.0422758548059009e-08,6.646299306021606e-09,2.224575447355542e-09,8.262447066535286e-08
5,2016-07-01,1.556080341400553e-09,0.5140121411988414,3.2918886707257184e-10,1.9797572812244156e-10,1.6378193833181197e-10,5.587120930228173e-10,0.4859872420073723,6.430640452452736e-10,2.6844408498768024e-10,5.309123932937101e-10,6.613817506023032e-11,6.124794884454684e-07
5,2016-08-01,8.67286857262143e-09,0.47419602279654544,2.7729165822333674e-09,1.7985978928290957e-09,1.5930235145347574e-09,4.1378475656098426e-09,0.4987220194649986,4.492934297360964e-09,2.3083205062417815e-09,2.3857629213172537e-09,7.215856011917048e-10,0.02708192885459845
5,2016-09-01,3.5568468821656987e-08,0.44526397563993586,1.1632833181616825e-08,5.884564529030736e-09,5.2521626525196585e-09,1.2904784319251196e-08,0.47255716477119775,1.512722295478791e-08,8.381928542721353e-09,5.330226032351342e-09,1.8135319654881623e-09,0.08217875769314333
5,2016-10-03,2.193704655605751e-09,0.4866971611962236,5.94001981519412e-10,3.3367723408537297e-10,3.0414177745523526e-10,8.345949616903537e-10,0.5133025546744145,1.0450419919628834e-09,5.753222010380639e-10,4.527525041140247e-10,1.1687858149710514e-10,2.776792460250126e-07
5,2016-11-01,4.77651403665909e-10,0.49414614202724,1.203516850088737e-10,7.73971315550358e-11,7.201254065881169e-11,3.2322542784076603e-10,0.5058538534857203,3.797683182516989e-10,1.6746402273983418e-10,1.1867342828777973e-10,3.2267172054769255e-11,2.718228491969911e-09
5,2016-12-01,1.026897404015788e-07,0.44733062091764436,2.1182881083021657e-08,5.364485428946896e-09,4.79977397949453e-09,2.9833911952195114e-08,0.4519607558556839,3.9064047481008666e-08,1.6505623683166927e-08,9.020981216022234e-09,2.2078883354281065e-09,0.10070839255733824
5,2017-01-03,5.667686976102098e-08,0.3673444228368685,1.40963425039474e-08,2.3636654031483294e-09,2.15268279460683e-09,1.626736663379964e-08,0.4266642209739477,1.6269895439361938e-08,7.523244311513005e-09,3.687265671556473e-09,8.083897422927928e-10,0.20599123634346153
5,2017-02-01,3.738928654666527e-09,0.5274457928111886,3.716748491672032e-10,1.204607732061663e-10,1.1203005584322551e-10,6.20840794869794e-10,0.40549213957687186,6.549790881919599e-10,3.1405229424936725e-10,2.6187418250127243e-10,5.3333204839199734e-11,0.06706206136376555
5,2017-03-01,1.6956566411083745e-08,0.5402808548097081,1.1757224319214543e-09,4.1296085547896795e-10,4.155995796755247e-10,2.2305819174545e-09,0.42260640993937343,2.2863083705228817e-09,1.0811429109993403e-09,7.3354102958352e-10,1.7749901301910195e-10,0.037112709780995935
5,2017-04-03,6.887871847152288e-10,0.5838083991224613,1.910960271959442e-10,9.63111155140376e-11,8.826026678777393e-11,7.808468575856985e-10,0.41619159530133415,5.583261201091457e-10,2.2440672383011362e-10,2.2754712917598577e-10,4.490118837484747e-11,2.6757221187656686e-09
5,2017-05-01,9.624005532019142e-09,0.6368157881273023,6.840005108222547e-09,2.3734360879291275e-09,2.080734058212792e-09,2.3406196264195837e-08,0.3631841218768846,1.4964020346963953e-08,5.4386363902367416e-09,9.314534022577764e-09,1.459774670079757e-09,1.4494470617583484e-08
5,2017-06-01,7.731119049817816e-09,0.639036555155447,4.50232544607432e-09,2.1695863172497207e-09,1.9143698591260048e-09,2.2347362745104964e-08,0.36096335456841644,1.668884764573416e-08,5.343825231096721e-09,1.9452923333139617e-08,1.4502503825538085e-09,8.675526361118632e-09
5,2017-07-03,6.204270050094424e-10,0.5732688175365115,2.826463883154547e-10,8.431605299660677e-11,7.221463032504893e-11,5.48916866492975e-10,0.4267311792824981,6.077921240935728e-10,2.2151131857209364e-10,1.2697196204432254e-10,4.02765366109173e-11,5.759174703997237e-10
5,2017-08-01,1.4482861285998956e-09,0.6201988513209449,1.1847784891508563e-09,1.6487411951815692e-10,1.3979948882250967e-10,1.3264794278889605e-09,0.37980114086552375,1.5541626034708636e-09,5.389843891427895e-10,4.5316071952431197e-10,8.823545920362774e-11,9.147704937908707e-10
5,2017-09-01,9.218283631981522e-10,0.6052126175463572,4.513857800117484e-10,1.5809231348422399e-10,1.3184414628618493e-10,2.582313400658488e-09,0.3947873733619109,1.9088249771608373e-09,4.895326567419906e-10,1.7010106257148266e-09,9.084644812832163e-11,6.560531371498994e-10
5,2017-10-02,8.62006647614744e-09,0.5346819286799659,0.10438316092604027,1.0458865667642723e-09,8.259972280028929e-10,6.3877445534386e-09,0.3609348115471634,1.4684885332167005e-08,2.6474633898570718e-09,5.352286673408009e-08,7.288582927170379e-10,1.0383062012841715e-08
5,2017-11-01,2.8902835913520202e-09,0.643856748295077,2.5201390013499906e-09,2.9491947965944184e-10,2.0024894593034463e-10,2.0658440581048364e-09,0.31947176799045296,8.183123851689326e-09,9.190623146425328e-10,0.03667146587342727,3.095486676485813e-10,4.578729380934702e-10
5,2017-12-01,2.5331088521154595e-08,0.5847882171943594,0.04605678245340424,5.18659454394573e-10,3.3407148403976233e-10,2.572007681274241e-09,0.2841279019591044,2.2602448617692897e-08,2.0247883679475175e-09,0.08502704373664483,4.95054150574607e-10,7.783687642696323e-10
5,2018-01-02,6.049031175552659e-09,0.6397520519519809,8.640449793098006e-10,1.9046801994081844e-10,9.793034767872543e-11,1.1781031238761151e-09,0.19575317191837557,0.05852430493822051,8.104053019514597e-10,0.10597046159875992,2.1748151089704624e-10,1.8519871640631688e-10
5,2018-02-01,1.0539537214370014e-07,0.7908789057711133,7.061230081964974e-09,3.658692458378022e-09,3.3809049705569128e-09,2.4108397144692872e-08,1.1429127116425388e-06,0.07788541089689063,1.0280857619981652e-08,0.1312343790173641,4.156102595184959e-09,3.3603635279461866e-09
5,2018-03-01,1.7383950374927094e-09,0.6661139213966834,2.79681353511435e-10,1.3554095196871165e-10,8.84343726395961e-11,9.144097655412456e-09,0.03218878963766266,0.09050334944955997,1.1743659069666484e-09,0.2111939264923163,2.2631995160814673e-10,2.3694255390649625e-10
5,2018-04-02,7.309184973056927e-10,0.6241257588186525,1.1210698943091779e-10,5.3600165332995914e-11,3.609811470639541e-11,2.2838774968375415e-09,0.042567808879719046,0.1068684255720577,5.188601833368366e-10,0.22643800280396092,1.0257703455378144e-10,8.75713433008718e-11
5,2018-05-01,3.0714409218196495e-08,0.6101651860667504,2.616601594535293e-08,1.3822274770423002e-09,8.232039941978946e-10,2.5380722229364652e-08,0.13914192929585895,1.2425173419788729e-06,1.691343891900539e-08,0.25069153601132904,2.4426979404570088e-09,2.286004019582753e-09
5,2018-06-01,1.1866198494414342e-09,0.6268791585196545,1.2057082010017579e-08,1.3292918766686306e-10,7.513516988243948e-11,1.0566045489522534e-09,0.23815414319947487,6.199081780644235e-09,6.769997593583643e-10,0.1349666762988067,4.1152187931733967e-10,1.8608970469033768e-10
5,2018-07-02,8.710633734568464e-09,0.6276392028020007,1.4411251124515489e-08,1.407605765729357e-09,9.553924281806783e-10,6.658530984502528e-09,0.3723602528411765,1.2368465276216076e-08,5.405225997493814e-09,4.878626093528371e-07,3.402110197439243e-09,3.1749980220307596e-09
5,2018-08-01,8.047567810569435e-08,0.6266099316954115,2.029742303740715e-07,1.9997912649843294e-09,8.010266525638381e-10,1.0994439998146343e-08,0.15615647556883622,0.03121400690272707,2.2295293581921216e-08,0.18601925337923428,9.600999960165221e-09,3.312331060183603e-09
5,2018-09-04,3.546702595116203e-09,0.8023186424157335,5.7416159014591534e-09,7.936171360467272e-11,4.4099767919041064e-11,2.813685817652603e-10,0.19768133681250177,5.903723006397572e-10,2.1613998241585856e-10,9.60790598802164e-09,3.814815666464793e-10,2.8271638158716333e-10
5,2018-10-01,0.04603371638582678,0.8145264005116013,2.647367400275551e-07,2.4346077425192836e-09,1.625833723267658e-09,1.3173339985343699e-08,0.053747871513282926,5.2547639297231963e-08,2.6999915994643893e-08,0.08569159514483228,4.9467453725479866e-08,5.458926253476321e-09
5,2018-11-01,0.12606653604060794,0.4898715905444437,2.22375987303177e-08,1.6079506591735013e-09,1.1406719969789999e-09,1.1029665772033025e-08,1.2204049880599027e-08,0.18871949983832503,0.025912829728666507,0.16942947242209402,2.0163611247643644e-08,3.042314666309977e-09
5,2018-12-03,0.4220013650063893,0.2413930457149404,2.0199922197867684e-08,7.877084805478737e-09,4.185638824965929e-09,6.481552715778795e-08,3.5452819607545857e-07,8.554723158300676e-08,5.383532305174343e-06,0.33659961622852536,1.0637112655515303e-08,4.17271264637682e-08
5,2019-01-02,5.568498901527903e-07,0.3365803634496109,2.4403614450484088e-08,1.013147528728802e-08,1.317314764730257e-08,4.0643084858011555e-08,0.04051186855632349,1.0617461824343272e-07,0.28253495339371565,0.3403720373522206,1.33996543169706e-08,1.2472644577593487e-08
5,2019-02-01,4.5083387306222575e-08,0.4249899304290278,0.04511406825990547,7.805110357624602e-10,1.9205171793337285e-09,1.23254841457647e-09,2.2654992769165343e-09,6.0819998084464e-09,0.2919513948177397,0.23794453244362845,1.4623077256736612e-08,2.0621583846351687e-09
5,2019-03-01,1.7704140845380508e-08,0.44892610732167215,0.09314443056080185,7.477443263598959e-10,1.068597868884912e-09,2.0639635916453644e-09,5.595349539646437e-09,0.09314367250361347,0.27621931811580097,5.083173641197326e-08,0.08856638959675807,3.889820888724985e-09
5,2019-04-01,1.6222292001805159e-09,0.4755106407163696,7.350599918958089e-10,2.1288476368615008e-10,1.8893091067638443e-10,8.548760542650879e-10,0.06767908718268732,6.493124512359345e-09,0.43098225509090593,5.9719196593051504e-09,0.02582800050795193,4.2306013006639794e-10
5,2019-05-01,1.0221066413348621e-08,0.7024269139720062,3.106958043415419e-09,9.630511251540362e-10,5.340433552318728e-10,1.6010519854032013e-08,0.16703772915728446,9.542572900718946e-08,0.13053521427449832,5.200289825128325e-09,7.628746403836525e-09,3.5058068390682364e-09
5,2019-06-03,2.7069822939273995e-08,0.5298945352661876,3.1896657214912302e-09,2.6758837441944064e-09,1.512410919363214e-09,5.05119286905283e-08,0.19034164884820196,0.15409564682461394,0.11301832808779182,0.012649742715578055,5.452437185282988e-09,7.845477285765525e-09
5,2019-07-01,2.1044193293126328e-08,0.6336519744280559,6.490276615280727e-09,5.411186851367885e-09,2.5004309477746237e-09,1.4856750867139524e-08,9.33544576661252e-09,0.3663476050085123,3.0410115176312864e-07,4.913820649593078e-08,4.137073630896391e-09,3.548715498281182e-09
5,2019-08-01,4.290747221600527e-08,0.5759941438615785,2.615541106262875e-09,1.9849960574114126e-09,1.0132217898946613e-09,1.2530994443949995e-08,6.596696646323649e-09,0.3623555017383041,0.061650266876935915,9.935157708148439e-09,7.960452481181464e-09,1.978648955534785e-09
5,2019-09-03,2.148508417809663e-08,0.5538384094609675,2.3331435786955293e-10,2.812281674927257e-10,1.5884443331732645e-10,4.271480874222191e-09,0.35920836878802687,0.012821262263267073,3.209533280986026e-09,0.07413192889491951,4.850985642129148e-10,4.682352718402253e-10
5,2019-10-01,0.2735311291337835,0.35893542956647945,1.1832083715093474e-09,1.4648226514195159e-09,8.828090650440659e-10,9.948618483995426e-09,0.36370944380685855,2.1154750384352102e-07,1.0211051535706604e-08,0.0038237568646994177,1.7055806303134526e-09,3.6845843666776e-09
5,2019-11-01,0.10369303882288959,0.49373021826105495,1.1242202769060894e-09,7.284197378520277e-10,3.7710355723123e-10,2.2016269896573615e-09,0.31085694969813654,8.234260971946752e-09,1.9688493708966007e-09,0.09171968381083069,7.305497687459692e-10,9.404205751874402e-08
5,2019-12-02,2.7515499073473206e-09,0.567540395342422,4.817732404992895e-10,8.427945412277562e-10,4.3822314531377733e-10,1.5502373720260595e-09,0.43245883137687696,2.6068010306502446e-09,1.0970726246295385e-09,7.597594345907496e-07,7.364553988200746e-10,3.0163591979728507e-09
5,2020-01-02,4.918947305395587e-09,0.5563334257499101,2.3879679410654814e-10,4.788708106119753e-10,1.4679799697186904e-10,2.8504062997184384e-09,0.1752276497843844,7.66638502911946e-09,1.4112885090450735e-09,0.26843890362918577,7.692402799523532e-10,2.3557867092473767e-09
5,2020-02-03,6.863726995269715e-10,0.5220428411409926,1.290937276720895e-10,1.7300357546358195e-10,1.1144247106014675e-10,4.5563103279634103e-10,0.4245495704729323,7.263817945753753e-10,2.488318413624385e-10,0.053407585331436504,1.707542800091283e-10,3.53127031734214e-10
5,2020-03-02,3.7499265878816695e-09,0.40932571274438556,1.7133951582048432e-09,2.2282126847977216e-09,1.715668140403146e-09,7.159054919775314e-09,0.5906741998227963,9.295422803900761e-09,3.296052366271631e-09,5.3917846475543584e-08,1.976806679433994e-09,2.380432295576435e-09
5,2020-04-01,3.7482846154170305e-10,0.35456956349100427,1.209276161064297e-10,1.5265991807861908e-10,1.3818228403571575e-10,3.832409925943038e-09,0.6454304182121048,3.441925998706606e-10,2.8028584608840965e-10,1.2765892806416866e-08,1.305343927984567e-10,1.5697715996344037e-10
10,2010-04-12,1.1195238358343193e-09,0.08963695145220137,2.3190765840693997e-09,6.228148738920259e-10,0.013142495295341698,0.6677450416188548,1.0957526175228124e-09,0.0065749913360963795,0.06296735136494729,0.15993315452797863,1.1715744730854908e-09,8.07583738944928e-09
10,2010-05-03,1.9843923825353895e-10,0.07923234207085811,6.152858868032971e-10,1.051313057970432e-10,0.00814633549481927,0.6581457573000347,2.350429072561932e-10,0.014492884765932114,0.0689083201834523,0.16750581700615153,2.1685336992904277e-10,0.003568541807999282
10,2010-06-01,2.6505912138467222e-09,0.03966848701946161,7.950424151715654e-09,1.2872317999977785e-09,0.017301417167713478,0.6917943278781201,1.3430866995304335e-09,0.015331765658535657,0.04944603217213983,0.17115054480663253,1.8272833499596453e-09,0.015307410238779542
10,2010-07-01,2.4682082875491397e-09,1.8828792976057495e-07,5.41866601124004e-09,1.3661978634944848e-09,0.015233367512657175,0.6805130386112508,4.8225258538908084e-09,0.028108019876125233,0.06747425072852357,0.17759008826700023,1.5257127911319974e-09,0.031081031115202603
10,2010-08-02,3.0228968143856368e-09,6.884767975089456e-08,8.16152331255802e-09,1.8992817700586454e-09,0.00915889441173126,0.6692002521321411,4.9913035382235e-09,0.02232788200213638,0.10516517906321037,0.157709988630274,2.0559960169486035e-09,0.03643771478182563
10,2010-09-01,5.031221828962566e-10,7.17942311749133e-09,1.085090734041836e-09,3.1607532141846766e-10,0.0102059056469954,0.6529055204891455,1.5600445503832927e-09,0.06276229151347523,0.06578590287863857,0.17097131739121074,3.453232287339045e-10,0.037369051091455344
10,2010-10-01,1.1390889926208751e-10,0.006421760379191213,5.950253704720176e-10,6.624718846125145e-11,0.010930104481197592,0.6706176174570545,1.578061413020973e-10,0.04750638875908334,0.07425459284619512,0.15524379339604805,7.117401229461501e-11,0.03502574167706847
10,2010-11-01,4.627620023852762e-09,0.01102165663525664,2.0021702064951188e-08,2.5035075089361854e-09,5.806642768409562e-08,0.6704626925535743,2.7443406488216004e-09,0.03185919218383445,0.0970108903797454,0.15167446745570365,2.3381979031912597e-09,0.037971010490089746
10,2010-12-01,9.657167457759423e-10,0.03192889874662522,1.024498187578483e-08,4.687179430670019e-10,2.786841831533596e-09,0.6358560914093082,5.965229588719034e-10,0.03454357521628478,0.09712627204549039,0.16910874630363973,4.534354040153142e-10,0.03143640076243498
10,2011-01-03,1.8006114220867084e-09,0.04041967890781496,4.200815452155686e-08,8.761636043992141e-10,4.204425053952787e-09,0.616403193406399,1.1269455179655046e-09,0.032302458637602526,0.12105498118054697,0.1604492980397106,7.773458429822081e-10,0.029370339034279956
10,2011-02-01,8.823589307779468e-11,0.11253017390259201,5.480232991207921e-10,5.141563482476955e-11,1.0796345044246528e-10,0.641353910540992,6.395858006662923e-11,0.0038873109123742943,0.11457482771009773,0.12211770324848195,6.51842059649417e-11,0.005536072760681001
10,2011-03-01,1.364844457136856e-10,0.1343492958350383,1.2110808063412863e-09,7.882725385206268e-11,1.1759925206969738e-10,0.6135427815644947,3.3773761987799625e-10,0.02159529614446571,0.10564271146231043,0.12486989858870592,8.268095901265259e-11,1.4440574604634063e-08
10,2011-04-01,3.810035740166749e-09,0.12471894330114516,1.2987505298042594e-07,1.8852059419529545e-09,3.6484757731645757e-09,0.5736152672712471,7.930993755383294e-09,0.04512667942670472,0.10310761358725488,0.15343130240831085,1.821395896642774e-09,4.503417711915758e-08
10,2011-05-02,5.1169258732339805e-09,0.08419888970100842,0.018866615606226527,2.3753690492447758e-09,4.563885665874862e-09,0.564221690897235,8.341789995583324e-09,0.047645483045789166,0.08953192117797543,0.1955330647554076,1.8820615499339832e-09,2.3125363258807104e-06
10,2011-06-01,1.8107310343259243e-09,0.05562544391818248,1.5249435092348653e-07,7.470092337654717e-10,1.7103046441376335e-09,0.5865742936173117,2.251560957893414e-09,0.06437426745295925,0.0995526352382641,0.1732229088251426,4.592052321423209e-10,0.020650291474977874
10,2011-07-01,9.87903037967228e-10,0.08116892802954036,1.8855733962239395e-08,4.272299807706655e-10,8.62838658974976e-10,0.5852237880749444,1.1204266721816385e-09,0.06253813564328302,0.09925108802519511,0.15758126093492966,2.3981728509194124e-10,0.01423677679815786
10,2011-08-01,9.69495992272438e-10,0.0866399224855095,2.8950975485425463e-09,4.692488724325625e-10,1.1321683493455166e-09,0.5633063057097882,1.706504594250865e-09,0.07328832543107512,0.08585719760232131,0.1823181554679641,2.821811147731844e-10,0.008590085848645224
10,2011-09-01,1.3257152713736894e-09,0.0686465188266986,2.4189532649375133e-09,6.766761360727183e-10,2.0504288074005806e-09,0.532994805884761,2.745082076593202e-09,0.054350712225321715,0.09928282770790234,0.238124971052121,3.864600532211294e-10,0.006600154699879701
10,2011-10-03,9.472865864778507e-11,0.11783079762545101,1.1108518509587051e-10,6.668851652818022e-11,1.0815574463349218e-10,0.3569779187699699,7.121909914711729e-09,0.34017366437653357,2.4635373614032505e-09,0.18501760888270286,6.168282342974723e-11,3.175544282122246e-10
10,2011-11-01,7.534234836551013e-11,0.09795302472959384,6.580905452140083e-11,4.4852345539067384e-11,6.419927781299884e-11,8.686908889649674e-09,0.07020479039664249,0.46348972463167437,0.1162440010582541,0.2521084500956618,4.316063973654707e-11,1.0790089079546212e-10
10,2011-12-01,3.338599866656154e-10,0.14126779397445183,2.8082683034215007e-10,1.9565438233095913e-10,2.884302333030792e-10,1.341838950303989e-07,0.11757554464183538,0.30108469106131774,0.18915985470641075,0.2509119793965841,1.8362133874385335e-10,7.531123655642904e-10
10,2012-01-03,4.3596579959172443e-10,0.1673101471162847,3.6620129317655734e-10,2.3409741706085376e-10,2.8316248959264747e-10,0.3684027146688205,0.006896901727888837,0.09425312433752629,0.17066243444414403,0.19247467447999073,2.3603364892866326e-10,1.6698843363218131e-09
10,2012-02-01,7.298992938058465e-10,0.2875226235403205,4.773545232805835e-10,3.0697018496076545e-10,5.63256850267795e-10,0.11232389433428812,0.225742548613547,0.05022802067648508,0.1209820065303822,0.20320089957948842,4.051484469072185e-10,4.242859428849988e-09
10,2012-03-01,2.572172122394435e-09,0.276360290917368,1.368704647660401e-09,8.29013763347634e-10,1.26785453117914e-09,1.840146415836834e-08,0.21555537164052793,0.2000807393949114,0.16314316268446352,0.14485974563467505,1.2202090136587654e-09,6.640686358392643e-07
10,2012-04-02,1.9791986306798e-09,0.20188809645852518,1.1627204510815174e-09,7.256661821238642e-10,6.502224685545615e-10,1.2158904807734112e-08,0.10364972467659257,0.3777649650184426,0.12208555272768443,0.14869919928057948,8.758238024689593e-10,0.04591244428563927
10,2012-05-01,1.2111287054049803e-08,0.23934060967558124,4.518283711862658e-09,2.8274640177959328e-09,2.703164376686383e-09,8.402264554733817e-08,0.21819685013806275,0.24335719700978117,0.07660355929024795,0.17627279955268915,4.111288379968253e-09,0.046228874039504535
10,2012-06-01,1.1540350856287062e-08,0.22624396613886164,5.1758319779382854e-09,2.9258933348337352e-09,2.7261277486027766e-09,1.5311143978778479e-06,0.41682706860106944,0.025876758212125418,0.12483375927489061,0.09818508924531343,3.751365366234535e-09,0.10803180129377225
10,2012-07-02,1.0112104091522572e-09,0.18419856104189447,3.3286240157115116e-10,2.1651787687752808e-10,1.9638194093558515e-10,0.04909621961385895,0.38628498283773716,2.0655942272551467e-08,0.10710036011999167,0.12522798959989012,2.663482332871328e-10,0.1480918641073644
10,2012-08-01,1.0944930973785037e-09,0.17129111363471525,2.6797157335730853e-10,2.0338727572983636e-10,1.8388516312171774e-10,0.0507767165011469,0.41219240414315744,1.4141051761389941e-08,0.05954412124627265,0.1331632804405398,2.842407323047551e-10,0.17303234785913837
10,2012-09-04,1.0209060983607573e-08,0.22394712094460115,3.997364550269969e-09,2.7174369219804065e-09,2.4884877408767004e-09,3.0343176019639605e-06,0.4008977668028918,7.134504817081078e-08,0.1466212587431919,0.13044308203991692,5.779040434944586e-09,0.09808764061535756
10,2012-10-01,7.887670057113669e-10,0.2453145769835572,2.441392269308907e-10,1.3607900796784072e-10,1.286712369525164e-10,0.19373074364231477,0.2735645736427357,2.75005992420831e-08,0.056037968405350844,0.16329591666721016,2.7938098853021016e-10,0.06805619158119454
10,2012-11-01,1.6584277317064417e-08,0.17741129813096543,6.258274339551228e-09,2.7486856449900117e-09,2.549464091864521e-09,4.385152785443872e-06,0.35332963159071845,0.08534055752363992,0.14321281002158154,0.1337025118906526,3.75732626665211e-09,0.10699877379162906
10,2012-12-03,9.859013531801195e-09,0.1745227483443426,6.053372192749144e-09,2.0409944855462023e-09,1.9032831811526648e-09,0.0654339953806626,0.37616865859599163,2.1955729452666276e-06,0.2328846550640879,0.0623060929272765,4.165810583736739e-09,0.08868163009221951
10,2013-01-02,2.4045111985331908e-09,0.1342472755085682,7.462273022787785e-10,2.1812066075238023e-10,1.9726941130030452e-10,0.17592881092475982,0.31286929300771915,7.111981140639776e-08,0.14746886988908728,0.10498160120916429,2.895081352325072e-10,0.12450407448525314
10,2013-02-01,1.929029265179677e-09,0.1875957496173969,3.3969244925065796e-10,1.405867238384704e-10,1.2231215076682804e-10,0.0717160837721019,0.36134154422039644,9.496428501362278e-09,0.13225552326465853,0.11472949466356443,2.772771519021791e-10,0.1323615921565555
10,2013-03-01,3.3053367911102234e-08,0.16452590959840555,7.507656895984764e-10,2.7306253534217216e-10,2.192132856651907e-10,0.1047346695525097,0.35421860378754993,2.2495070990914893e-08,0.17314808715795243,0.0715929850129448,3.9437575449921757e-10,0.13177968770478152
10,2013-04-01,0.11793138052118687,0.09040442525911356,1.1184452541839493e-08,1.7929231467368052e-09,1.5159418225404237e-09,0.14677538955456187,0.33521987644001605,5.8675101055118145e-08,0.14651036971010858,0.07728797376205053,3.519924892998019e-09,0.08587050806461913
10,2013-05-01,0.1586676378267189,0.08340050673280275,7.982421656516059e-11,6.177663606351483e-11,4.316213755996079e-11,0.11420002166426367,0.3875278106634305,1.6438641101386994e-09,0.18539376307930985,1.8390754508643136e-08,1.019962430330797e-10,0.07081023971209661
10,2013-06-03,0.3195628997629213,0.07281838078194529,5.141862458791461e-10,3.256042575363096e-10,2.3087900962138937e-10,0.07726204503967098,0.37369083976133444,5.834270435512426e-08,0.1566657720657606,7.948744656880818e-10,6.502448868517012e-10,1.7298740858198593e-09
10,2013-07-01,0.4041195567370533,0.09508154548971977,3.0216099517814094e-09,1.9041003024271396e-09,1.3572479647373507e-09,0.1270896751646554,0.3500281481632635,4.19606618611361e-08,0.023681014794138703,2.329395350727661e-09,3.3809447191871214e-09,5.697209392320923e-09
10,2013-08-01,0.39658695229221613,0.1233013067672742,1.4993646054569375e-09,7.447621740880367e-10,5.862617352735583e-10,0.13327995314606988,0.34683159356965526,2.021206170194445e-08,1.6349499187341878e-07,4.910502243057529e-09,1.5275791444299574e-09,1.2492609802057387e-09
10,2013-09-03,0.2424642653799788,0.24947939395593954,2.3921919092789295e-09,6.969379251892247e-10,7.239996666427544e-10,0.24517812737771483,0.2556627583647075,2.70142452211825e-08,0.007215406496535458,1.3396643715513714e-08,3.3211157693121085e-09,8.799898362150651e-10
10,2013-10-01,0.293155364704536,0.1815194470769715,3.0964151571563655e-08,6.597430087700757e-09,5.5896690754399475e-09,0.30593573002271374,0.21938867974901857,1.1032883974702028e-07,5.891835046241989e-07,1.4502288196876446e-08,1.0766663225643497e-08,1.0514213707256446e-08
10,2013-11-01,0.4569559482654265,0.0702245730999292,2.7463451403193955e-09,1.405477015955134e-09,9.272776049338996e-10,0.09577394075501393,0.37704512196192086,5.648146732816455e-08,3.4854806522605933e-07,2.155328170734375e-09,1.990445750330644e-09,1.663303341147993e-09
10,2013-12-02,0.4334187300928305,0.09868768566663912,1.8106991032754908e-09,1.0522411865394113e-09,6.350713119115076e-10,0.0780869607676851,0.389806394138776,7.958523816750419e-08,1.4294377368668353e-07,1.0424871507974705e-09,1.2176190163818524e-09,1.0469396176051352e-09
10,2014-01-02,0.3147586909252355,0.18836117617464124,4.715375799364171e-10,2.529540908726577e-10,1.7254103089992556e-10,0.15427994208679313,0.34259963057402476,5.48303907196047e-07,1.0303763963005252e-08,2.0822943389662048e-10,2.6491454873851815e-10,2.6145754175401736e-10
10,2014-02-03,0.26803492081937885,0.2130653110422488,1.0803384105694871e-09,3.087503134391027e-10,2.0024386323713705e-10,0.11182500533739313,0.40707108103793954,3.644966270104407e-06,3.414193486068967e-08,2.938898724378287e-10,3.0810107949799893e-10,4.635110973687787e-10
10,2014-03-03,0.2637888892397504,0.2408406093446708,9.686048417070156e-09,3.661027232858911e-09,2.1787786152335664e-09,0.059737788673870924,0.43563141429423174,1.1436317126040097e-06,1.2697199565110072e-07,2.9964583333799522e-09,3.405186705736275e-09,5.916268560026951e-09
10,2014-04-01,0.3921518706886945,0.1264637201590994,9.631141216334676e-10,6.952189038932329e-10,3.5408919269103585e-10,0.00010335807692372533,0.4696121599972677,0.011668857718416456,2.9444473093638285e-08,5.242965893082957e-10,5.869671963790809e-10,7.91439098762566e-10
10,2014-05-01,0.45056395340795646,0.06586870529976996,5.704420152876302e-11,4.6841397271377785e-11,2.385425738354649e-11,3.086861021385099e-08,0.48356726148455637,4.4952185333039876e-08,3.734127674080775e-09,3.253366863359281e-11,3.870261027808056e-11,5.381798424557806e-11
10,2014-06-02,0.38292232895334943,0.15099751993503824,8.625424917262491e-10,7.094310856284003e-10,3.5094115702890267e-10,2.3601658537707353e-08,0.4660800650507387,4.013858845732646e-08,1.853315223972443e-08,4.3548627753783604e-10,5.855266019923342e-10,8.435468978602591e-10
10,2014-07-01,0.31883211002664863,0.21399001021439373,9.429146639355497e-09,6.53615379469883e-09,3.6904386566215034e-09,8.552534526738511e-08,0.46717748780483576,1.5932887755993183e-07,1.0724014723297393e-07,5.006943363994842e-09,6.496225809697936e-09,8.700843599157438e-09
10,2014-08-01,0.3458179644645881,0.19530465335795744,3.14365275835859e-09,2.1707345704719664e-09,9.793897652612277e-10,1.4618957052332642e-08,0.45887731807288834,2.4499798266524597e-08,1.3248988271906117e-08,1.1088321153990838e-09,1.4224371804780936e-09,2.9117760752927475e-09
10,2014-09-02,0.3608545799013482,0.25385887275962815,3.101828680929114e-09,1.150920902703065e-09,5.298095184906001e-10,3.4752686446312377e-09,0.3852865185385264,9.853199777047627e-09,6.650257811491818e-09,5.736659893754903e-10,5.670112437830073e-10,2.8985345939472698e-09
10,2014-10-01,0.5291655732824925,0.14919503299331208,1.274446018223971e-10,6.894026082286033e-11,4.010512275995298e-11,4.856887674516382e-10,0.32163938964883265,1.8243232949639644e-09,1.2825026318094532e-09,4.52792990559639e-11,5.637665172650062e-11,1.447019765251032e-10
10,2014-11-03,0.4630216822615502,0.19719866762535884,1.1099418192296624e-08,4.477036639678228e-09,2.4191224679318473e-09,4.343945352424831e-08,0.3397794524973747,6.432703411925384e-08,3.724277339912028e-08,2.66460391565565e-09,2.999691418943768e-09,2.894658262850147e-08
10,2014-12-01,0.31001103218471193,0.3730352866830529,1.456686616187546e-09,6.562096715764462e-10,3.9828508309682006e-10,3.595111147239572e-09,0.316953584632851,3.4777160502034164e-08,4.337968379257573e-09,4.227637852142738e-10,4.266325693207164e-10,5.042856628693967e-08
10,2015-01-02,0.3275426493051357,0.355562977250417,5.315631672879851e-10,1.4076753155117807e-10,9.392338505808697e-11,6.663999300163738e-10,0.31689436184674796,1.915619786485431e-09,4.2118244717755397e-10,1.0156444695105712e-10,9.612697813324227e-11,7.630551653069885e-09
10,2015-02-02,0.32980050266021876,0.25634336464093765,2.114326676739104e-09,7.654375572366718e-10,3.9105899224045445e-10,2.3431532836494674e-09,0.3889274528124357,4.344748508376501e-09,1.7139104801666622e-09,4.530651412981044e-10,2.0575134609388996e-10,0.02492866755495595
10,2015-03-02,0.42176072026034217,0.20673106607452177,2.197174727869663e-09,5.89639178730463e-10,2.8032657451255466e-10,1.8094088974576948e-09,0.3715081440309876,2.3067083144336454e-09,1.3409640698191773e-09,3.154076147551289e-10,1.7494597258778723e-10,6.061957305331573e-08
10,2015-04-01,0.48890051764560666,0.10962959804091939,4.00522624349894e-09,2.1850625384267294e-10,9.49170142557767e-11,5.571296133656154e-10,0.4014698747157713,7.1700380383668e-10,4.908278280960337e-10,9.54942808840344e-11,4.5781490750938616e-11,3.3728161954148774e-09
10,2015-05-01,0.4657772755241045,0.1727412549133348,2.045034846048937e-08,6.986443751972358e-09,2.486048176328824e-09,3.018861219870976e-08,0.3614813097975598,6.19305508433883e-08,2.434953784589362e-08,2.642130241730783e-09,1.3351949376069238e-09,9.396134370896246e-09
10,2015-06-01,0.4560295305603633,0.26044237511085405,4.545871438740056e-09,2.3174764678330117e-09,6.962320609803785e-10,2.5810303583835926e-08,0.28352770797389426,3.1508046150592316e-07,3.3921008964142616e-08,8.140646933786615e-10,8.471819345947527e-10,2.3222877816858734e-09
10,2015-07-01,0.4289244356182081,0.27531637054027774,9.257159862195281e-09,1.1814025172017292e-09,4.832509615526177e-10,2.091241878862434e-07,0.2521824408856571,0.04357652287687882,7.644162067020856e-09,5.917206547548964e-10,6.215505802113366e-10,1.1755436416548382e-09
10,2015-08-03,0.35079339509597135,0.3791995432337342,4.27256454800359e-08,6.8272521435867015e-09,1.851123713654657e-09,1.182448115888103e-06,0.2700057405233376,6.02498693947449e-08,1.6058429008308306e-08,2.3027740281359347e-09,1.4598159702006253e-09,7.223931130807005e-09
10,2015-09-01,0.3427215782460915,0.21757857731306507,4.204555014914063e-09,1.320598421020842e-10,4.634972491617177e-11,0.31946368557402643,0.1202361519450607,1.7748514642496514e-09,5.329187573741122e-10,5.205361293117176e-11,3.175035133966691e-11,1.4721765917500995e-10
10,2015-10-01,0.1496099824021098,0.3329328281922322,6.946930823182106e-08,1.1014006690289405e-08,3.9711217086302255e-09,0.396842874727777,0.12061402612986598,8.833450239752951e-08,2.5949192802380138e-08,4.171509150687291e-09,2.501672938299304e-09,8.313670108007006e-08
10,2015-11-02,2.6500937743872156e-08,0.5706945471556817,2.153587543351277e-10,7.254821765243131e-11,2.92350703331858e-11,0.18045570699899174,0.24884971773875159,4.3065937751281453e-10,2.5241311596865407e-10,3.6685804887895e-11,1.5341506862718727e-11,5.533954537676345e-10
10,2015-12-01,1.9754278814926644e-06,0.5790997051980116,8.279981349556023e-09,1.2881628313320303e-09,5.798768280371097e-10,0.20297920495853358,0.21791907052414447,1.9769431460502354e-08,3.326602289197736e-09,6.595213377638522e-10,3.8416441285623154e-10,9.603688485598214e-09
10,2016-01-04,8.631335589583287e-09,0.5544153366284331,5.27411638289359e-10,2.1792367574648647e-10,1.0317260139934001e-10,0.19226331403347852,0.2533213356487742,2.144260560572054e-09,5.187270058896986e-10,1.2802530849553912e-10,7.800688731501993e-11,1.3404508441272657e-09
10,2016-02-01,7.048270862593707e-08,0.45705828606380133,8.198120310739481e-09,4.782714531405553e-09,2.6182336850510144e-09,0.32952485443063334,0.2134166963444323,3.817997667234635e-08,1.139162495083426e-08,3.089294350616027e-09,1.852069544095031e-09,2.256639030166955e-08
10,2016-03-01,8.065330216570623e-08,0.44144156796302153,6.99493694342834e-09,3.914931436685845e-09,2.3631937057259125e-09,0.32409649566134846,0.2344617833103206,2.7344266238956457e-08,1.0579209640984313e-08,4.070457162745709e-09,1.6767806435547289e-09,1.54682313380697e-08
10,2016-04-01,1.9194518453315074e-09,0.470980455806601,1.681163473722315e-10,1.1178950775567806e-10,6.879295510061702e-11,0.23712990622503724,0.29188963120878525,3.338059118418012e-09,3.112232642157662e-10,1.0579379808143713e-10,4.42612062790107e-11,6.920885425359506e-10
10,2016-05-02,1.3147549170891148e-06,0.41542105939439156,9.181764255672207e-09,3.0366067886068706e-09,2.121406875212087e-09,0.47286919768820523,0.11170795660031319,4.3140139705682066e-07,9.376640989856797e-09,5.615661432582951e-09,1.810776200222371e-09,9.017919344428371e-09
10,2016-06-01,3.299488221300724e-08,0.4347529623939024,1.3907524429983451e-09,8.549259910920533e-10,5.011469905741542e-10,0.27825360868099164,0.28699326830763755,1.134561280514591e-07,4.3524383450262314e-09,1.1311281656004136e-09,4.3666801316272443e-10,5.4993981146057536e-09
10,2016-07-01,4.866221247620097e-08,0.4184373744316239,9.831405764451918e-10,6.233078751859056e-10,4.256133313713586e-10,2.884472908143751e-07,0.42331797717654623,0.14697272077233867,2.9028616548598877e-09,3.509288707515307e-08,3.867822340384991e-10,0.011271550095395223
10,2016-08-01,1.293913500011307e-09,0.4337483634878251,1.2535246127903457e-10,8.845055830101888e-11,6.517692874959195e-11,6.799371380671935e-09,0.5270340617191822,8.280219269422427e-09,3.6325823648889433e-10,3.815855456515211e-10,4.0387100515935136e-11,0.039217557355277766
10,2016-09-01,1.9986680790694103e-07,0.41863927632291087,9.105542064030263e-09,4.967791610809687e-09,3.6840845414577184e-09,1.5725978640447706e-07,0.5137740896027468,4.3575099287637694e-07,3.563826386579844e-08,6.1589855986218e-09,1.7036315572574653e-09,0.06758577993845594
10,2016-10-03,1.211763030061595e-07,0.4164818295528527,7.703364222694774e-09,4.658270410656657e-09,3.6205916762217916e-09,1.9349639122556566e-07,0.4747700084434583,0.09514440388622127,7.624128369177992e-08,1.4126124977791243e-08,2.590681736958473e-09,0.013603334504456879
10,2016-11-01,2.353243704752027e-08,0.38481489103615707,2.381197885356251e-09,1.5641129069325806e-09,1.2752347303860098e-09,0.05919121319034626,0.36205633211769006,0.19393747331468572,2.1654998900134624e-08,4.476060560351413e-09,1.0692478784937143e-09,3.4387831069763115e-08
10,2016-12-01,0.017156966620657788,0.3068126529752646,3.3440576846504407e-10,6.803693082119989e-11,5.3633902881602444e-11,0.08968615506209761,0.2381406418369932,0.2985121161432339,1.3406594811850865e-09,1.6402171990164595e-10,5.7081123915299634e-11,0.04969146534391391
10,2017-01-03,0.08119849284772428,0.23999484848994426,8.31417053145056e-10,1.0883410406523615e-10,8.754483247993006e-11,0.3666699471881339,0.22078756975134922,3.381084490074351e-07,4.490113906117702e-09,1.8900982845848812e-10,1.0626494935394434e-10,0.0913487978012147
10,2017-02-01,0.13086922266820883,0.2852660992712265,2.9681840247684187e-10,8.226704944912178e-11,6.70460806150799e-11,0.3537295171112641,0.21670260039731867,1.2981370312074052e-06,1.4818378972347754e-09,3.737071237507079e-10,7.96853664801087e-11,0.01343126003358893
10,2017-03-01,0.1545881494983999,0.27658232127217736,3.395605440286552e-10,1.078155509628497e-10,9.091439100625687e-11,0.3301162161222805,0.238713226448266,4.1583345995209685e-08,1.4448386950154919e-09,3.158171034314248e-10,9.924811875200837e-11,4.26773356700147e-08
10,2017-04-03,4.395193659273076e-09,0.3965914294512552,5.471106353895488e-10,2.0213559007769678e-10,1.70639390630725e-10,0.4416239248879284,0.16178462700396054,6.9095019913936585e-09,1.4565946804680484e-09,6.039382095097527e-10,1.5849720146980814e-10,4.213244373545655e-09
10,2017-05-01,2.65783913554775e-08,0.4330203985300823,1.9245328360313982e-08,3.882774933054687e-09,3.399925833724912e-09,0.4109121486520818,0.15606723859037946,8.460620182727032e-08,1.8707296013192963e-08,3.440262740464902e-08,2.9748736231774506e-09,2.043003711052661e-08
10,2017-06-01,1.0224127587946166e-09,0.43655971252686937,5.3619023345455e-10,1.6798575522973834e-10,1.454264872809365e-10,0.4017289264375755,0.16171133882534,8.929115608132786e-09,9.746750946808197e-10,9.748902768070139e-09,1.4964501483653926e-10,5.3586154495096e-10
10,2017-07-03,9.899184126175445e-09,0.38411691295422434,2.1264645256310845e-09,3.282253490221533e-10,2.5654398621863825e-10,0.3345415200761247,0.17061570434516465,0.11072584382895617,3.547631551050154e-09,5.810327398664141e-10,2.1269389555229539e-10,1.843753973136348e-09
10,2017-08-01,2.806971562377125e-08,0.3833452252412249,2.279815467701369e-08,6.877629350337303e-10,5.480616550706942e-10,0.3488700011769698,0.09378000829060373,0.17400469527685214,1.1127336956365444e-08,2.71868832865143e-09,5.510429880486064e-10,3.513586446487524e-09
10,2017-09-01,7.933719309364127e-10,0.37273551818068784,3.134718143821348e-10,6.487311939003068e-11,4.962096118499309e-11,0.5731675259986297,0.05409685791299146,9.508557463943181e-08,5.395588262822626e-10,8.101895916946519e-10,4.8024186171342734e-11,2.0300585423840168e-10
10,2017-10-02,2.6854792267840346e-08,0.28403927730904754,0.08143860423684125,1.6746587724153244e-09,1.277210143840394e-09,0.09290301215551715,0.06801087101897414,0.4644709677740006,6.33886464463229e-09,0.009137218397605397,1.502961221077871e-09,1.1459526745969128e-08
10,2017-11-01,9.711871375948346e-09,0.35239781202766696,9.845352041640058e-09,6.331904724566878e-10,4.282427134621007e-10,6.55875456984947e-08,0.027289274466620023,0.5785680311270597,1.8502174379625696e-09,0.04174479293251902,4.651338041585752e-10,9.245807727231489e-10
10,2017-12-01,1.7582997898773616e-07,0.2985216325609204,0.042320838273480155,8.737413951651582e-10,5.672931663899837e-10,1.2171215012232844e-08,1.3505539796202452e-06,0.596253109068614,3.7097612761085037e-09,0.06290287454962265,5.895368363343419e-10,1.251856637443789e-09
10,2018-01-02,1.1039788346144553e-07,0.35036313821044396,1.7734798400581728e-09,2.666515016156746e-10,1.4603064569656705e-10,6.373953191497959e-10,3.1015084210426184e-10,0.5879701041181832,1.3165247092976465e-09,0.06166664247999822,1.5419431257548477e-10,1.8906424874371182e-10
10,2018-02-01,0.06760352512396016,0.4023805572886432,4.0161513444511457e-10,1.3668065855682042e-10,9.86207157551509e-11,4.089389737571374e-10,1.6636079019819605e-10,0.4538025155144482,6.394157374158244e-10,0.07621339996676273,1.6963683079324616e-10,8.49168421338718e-11
10,2018-03-01,1.25183537380557e-07,0.38040232605007274,1.5185134182269618e-08,4.902068806150996e-09,3.602856291431018e-09,1.1891391917201863e-07,1.0280150739165387e-08,0.5037908063168253,5.9460689952236003e-08,0.11580652076813815,5.593500572760963e-09,3.743106717752446e-09
10,2018-04-02,5.529464279010725e-09,0.35442702884594557,5.486975549145333e-10,1.7575136892258326e-10,1.275914357289475e-10,1.820574607514392e-09,2.6067057772879353e-10,0.5203585320456522,4.723919350397571e-09,0.1252144254608346,3.284120392646534e-10,1.3248638280895502e-10
10,2018-05-01,8.377116068149417e-09,0.3339155120868334,2.0394576216521724e-08,1.3777678211037547e-10,8.08161725084878e-11,5.866577513009162e-10,1.686817779785056e-10,0.5258002352270651,8.14715720942901e-09,0.1402842144977339,1.7289795440138067e-10,1.2268772584572266e-10
10,2018-06-01,1.4311687194675757e-08,0.3365161400508248,0.002761705075346086,1.6275558820865558e-09,1.1958930432264056e-09,1.645736920647943e-08,3.7291624969168835e-07,0.5618892046182937,7.0776493603033365e-09,0.09883253046374545,3.9954933120623725e-09,2.2098922191586333e-09
10,2018-07-02,1.4860539353594794e-07,0.37805709607562327,1.5408549231695476e-06,5.610751641191619e-09,4.09760922358576e-09,1.8396206265496174e-07,0.16718184672711792,0.405142456358494,3.0977945490194905e-07,0.04961637828550042,1.8830450059543526e-08,1.0812619394550496e-08
10,2018-08-01,7.765507516050249e-07,0.32183373552309097,0.014557878241068575,4.0443195424478756e-09,3.0973941916445116e-09,1.4700875626260935e-08,9.877927492001085e-09,0.5658543735407774,1.923582946046691e-07,0.09775295825920476,4.882927131104713e-08,4.977023920212676e-09
10,2018-09-04,0.11276439054699754,0.3879763529206959,0.016994492140242186,1.1784541022494805e-09,7.528070881599152e-10,1.814153008696297e-08,0.14843492186218393,0.28810838347172846,1.335484474764565e-08,0.04572137021518078,5.199902966112325e-08,3.4163056888234628e-09
10,2018-10-01,0.1707149672547167,0.35048770737088797,9.74013578332364e-09,1.203563115185113e-10,9.145776494335924e-11,2.1318334354825451e-10,2.1781236448407083e-08,0.40041598911002907,1.2698484085425259e-08,0.07838122058857089,7.085514498278045e-08,1.7579681049600382e-10
10,2018-11-01,0.1057416457282606,0.2047069757145406,3.6472568880938136e-09,1.4131252971478673e-10,1.0482845831619772e-10,1.0702302583291893e-09,3.7472991556531704e-10,0.42678905791874044,0.17488387107934,0.08787843795448284,6.07907746894015e-09,1.8719993009676484e-10
10,2018-12-03,0.27737082266437724,0.06916383740003296,4.262911446719471e-09,1.502622202365738e-09,9.857988472025038e-10,0.20200692392251512,4.3373959534629225e-07,2.1791536892470737e-07,0.25249481532557366,0.19896293549440142,2.167132720484013e-09,4.6196701815134514e-09
10,2019-01-02,2.014645098382963e-06,0.1318627045186176,8.808904803685064e-09,2.8344113059275315e-09,2.1318374459242313e-09,4.381791741667289e-07,0.07452319941921531,0.09822186683961101,0.4919037230922815,0.2034860325074826,3.6366659636270123e-09,3.386700002241861e-09
10,2019-02-01,1.675167097196599e-06,0.17904610352579547,0.018281685038198298,2.6803291285803993e-09,2.7684938854690235e-09,5.193612211239067e-09,9.247451711553706e-09,0.2148725145691833,0.44198272173418063,0.1458152290790573,4.435163922190121e-08,6.644961556365769e-09
10,2019-03-01,1.2633493487577125e-08,0.18934110516634575,0.05315337708328085,1.5391907480725786e-10,1.5019315345406506e-10,4.911904221507758e-10,3.905151375128941e-10,0.35565371657788397,0.3519907490593185,1.6437691957540898e-08,0.0498610213393346,5.168329968604348e-10
10,2019-04-01,6.704860180860883e-10,0.19213212301632937,3.022908573243284e-10,7.518201881480604e-11,6.061776334167579e-11,1.5622602367139596e-09,0.01683345036111417,0.2558280146914514,0.5224115535191347,3.652043870417341e-08,0.012794819072277759,1.4841704497918574e-10
10,2019-05-01,9.709061081707936e-10,0.30878487124912585,3.1977404546012247e-10,1.0244925836276802e-10,6.398708031763388e-11,0.018513608466614033,4.8448329611518104e-08,0.3859399016364181,0.28676156699392263,6.62560656430122e-10,8.027007927580084e-10,2.832117038105541e-10
10,2019-06-03,3.388352471582443e-09,0.22426656923260158,9.631538287304e-10,6.329690445152455e-10,5.067449928828336e-10,4.287707770179279e-07,2.3025198684230624e-08,0.5204463696256555,0.23923138085359236,0.01605522089706331,9.461883188333513e-10,1.1577028999722987e-09
10,2019-07-01,1.3673504068559995e-07,0.2864872046874344,2.384700531610827e-08,1.5940330152413363e-08,6.568277811954331e-09,8.499979211234813e-08,2.3048704543453022e-08,0.4856514217972072,0.22786069014644733,3.6934867813840527e-07,1.3780266341101321e-08,9.100816098963347e-09
10,2019-08-01,3.522935130820343e-07,0.2456293618753304,1.1956455801130355e-08,7.940761628405567e-09,4.4936840506122904e-09,1.234299910298987e-07,1.754792030186908e-08,0.43670461839057356,0.31766538283450724,6.337877692606894e-08,4.91380848558187e-08,6.7204012568598945e-09
10,2019-09-03,3.400363157068355e-07,0.25815025888937837,3.506587733962135e-10,3.152361235054593e-10,1.883998939924851e-10,4.827840662706473e-08,1.4425976866251134e-08,0.6994477036778572,7.425585249850531e-09,0.04240162542687636,5.432638448620123e-10,4.420447967029568e-10
10,2019-10-01,0.20789952190871608,0.12028435669227348,1.2456279852982393e-09,1.3768163519589714e-09,8.623602756800906e-10,3.512308661914858e-08,0.02281634483312378,0.632352014620841,1.4458629859004673e-08,0.016647704990509042,1.4047397583957167e-09,2.4832757827966397e-09
10,2019-11-01,0.22682286322947554,0.15155605172082515,7.147100517406401e-09,4.114641464392133e-09,2.462111937548409e-09,5.991412177297924e-08,0.11760036384316777,0.41244213670866037,2.6793441440990914e-08,0.0915783794472314,3.815346388091056e-09,1.0080387627722351e-07
10,2019-12-02,8.605986015037594e-07,0.3668043847129128,2.470723618504537e-09,5.549122305279593e-09,1.4528640641554483e-09,2.6227261591679094e-08,0.3111416732214844,0.2215795019377327,2.7088318083699213e-08,0.10047348088246424,2.5367190971913467e-09,3.3321795638782303e-08
10,2020-01-02,9.508695518795472e-09,0.35602667120674325,9.010280931448779e-11,1.7803957758463254e-10,6.028380266904222e-11,1.452788047628293e-09,0.16188549397884655,0.24357191657428748,1.0530485102265068e-09,0.23851590533827097,1.3511670956554662e-10,4.237767937428291e-10
10,2020-02-03,1.8424833477025372e-07,0.36221289893327274,8.54535637719813e-10,1.021407244573515e-09,4.859148456150401e-10,1.2614196748213201e-08,0.3528786553634374,0.1283501892990741,3.992905624012418e-09,0.15655804939210827,7.394700082523466e-10,3.055342578491968e-09
10,2020-03-02,1.3986569795359326e-09,0.32031917953140066,3.233108574891388e-10,4.2694056766269363e-10,2.5478222245478765e-10,8.2529648434493e-08,0.5115964995873119,0.09862913498737957,2.5448795104781597e-09,0.06945509767324479,3.4265529776320424e-10,3.997891608442689e-10
10,2020-04-01,4.893708503207794e-09,0.2344374292160749,1.5619275681973775e-09,2.114774614644757e-09,1.8271560963421731e-09,0.5422252506599304,0.22332109900585367,4.68069757615886e-09,3.3973341912622166e-09,1.619872063033458e-05,1.9089469930486384e-09,2.01296513721473e-09
20,2010-04-12,1.5068124812903566e-09,0.10501661032775672,4.667682396445176e-09,6.685512957966931e-10,1.2072538608316582e-08,0.6934184048576646,6.390890164036252e-10,0.009236221399386135,0.08115985369778236,0.11116887801933772,5.3961792064910095e-09,6.747219485238484e-09
20,2010-05-03,2.364662692748018e-10,0.09953667026745695,1.6293591970124732e-09,9.955110132252265e-11,1.3604644273529465e-09,0.6902789364810148,1.055544910071594e-10,0.012445455613785452,0.08375344773742428,0.11398543977698766,8.420474334857376e-10,4.5849888029335895e-08
20,2010-06-01,3.3748830222213786e-10,0.08567740583473353,1.752579202874026e-09,1.4899249499123265e-10,7.633836006908826e-09,0.701116884558055,1.7382487163121134e-10,0.01592737022983709,0.07433392407078822,0.11722434511322512,5.642474746645981e-10,0.005720059582392749
20,2010-07-01,1.7656495222538748e-10,0.05963931604324185,4.632277980588318e-10,7.929978822767572e-11,1.1817852967578522e-08,0.695726629450635,7.990698944583237e-11,0.024047498010879024,0.08421467133723204,0.1204809168632702,2.2345652545688473e-10,0.015890955454432917
20,2010-08-02,2.462339594389849e-10,0.051485138432783434,1.4966797365189288e-09,1.1850815927348475e-10,1.5035315570615643e-08,0.6929835666514406,6.827024488278895e-11,0.021019465700595957,0.10493530537336145,0.10978920126716125,3.9137298024772374e-10,0.019787305218276815
20,2010-09-01,2.507246037693324e-09,0.04784375656348195,9.865240216097846e-09,1.1949034450901968e-09,8.069997267877554e-07,0.6832710718554674,8.629630947783748e-10,0.04168794652014604,0.08804480209697017,0.11739609766842334,4.071388182880432e-09,0.02175549979404338
20,2010-10-01,7.941254812198686e-11,0.06647007880908434,1.285592128974429e-09,3.774332388508149e-11,7.45104910071971e-10,0.6937020939184408,3.248510610805949e-11,0.028590099149749162,0.08857592743936483,0.10727166626582103,1.1912002643958676e-10,0.015390132118081656
20,2010-11-01,1.1850290747021998e-10,0.06453841563938308,2.1283998108132414e-09,5.409974621259199e-11,2.6830994487535395e-10,0.6996606727983109,4.007254729618621e-11,0.018495574453731286,0.09890087866380566,0.10295847783888243,1.5453635200670384e-10,0.01544597784196546
20,2010-12-01,6.835725433540211e-10,0.0760664059122886,9.21884273762471e-08,2.7619928200444933e-10,7.279621947275853e-10,0.6829074284235755,2.387689885593324e-10,0.018942193883939848,0.10072247461515582,0.11042733124585247,6.713598733220744e-10,0.010934071132897507
20,2011-01-03,2.5510674855046255e-09,0.07777708654386097,0.00356596004769101,1.0227650090297865e-09,2.296480675472395e-09,0.6710045199066311,8.077617130336121e-10,0.018242440914959898,0.11450802934092379,0.10651756187990391,2.363816718067377e-09,0.008384392324137763
20,2011-02-01,1.4650760720379956e-10,0.11238744352252227,1.8176312647343158e-09,6.759736296182144e-11,1.053294400951167e-10,0.6835040935994944,5.443014896838275e-11,0.0045990321953671845,0.11170450598765652,0.08780491949732462,2.473823411585587e-10,2.758756879083132e-09
20,2011-03-01,1.7703158247999366e-10,0.11965230972716902,1.4918796116878816e-09,7.880703599951821e-11,9.706964414132701e-11,0.6708217094026613,6.086881396120186e-11,0.015982924245495016,0.10490475266677785,0.08863830094061731,1.6969399867059667e-10,9.419287036844865e-10
20,2011-04-01,1.746027329149708e-10,0.11392197606514808,6.539136191927033e-09,6.842201598417121e-11,1.0667832785280872e-10,0.6524781008594491,5.789286301058121e-11,0.027604367545786258,0.10383621675999682,0.10215933113679238,1.4145363203296492e-10,5.44641712496855e-10
20,2011-05-02,3.297716062930205e-10,0.09659253471701003,0.006402051164031855,1.308691879318535e-10,1.9052550269268817e-10,0.6466693319496202,1.174864131653308e-10,0.029104671105933975,0.09719154309248908,0.12403986491100033,2.0923952597722238e-10,2.0820224249743894e-09
20,2011-06-01,2.1070561946746277e-10,0.08956650860819106,0.0016976300849781008,7.718542657492585e-11,1.166979042795084e-10,0.655337533191403,7.567084097940497e-11,0.03610004510616185,0.10129887745222646,0.1139983564489552,8.542812072049919e-11,0.0020010485423965587
20,2011-07-01,4.771253783951371e-10,0.10192783219218801,2.7219708114593643e-08,1.8460995435434857e-10,2.620388258199653e-10,0.6529411332706068,1.5950487032637117e-10,0.03584586618734762,0.10104081977751851,0.10824422268292713,1.5151695399831718e-10,9.74349079366659e-08
20,2011-08-01,1.7209233047188142e-10,0.09952963290420132,6.24407968690514e-10,7.43582028169011e-11,1.1680314883792321e-10,0.6420035928475556,6.731980918311867e-11,0.04293003537456577,0.09442025154058899,0.12111648290242452,7.427394706046967e-11,3.3014085288520552e-09
20,2011-09-01,6.310690566058684e-09,0.08949358236444095,1.1591920653778516e-08,2.960934375646629e-09,5.175767473449075e-09,0.6289737556820136,2.5906043095035875e-09,0.03145835940418819,0.10324186809882949,0.14683235136509606,2.9992123221761062e-09,5.14563019114311e-08
20,2011-10-03,3.413699783382564e-11,0.11603206438340613,5.123536619833494e-11,2.1315253784442407e-11,3.293876157875256e-11,0.5337185115879466,7.0110563952742e-11,0.19779243009306965,0.03580575762874386,0.11665123596180939,3.824714603422876e-11,9.704021188032895e-11
20,2011-11-01,1.3528708659571267e-09,0.08691246876833363,1.0143455832033883e-09,6.085911908939789e-10,1.1915838914940514e-09,0.3086028152370142,1.0257769843549467e-08,0.3338421758832304,0.12372800585263771,0.14691451768886232,7.058425960712748e-10,1.4389177345514979e-09
20,2011-12-01,1.658118627496019e-09,0.1091269849215626,1.2756719639780938e-09,8.79396480730009e-10,1.7165211588509437e-09,0.36926750251552354,1.7554425604673798e-08,0.21627789779928333,0.15982426752492107,0.14550332004207397,1.6917543101647312e-09,2.420747393917756e-09
20,2012-01-03,9.906503310403914e-11,0.12193312701909388,6.567192480941704e-11,4.0542339735300766e-11,5.833877278079472e-11,0.4908539390980402,2.0864802099672053e-10,0.08806655244288002,0.18068853523777592,0.11845784551720583,9.277486032506002e-11,1.1996302144192863e-10
20,2012-02-01,3.632532667497929e-10,0.165767449937443,2.1352422210394416e-10,1.36214008746711e-10,2.6594585296774146e-10,0.48173563769391115,4.247601501200755e-09,0.10548217483810218,0.1341856945915762,0.11282903682949069,3.2948010990126654e-10,5.534577020819845e-10
20,2012-03-01,7.087785866009327e-09,0.15196721771364796,3.5209936981728637e-09,2.154154482869091e-09,3.259765963942408e-09,0.3397126845702384,9.402337466116822e-07,0.269732709100915,0.1505065561152035,0.08807985710282167,5.697814182110322e-09,1.3442912689776936e-08
20,2012-04-02,2.4212110665683677e-10,0.1337733245271932,1.316963331701083e-10,6.254998021797058e-11,6.410481378542685e-11,0.2020203686198127,7.622691562163309e-09,0.4069806865090084,0.1637437772522699,0.09095146579643429,1.1456058749645007e-10,0.0025303690575570323
20,2012-05-01,2.542104382610719e-09,0.14141674223669903,8.974086935778618e-10,4.5168188075048653e-10,4.676134178550466e-10,0.32376550885597527,8.177370626713321e-07,0.29352815128461457,0.13444827223820105,0.0982215456446571,1.0142220088421673e-09,0.008618956629759918
20,2012-06-01,1.6228481104627537e-08,0.12977087995832026,7.305162994108589e-09,3.1492102395101097e-09,3.2708177492280546e-09,0.4449427292305043,0.06526865039618916,0.10280076610653777,0.15690949056756442,0.05447353354026681,4.950223667876226e-09,0.045833915296721525
20,2012-07-02,1.5060990734261795e-08,0.1121690962521753,4.265461302079845e-09,2.4008665863971207e-09,2.4165152013007866e-09,0.550445176327526,0.045335709538537834,2.8046869223102705e-06,0.15617839951084425,0.06689920704293684,3.305509943447961e-09,0.06896957919171366
20,2012-08-01,3.1440317209320805e-09,0.10376876150050765,6.917461108126846e-10,4.32858013828721e-10,4.2736937726425886e-10,0.5408902518549844,0.06578986368972597,2.1566359424698594e-07,0.13814889731552907,0.06988739102009672,8.42366507491757e-10,0.0815146134171902
20,2012-09-04,3.17503299412941e-10,0.1317438878285844,1.3090017662581932e-10,6.83334379311314e-11,6.672306704191153e-11,0.4999309202251622,0.06837363603613178,8.041550417994536e-09,0.19247855809934197,0.06820372205757803,2.69959482260752e-10,0.039269266858231545
20,2012-10-01,3.8029320472840096e-09,0.14101059992894718,1.1270382063948888e-09,5.080614050736837e-10,4.899022101757767e-10,0.5939445292147112,0.00016606061211567322,0.014909002061867687,0.1436317542647115,0.08282742823380815,1.6840765543065382e-09,0.023510618071828065
20,2012-11-01,1.169883589247442e-09,0.10404640128506723,3.53092105112425e-10,8.25025792105183e-11,8.058528501808198e-11,0.4314349203065066,0.04380304514874073,0.13539831835786115,0.17588354541754475,0.06830398918323498,1.5977953838981816e-10,0.04112977845520162
20,2012-12-03,2.014867414920543e-09,0.10304383068694384,9.552729402227207e-10,1.9880225809761044e-10,1.8113576114939358e-10,0.4918238591888665,0.05007826131409461,0.06791437455094737,0.22300853418979907,0.032371779826113015,6.791246742265624e-10,0.03175935621403262
20,2013-01-02,9.919941372768774e-08,0.0831721768513962,1.865231523917516e-08,4.643547187214117e-09,3.924826012066484e-09,0.561856102330597,0.017057259351079258,0.05255015017194695,0.18255608410839236,0.053836477597258105,7.53701835056939e-09,0.04897161563220962
20,2013-02-01,1.3468472799388075e-07,0.11068641902099798,4.506821875817252e-09,1.222299562804176e-09,9.800787924325578e-10,0.541876096884406,0.04383134130750134,0.0019804104595390246,0.18899924633366053,0.05953756228504601,4.454386027469241e-09,0.053088777860534904
20,2013-03-01,0.04924027468176138,0.07186920048530869,2.521601385388585e-10,6.031944208864918e-11,4.455333646076685e-11,0.5367255243529581,0.04912519663117483,0.020330009370724888,0.19276375911019583,0.036830792805724905,1.3873799249931083e-10,0.04311524206638061
20,2013-04-01,0.1381048025509019,0.019624255544865785,9.44450663546721e-09,2.224696507575657e-09,1.6265398625704783e-09,0.5663540215484307,0.04589595488487012,1.5965375876894054e-07,0.17559958230756306,0.04013823761370567,4.8549120170265595e-09,0.014282967745248948
20,2013-05-01,0.15817204354255687,0.015986690733068788,3.1309663672537824e-09,2.157102650216265e-09,1.1621811135032602e-09,0.5487932672046283,0.07318748523960052,1.3193189003208737e-07,0.20018159233613395,3.188386190940572e-07,2.8581419055963512e-09,0.0036784608651104934
20,2013-06-03,0.18268960985007246,0.026678458986849195,5.079106665365214e-09,2.5536654702917956e-09,1.8619718570626502e-09,0.5248608541883001,0.052141641140140416,0.02852232455623136,0.18510706981645125,1.1009982800955511e-08,1.1688703790982692e-08,9.268524627575962e-09
20,2013-07-01,0.22301698609889328,0.0418783414017006,5.580876242690397e-10,3.128793901306421e-10,2.1144389664774006e-10,0.5756263082446118,0.03992089134041944,2.3486198466467552e-08,0.11955744612962167,5.314543131050448e-10,9.966981041393225e-10,6.879914981774468e-10
20,2013-08-01,0.23322029871544847,0.05564800667559997,2.3317065768516506e-09,1.1624302916703512e-09,8.176148575829034e-10,0.6039883019145721,0.02890116822122544,1.5017191993605772e-07,0.07824205206480458,1.230988744914885e-08,3.962893236437684e-09,1.6518969768482872e-09
20,2013-09-03,0.15340817590519176,0.11543799949383601,1.652273687174378e-10,6.012692972836904e-11,4.84122766849236e-11,0.627954609340863,8.87687417321143e-09,1.2292504569927848e-08,0.1031991909500431,1.889229768448531e-09,9.100833992808847e-10,6.760768112161093e-11
20,2013-10-01,0.20453733729614287,0.08122579348273698,1.1071584099297104e-09,3.9716934998141675e-10,2.779707924655571e-10,0.6485119428442039,2.5677764091513328e-08,2.2730347409264784e-08,0.06572487337558934,1.2245211614610384e-09,1.1285864137955491e-09,4.5780931720623074e-10
20,2013-11-01,0.266652225600359,0.027928322165428565,2.5452780644131754e-09,1.2973018512692574e-09,7.894108194324743e-10,0.5933748028211379,0.04042726498559754,3.0048911526143024e-07,0.07161707330917788,2.3292579213078657e-09,2.3430423277758243e-09,1.3248928130412022e-09
20,2013-12-02,0.2589586392560493,0.0435934380159102,3.037116386368733e-10,1.8415933370580415e-10,1.0378664160031554e-10,0.6081688606463606,0.03542733565680203,2.5758760015431865e-07,0.053851467641915646,1.941738065799485e-10,2.452208681187343e-10,1.6430995267282646e-10
20,2014-01-02,0.2092669072647365,0.0903024096801769,1.904967877936342e-09,1.1842474912894047e-09,6.775997230491934e-10,0.6273496914686332,4.868037788139928e-06,0.07307271353404102,3.402991986619825e-06,9.570774360496763e-10,1.2688651304048392e-09,1.0298799612670564e-09
20,2014-02-03,0.1713974986283725,0.10570290685266483,3.796866666336179e-09,1.2940620298036115e-09,7.986235558297103e-10,0.5990406702837883,0.03593095744700234,0.06278781335453858,0.025140143436723807,1.4063593404997714e-09,1.1726154837537878e-09,1.5283826786873746e-09
20,2014-03-03,0.18968549795803338,0.1139274044471779,2.0267560153734847e-10,9.749812665188047e-11,5.4629007547627756e-11,0.6107440583219549,0.04573873350721731,0.03990378792788021,5.172052496784031e-07,8.284881569898487e-11,7.883440711297397e-11,1.1600081198411863e-10
20,2014-04-01,0.24753663288266708,0.05446221104694945,5.596310141427861e-10,4.29994855891217e-10,2.075921863384919e-10,0.5527753820699891,0.05912769937464249,0.0860944485193645,3.623843925289639e-06,3.1997985006218063e-10,3.404494987946598e-10,4.0481470418174125e-10
20,2014-05-01,0.2743526186554513,0.02414133005540574,4.925521225262312e-09,4.193323975444836e-09,2.107233316253828e-09,0.5430246389174194,0.07721495345548327,0.06412788839458054,0.01713854903167473,2.7850181230040576e-09,3.4254738248272517e-09,4.05341475120256e-09
20,2014-06-02,0.2640524373823116,0.06328775708164006,4.4521245782667394e-10,4.1894629696387357e-10,2.008760609670984e-10,0.4850616929293799,0.1065355070410676,0.0727714762145557,0.008291127286156634,2.5727746366530184e-10,3.5209435112163635e-10,3.904819725449175e-10
20,2014-07-01,0.25851484004894415,0.08827101592471595,2.144650032252545e-09,1.7900169165622524e-09,9.155790011401739e-10,0.4215329408648193,0.1486629948974718,0.08177654889574347,0.0012416494132653718,1.507549752062735e-09,1.829527284985425e-09,1.7677171811111526e-09
20,2014-08-01,0.2944485493191165,0.0809434570523874,6.573882262362302e-10,6.056297478389621e-10,3.067628544674627e-10,0.36298063762004035,0.19389314083686432,0.06773415808354809,5.400267678730788e-08,3.9835439637648516e-10,5.340323076555881e-10,5.831992089231719e-10
20,2014-09-02,0.33764824563485246,0.10831587892818499,1.6409176725572355e-10,1.0918086625570406e-10,5.5936288364281946e-11,2.2936468124826343e-08,0.28338023416741737,0.2706550484169581,5.692987172087558e-07,6.14925518402777e-11,9.013006897771405e-11,1.3657022860374308e-10
20,2014-10-01,0.36023455427627976,0.06356886739476554,2.000406229003741e-09,1.2746199905449832e-09,7.484899042155671e-10,0.17586684752484152,0.1467954550321835,0.22492716576531802,0.02860710230043734,8.034555003098881e-10,1.1468618938658202e-09,1.7323406775766927e-09
20,2014-11-03,0.35987947766122874,0.08012634961176512,3.4118214786610757e-09,1.7266877935789765e-09,9.968935224788721e-10,0.3961094518513994,0.1118039575258191,0.052080260266341695,4.898158201029158e-07,9.500129019677279e-10,1.3344748244204245e-09,4.847735162150163e-09
20,2014-12-01,0.24427030224069235,0.17394393280678405,3.094635932120139e-10,1.3942782590151487e-10,9.036886651722793e-11,3.759966372582433e-08,0.13094807859509616,0.45083763948217476,7.562978867512878e-09,9.232327611085177e-11,1.3315959507807022e-10,9.478669245094157e-10
20,2015-01-02,0.30533941489777766,0.15345261856869036,3.2948366623247287e-10,1.0596960222893937e-10,7.137321256942277e-11,3.182076122392846e-07,0.18431791586964638,0.3568897297331766,1.2522045178218444e-09,6.876052156712634e-11,1.0969281284337424e-10,7.856123448009224e-10
20,2015-02-02,0.35921843081904814,0.09154923907140461,1.4825007115797697e-10,8.223878634804091e-11,4.1909271285716416e-11,0.025625900292776754,0.2582204865536932,0.2653859395845036,1.7048268587979902e-09,4.257587907945877e-11,5.5789849324583616e-11,1.6029830598404083e-09
20,2015-03-02,0.40894877144282227,0.06976517980690825,1.0931847307673807e-09,4.416911995597093e-10,2.197321649267319e-10,0.2131123968962643,0.2285236706377073,0.07964994605145653,2.966367944985532e-08,2.0948858765224027e-10,2.757508292347976e-10,3.2613143947701584e-09
20,2015-04-01,0.4001889144344186,0.030422724188028768,4.775477573124485e-10,5.1413915543509754e-11,2.5149147057105732e-11,0.2404554124478413,0.18973975968355394,0.1391929666104629,2.2189500556548413e-07,2.2923786739409762e-11,3.069835074771302e-11,1.3295582727981693e-10
20,2015-05-01,0.3444854593055441,0.07020880111076623,4.428243889490055e-09,1.3849916695456375e-09,5.896541487458052e-10,0.27002818081582575,0.10916217716991827,0.20611498671294354,3.85897769910808e-07,5.144273462827555e-10,7.164716750668182e-10,1.3534433967302521e-09
20,2015-06-01,0.2655514328102191,0.12885821438116726,2.629743705073183e-08,6.952680522431047e-09,2.483744903384677e-09,0.26763202433644523,1.6441612691163689e-06,0.303946765418246,0.034009871543772,1.9767625741073134e-09,3.1546169125546742e-09,6.48363952222599e-09
20,2015-07-01,0.29679863433636344,0.1265841947515825,1.984885046805037e-09,1.362358511146864e-10,6.016290187668164e-11,0.38845082768609435,1.039190420695543e-09,0.1881663343686966,5.406753709256747e-09,4.797805358702537e-11,7.173884258622694e-11,1.1031821008052557e-10
20,2015-08-03,0.2769564557619255,0.1769705094873911,3.961643353255107e-09,2.9742996505953676e-10,1.0270914076638226e-10,0.546073018278833,3.56352666933007e-09,5.825279404079532e-09,2.2432865585404464e-09,9.786177390294983e-11,1.272963865740372e-10,2.5281729040575694e-10
20,2015-09-01,0.2955736748982152,0.09146490214766242,1.319661031850923e-08,5.486351430067114e-10,1.7993374237501274e-10,0.6129590457154553,1.1142236121411246e-09,1.091059253434926e-08,2.3505393266065606e-06,1.806130518030353e-10,2.2869341910369045e-10,3.400386891991918e-10
20,2015-10-01,0.19869497480271642,0.14682053130766004,2.9677177050922515e-09,4.2491452371971247e-10,1.4284344776141376e-10,0.6544844676977063,9.419618564605745e-10,6.506729098912342e-09,1.4365143756927168e-08,1.379061930401742e-10,1.749458054235685e-10,5.297547485370895e-10
20,2015-11-02,0.08176081955978418,0.28484450320777177,9.76432011348172e-10,2.6019715846067324e-10,1.08231507446317e-10,0.633394665305722,1.2708664493315614e-09,2.2212473098079623e-09,6.308522517158679e-09,1.1055385289856858e-10,1.3615189121126614e-10,5.345193985062101e-10
20,2015-12-01,0.0931745017966371,0.28369500519472113,2.3887708433064037e-09,2.2489674475356123e-10,1.0287003723391171e-10,0.6231304790813265,1.255974217447722e-09,7.528983866596155e-09,1.7042269731323108e-09,1.0402684872367354e-10,1.2781092759440694e-10,4.89754956005863e-10
20,2016-01-04,0.014196843526368207,0.33371847618486183,6.288750561271673e-10,2.0126608741489773e-10,8.903049031251403e-11,0.6520846745050553,9.072137534872921e-10,2.2255318243717005e-09,1.0612938292089036e-09,9.371781808298067e-11,1.106036743462928e-10,4.661823466960122e-10
20,2016-02-01,8.29565096131725e-08,0.29834790655359333,1.4213418380474574e-09,7.414587189159106e-10,3.600011603915507e-10,0.701651992406246,3.0974993497478264e-09,6.03249534809008e-09,4.029052112380427e-09,4.0104374688357455e-10,4.343343468704301e-10,1.566424597608823e-09
20,2016-03-01,1.389260803080621e-06,0.28716399545025134,8.594631055898057e-09,4.290057303363694e-09,2.2403724224074035e-09,0.7128345011026191,1.7900227791424828e-08,3.276221353483483e-08,3.3993560083701306e-08,3.6115702740350457e-09,2.7363793634034115e-09,8.05731465260171e-09
20,2016-04-01,1.3920749270823148e-08,0.2951364721478494,1.0394231795325981e-10,6.334234159193187e-11,3.475058059271107e-11,0.7048635059738533,3.7370975067901123e-10,6.6804092249881435e-09,4.6439759223932023e-10,4.6229698451667025e-11,4.150615842162119e-11,1.492604969563903e-10
20,2016-05-02,0.10690510712446112,0.1998416133722261,2.3292203100421066e-10,6.72064332585328e-11,4.1225182906223174e-11,0.6932527079723321,2.0781011667266094e-10,5.689884195659037e-07,1.699632418384785e-09,1.5359236787253737e-10,5.307617586855576e-11,8.709654583582863e-11
20,2016-06-01,0.030437147383089325,0.247075677462125,4.764039888160926e-09,2.5259438998479014e-09,1.3390507180303324e-09,0.65749565018411,1.070543387974896e-08,0.06499120955130515,2.8649146601866203e-07,2.744302961205698e-09,1.6597371419802207e-09,5.189395926560616e-09
20,2016-07-01,0.02683520086555396,0.2190935397921862,3.2360287137663017e-09,1.5606881422878756e-09,1.0369535304829192e-09,0.46939322721766596,8.599260320659332e-08,0.28467788320789017,2.056621335299429e-08,1.8159583450641845e-08,1.3036706760485616e-09,1.7060962559383057e-08
20,2016-08-01,3.183199033578244e-08,0.2548473161078036,3.850686325862172e-10,2.1201312783382057e-10,1.4414420290846327e-10,0.47420859141382926,0.044525573833438005,0.22641844543180661,2.9445520389090436e-09,6.059268374996412e-10,1.5533651179878488e-10,3.6934090715619757e-08
20,2016-09-01,0.02434152104621013,0.2329888762450099,2.2214637005517712e-10,8.732141953378552e-11,5.923454723197514e-11,0.4000802499849322,0.058890797861612665,0.27740516835461887,8.536522242444352e-09,8.386480472009291e-11,6.368855213116061e-11,0.006293377454838357
20,2016-10-03,8.720746734299512e-09,0.22477074470283556,2.2913521058264122e-10,1.0944963996923465e-10,8.112297183512026e-11,0.3748558830341162,0.011735215635642088,0.3853960339050164,0.0032421098854672806,2.99559613214849e-10,9.703946362500726e-11,3.2998687228989915e-09
20,2016-11-01,1.9616800927463356e-07,0.21941948929357832,5.883393241107812e-09,3.1183985557375086e-09,2.363792153418689e-09,0.4701788544334343,3.142624362224057e-08,0.2934887933356694,0.016912593559043267,6.759428077573346e-09,2.7092059582997457e-09,2.0949803801057523e-08
20,2016-12-01,0.10976455320697417,0.12416149842715067,5.655120345531194e-09,5.874202822988264e-10,4.665668843567511e-10,0.48224146976239335,5.731505850048484e-09,0.24895397750870274,0.03487845266705633,1.5867745339891538e-09,5.288546565441747e-10,3.387148015288627e-08
20,2017-01-03,0.15450064182602807,0.08806342246109818,1.0750587381192948e-08,9.079347802141073e-10,7.090020511677089e-10,0.6413222187755334,9.17753733707048e-09,0.060307823252893085,0.05332860269309208,1.7435888721082347e-09,7.042126540074254e-10,0.002477266998492306
20,2017-02-01,0.15292145795162443,0.11510832056624326,1.997287586903563e-09,3.5365967952363306e-10,2.8994857570171466e-10,0.609757545721517,2.298261714033726e-09,0.07669332204484082,0.04551934412273793,1.6608321865438628e-09,2.8937045094655626e-10,2.70367635997387e-09
20,2017-03-01,0.16586543761951622,0.11239192001342634,4.106308576092028e-09,8.499991237303845e-10,7.439775205136938e-10,0.6231410468923773,6.156818657812407e-09,0.07172333854573197,0.026878237428841125,2.408149541084379e-09,7.452971070600977e-10,4.48955655106413e-09
20,2017-04-03,0.020448982448452172,0.23357138795304797,1.4526377214285083e-08,2.6316709101410504e-09,1.9524849955633335e-09,0.6945927198452638,7.754395857030376e-09,4.5690417784352293e-07,0.051386406387392086,7.123542941776833e-09,2.0714962199042297e-09,1.0401697990285076e-08
20,2017-05-01,1.0982813529786674e-07,0.28263307211399513,6.674863492467828e-08,3.1715568919492323e-09,2.3854835673179383e-09,0.6954365551939723,7.960422615893596e-09,1.8487373187199537e-07,0.021929973498765246,1.4741176765057364e-08,2.6775383560716597e-09,6.806587035862023e-09
20,2017-06-01,1.3366235860002812e-09,0.2793278481087339,4.815793644981826e-10,6.751825138349122e-11,4.84166873433834e-11,0.6878278268705221,1.7586743873714155e-10,3.884760753120381e-08,0.03284428294838621,9.526744617586426e-10,5.448027477406686e-11,1.0759009816367691e-10
20,2017-07-03,0.030370885101491458,0.20902868453359363,1.5792072414795733e-08,5.296319371395734e-10,3.464445703382024e-10,0.5643614510999662,1.3530816400344931e-09,0.1420907113951078,0.05414824733903648,8.050360831579657e-10,3.7927550482412883e-10,1.325262497211977e-09
20,2017-08-01,0.04667644712680373,0.19080828146180176,2.196451144377951e-06,1.5244745299301557e-09,9.775889938143279e-10,0.5603318549297103,3.4243050098550672e-09,0.10359246945849555,0.09858873463697326,5.689843180081952e-09,1.0701680141505926e-09,3.248691210181792e-09
20,2017-09-01,0.023480884528838238,0.20640579663124575,4.191727870989592e-08,1.8869418288420247e-09,1.0991609845799768e-09,0.6621770228557139,3.1959101966146877e-09,7.187301498883622e-06,0.10792904220753455,1.4447564865248702e-08,1.1153993193930072e-09,2.8129129131520283e-09
20,2017-10-02,0.03356306885275788,0.14195788035707566,0.07180646847493145,2.5301019162850543e-10,1.437570315171174e-10,0.42866248904896015,1.6958235803219273e-10,0.2660206227648334,0.05798940112501036,6.825907660430082e-08,1.4025339918112307e-10,4.107515483770396e-10
20,2017-11-01,0.07580536524638545,0.16598327954949016,0.0016209051385346865,1.3702431912529424e-10,6.383300369191669e-11,0.3119642401976187,7.191236497080022e-11,0.3586875710038787,0.07052107959232404,0.015417558839616794,6.884298664105746e-11,9.053882726053389e-11
20,2017-12-01,0.10517610373882104,0.10780543663588091,0.029152096530462253,1.0968329778707582e-08,5.036953054936406e-09,0.2507290676215853,4.703855341541485e-09,0.39822826579559284,0.0789854753713953,0.029923520696142843,5.9210699522995485e-09,6.979911235612242e-09
20,2018-01-02,0.09506948939240879,0.13630985410084379,7.612298629418515e-08,6.5866069144499694e-09,3.17730554679561e-09,0.02925031964292101,5.8650916576844386e-09,0.6213947047815898,0.08010913753078625,0.03786639372695241,5.4022037170562704e-09,3.6703039175748476e-09
20,2018-02-01,0.160234937264577,0.15546705440682612,1.245925698329106e-08,3.94858229501453e-09,2.519973176063949e-09,1.3337418409145287e-06,4.160319093055542e-09,0.6138020050485353,0.02177760383612245,0.048717028847059786,1.1566200536627793e-08,2.2007064081659275e-09
20,2018-03-01,0.030403535734623167,0.19583083245078134,3.3043498954648595e-09,3.470170767424539e-10,1.9510513721972183e-10,0.27632742669193955,1.7556486247550456e-10,0.320318203781705,0.12245852813810426,0.05466146840451276,6.060891301324652e-10,1.702078310435649e-10
20,2018-04-02,0.03986097400006372,0.1674112395615891,1.892435267540132e-09,2.0766949796279282e-10,1.1128154086221313e-10,0.28057593381183055,8.614473237455717e-11,0.3057188807749104,0.14555239457832764,0.06088057375707515,1.1333719488861283e-09,8.530029593509432e-11
20,2018-05-01,0.04426091752602894,0.14060617449649457,0.0066284950557294565,7.622152679143866e-09,3.100554701959824e-09,0.24360575446634763,2.342408432699162e-09,0.3369188511995631,0.15859385960167308,0.06938591017809177,2.0691697956444445e-08,3.719257836711377e-09
20,2018-06-01,2.3514023181221652e-08,0.16854126023623803,0.04210899656152013,1.2444520245539434e-10,6.996720444572618e-11,0.23195163073924685,3.3361086867634354e-11,0.42375935864303715,0.0871701712653412,0.04646854056994083,1.8163945018405512e-08,7.893424381581602e-11
20,2018-07-02,2.0265127172141592e-05,0.1888245107990742,0.013414951363786088,4.1874274817176685e-09,2.600784475807117e-09,0.36466918629727857,1.280502789849845e-08,0.3055227823458293,0.11326489375598783,0.0142833425197926,4.3284790930916763e-08,4.9130485185275285e-09
20,2018-08-01,0.03570105713075314,0.130892686602215,0.008628334205111766,7.365031491199595e-10,5.244606330901249e-10,5.14832247647725e-07,1.3876654388120183e-09,0.6307282766002744,0.14203103313993132,0.0520178284747769,2.6561932346348896e-07,7.467373046401076e-10
20,2018-09-04,0.14715366366422136,0.1553026701695163,0.012887602970006955,9.312437740938595e-10,7.402418773450199e-10,0.22471367392782585,2.8846376010499082e-09,0.4319500582886557,0.004798151203085903,0.014181247494210507,0.009012926322268055,1.4040861983750327e-09
20,2018-10-01,0.1343877167164749,0.13917298791804616,8.869923918674185e-09,1.1773267548866074e-10,8.360893066115029e-11,1.6286598085011742e-07,3.584461685232561e-10,0.5529062754115694,0.12721774059200833,0.039123287510611504,0.0071918194273190485,1.2827796729313135e-10
20,2018-11-01,0.12488578295566215,0.05766744299803094,4.991798576930719e-09,1.5628676021311437e-10,1.37851112478828e-10,0.2532583642275924,2.501713199577288e-10,0.2797933423934318,0.24765851427923866,0.036736465267238505,8.217583297304211e-08,1.6686469680117985e-10
20,2018-12-03,0.20489168641415248,1.1625681838738988e-07,2.947867059323901e-09,4.1104405694750424e-10,4.0739625784608434e-10,0.43427483110930876,1.3710927462989527e-09,2.7910183279819424e-08,0.27687980213088254,0.08395352835531888,2.0689959915042345e-09,6.169396480752313e-10
20,2019-01-02,0.062091387279059725,0.024501863799878593,5.116798307768917e-10,7.967880170411639e-11,8.884635275201467e-11,0.3919237769589415,3.822342130591378e-10,0.023447521004462714,0.40908038259979923,0.08895506698884556,2.413302072289078e-10,6.524334097481374e-11
20,2019-02-01,0.032687620033203385,0.04313761750508141,0.009197112921373637,1.3966968803007299e-09,1.5620693009944867e-09,2.4618054449546934e-08,1.8721140814552754e-09,0.423036898349917,0.41613177386892414,0.0758088278626,1.1762766477696192e-07,2.382301025009761e-09
20,2019-03-01,3.253693363451799e-07,0.059548465444682036,0.03315777066403772,1.9080972383276205e-10,1.6148104991598085e-10,2.9435515989285934e-09,2.0698943441403972e-10,0.4869087104836745,0.38987638694389704,1.688758061631642e-08,0.030508320385081705,3.1887829635775865e-10
20,2019-04-01,5.2807543348298626e-08,0.07359886888742705,1.655266510280113e-08,1.1868281535808493e-09,9.659109625380668e-10,0.16369886966173322,4.9929185415563414e-09,0.2549371896898549,0.4973355349952309,1.0781510299698757e-07,0.010429350737674599,1.7071102823292795e-09
20,2019-05-01,1.523002090781655e-07,0.14567682204833676,1.336372961973421e-08,1.2977677746375395e-09,8.008387438322816e-10,0.3730992216523193,2.5084286066709715e-09,0.07812639074033548,0.4030973638898326,4.145576339699172e-09,2.5527380947650803e-08,1.7252447050841825e-09
20,2019-06-03,1.0156738600170939e-06,0.10144635636803881,1.9222615809110272e-08,4.950261791144873e-09,3.3051045592233396e-09,0.34798398185024665,6.316408127467423e-09,0.17103669759417764,0.379531650114045,2.5060973200230787e-07,9.10881310985662e-09,4.886696392012263e-09
20,2019-07-01,1.329381681358417e-07,0.11500532873489479,6.158716056708877e-09,2.0305282919709068e-09,5.270717218787322e-10,0.14331775888195103,6.303188452580339e-10,0.35535108341870114,0.3863256694181972,1.4950948287624757e-08,1.7107519980657832e-09,5.997526167148933e-10
20,2019-08-01,0.023218127990653144,0.08725230433895574,2.1218247717462845e-09,7.870720857939057e-10,3.6415036349765317e-10,0.23102360979415434,4.822560711748514e-10,0.23380598046446296,0.4246999579710056,3.953061718865032e-09,1.1341606508683153e-08,3.907964917780419e-10
20,2019-09-03,0.09958653095613976,0.06940868096404872,3.0437842068060864e-09,1.8024086485039754e-09,1.1538664659887295e-09,0.38648628277711033,2.5942497086266738e-09,0.2646359751780925,0.179880507039941,1.9981314743238885e-06,1.520015192229825e-08,1.1587325756454269e-09
20,2019-10-01,0.2012616651047477,1.2766688860384216e-07,1.902525347799138e-10,1.936996713172483e-10,1.3211597467681067e-10,0.31158109414267066,6.357014741954612e-10,0.31310076090166256,0.17405633597824696,1.4511329028377705e-08,3.9216908746520493e-10,1.5051571406935559e-10
20,2019-11-01,0.21835344480787156,0.014604705969070271,1.1489194711272103e-09,5.04204165009885e-10,2.9103319075811607e-10,0.2968842549262176,1.5625416159286522e-09,0.3405796171208254,0.0968881154696967,0.032689856663316766,7.762955252640658e-10,7.600078235981122e-10
20,2019-12-02,0.038728384449410874,0.14784982561061413,1.7484894614788572e-10,3.9391229652819816e-10,9.921893931314535e-11,0.21412100969405445,2.9782964799446025e-09,0.4875628232196392,0.06689001355778469,0.044847938987411004,1.6223470122080122e-10,6.725741668246042e-10
20,2020-01-02,0.03538350105558949,0.1458147384346973,1.4159497595635558e-10,2.607983878056164e-10,9.602695232046518e-11,0.11339876428467838,4.694331802866579e-10,0.4871376147663088,0.10136592113132921,0.11689945896526184,1.5328927639871955e-10,2.4099227421362443e-10
20,2020-02-03,0.054241778511557474,0.14617330696698727,1.053188082531255e-08,1.2230628912652377e-08,5.622766604620228e-09,0.24561645351572708,3.352626155684766e-07,0.4785744215823084,1.1707861966608424e-07,0.07539352973250688,7.308989970328162e-09,2.1655411456640607e-08
20,2020-03-02,2.0691629329573456e-09,0.16847636404321858,4.39572436944848e-10,6.010435030191909e-10,3.7721718277838394e-10,0.5238192126368936,4.795295903974963e-07,0.2834520836260512,3.09141148641484e-09,0.02425185271821729,3.859779630756833e-10,4.816435889860503e-10
20,2020-04-01,4.8905665927325696e-09,0.1626601260791768,1.556499688542567e-09,2.1641361816610517e-09,1.7580106151668599e-09,0.8373395452517378,1.1115255753202852e-08,3.027818788451392e-09,5.052726710207596e-09,2.955371794862047e-07,1.7809196356766416e-09,1.7859719107205097e-09
50,2010-04-12,4.1080181582125935e-09,0.10143778465510934,8.046948200699044e-08,1.0352553174058862e-09,2.775779481208364e-09,0.7205767130468821,5.29898581787818e-10,0.006643816366320724,0.08528784873820675,0.07146309974078698,0.014590641339765655,7.194495078923722e-09
50,2010-05-03,1.905343008215418e-09,0.09948278599505891,8.213986510020489e-07,4.614435236977634e-10,1.226681325274421e-09,0.7188558565771047,2.5175083510193004e-10,0.008340419155771913,0.08607814571104187,0.07237643392887323,0.01486552673863845,6.649641178755963e-09
50,2010-06-01,5.614765536326445e-10,0.09704910591439957,0.0013526033059616277,1.4175314747766226e-10,4.5912486744588857e-10,0.7197249743658122,8.074342907965999e-11,0.012693502819001681,0.0831558343447323,0.07626400145479528,0.009759968224905144,8.32729432649946e-09
50,2010-07-01,3.974370078707084e-10,0.08962818836503812,0.0016902793289782683,9.861067302846e-11,3.557518957955691e-10,0.7156967166671412,5.749041847295406e-11,0.01706794011921813,0.08742368651879,0.07915716809260466,0.006352045583295162,0.002983974415644526
50,2010-08-02,2.425539924134742e-09,0.0797803160026337,0.011513140682238122,6.781017654149533e-10,2.134364145454987e-09,0.7157952535678825,3.5891799766311005e-10,0.015312426346328657,0.09523980243752005,0.07422918655516472,0.006179418809657561,0.001950450001650898
50,2010-09-01,6.389669369057041e-10,0.08237739511832533,0.007715581965747917,1.6588862748074868e-10,5.311228064043657e-10,0.7111193355452139,8.857917284736499e-11,0.022490198182070573,0.0885230245821839,0.07671442417557418,0.008006486253887498,0.0030535527524392543
50,2010-10-01,1.5682965927435755e-09,0.08185364772063056,0.015791642474109437,4.390158804119417e-10,1.0484623813677332e-09,0.7181279362674474,2.1842283858742552e-10,0.014211636193182737,0.09016311859185329,0.07103998597506887,0.008812000008575871,2.949493398221388e-08
50,2010-11-01,2.9001948836818735e-09,0.08509755284649298,0.012821849443502646,7.455520393229726e-10,1.3928334967557308e-09,0.7206392307958815,3.4321239783373613e-10,0.009574573745592311,0.09602476502591555,0.06994768799155648,0.005894290266865545,4.4502400022059496e-08
50,2010-12-01,3.967326907450744e-09,0.08954277876480617,0.01017621573784543,1.0644320731436318e-09,1.7192684002803744e-09,0.7138431611065852,5.092139222481119e-10,0.010339051313296543,0.10009585454240719,0.07336342683703366,0.0026394905963909067,1.384139358638181e-08
50,2011-01-03,1.2543576158941473e-09,0.08811352202220385,0.010336219154793661,3.402329654637622e-10,4.721845834128596e-10,0.7067108277966765,1.5769730105250136e-10,0.011074992789054923,0.1075626962085931,0.07145339355636234,0.0047483433432373425,2.9046057319068364e-09
50,2011-02-01,1.2866189394869057e-10,0.10387741533359297,6.617267779088223e-09,3.74668030776653e-11,4.499634042191464e-11,0.7134822838738581,1.709650206552299e-11,0.004491049769494132,0.10507049590785177,0.060144839139469435,0.012933908931656406,1.9858779663258764e-10
50,2011-03-01,3.981324872106011e-11,0.11016669971938854,4.2425148092801024e-10,1.2195671765192627e-11,1.2728473751291032e-11,0.7059519776446207,5.674627674615041e-12,0.012228501753198175,0.10361717981172457,0.06556642492885498,0.0024692156085184334,3.903121774499616e-11
50,2011-04-01,1.988394738309343e-09,0.10724696660104459,4.0890234710418516e-08,5.684181324389664e-10,6.582973870207014e-10,0.7000262349535142,2.77717102996887e-10,0.016963102802520717,0.1040309623572133,0.07100657420388644,0.000726113117845982,1.5809125551347117e-09
50,2011-05-02,2.1093543674275624e-09,0.10290546882708755,8.995966410750307e-07,6.158549344576418e-10,6.707085724542468e-10,0.6962997607386882,3.1050145240113446e-10,0.018065742248515343,0.10162782139399353,0.08110016720863948,1.3439554345126534e-07,1.884472049041353e-09
50,2011-06-01,6.054885838655634e-11,0.0987651131967072,5.6397515055826806e-09,1.6363702806312794e-11,1.792033488341664e-11,0.6978266550521511,8.745308736146481e-12,0.022806901704610277,0.1019259657966542,0.07867535820334344,2.0674908856787306e-10,9.645501441021917e-11
50,2011-07-01,9.048232116417595e-10,0.10132133257587209,2.4567383693352746e-08,2.5961419228104287e-10,2.7124920138966976e-10,0.6950423296305719,1.2596627309736378e-10,0.02333189911462307,0.10148467305792566,0.07881973716214705,1.1002020538027563e-09,1.2296215811808218e-09
50,2011-08-01,1.770673750103373e-10,0.09943847176669278,5.589338724678675e-10,5.945467766021427e-11,6.373092986508843e-11,0.6901006912284461,2.939190908429415e-11,0.02678689829266037,0.09922532951471333,0.08444860740270341,7.347368633420698e-10,1.7146848685267731e-10
50,2011-09-01,2.409745538539441e-10,0.0961366572649278,3.773991026926918e-10,8.73784110979679e-11,9.530184636512854e-11,0.6873702945740187,3.956172705410965e-11,0.019082475391625275,0.10543413827522155,0.0919764314295271,2.0658981054864655e-09,1.5816578307664587e-10
50,2011-10-03,4.580537036394701e-11,0.10611782985317199,5.6247248085654954e-11,1.9961036119925978e-11,2.0315406793182832e-11,0.6493865791685232,8.602841022361152e-12,0.08481040849186561,0.08364932650679723,0.07603585508313614,7.197420565265614e-10,2.583193387264669e-11
50,2011-11-01,7.338401378430548e-10,0.08721614041661702,2.4974771644991733e-10,2.1438453823800174e-10,2.359428653162727e-10,0.47800760950101306,6.249220579125445e-11,0.2084106459116088,0.14355936918902218,0.082806230197343,3.1660937962928145e-09,1.2189475540749783e-10
50,2011-12-01,3.760190797500992e-09,0.10001670876773842,9.474472547489692e-10,9.525833871022277e-10,1.3188514922015967e-09,0.5265774228323139,4.270386236493776e-10,0.12573074399168224,0.16305132258341323,0.0846237257850412,6.802553144111365e-08,6.081679344867389e-10
50,2012-01-03,7.032333048690669e-09,0.09517125137045442,1.850399359485031e-09,1.3520296925527342e-09,1.5011869858799936e-09,0.5592937096025306,4.0959145634287856e-10,0.08338700593861714,0.1878827038523989,0.07426526496742725,5.1101235596487365e-08,1.021795505137153e-09
50,2012-02-01,4.857849954065622e-09,0.10868819139128823,7.696254533729361e-10,6.375016625726377e-10,1.0222001906771804e-09,0.5376307152875348,2.7651792100572686e-10,0.10967779265594255,0.1789569224149031,0.06504443279702157,1.9373733900484186e-06,5.162244835289217e-10
50,2012-03-01,5.799290112808426e-10,0.10281619727941195,6.56749152665793e-11,4.8096369395613544e-11,6.379492167858165e-11,0.47561738952236016,2.7330821586836064e-11,0.18136890477053377,0.18632103985448173,0.053876459740792665,7.996645631612662e-09,5.0947972719354274e-11
50,2012-04-02,4.350899885999627e-09,0.09616845373395286,5.290806938402498e-10,2.5927569433711184e-10,2.3829232111788534e-10,0.43272978403592194,1.726116107885908e-10,0.20405410948608058,0.21572327875006,0.051324365656235015,1.4102391169336763e-09,1.3773502542880483e-09
50,2012-05-01,8.228851852995408e-09,0.09689870803754144,1.1469108690184464e-10,5.010883294500033e-11,4.643973112959851e-11,0.46725346888330394,3.6603512816093426e-11,0.16638103830155138,0.21906527676701792,0.05040149854256997,5.380834106126436e-10,4.532368681716045e-10
50,2012-06-01,2.64308323310569e-07,0.09243970054269501,8.004787480470485e-10,2.5162062286985855e-10,2.424706368791093e-10,0.5469319176154763,3.6678382152560886e-10,0.09319816224743022,0.22956884923091958,0.0304479136800216,9.986746441086127e-10,0.007413189715105346
50,2012-07-02,0.027227046005995018,0.0726076278532627,5.069603475853502e-09,2.0543933726018324e-09,1.8736972194800734e-09,0.5999546065586084,2.6502703503867023e-09,0.03168100213732216,0.22191452882890073,0.03332569761497165,7.2328124246496215e-09,0.013289472120162573
50,2012-08-01,0.02246973030119049,0.06645996392738675,6.960462478753258e-11,3.25943696798028e-11,2.8150297383629215e-11,0.6101947568058146,5.345784968533982e-11,0.026709215302007892,0.22149098839366177,0.0329030832819107,2.531381654312156e-10,0.019772261551082526
50,2012-09-04,6.956419734453194e-08,0.09317599183282904,2.3587598194844404e-10,9.534556982665753e-11,8.120631336016489e-11,0.6048496259217279,1.5698223239087867e-10,0.0076828235046590455,0.26135466930395485,0.031341966340906226,4.696890871521632e-09,0.0015948482654247033
50,2012-10-01,0.02885076889420356,0.07204233241827618,2.4874668594965836e-10,9.036411571576032e-11,7.753746200645048e-11,0.5869247363393089,1.1824842741587936e-10,0.039415793527527554,0.23719600249179085,0.0355703497923589,1.4743331117351756e-08,1.2583063158769047e-09
50,2012-11-01,0.04388262555815424,0.04633439048159414,4.954675255470485e-09,1.2059237513772928e-09,1.0327713127124305e-09,0.5256342388813067,2.105594380452826e-09,0.11267921392116138,0.24149803083455576,0.029971406846773088,1.215481961343637e-08,7.20226704022796e-08
50,2012-12-03,0.0414769741959028,0.04536970547006748,4.245495073124761e-10,1.0738556790006824e-10,8.45050084382431e-11,0.5539521903884033,1.6446072789766804e-10,0.08733542894294685,0.25613532982347764,0.015730347307469562,2.1304034300240395e-08,1.7867972176166504e-09
50,2013-01-02,0.0915310942112318,0.00959427247105728,1.0097314924697556e-10,4.315417724404488e-11,3.2983019949444405e-11,0.577190736744963,6.308900160492668e-11,0.0724488777919919,0.22609189498035592,0.02314312273180524,6.058949293368616e-10,2.225006032485974e-10
50,2013-02-01,0.10472846674306793,0.01169199659333499,3.089090704854285e-09,1.5558599660159536e-09,1.1534612714164603e-09,0.5862016140638683,2.4382853818516905e-09,0.052212105824502045,0.22025511225542474,0.02490999603734635,6.942811848492961e-07,5.964573321366209e-09
50,2013-03-01,0.11636367836406533,4.104542839989105e-08,3.4995159763535353e-10,1.950743445299786e-10,1.37847720332381e-10,0.5828848943164963,3.1072977385168694e-10,0.06294011645763264,0.22103992765468408,0.016771335725740303,4.883593702827424e-09,5.587558106675042e-10
50,2013-04-01,0.12088499897758018,5.020164608749366e-09,7.266811744152197e-10,3.9941199546071935e-10,2.676008273986351e-10,0.6154791138119536,5.916884239042493e-10,0.02360737206745296,0.21974263424767984,0.020285844124625967,2.8898020497176637e-08,8.671398583836396e-10
50,2013-05-01,0.11627661353201324,1.5877719273434125e-08,1.5403239090867088e-09,1.4173270757352728e-09,7.703849619892961e-10,0.6167300414784299,1.749674264173076e-09,0.0339177260994593,0.23111140460618362,0.001964163385140826,2.7592217257280318e-08,1.9511263073800232e-09
50,2013-06-03,0.12835660668750698,4.0075733385170986e-08,1.242706051963174e-09,9.143458236130546e-10,5.079888953106791e-10,0.576218356983798,1.1826243511756612e-09,0.059658384640311694,0.23335328705425412,5.272504220395245e-09,0.0024133143996348506,1.038591718807144e-09
50,2013-07-01,0.1548123601579316,1.826571662276741e-08,8.228235533089203e-11,5.0872899251501856e-11,2.777309911670833e-11,0.6291079464836503,7.248152114558217e-11,1.46535019766971e-08,0.21437563612224925,1.7408046835447796e-10,0.0017040238526385527,5.6821204773898556e-11
50,2013-08-01,0.17063356447010766,0.00202831475369592,2.6428536811898465e-10,1.166848695462002e-10,7.191091669717702e-11,0.637079440432461,2.8233875883977593e-10,1.9720628665839998e-07,0.18625457836129244,1.941065951600863e-09,0.004003901975022273,1.248480990895889e-10
50,2013-09-03,0.13700856192861388,0.023353393954026153,2.5581867634358327e-09,1.4523537752162614e-09,7.479263191910496e-10,0.6284315651841871,1.6394464777598708e-09,2.3996302988780804e-06,0.19325885034713103,1.5093993614206034e-08,0.01794520634558998,1.1182461186478902e-09
50,2013-10-01,0.16508389385735595,0.01190068575215694,4.5745239770914097e-10,2.358398607511949e-10,1.1201903272507988e-10,0.64201586867819,2.6778579225239784e-10,2.5670437792303758e-08,0.17737923815609735,1.1108351692030835e-09,0.0036202855424981475,1.5933148639511864e-10
50,2013-11-01,0.17756576574667327,2.6639770106049053e-08,5.065348757867641e-10,3.1039592255160885e-10,1.7231891689200844e-10,0.6451517496159336,7.14695681766535e-10,2.728284596680385e-07,0.17664976482847936,1.566702930775973e-09,0.0006324168632655834,2.0677030708669745e-10
50,2013-12-02,0.18586226054578844,1.7096939781253478e-08,1.0607050746822837e-10,8.155250381987342e-11,4.504231417110027e-11,0.6512865439846677,1.8788936036845003e-10,3.0150535903893234e-07,0.16285086406481641,2.84026808496526e-10,1.2047502003132898e-08,5.034512208280115e-11
50,2014-01-02,0.18434346653068706,0.00952138557371143,2.776760807156948e-10,2.5076299204149825e-10,1.3445829684518538e-10,0.6554837053306115,4.851882709593071e-10,0.019114671223573642,0.13153676232498826,5.757639672377579e-10,7.144370345190287e-09,1.482080647291325e-10
50,2014-02-03,0.16403831704930139,0.01841112937195975,6.917752815562013e-10,4.182706207204901e-10,1.9322425598889562e-10,0.6676363292256514,7.558721805785387e-10,0.01507001754134712,0.13484420108776093,9.764593674564077e-10,2.4375251254034297e-09,2.508526751276217e-10
50,2014-03-03,0.1767770917311441,0.018190853032034313,4.4232203419968454e-11,3.650382139630212e-11,1.855598014759874e-11,0.6806634083134183,7.868843492718296e-11,0.007600235692523978,0.11676841075804843,7.743304695326231e-11,1.9315077251194754e-10,2.426676702246259e-11
50,2014-04-01,0.1924271547241208,2.2252285914715907e-08,6.293463380296296e-11,7.263173508729367e-11,3.779471105280252e-11,0.6601410555044037,1.780681895264124e-10,0.03315374179772794,0.11427802473978976,1.381025707431164e-10,4.4660685046479175e-10,4.553322645813478e-11
50,2014-05-01,0.1902079858827789,8.21724788145297e-09,9.057245024210092e-11,1.0840648509414114e-10,6.264636867405198e-11,0.6694516753864612,3.188411323288597e-10,0.021893288948708255,0.11844704023665953,1.5968363705733043e-10,5.112991216684048e-10,7.669504509162636e-11
50,2014-06-02,0.20030109100381274,2.7545137647669684e-06,2.6572726017917835e-10,3.1274601906701387e-10,1.7646275199450418e-10,0.6662405267059174,9.874785204000357e-10,0.02378575227001866,0.10966987157574509,4.175494081047113e-10,1.5585884646699878e-09,2.1218872364082317e-10
50,2014-07-01,0.19015821146216477,0.011140965134180086,6.221292521811074e-11,6.21895093816859e-11,3.662664149511896e-11,0.6648794170468777,2.3827827941178625e-10,0.028767428612075603,0.10505397681546669,1.1156470897757217e-10,3.734303512549227e-10,4.4932685493373065e-11
50,2014-08-01,0.20013909603688618,0.02005838799035808,1.5646830936915544e-09,1.6612423167082037e-09,9.31875998790099e-10,0.6675416761130768,6.321421010010528e-09,0.040619980648851126,0.07164084149126096,1.7671965413796402e-09,4.281070717893355e-09,1.192077223542048e-09
50,2014-09-02,0.18778709153265624,0.043422059577679216,9.794507271027434e-11,6.279218953073756e-11,3.1333593194972955e-11,0.5474242129797817,9.765998467466977e-10,0.1302268455667211,0.09113978901478625,3.395270727262233e-11,6.948957842384941e-11,5.6262629218925964e-11
50,2014-10-01,0.22519834910834974,0.013652797619846951,2.8005715284896517e-09,2.1859044711089422e-09,1.194162687794904e-09,0.5777645282649857,7.814249232983406e-09,0.04633777567473333,0.13704652895010336,1.344974824893468e-09,3.1486947774095437e-09,1.8934234865232663e-09
50,2014-11-03,0.22141117246608824,0.020771338326353313,2.398118943234814e-10,1.398446339245455e-10,7.964097095874993e-11,0.6193857751063356,4.250180251064296e-10,2.1348186028717927e-07,0.1384314992963353,8.19046635485413e-11,1.826524750473958e-10,1.7415460999910675e-10
50,2014-12-01,0.17859647095544628,0.060955469132586024,3.6035691652723737e-09,1.2998674937241524e-09,6.924534941437822e-10,0.4459008368972566,6.9369373906144475e-09,0.18169536798465377,0.13285183788542265,6.651527215325586e-10,1.0918187751970184e-09,2.8548357685259542e-09
50,2015-01-02,0.23262142594539362,0.045419111555166994,2.056445990343091e-10,7.983522664704308e-11,4.315023692010885e-11,0.473858672581771,2.1578361085083512e-10,0.1900003559183167,0.058100433214776814,5.3356597375293114e-11,6.762932124754572e-11,1.1917522969549408e-10
50,2015-02-02,0.22754887342640542,0.024379308396704956,3.824046001284374e-10,1.62843029713826e-10,8.746649883975889e-11,0.5304161900464075,8.391185460761775e-10,0.12384722457827194,0.09380840151781447,1.0357260742229263e-10,1.1872698511450656e-10,3.402634635244329e-10
50,2015-03-02,0.237509998440883,0.018271811913017102,2.3835125758971185e-10,7.392794844485304e-11,4.027560587222979e-11,0.5938273947794397,3.4301703415665157e-10,0.026077252110886916,0.12431354184235975,4.579710368978995e-11,5.360313594526746e-11,1.184414732977269e-10
50,2015-04-01,0.20743135481146732,0.010799114159531626,8.368021585209278e-10,8.203902447033915e-11,3.998869444789001e-11,0.5758728874494529,2.8354813691375957e-10,0.03241838476226359,0.1734782573875743,4.4422813854265985e-11,4.760770109403177e-11,9.530171412925676e-11
50,2015-05-01,0.1990130548977179,0.024057123626464134,7.084239659178149e-09,1.756028959815834e-09,6.944565198261952e-10,0.5513271007013022,3.2986637726038466e-09,0.0479319521258789,0.17767075308281677,7.890801734421736e-10,8.933419510077794e-10,1.050009194768019e-09
50,2015-06-01,0.15479336526351245,0.0543542090111441,1.468497895479215e-08,4.549101933164402e-09,1.3052595305610393e-09,0.49500840512675853,2.8583576977834e-09,0.045612760129307615,0.25023123179024775,1.5841111696096833e-09,1.7625515687186321e-09,1.934668770119129e-09
50,2015-07-01,0.19151513500330405,0.04577518930383563,3.1956934526867435e-08,3.3633619155257934e-09,1.164087739199134e-09,0.5392479548712904,1.8000301659342352e-09,0.011349110409034137,0.2121125667333343,1.5374108700848246e-09,2.464428958263979e-09,1.3929473273259974e-09
50,2015-08-03,0.19823957537814352,0.06249918303946895,5.471517427803885e-09,4.355969593716191e-10,9.92218195117017e-11,0.5621640110638481,1.7967854512584382e-10,1.3698885015689307e-08,0.17709721024161476,1.2692614806529052e-10,1.3206429046848358e-10,1.3303446440990196e-10
50,2015-09-01,0.15863276791866932,0.03604033740129952,5.9311871752681706e-08,2.3266455152363644e-09,5.830419058951904e-10,0.5576933440713978,6.001389639927866e-10,3.7926948765639264e-08,0.2476334477275562,6.74563678954331e-10,6.752072819757037e-10,7.826592304893042e-10
50,2015-10-01,0.1399156372856998,0.05055663559809555,4.07621590703629e-09,5.709447894964289e-10,1.4150648617919628e-10,0.5916658666645574,1.1414470219628097e-10,1.082209689130822e-08,0.21786184419032018,1.4197938629825445e-10,1.5891340085818833e-10,2.3552530911765436e-10
50,2015-11-02,0.09856875440137779,0.10678831935683597,4.5196900999424556e-08,7.99932235409506e-09,1.7988001836166584e-09,0.5934706505879291,2.043138455687306e-09,1.21599085092517e-07,0.20117208888510033,2.2736897169525866e-09,2.2826770162500447e-09,3.575142848115152e-09
50,2015-12-01,0.11909152764516677,0.10657132270013805,4.158963704095876e-09,3.635711078538425e-10,1.0909260934243844e-10,0.6101916816966542,1.1699231567081786e-10,1.986063484071291e-08,0.16414544292370095,1.1482524360613877e-10,1.2269090723237582e-10,1.8756942527038048e-10
50,2016-01-04,0.09636005541207106,0.12795522511147822,3.8655199510799744e-10,8.354975130610703e-11,2.351599988319861e-11,0.6414607949956732,2.44893852626072e-11,2.267275984031834e-09,0.13422392159448238,2.924944490099678e-11,3.100279289280282e-11,4.065982722018382e-11
50,2016-02-01,0.07037773708035522,0.1247040792910616,1.496606430255108e-08,5.316012472626727e-09,1.4677261302948477e-09,0.6689287628163685,1.1488575766536746e-09,9.368747257612087e-08,0.1359892975414885,2.3439992223869947e-09,1.7800190623500352e-09,2.5605749895369034e-09
50,2016-03-01,0.07544362935173295,0.1115412621748733,1.609707092400577e-08,5.125491421495373e-09,1.5235702028559958e-09,0.669305475814105,1.0721074866776834e-09,8.343428254475581e-08,0.14370951359553638,7.357281622646937e-09,2.084143258437894e-09,2.3698049293173155e-09
50,2016-04-01,0.07637469838294625,0.11365251188678034,1.6536939884244136e-09,8.248135789959238e-10,2.802414549256515e-10,0.6678474940743336,2.375549232183936e-10,1.3294082584422784e-07,0.14212515810617765,8.092896583563512e-10,3.726848530957143e-10,4.306576852938559e-10
50,2016-05-02,0.11422705504320949,0.07268500133655519,7.959455317665223e-09,2.368688651529254e-09,9.51358088146035e-10,0.6510297490622143,3.262796492951518e-10,4.942624456649623e-07,0.16205767649590402,9.219156168846557e-09,1.8339530688282239e-09,1.1407802857067295e-09
50,2016-06-01,0.06816615095875767,0.09329136280356919,1.407370585762117e-10,6.549005640924231e-11,1.9263521325818178e-11,0.645504811708063,1.4604427059790052e-11,1.9273196771673335e-08,0.19303765481189544,1.3909197304272492e-10,3.535822542453912e-11,2.9972706930994015e-11
50,2016-07-01,0.0824430398663674,0.07551655672770018,2.940340049458777e-09,1.2431692317529192e-09,4.748207873332794e-10,0.5758658946243048,3.9307118624912164e-10,0.0896843732354218,0.17649011051370106,1.8164107713551504e-08,7.762444812438683e-10,1.0407511613951408e-09
50,2016-08-01,0.048992021045008494,0.09862176306635292,2.430831453754333e-09,1.272218923619758e-09,5.603847110929364e-10,0.5935296883466595,5.835575119782449e-10,0.07344744185836813,0.1854090734941507,5.44053996085249e-09,4.763643362848848e-10,1.425563225499807e-09
50,2016-09-01,0.052379115152177615,0.08925404398865694,3.630728007847086e-09,1.3116536611170537e-09,6.704622818116648e-10,0.5851881326682831,1.0483214367589866e-09,0.06800632474158458,0.20517237251932757,1.6142372496291947e-09,4.3368282554794167e-10,2.2208848259859027e-09
50,2016-10-03,0.0188889934846466,0.09481339008044899,4.139237461170916e-09,1.87817557699898e-09,1.0357760332836674e-09,0.5560403312749275,1.2421376859070742e-09,0.09313934492745428,0.2371179205167425,7.3131600391333924e-09,8.860496204359961e-10,3.2212438256216683e-09
50,2016-11-01,0.018632629185543263,0.09344801372976731,1.2366124802995512e-10,6.274704032732948e-11,3.5472945508446566e-11,0.593369395440493,2.616182649295282e-11,0.049811607244957486,0.24473835387075754,1.741894045920713e-10,3.048709313041126e-11,7.57619412149911e-11
50,2016-12-01,0.12390287701305823,0.016603800914008426,4.0051315142673476e-09,5.424969500176576e-10,2.981414368499077e-10,0.6158827401453695,2.8593653625315347e-10,0.02512695256780325,0.21848362180867958,1.3503207550631775e-09,3.5212637463512224e-10,7.169275315862969e-10
50,2017-01-03,0.14175765165077994,0.0027644823554518177,4.6211436700794033e-10,3.7525578481904864e-11,2.1088708610455262e-11,0.6404395209947205,1.842310178141283e-11,7.165463521716708e-09,0.21503833713984494,7.779645640413379e-11,2.657954354078772e-11,5.0211576172428046e-11
50,2017-02-01,0.14170521868261468,0.012315979423702952,6.749690642235583e-10,1.0620099778702975e-10,6.060118199609228e-11,0.6322167447111342,3.833636559716205e-11,2.1082672716119127e-08,0.21376203456168927,4.822743789556085e-10,7.154830185201415e-11,1.0425577428330148e-10
50,2017-03-01,0.145862739652071,0.01236694799955256,6.015512174908052e-10,8.858413258334336e-11,5.639206842658164e-11,0.6347208249247512,3.791470604079059e-11,2.1005877154365905e-08,0.20704946519021772,2.898578788818129e-10,6.132921598241061e-11,9.190115611807151e-11
50,2017-04-03,0.08558890975991247,0.06320354020182238,5.1404687895536094e-09,5.928874874091199e-10,2.8073432406503264e-10,0.6444287421822117,6.374432977351006e-11,3.989434114138676e-08,0.20677875867679218,2.4291880810753117e-09,3.239956950302628e-10,4.539013229762124e-10
50,2017-05-01,0.04639769358942272,0.1016368460964527,6.52798921604581e-09,5.467683530314708e-11,2.7126439388413918e-11,0.6404460332680305,5.911037172506238e-12,2.1708756541812165e-09,0.21151941787208983,3.1726257055619745e-10,2.9583269207737625e-11,4.057946535545296e-11
50,2017-06-01,0.04036315731115445,0.1042730137150947,4.737464123058119e-08,2.24335138570339e-09,9.862207084775352e-10,0.6371571531417479,2.346376129299312e-10,1.40385906165455e-07,0.21820646303156707,1.9152067495888623e-08,1.0899276198371423e-09,1.3336837241147588e-09
50,2017-07-03,0.09635829281374458,0.047963247094310955,2.083355800813319e-09,1.3778147841614991e-10,5.952475397717108e-11,0.639799011175472,2.3094846517250384e-11,4.948984245143002e-08,0.21587939677008636,2.120656128104438e-10,5.6530270041938934e-11,8.41910351017703e-11
50,2017-08-01,0.10780958221752045,0.035586210592484964,1.1740495799368786e-07,4.980305162771977e-10,2.1263025979569537e-10,0.6252815558667123,1.038678041908782e-10,6.348246725694378e-08,0.23132246784406682,1.2557129009340973e-09,2.2929903220231138e-10,2.922496780913066e-10
50,2017-09-01,0.09671294392624541,0.04205901908935719,6.732647043810204e-08,2.943259488253293e-09,1.0862791367049471e-09,0.6318308490284698,4.5518410036520137e-10,1.2466814650968515e-07,0.22939697771318066,1.1143118059838282e-08,1.2579186139282497e-09,1.362370547985674e-09
50,2017-10-02,0.10976538878561982,0.014142730408023479,0.024995873441265994,2.1694230574919646e-10,8.626172488616192e-11,0.6249177348103112,4.02693426244431e-11,4.4115698291539674e-07,0.22617782969840636,1.1471739913059683e-09,1.0506862609693118e-10,1.0367426153544155e-10
50,2017-11-01,0.13060499118812782,0.01928320884549073,4.940663805985388e-06,2.333256989070595e-09,8.384808043317108e-10,0.5980414403898596,4.185711812701478e-10,0.018954085237464113,0.23311128656895955,4.137193789967481e-08,1.3071697084893454e-09,8.368754843863081e-10
50,2017-12-01,0.13918977216709,3.0767422954082994e-07,0.009526327169462636,5.4607085705080265e-09,2.0777912512188904e-09,0.5772417147050688,1.1447308874481373e-09,0.03481160923038155,0.23718848380570898,0.00204177003248482,4.414039185106149e-09,2.1183038595340763e-09
50,2018-01-02,0.13630990431735485,0.006711961993513515,5.4917397456618e-08,5.846102679404035e-09,2.152664676006634e-09,0.5152373146552207,1.0690690693049707e-09,0.09124631427906607,0.24863569725451803,0.0018587326302572228,9.024478674966344e-09,1.8603569133736142e-09
50,2018-02-01,0.15665509094027646,0.016500500846186553,6.43284530328629e-10,1.8834043033323092e-10,8.356896460936957e-11,0.49972912546941195,2.570839753759489e-11,0.09433715640964668,0.22629470674515628,0.006483416936043604,1.6563555526385526e-09,5.602054114983485e-11
50,2018-03-01,0.10286720236262085,0.030237885286798986,1.1806762927143635e-09,1.9682237488912614e-10,7.288123696183563e-11,0.5971775052677503,3.1307311597237926e-11,2.3989474837859878e-08,0.26126290377529887,0.008454477170277377,6.163316538902029e-10,4.975992190532675e-11
50,2018-04-02,0.11743101076505176,0.013666048007487682,2.0755359477489428e-08,3.8025371479984784e-09,1.368241632907787e-09,0.5961072606246708,6.697746599705441e-10,2.253714751187205e-07,0.2593816064793612,0.013413249773451038,5.71404719900953e-07,9.77869544173315e-10
50,2018-05-01,0.11568647627270504,0.0008855334891118397,0.007831371256887985,1.2411857929482615e-09,3.6997477373542814e-10,0.5945936525244289,2.5283894178804577e-10,1.0167874011930291e-07,0.2653518619240681,0.015650989871498953,1.0769724796788119e-08,3.4883466588269965e-10
50,2018-06-01,0.09253921830778702,0.018058821494419442,0.019534527476032924,6.2063416320996e-09,1.8049436654667334e-09,0.6234878406963396,9.807777881056756e-10,0.0035485013194199687,0.2314350892894826,3.817577337837516e-07,0.011395609004212102,1.66250956805414e-09
50,2018-07-02,0.0983229556390084,0.023931150395168833,0.004379810672193929,2.1585258161069255e-10,6.840736521586352e-11,0.630352837308393,5.151238907711273e-11,1.813577895118256e-08,0.2421188990789902,9.456154378839848e-10,0.0008943274107833509,7.829559739800906e-11
50,2018-08-01,0.11459760312072133,0.0008226431263238319,0.0007986199496266474,2.669661251488732e-09,1.2134223664409391e-09,0.5333868810855946,8.615828490322764e-10,0.09174450065864169,0.25010047534573776,1.8143312611981116e-07,0.008549089309302432,1.2262593565106622e-09
50,2018-09-04,0.17691009005474345,0.0048996455980322914,0.0009558091716890872,2.216873422971134e-09,1.1454299848361308e-09,0.6157432746211019,8.385263535851062e-10,0.006408543833892249,0.18601526799208665,1.1124671643305603e-08,0.009067352037409196,1.3655439841535052e-09
50,2018-10-01,0.16347197292967272,0.0019921589885234666,2.708950663668656e-09,8.931776574758272e-11,4.512866714045911e-11,0.5342381505619636,3.790543064914527e-11,0.05712792737038244,0.23193633073263054,1.6890249082508674e-09,0.011233454799100028,4.739974809839783e-11
50,2018-11-01,0.11684315833473707,1.0640932284632201e-09,4.216656190162067e-09,1.8328587819148557e-10,8.792632343116876e-11,0.5924445341287773,5.943606585039142e-11,2.4361303991327236e-08,0.2805064925586932,4.488116487060822e-09,0.010205780417764827,9.920938498205028e-11
50,2018-12-03,0.10861813084215093,8.085040950070749e-09,2.5022504989199817e-08,3.378675054878756e-09,1.75362533510226e-09,0.5742530080642391,9.334269554057651e-10,3.8741197323703067e-08,0.3010459128617092,0.014633054450029631,0.001449813750905801,2.116494897861367e-09
50,2019-01-02,0.05181346487440291,2.503168858727369e-10,7.849779917419317e-10,7.93287115673874e-11,4.2043344934191116e-11,0.5574766401160024,2.6301049223967875e-11,2.3001129734686343e-09,0.37447622006529446,0.01623366515994281,6.271375163357568e-09,2.990122839552545e-11
50,2019-02-01,0.04868653494641621,3.185037817892669e-08,0.007198588311852957,5.555483988449706e-09,3.0334668081165833e-09,0.4129926937954035,1.7893595413166312e-09,0.1274206506330044,0.383389023427201,0.012834431132758718,0.007478032789981319,2.7346934378115765e-09
50,2019-03-01,0.04074178467582817,7.084655003311922e-09,0.015000446994655837,1.040465741317027e-09,4.244407525579732e-10,0.38280251680405797,2.3357670535966794e-10,0.15426961068468353,0.38807094551706006,4.6348868251920496e-09,0.019114681425635962,4.800533806473455e-10
50,2019-04-01,0.05017868804788722,8.625281723392867e-10,1.1091537107650511e-07,1.1927938243128005e-10,4.6742887709780204e-11,0.4963929164394399,4.2374607204884755e-11,7.332840963311029e-09,0.4452425085497326,3.09993524825133e-10,0.008185767277981312,5.582841198666362e-11
50,2019-05-01,0.08301414657765181,4.548911718908869e-08,2.648435138302449e-08,1.0483315062262324e-09,4.124270755784688e-10,0.5189293954568961,3.9950184864866656e-10,1.9653635565701133e-08,0.39805613494816416,1.4011229424771424e-09,2.2768330516550546e-07,4.454951876162913e-10
50,2019-06-03,0.06493741272675527,1.1068923440490862e-08,1.9922527479112074e-08,2.3639875772145005e-09,8.71967290925984e-10,0.5400613378615597,7.039927681463926e-10,7.536468790195373e-08,0.39500111824065554,5.920989958239165e-09,1.4119702395627369e-08,8.342506203829202e-10
50,2019-07-01,0.0729276953915878,1.8611160551376792e-09,1.4851299218021135e-09,3.2312136481574365e-10,6.663504059442934e-11,0.5091150314704225,5.4986344161585867e-11,5.943151590546654e-08,0.4179572091071464,3.08162019940949e-10,4.4354711956148703e-10,5.662958525884332e-11
50,2019-08-01,0.06444464396384283,3.042821187937568e-10,2.9918988942867783e-10,1.0036610444377282e-10,3.062929203960862e-11,0.5024507220149561,2.5242448188693184e-11,3.5702935411236865e-09,0.4321695200501189,1.266521966532694e-10,0.0009351094867362321,2.769028450141143e-11
50,2019-09-03,0.0830575585101005,8.985377295761517e-10,6.71918888363039e-10,3.6965806659823253e-10,1.1736082423841835e-10,0.5666711512447239,1.0724327192389213e-10,2.054687221838377e-08,0.34959125523292256,7.698546575687577e-10,0.0006800114015347165,1.2927280311329126e-10
50,2019-10-01,0.09220415795320624,7.291469925155429e-09,1.261235795292238e-08,7.174082027083733e-09,1.7557490086529113e-09,0.5430119832184869,1.44307258139518e-09,4.072159030156848e-07,0.36478336082776774,9.224062967020154e-09,4.90758789832861e-08,2.2079626602695825e-09
50,2019-11-01,0.10430012095392284,3.6432332125628753e-10,5.158153084739447e-09,4.5502500440308994e-10,8.894574685063669e-11,0.551088484052847,7.859101267429004e-11,2.137347279324189e-08,0.34461136329861214,1.3770722779196562e-09,2.663801825199568e-09,1.352328820977021e-10
50,2019-12-02,0.07021394140629066,0.009049624018899301,2.0890498246078257e-09,6.560919533587921e-09,1.0922893206395935e-09,0.5339217915273592,1.338939142122644e-09,0.0029287405358747126,0.38388585553565363,3.2119447666540395e-08,2.623214095042748e-09,1.152063009740487e-09
50,2020-01-02,0.07082649581359088,0.004735961736305619,2.812230055063183e-10,9.1835445882417e-10,2.4484906336133185e-10,0.49610935116574906,1.8504011569127916e-10,6.145278672211488e-06,0.40599525392613256,0.022326789840093297,4.524458759271608e-10,1.5754394641204836e-10
50,2020-02-03,0.10206366819759011,2.844110732284492e-06,1.0816772545175535e-09,1.824496772924489e-09,5.618877167656258e-10,0.5557710812693094,5.762657050359016e-10,0.025538287342309896,0.3103283091741377,0.006295804410570254,8.661423864756339e-10,5.848805806446886e-10
50,2020-03-02,0.008777633642181454,0.04633987655377998,4.2782259162268304e-10,7.613644242688336e-10,2.1367498650107344e-10,0.5992361153825229,1.2908550611998138e-10,3.4087716910069896e-08,0.34564633027667524,8.122119926553818e-09,2.6943406500885536e-10,1.336221627110051e-10
50,2020-04-01,1.2111436578133973e-09,0.10606471342869025,1.3519372414572204e-10,2.0502307577293985e-10,1.2592797065791938e-10,0.7943354069860609,3.322249292236655e-11,9.134227763931341e-11,0.09959987497682585,9.90596348246439e-10,1.7469002650721102e-09,6.90731655307272e-11
100,2010-04-12,1.3890820776624696e-09,0.09575283608944551,0.0032200837511074517,1.9861091485249384e-10,3.637719262976014e-10,0.7318017889315757,1.8064884535696932e-10,0.004797198147148926,0.08401136063191005,0.05474411807666262,0.02567261094882843,1.2912075496334287e-09
100,2010-05-03,3.9672137277715215e-10,0.09273153946495999,0.005560559163873436,5.446393126947869e-11,1.0082466269152605e-10,0.7307419531374466,5.007612503286873e-11,0.006268364773556813,0.08389704901951746,0.055198289987499795,0.02560224344845661,4.026032040877049e-10
100,2010-06-01,1.0428340644354404e-10,0.09074197648433142,0.0069325667527372495,1.4473037554768425e-11,3.078799748724533e-11,0.730005946620138,1.2643433092435379e-11,0.010633715154426241,0.08131205913550317,0.05687908201346735,0.02349465352670148,1.5050718225084694e-10
100,2010-07-01,6.431578170121113e-09,0.08589522548640154,0.011244060779885793,8.130780495345605e-10,1.80375036014776e-09,0.7276024598466665,6.446083180976251e-10,0.013361530032012282,0.08226658392005497,0.05825003580905603,0.02138007879932176,1.5633586392527108e-08
100,2010-08-02,5.491795726852062e-09,0.0801765099179417,0.01592322321164731,7.87346448730245e-10,1.5897740866142778e-09,0.7278315363540551,5.46271858577006e-10,0.012597060920364183,0.08697715993822228,0.05595475090863842,0.02053973934516005,1.0988782733406531e-08
100,2010-09-01,4.126360616069375e-09,0.08259691908361197,0.014381829448095547,5.559991802212833e-10,1.0766792089119825e-09,0.7251133902645852,4.014385847710434e-10,0.015360320524606206,0.08346546316651919,0.05697171343603654,0.02211034935172911,8.564338614870451e-09
100,2010-10-01,1.0544319711162957e-10,0.08204494930699181,0.01605981036220652,1.5245525724218777e-11,2.6057791381375547e-11,0.7299473989834748,1.076541373961008e-11,0.008899217424899464,0.08668748404852646,0.053206586989335364,0.02315455260792264,1.1913098564888245e-10
100,2010-11-01,3.8655568206118565e-10,0.0864359925346013,0.012061371492559505,5.395878600133781e-11,8.11947807998916e-11,0.7318248758281479,3.845545530493072e-11,0.005832118053020061,0.09038514658438107,0.05212523297959136,0.021335261534879784,4.326542285094942e-10
100,2010-12-01,3.877952006983058e-10,0.09066063185772869,0.0075378273018123325,6.001632837995461e-11,7.943004262972853e-11,0.7289359668386322,4.764677282509008e-11,0.005710055099459336,0.09472220718204086,0.05249094637748242,0.019942364356585338,4.1137050225511185e-10
100,2011-01-03,2.873827028896461e-10,0.08955205016037364,0.006403451425493245,4.5012594793549516e-11,5.155296977018832e-11,0.7231442317770123,3.3785327435465005e-11,0.006732560514219336,0.1004324140350112,0.051416858096356724,0.022318433320288027,2.5351212118649647e-10
100,2011-02-01,3.4124953278697953e-10,0.09807788131641176,9.573684404650094e-08,6.430804986866429e-11,6.624117625387373e-11,0.7269380745557117,5.1630878043620274e-11,0.0027485233113124638,0.09909815628401684,0.04493258054521921,0.02820468743906142,2.8799287826939983e-10
100,2011-03-01,1.5754859250589092e-10,0.10194228758927493,2.3368178396170444e-09,3.64987864395906e-11,3.3560218916513664e-11,0.7234489509666838,3.3158615087039544e-11,0.008041585744842213,0.09677985754296543,0.04776514593161701,0.022022169517898205,1.0913428869145577e-10
100,2011-04-01,1.0916727206096968e-10,0.09959247806036647,1.7305987727383753e-09,2.2812907949281464e-11,2.2135739807369717e-11,0.7222378530258082,2.095511089211249e-11,0.009883486125156722,0.09740442964396447,0.049867135205326554,0.0210146159693952,6.43124615810467e-11
100,2011-05-02,1.352671379451405e-10,0.09730872147711703,3.590719894033342e-09,2.6906747532188794e-11,2.5144234205065103e-11,0.7193115891164489,2.3784525741934344e-11,0.011073683002208234,0.09637178210337859,0.05645455383193401,0.01947966659013463,7.695614828619933e-11
100,2011-06-01,7.182185212271164e-11,0.09620122777088388,1.2196943873216993e-09,1.2969135863815306e-11,1.2237680836796236e-11,0.7166061533867017,1.109098517955009e-11,0.0162956634455113,0.09752269799672293,0.05960327433819813,0.013770981686593239,4.7574825114816156e-11
100,2011-07-01,5.9431918215265e-11,0.09795215719531392,8.449249878503944e-10,1.2001294559469751e-11,1.0649996675844466e-11,0.7122050651404745,9.448963720420432e-12,0.017419789876210887,0.09863303935283337,0.06386165340415623,0.00992829405796702,3.6586770664861936e-11
100,2011-08-01,1.3430803022153954e-09,0.09418334506163382,4.700374758175907e-09,3.109721299252638e-10,2.800371209090383e-10,0.7109136681676266,2.509347667171179e-10,0.01863936049681559,0.09644964291461029,0.06441849246332078,0.015395483294198207,7.163957022968175e-10
100,2011-09-01,3.5509702008136565e-09,0.09119640094885562,6.144705287172746e-09,8.801261286884163e-10,8.016979537847454e-10,0.7128413091765733,6.107852648461561e-10,0.011182178740588106,0.10080683177775406,0.06398251895699049,0.01999074705955412,1.3513996635460106e-09
100,2011-10-03,2.9256573460754103e-10,0.09643623425462254,4.362530914904117e-10,9.341886065206188e-11,7.855768603333188e-11,0.6921434189951087,1.1458357824503038e-10,0.0457107637381812,0.09332540382943876,0.05409115509676489,0.018293022956397238,1.1410769305837556e-10
100,2011-11-01,1.6265073901835296e-09,0.08246528633388493,2.816040337833055e-10,2.7773031398513763e-10,2.3227728329949642e-10,0.5374144930817119,5.002552316906372e-11,0.16615564289307044,0.14548920814510558,0.05547720124928895,0.012998165725157673,1.0363611968046536e-10
100,2011-12-01,2.001084878424816e-09,0.08982072086920152,2.0990674961686075e-10,2.427243802399787e-10,2.2567653234332734e-10,0.5828848467737744,3.771874872424295e-11,0.09550856007445903,0.15706464592067834,0.055133114287694414,0.01958810926586738,9.121372698583718e-11
100,2012-01-03,1.1854358304926024e-08,0.08162797561384962,1.0853750644457074e-09,9.650050002116702e-10,7.89627259702254e-10,0.5846260572871482,1.990568366481848e-10,0.0825393925218447,0.18441424711839358,0.05318869520182993,0.013603616950190165,4.1332139838089653e-10
100,2012-02-01,2.2910542187819007e-08,0.08281815810806828,1.1089365183645176e-09,9.844339377342938e-10,1.0112084981264492e-09,0.5616714966513506,2.0524743540856559e-10,0.11020610711360429,0.18430694509334294,0.03930405333635624,0.021693213045237077,4.3167206301981886e-10
100,2012-03-01,1.7481666441304516e-09,0.08111426329053607,3.009063354251014e-11,2.430820103877475e-11,2.2807100826448806e-11,0.5259382739892655,5.9288959178534996e-12,0.15002983882201745,0.19130218837675,0.03468854687545919,0.016926886802009468,1.2660666642356974e-11
100,2012-04-02,0.007761285829067718,0.07724033778029586,3.2181523919939895e-10,1.9358571977602884e-10,1.504948575084691e-10,0.5123996513314218,5.2512570145898063e-11,0.13457336407428677,0.23025019684736586,0.037775150596068195,1.2573986303398488e-08,2.490990358178692e-10
100,2012-05-01,0.038122781758551584,0.05164413170565101,1.0439497917795325e-10,5.1624938825269534e-11,4.41806368805723e-11,0.5262184331154387,1.6101243977839297e-11,0.11704585652994594,0.23384095257175308,0.032804209477092755,0.0003236345256702582,9.959472347692602e-11
100,2012-06-01,0.06552831364579784,0.030887516552596913,3.635366668554888e-11,1.8217313507684866e-11,1.7014021512765603e-11,0.5715180876703158,1.3451062699717006e-11,0.07414199258383229,0.2373262531012813,0.02059783493340326,1.3482259535302073e-09,7.95104695806662e-11
100,2012-07-02,0.0946271695744779,0.014589961111132518,9.512012798912946e-11,5.862620461279866e-11,4.927893021689385e-11,0.6096759016337076,4.226414954373352e-11,0.03413498943634306,0.22647678485454567,0.020495191696401526,1.2610103458422137e-09,1.8709211624495494e-10
100,2012-08-01,0.09297009224882852,0.010095932125498863,4.745468588314767e-11,3.171796579681894e-11,2.5277398569579457e-11,0.6115180540355825,2.477412291752127e-11,0.03348493630141754,0.23293651521146788,0.01899435288989417,1.1692552377490601e-07,1.3256251172050274e-10
100,2012-09-04,0.05779693456231313,0.029936222565097613,7.307198596803652e-11,4.3189169214292247e-11,3.436643828716368e-11,0.6114729706388742,2.7194807359870623e-11,0.022016294627727084,0.25610722070421255,0.012953784484377399,0.009716572124246103,1.1532944167195913e-10
100,2012-10-01,0.06952333446719026,0.018148043192240393,2.4754519498939364e-09,1.4929119590366692e-09,1.1937537107438255e-09,0.6015299861863898,1.2103973624520726e-09,0.03637852100093816,0.24910322169473076,0.014058729916728413,0.01125815452647117,2.642795999514111e-09
100,2012-11-01,0.08411291674271801,3.208974976455864e-05,7.93298761597485e-10,4.520805736749159e-10,3.61108445442266e-10,0.5541068849525383,3.9511286343559165e-10,0.09064289328343333,0.2518451690031004,0.015112191864476227,0.00414785166469879,7.376696712268103e-10
100,2012-12-03,0.07998174625448196,7.567432333753677e-08,6.798047068371944e-11,4.004654670011197e-11,3.12300150190805e-11,0.5718262664948784,3.499136184899464e-11,0.07649585501558785,0.25353963887831005,0.003876474029736709,0.014279943420479101,5.7954147342977575e-11
100,2013-01-02,0.08980667082286324,6.062485873329853e-08,3.9672097726657934e-09,2.727786024545449e-09,1.9506159649750367e-09,0.5824369878370594,1.8849569042624343e-09,0.07210894573045341,0.23624851200198027,0.009445203455164758,0.009953605517791729,3.4792597591124662e-09
100,2013-02-01,0.09598414736037415,8.265365765843494e-10,4.8460470521223144e-11,3.4867275676328035e-11,2.4427795821197228e-11,0.5890241076092013,2.2872808372355285e-11,0.059390883171526083,0.23215310609603892,0.00793251416354927,0.015515240598773595,4.337184121289587e-11
100,2013-03-01,0.09610807462558307,4.4215602403289613e-10,6.28317987048336e-11,5.0370902107155284e-11,3.325924570074735e-11,0.5815866134786221,2.970518757638765e-11,0.06868422512471516,0.23479638375768142,0.00580012097923502,0.0130245813558528,5.998726101146394e-11
100,2013-04-01,0.09839489496822089,2.2590188357357887e-10,5.470914987527781e-11,4.2013237138372104e-11,2.6749147026931036e-11,0.6002903361344436,2.3874956819051442e-11,0.045937344225898465,0.23251220199206432,0.007536061306638388,0.015329160952367476,4.71183310221218e-11
100,2013-05-01,0.09376808604878588,8.926544538778877e-09,1.7819727949140979e-09,1.853542723801474e-09,1.0314901363050946e-09,0.5983450062641926,9.333953983714024e-10,0.05164587760077939,0.24368072963842843,3.9502033376503517e-07,0.012559889265019242,1.6355149692860303e-09
100,2013-06-03,0.09728229089434876,2.3371917665210095e-08,2.2075173466434407e-09,1.8595985423682003e-09,1.0455728561215973e-09,0.5714064292602162,8.662447651599732e-10,0.06125794159970074,0.2525022697586592,8.540959300645296e-09,0.01755102891937589,1.6758888847093045e-09
100,2013-07-01,0.11129856536745188,2.1239730725401173e-09,1.2328936205884196e-10,9.387282537620257e-11,4.965842978144078e-11,0.6221169080735695,4.3602846129634936e-11,0.0016960538480422765,0.24598159389807153,3.3288321793993384e-10,0.018906875966579927,7.900528659646912e-11
100,2013-08-01,0.12603989193093715,2.355367193149796e-09,8.752922048869652e-11,6.054234432050906e-11,3.057229554091586e-11,0.624519770017668,2.3239939155225637e-11,0.0071985191253123625,0.21987165674826728,3.3241528704606993e-10,0.022370159240207854,4.794108195300924e-11
100,2013-09-03,0.12038946647154355,3.619738050891566e-08,3.9001728397900044e-10,3.009405404188995e-10,1.4204269578633693e-10,0.6268509890967588,1.120441488326041e-10,8.774551674719681e-05,0.22192547452873032,1.2420660291911366e-09,0.03074628581059613,1.9113272172546056e-10
100,2013-10-01,0.1306343309424854,2.2167226268632468e-08,3.0667390605113486e-10,2.315340976640092e-10,1.0157760042844662e-10,0.6354877225358178,8.067004130698934e-11,5.869973554428988e-08,0.21076328474674635,5.434510038402703e-10,0.02311457951217387,1.3190818404484867e-10
100,2013-11-01,0.12907212220786085,6.274336367136496e-10,4.846899840068027e-11,3.9772702649019574e-11,1.7078402367165944e-11,0.6371826607615675,1.2721201244195765e-11,6.139781785698265e-08,0.20909124429626932,8.376647641920943e-11,0.024653910486268242,2.0974825230936936e-11
100,2013-12-02,0.13645107132274265,5.165368461593523e-10,3.06994497225916e-11,2.596986008941337e-11,1.0605554263731124e-11,0.6420131966654568,8.035428864190375e-12,3.313305046787319e-08,0.19580999281307912,4.713652226034258e-11,0.02572570541400724,1.2680232287502246e-11
100,2014-01-02,0.14708787027484452,1.2655433817002374e-09,4.258452943485354e-11,3.9406226979638745e-11,1.5155971932549467e-11,0.6599005581286831,1.171352665371966e-11,2.6972999040175676e-07,0.17059284256858373,5.064823793515098e-11,0.022418457855212914,1.7633462364951934e-11
100,2014-02-03,0.14680433024356104,6.122225251894935e-09,1.51803824114554e-10,1.3468303179502998e-10,5.224203474439914e-11,0.6687370529073331,4.132589373546223e-11,2.480848262521952e-07,0.17183010299262041,2.077816584129179e-10,0.012628258999850697,6.174668126089005e-11
100,2014-03-03,0.1554905326732935,1.3211479783725925e-09,4.357467119122969e-11,4.2475750523546424e-11,1.5633662734437093e-11,0.6754258881764021,1.273451982742363e-11,4.736153193222218e-08,0.15838840023676828,5.5403651352307013e-11,0.010695130042146247,1.8887617687750625e-11
100,2014-04-01,0.1532736228022216,7.490680563905697e-10,6.673324521772278e-11,8.124196971280577e-11,2.563649566430056e-11,0.6682776637121278,2.3159959454779813e-11,0.00767658071959747,0.15835033227743828,8.429001911955398e-11,0.012421799428582486,2.990264615283911e-11
100,2014-05-01,0.155233414423666,2.0790851673585484e-10,1.9188763160884184e-11,2.5165143619378176e-11,8.017621145861347e-12,0.6765723659925732,9.45863788401809e-12,1.428626675229813e-07,0.1598280173346463,2.4098751821385743e-11,0.008366059083964334,8.645092426502508e-12
100,2014-06-02,0.15964267019743208,1.4147791493524579e-09,6.875875034327686e-11,9.65871235803822e-11,3.024920780019223e-11,0.6753532413698715,4.5193628719502165e-11,1.8846231946289094e-07,0.15442179174380982,9.36760604094149e-11,0.010582106446671666,3.06516297942978e-11
100,2014-07-01,0.15843981346617542,7.156882059121038e-10,2.881214420771872e-11,3.171388220148111e-11,1.0917397118524885e-11,0.6761778678377874,1.515342220051102e-11,3.984200983403523e-08,0.15636823572965425,3.870674829448167e-11,0.009014042272183536,1.1197842635292875e-11
100,2014-08-01,0.1750280609380094,1.2157716535780231e-08,1.029851419595447e-10,1.2481055098122876e-10,4.601474024932966e-11,0.6877088842134081,7.3910069108688e-11,4.726595586643493e-07,0.13685948991020763,1.3337742952396685e-10,0.00040307959473875784,4.52628819431468e-11
100,2014-09-02,0.17266479439371585,0.010964035258698015,6.584416474947625e-11,5.699251883134999e-11,2.842553638231699e-11,0.6257608710289326,7.25396450459231e-11,0.030113755810539287,0.16049654247914308,4.5491399744492255e-11,7.25719131782892e-10,3.3958823390594185e-11
100,2014-10-01,0.18554234223387248,3.287657581140701e-08,1.2991025663168628e-10,1.2487211102099101e-10,6.257743153546426e-11,0.626976311382124,1.1049503750747331e-10,4.750618048979641e-08,0.1874812621033053,1.097809531555641e-10,3.284946981762876e-09,7.535922573596717e-11
100,2014-11-03,0.17583629453533042,1.945993641988028e-05,7.021859336159152e-10,3.9245749490127973e-10,1.7823228263858002e-10,0.6176082822322653,2.5691875308230956e-10,3.539722664188965e-08,0.20653591753283146,2.6405296182963287e-10,8.300198176313149e-09,2.7188065606843985e-10
100,2014-12-01,0.1543819216628812,0.02249045997263726,1.6182317925596414e-10,8.507842863651365e-11,3.543591595734563e-11,0.5605707977283813,5.0847609880638866e-11,0.02838757716197609,0.23416924273851228,4.525563200668076e-11,2.945247902664336e-10,6.26466541936376e-11
100,2015-01-02,0.18599429559934838,0.011770801541105146,4.401880899599052e-09,2.082742676830678e-09,9.769042039689926e-10,0.5581846138055261,1.6989910764107947e-09,0.05988129148912044,0.18416897685307523,1.9254649941413742e-09,8.059373657778602e-09,1.5664672551192269e-09
100,2015-02-02,0.18422414514657848,0.000687972737389496,2.7689257250284833e-09,1.4238757481078158e-09,5.534011430370149e-10,0.5964861501066406,1.0855013251520185e-09,0.012675804289797728,0.20592591662116252,1.0359079816794137e-09,3.1154839200295376e-09,1.1153354439755443e-09
100,2015-03-02,0.18225615118309485,0.00010273907176824515,1.8935703880442857e-09,6.404419530965039e-10,2.384277140369325e-10,0.5969506959901497,4.4195207084442674e-10,1.2935480713663687e-07,0.22069027899138097,4.270818662457951e-10,1.3296343259274138e-09,4.3769093186532115e-10
100,2015-04-01,0.15256475996272478,0.002651957910602518,2.2024659048337178e-10,5.254930387942255e-11,1.9848344629028733e-11,0.5850669782610161,2.0965538815549244e-11,9.61341077922567e-09,0.2597162938227282,2.641402175138928e-11,6.087110115738529e-11,2.8622581707942858e-11
100,2015-05-01,0.15186673801004982,0.008450060849125642,1.1914433056482043e-09,4.999309053987165e-10,1.6783586417469794e-10,0.5797873135073645,1.3614035722028544e-10,1.2255776064904237e-07,0.2598957618990342,2.3285509942914823e-10,7.542948693867902e-10,1.941648538067245e-10
100,2015-06-01,0.11591001116805354,0.02976115287770334,3.6076121989821187e-10,1.2440375466013727e-10,3.7183053330038485e-11,0.5385231113002994,2.4202482674906106e-11,2.44590903420234e-08,0.3158056993034388,6.553933932710538e-11,2.3655502158513066e-10,4.2769768494672514e-11
100,2015-07-01,0.1405213006172268,0.021733680550765404,8.16584640301803e-10,1.229540436588528e-10,4.093790643812068e-11,0.5390439653171348,1.8306517598241187e-11,8.654558930687705e-09,0.2987010420237429,7.558472214950383e-11,1.7203500684274582e-09,4.1853091999713774e-11
100,2015-08-03,0.1451250241116337,0.0293925506935403,2.0329002226689046e-08,2.3109724412702653e-09,6.102994504160719e-10,0.5428438471599901,2.5890668705513086e-10,3.9566894308608387e-08,0.2826385084844757,1.106465764579904e-09,4.693719342921417e-09,6.741000685286604e-10
100,2015-09-01,0.1124462719445831,0.01766530884292332,9.457895045857954e-08,5.006786619804484e-09,1.2175805040258382e-09,0.5387409207515129,8.043685780361569e-10,5.309540940965881e-08,0.3311473339131878,2.3279426886520227e-09,6.173075182580001e-09,1.343679386582856e-09
100,2015-10-01,0.10631021260044794,0.020984422311045175,1.3569534921217605e-08,2.1950703274561474e-09,5.306515139743476e-10,0.5562251658169222,3.439551093402984e-10,2.4819684355028644e-08,0.316480153624732,9.70746411339034e-10,2.5712031132020554e-09,6.460069528606465e-10
100,2015-11-02,0.08519856376538264,0.0509711678976695,2.1240416149491457e-09,4.827511771836698e-10,1.0781896112305827e-10,0.5606854916183909,4.4156788865626507e-11,4.660053811658726e-09,0.3031447679803845,2.703347677252554e-10,9.180789004514616e-10,1.3093640598959972e-10
100,2015-12-01,0.09204535335553612,0.05412445049915708,8.855749688328673e-09,9.578736486387054e-10,2.334248615287992e-10,0.568874657660432,8.960269770358025e-11,2.3817099362748145e-08,0.28495550261435737,4.875332614364804e-10,1.15277536003578e-09,2.764585649867108e-10
100,2016-01-04,0.08022322399742272,0.06932296491368001,1.927827492851943e-09,4.898016007071958e-10,1.0331211020748542e-10,0.5968137757199752,2.3105871227616426e-11,6.5290927319152195e-09,0.25364002502136845,2.7655621790989775e-10,8.830181521069871e-10,1.1483957161947392e-10
100,2016-02-01,0.0706919670578567,0.061117358939710056,8.939264079813702e-10,3.2252564898203895e-10,7.232022348456175e-11,0.6171959825940916,1.3531563329113736e-11,3.3707011903910576e-09,0.2509946860142252,2.6065322524266405e-10,3.8183469003919117e-10,7.86234809748218e-11
100,2016-03-01,0.07660794563778062,0.05317368009269533,1.3895032214770065e-09,5.056235790307487e-10,1.1993272204533904e-10,0.6239721573035464,3.644735684062127e-11,4.33743987993211e-09,0.2462462087422012,1.0423657645844969e-09,6.678978007482078e-10,1.2456610742399975e-10
100,2016-04-01,0.08144476192840015,0.05258209968349455,2.3717057475797524e-09,1.2445467057522582e-09,3.2573786825614923e-10,0.6288924331127508,1.0375521360820827e-10,4.2811087291102443e-08,0.2370806543959292,1.754077941968075e-09,1.9404844159557586e-09,3.280299399660291e-10
100,2016-05-02,0.09870003938146531,0.03438938489478151,1.0149223809747439e-08,3.984978362861504e-09,1.234732642719291e-09,0.6215965776695681,5.516750638248475e-10,1.1807949022284138e-07,0.24531381976853292,2.5032964671347056e-08,1.801199951449328e-08,1.2405877467366092e-09
100,2016-06-01,0.07245899290526914,0.04404819261102172,4.8446323076639954e-09,2.7960860347956544e-09,6.433497965812775e-10,0.6179188516475356,2.8228736059557494e-10,1.0447875748837658e-07,0.2655738333804734,8.957265742182983e-09,6.788901338368582e-09,6.644201871992719e-10
100,2016-07-01,0.08518221302674074,0.031168378151109826,2.757744162155421e-09,1.5459585626460845e-09,5.259625442423214e-10,0.6141790169674763,2.5621381118134926e-10,0.004704515834945246,0.26476585784393525,9.462349599361883e-09,2.9927428850880787e-09,6.348212204455416e-10
100,2016-08-01,0.061243328018186986,0.04307854035651112,9.219423228560669e-11,5.96562720265974e-11,2.0174685356991872e-11,0.6173644287819003,6.420988376312725e-12,5.435639949349255e-08,0.27831364802876696,2.0813234277734425e-10,5.065059093369393e-11,2.1006190218215116e-11
100,2016-09-01,0.05606115517502656,0.0424427691886773,9.19674935854596e-10,4.1016521981752664e-10,1.5513780994115063e-10,0.6106875042803723,4.971309029464945e-11,1.7193685548349037e-07,0.29080839688002846,5.880094607638422e-10,2.1920574926650225e-10,1.971336736399447e-10
100,2016-10-03,0.03767067901797468,0.043280245061010546,1.6791960913068805e-10,9.263331777776526e-11,3.6863385817382644e-11,0.6083153943022034,1.188336759042464e-11,1.5285673804202322e-07,0.31073352796704345,3.637819243780045e-10,7.310016371722098e-11,4.884807836103955e-11
100,2016-11-01,0.04404678649110695,0.03813677070701035,2.959249772593671e-10,1.7225836088544925e-10,6.743907951683222e-11,0.6107337496685523,1.9754554740399994e-11,5.524176242262738e-08,0.30708263654745993,5.680008071161363e-10,1.4411289980077714e-10,7.661733777001349e-11
100,2016-12-01,0.10437763683172961,2.4958526285446987e-09,1.1117072262603904e-09,1.3984595127623873e-10,5.6606408057455965e-11,0.6194399689707467,4.0853876477315785e-11,2.1685690326778257e-08,0.27618236806023655,3.7212973326253266e-10,1.497347499241139e-10,8.486621148522321e-11
100,2017-01-03,0.10615241821571077,6.807635833799811e-10,1.1847241737442752e-09,6.027656848836115e-11,2.4562397852508186e-11,0.6229652068117856,1.7104183032422703e-11,2.4409007324943626e-09,0.27088237026171824,1.7732402027241157e-10,8.83994666408014e-11,3.6730340075987417e-11
100,2017-02-01,0.11148071299160511,9.309994490414836e-10,6.120295813436944e-10,6.108501125895118e-11,2.5150741775137054e-11,0.6183809049422698,1.5283249379610783e-11,1.8545086449317672e-09,0.27013837804847685,3.992004447409848e-10,8.722830252002737e-11,3.2162829714159694e-11
100,2017-03-01,0.11385096675303046,1.0197179063891958e-09,7.411506363197145e-10,5.1452101024343045e-11,2.2840593458090308e-11,0.6186789964811833,1.3820994737174081e-11,1.8870403209489833e-09,0.26747003271993636,2.1350930453227613e-10,6.783235584505082e-11,2.8485634141828385e-11
100,2017-04-03,0.10730241160150349,0.006414136324800843,2.347753834591546e-09,2.350867916510436e-10,9.10552229802866e-11,0.6277073443866347,5.5987271801153065e-11,3.804907181781629e-09,0.2585761000530557,7.477516284623979e-10,2.4661078823999534e-10,1.0485238367629295e-10
100,2017-05-01,0.08968712166732017,0.02293198543120034,1.3606892980858964e-08,1.4574266047584156e-10,4.9562895210245e-11,0.6246516327513562,2.884204140319053e-11,2.1290836064668858e-09,0.26272924336502906,6.25879610388985e-10,1.4310480228352918e-10,5.59857851400156e-11
100,2017-06-01,0.08822413887224567,0.02321243133663757,7.858332760627632e-08,3.802960504368395e-09,1.2069514113295207e-09,0.6233627656465204,7.052794759355247e-10,6.805565301909241e-08,0.26520049061916545,1.6526596939636035e-08,3.3522842632565673e-09,1.2923777195219649e-09
100,2017-07-03,0.11000320063468398,1.0342043099090006e-07,7.859582293466677e-09,4.473433671659256e-10,1.624845881613227e-10,0.6255438041801978,1.0900035903364865e-10,1.3509353253861831e-08,0.26445286848572236,6.466979759467387e-10,3.607452080422787e-10,1.8375759123951948e-10
100,2017-08-01,0.10829064562059983,1.235346165778277e-08,1.1059712281525791e-07,5.953629995025095e-10,2.0936767144670044e-10,0.6179755672545989,1.4197260862205764e-10,1.2983875827758556e-08,0.27373364816381557,1.2618370885074214e-09,5.76002643143974e-10,2.419824059738293e-10
100,2017-09-01,0.10633617017771389,3.865190005488594e-09,2.7075451263585746e-09,1.0312658532860433e-10,3.4603567709754705e-11,0.6215745989885199,2.294263188168844e-11,1.2527966012702868e-09,0.27208922244897293,2.5681301843685537e-10,1.0422346529630705e-10,3.7552431486086784e-11
100,2017-10-02,0.09757453383149652,4.087869239642995e-10,0.01065613427682859,6.659512994283873e-11,2.1503923145409252e-11,0.6166401867548532,1.3110825416214285e-11,1.8749674790463593e-09,0.27512914241782865,2.1748720429555228e-10,9.324226382661441e-11,2.3299172264048094e-11
100,2017-11-01,0.11099808319754274,5.491336491992998e-10,4.033542639866857e-07,1.1519715718067731e-10,3.4847497201859086e-11,0.6093851298684764,2.147794750458445e-11,3.154762700773988e-09,0.2796163789253442,5.716980251001902e-10,1.7222841220033417e-10,3.5027376771373494e-11
100,2017-12-01,0.10401046346611917,1.5635424482159616e-09,0.005365654983575832,6.346118814273612e-10,1.8829319954225832e-10,0.6070607637715171,1.1017779392315684e-10,1.957783302254546e-08,0.28356308169961253,1.1278204391850538e-08,2.535612381856344e-09,1.9090047572839685e-10
100,2018-01-02,0.10584915516053062,3.0254817648615627e-09,4.552432726187354e-08,1.1119651714923205e-09,3.354398613645112e-10,0.5951524741440026,1.8930846797451496e-10,3.478197138902217e-08,0.29899824428876565,8.986738579977085e-09,3.214728459946033e-08,3.0418390078542286e-10
100,2018-02-01,0.11920419659135828,4.493214312830013e-09,5.017574674132335e-09,9.460517269458367e-10,3.2545796137086874e-10,0.5942286915212278,1.5118867197046485e-10,3.041064623947831e-08,0.28400738608536763,1.2626659988990506e-08,0.0025596715792883694,2.5196420297188274e-10
100,2018-03-01,0.09450374299627312,7.159878054525e-09,2.4229524469499708e-08,1.5462764792712394e-09,4.583144115043497e-10,0.6085782570442545,2.86843293723227e-10,1.3172703416683812e-08,0.29691668490765344,2.820090643735346e-08,1.2396349157593395e-06,3.624567444705774e-10
100,2018-04-02,0.09420638366751682,2.1910354316096046e-09,5.996052543252762e-08,8.788866109807652e-10,2.3034858158062843e-10,0.6158154758021331,1.4394776165093355e-10,6.020031327666895e-09,0.2792023547106628,1.873115535301777e-08,0.010775697465923212,1.9783333172465953e-10
100,2018-05-01,0.07610339420518973,5.300536122032106e-10,0.011805267876031016,3.185533518695486e-10,6.625267954515497e-11,0.6181292560112238,4.7144113002357795e-11,2.3720944084199537e-09,0.28375108806844845,1.21253350285501e-08,0.010210978316157603,6.351624927667185e-11
100,2018-06-01,0.07973277151028875,1.234134154192924e-08,0.013172892773599027,5.222257677996096e-09,9.85947903847378e-10,0.6259703850359996,7.330455931636051e-10,5.623022046287062e-08,0.26467558049032,1.0488981629518674e-08,0.016448283199969053,9.880285637676403e-10
100,2018-07-02,0.08678634400040666,2.4347565242349664e-09,0.0036421222487557784,8.607986655870547e-10,1.9335131747101242e-10,0.6312122653621473,1.651749203166169e-10,6.4560582919256704e-09,0.2691818653585486,9.681750214367013e-10,0.009177391731482435,2.2034456793576993e-10
100,2018-08-01,0.08291830807680285,7.745806741687823e-09,0.0020262515133538865,3.910617566868156e-09,1.0871114579438218e-09,0.6220592365083917,8.710231803030261e-10,1.0100698862306008e-07,0.2809300766388091,7.248195534178864e-09,0.012066004243370997,1.1495283948442366e-09
100,2018-09-04,0.12147358322916786,3.829304827220184e-09,0.0007820360355991249,1.441142899815093e-09,4.762346725724764e-10,0.6299206841893592,3.069356738679009e-10,2.746885281325816e-08,0.2353215380898643,2.1450533004579602e-09,0.012502122209592627,5.788928266633748e-10
100,2018-10-01,0.11415389963661769,1.6461465205564763e-10,3.4183275174439554e-08,6.040347774200596e-11,1.958638085241117e-11,0.6093648160736093,1.3248812494560816e-11,1.5289025705042795e-09,0.2634585218188943,1.2132173018212512e-10,0.013022726357462955,2.2063058765212238e-11
100,2018-11-01,0.08545531845351215,2.2002168495035174e-09,4.072511612858014e-07,1.3446769472444854e-09,3.959177071800126e-10,0.6157111015991096,2.9347234364677525e-10,1.455549368179971e-08,0.2857989610065873,2.833345349694072e-09,0.013034189613831773,4.5267502380658315e-10
100,2018-12-03,0.07710422753331178,5.932571067198186e-09,1.1815046557372931e-07,4.963495970760356e-09,1.4665004803881455e-09,0.6132901061978333,9.510675220952287e-10,2.4991175184524855e-08,0.29827250474316735,3.783661711448347e-08,0.011332965443050158,1.7907444884691483e-09
100,2019-01-02,0.03837192498133604,5.223723319425861e-10,2.7598858785274603e-08,4.658906569065223e-10,1.1513099441591808e-10,0.5990318955555051,5.223603231060438e-11,3.0357285526574556e-09,0.35692688231061154,2.982963700554583e-09,0.005669262289280903,9.00855146223964e-11
100,2019-02-01,0.03960484619353669,1.57061862144909e-10,0.008909112822765889,1.2791407652437202e-10,3.300918261987887e-11,0.5758916552593115,1.4682452512361024e-11,7.841022970982775e-09,0.3638752571698797,5.677519223763651e-10,0.011719119784058627,2.900517427771066e-11
100,2019-03-01,0.034543642731858025,1.9503693091054447e-10,0.011385111404852941,1.5819757039235915e-10,3.4503978773268915e-11,0.5572262057424581,1.6443441605821497e-11,1.901428272777761e-08,0.37964225891727726,1.4823389828683726e-10,0.01720276160055427,3.63009771746219e-11
100,2019-04-01,0.02413795357621403,3.10909400294723e-09,0.011382912477322777,2.0907253498046258e-09,4.2545594973421487e-10,0.5465072465407024,2.045335324279035e-10,1.7549819896694036e-08,0.40740480260237194,2.0028710647877796e-09,0.010567058978462539,4.4242645946345477e-10
100,2019-05-01,0.04447830827799509,2.857759078881532e-10,0.006037453842097699,2.167940728550116e-10,4.240544544371466e-11,0.5524374630228404,2.0884197164088467e-11,1.1163379607775883e-09,0.39046648835919917,1.3315014682447438e-10,0.006580284641973219,4.0546587735803856e-11
100,2019-06-03,0.039162120767093606,1.2659064412270318e-10,0.0016133009419891271,1.569382009578025e-10,2.6583066462859652e-11,0.5611151049449167,1.2253368861539245e-11,6.678635924028995e-10,0.3947667355651494,1.1087208056989474e-10,0.0033427366560480694,2.3702098926862525e-11
100,2019-07-01,0.04044213069298331,3.0656213240894516e-09,0.0014991701880830038,6.558777909925311e-09,6.082761590196161e-10,0.5395772802491481,2.7211129557091963e-10,1.837677350066579e-08,0.41804676497097004,2.0910311051271855e-09,0.00043462244208112487,4.841430237908242e-10
100,2019-08-01,0.034646117645449316,3.3117563592438186e-10,1.8870325976889885e-08,3.996350875951635e-10,6.30815841869709e-11,0.532194134630266,3.04123906122465e-11,1.6767382191757349e-09,0.4239558319175424,1.87699732899163e-10,0.009203894192756149,5.491756312886613e-11
100,2019-09-03,0.040662992031655174,6.53704408063636e-09,1.5350136159798245e-07,8.146310846047425e-09,1.365965784472867e-09,0.5576878402633143,7.587749927218985e-10,4.6708384505339235e-08,0.3897911912823573,4.804428652547111e-09,0.011857753266724546,1.333678111915467e-09
100,2019-10-01,0.04713975224039945,1.294763695983163e-10,1.250556661283385e-07,4.4067423860884636e-10,4.590738528579927e-11,0.5359666551791814,2.4689675286255144e-11,1.2075064289302105e-09,0.41192395659920816,1.4810399644781758e-10,0.004969508882695555,4.649110425916248e-11
100,2019-11-01,0.03677905694679652,4.5410664690249246e-09,0.014913578136830226,2.0947134637989317e-08,1.3724550173523038e-09,0.5379564336382904,5.550445305866283e-10,4.028306955828459e-08,0.4045407504530703,6.691379482600403e-09,0.005810105069653469,1.3652094045374603e-09
100,2019-12-02,0.019149032208137136,1.3050969150788447e-08,1.0160181730947771e-08,2.970149409652054e-08,2.5841595168268126e-09,0.49761051663148725,1.0834461206083881e-09,3.67605085293112e-08,0.48324029537456425,8.693902537261466e-09,5.1957060111650363e-08,1.7940896487132327e-09
100,2020-01-02,0.01432508820398746,3.1579726426153156e-10,2.2146146824978192e-10,1.266611209361421e-09,9.239780961045377e-11,0.4839395183294212,1.931538038575887e-11,8.650384271059953e-10,0.50173538797489,1.0575779713118957e-09,1.612343689148908e-09,4.1158044884950724e-11
100,2020-02-03,0.029275211482886775,9.844384123033639e-09,9.382539279198701e-09,2.173965351361632e-08,2.421040161851991e-09,0.5194437881912304,8.285858532930545e-10,3.755304009215798e-08,0.45128088636210595,1.692645432355354e-08,1.3542192298366877e-08,1.7258871802700984e-09
100,2020-03-02,0.011061166336887219,8.51158171683659e-10,3.831159452757317e-10,6.926116167652e-10,8.5974760364321e-11,0.5306499330064308,1.704050099195035e-11,5.814885228243113e-10,0.4582888973533793,3.45959158295828e-10,3.08923667011859e-10,3.703046818006143e-11
100,2020-04-01,1.662966075721487e-08,0.05793513992852215,2.895744827896316e-09,3.761623518953267e-09,2.269706236685721e-09,0.7314233637510552,2.8090413192968056e-10,9.648534959100614e-10,0.19722951386207718,5.203144804906311e-09,0.013411949698670126,7.540376442166726e-10
