Date,MV_gamma_1,MV_gamma_2,MV_gamma_5,MV_gamma_10,MV_gamma_20,MV_gamma_50,MV_gamma_100
2010-04-12,-0.005751447101381868,-0.002808077983168955,-0.00013378364361393835,0.0009140409745598266,0.00138289680352921,0.0016548073899245175,0.0017717094369227304
2010-04-13,-0.0027674459711454213,-0.0010561746230799418,0.0005990579295018783,0.001447052462306475,0.0017966089787300188,0.0019971343296898425,0.002074587003887851
2010-04-14,0.004011168857694036,0.0020021353012267262,0.00036761208784530375,0.00011497832848750278,-5.9589732900322545e-05,-0.000112588861694074,-6.619329864210322e-05
2010-04-15,0.004549634896697574,0.0031283392975438584,0.0022970928905503563,0.0025036433056568885,0.002474294994590398,0.002347667577224044,0.002294065113178645
2010-04-16,-0.021887666749928036,-0.012129859884861371,-0.0037883446444217928,-0.0013152694083908845,-7.733241285934334e-05,0.0006584368247926076,0.0009049797680349414
2010-04-19,-0.0010774551830405876,-0.001689263380775241,-0.002067621859921598,-0.002012103503994389,-0.0020332038391369656,-0.0022508333194973806,-0.0024101959858757738
2010-04-20,0.0035458258619023297,0.002723784629186321,0.002053499434712558,0.0020302785822112757,0.0020345807146875394,0.0020713322524024136,0.0021145102054052067
2010-04-21,0.006705581128300553,0.0050573240119062834,0.003934901467648189,0.0038564787119761412,0.0037102971115450245,0.0035427334235640373,0.0034920720721742793
2010-04-22,-0.003481971678106932,-0.0027721054872349438,-0.002155267284224993,-0.001855904353319504,-0.0017384165865498291,-0.00162870060745135,-0.001548205656875301
2010-04-23,0.011506181370343427,0.006063535241524143,0.001777916150796477,0.0008852818104234661,0.00035191525994626716,-8.420379638685027e-05,-0.00023650678660214197
2010-04-26,-0.003561687022468285,-0.001897287840742723,-0.0006104787788224764,-0.0003650760633598926,-0.0001930955469898743,-8.723977230040703e-05,-7.083705185839673e-05
2010-04-27,0.012266040285501933,0.009388137791913831,0.007020774405040564,0.005689500258053259,0.0050177534236715005,0.0044206461814861875,0.004143950843791044
2010-04-28,-0.001893072682808361,-0.002673679830589526,-0.003436096971505931,-0.003641828908795608,-0.0037121016240857507,-0.0036969699467096495,-0.0036738575496826353
2010-04-29,0.0010919784125029697,0.0018657005795719162,0.002652301945350377,0.003286049037263039,0.0035325514102744204,0.003661388772798091,0.003727943462676908
2010-04-30,0.007689900819726869,0.006381007667377592,0.00497889164030374,0.0038692976716319105,0.0034788607819524753,0.0034586511756262706,0.0034596379886702167
2010-05-03,0.00327532820023535,0.0013078882909625111,-6.291048224194018e-05,8.258581619835503e-05,-5.432385829617914e-05,-0.0001919143846057514,-0.00019549734697799082
2010-05-04,-0.008588804169373576,-0.004914573867354166,-0.0009373626907296373,-0.00037224392169754594,-7.00303155293236e-05,4.245137904534957e-06,-3.044721201472811e-05
2010-05-05,0.0013353351574305616,0.0013834768157854338,0.0013550640408448444,0.0012804415524274582,0.0011973945017376142,0.0008866986266873322,0.0006546739508006549
2010-05-06,0.027540750778699996,0.01876904869717122,0.011053772532135131,0.0072482854455191426,0.005497547605362696,0.004323288178195828,0.003852108276187316
2010-05-07,-0.0016678670070569002,-0.001757922126562672,-0.0022662124874476275,-0.003953051709666422,-0.004411344730158806,-0.004502436458258874,-0.004556199401048011
2010-05-10,-0.0038376790735943356,-0.002111151920589749,-0.0014364156962086705,-0.00024148574388438426,0.00030384071538547275,0.0006166065081691929,0.0007322462910843708
2010-05-11,0.025007551187445465,0.014837475606124473,0.006964766603022143,0.0050016149188194525,0.0037009255684679054,0.002596167939774574,0.0021777425471449785
2010-05-12,0.006306484904970544,0.003524250437132226,0.0014054459739574199,0.0017975364579918551,0.0017705152378790778,0.0015796013001285747,0.0015413386026372766
2010-05-13,-0.006986263630883727,-0.003755044754864989,-0.001114677483265769,-0.001137411210883954,-0.0009445215977282873,-0.0007131337349917111,-0.0005851122541616904
2010-05-14,-0.0021011873691395566,7.218224443295007e-05,0.0019287019636076153,0.001852340731542057,0.0019666824109187964,0.00185703727573161,0.001738678092287893
2010-05-17,-0.00832808237068594,-0.006102712359987383,-0.003898833680342162,-0.002751900089578263,-0.0022840523831189063,-0.002387270366545402,-0.002557377407370276
2010-05-18,0.000491666360801668,0.001984010117292101,0.0034914704492987614,0.0036461145184261134,0.0037730200131391722,0.003911795923657202,0.003955249914482595
2010-05-19,-0.02355449700852419,-0.014450200582962203,-0.006707653191569407,-0.004591976282900867,-0.0033927453990016954,-0.002488183332900684,-0.0021460872186912505
2010-05-20,-0.007930574517182376,-0.0033386761724992775,0.0003456130544248204,0.00010596008890462194,0.00020502159971558243,0.0004441420024869913,0.000518576142549021
2010-05-21,-0.004377842388951003,-0.0011957483413249648,0.0012561550999308224,0.0018356152364489287,0.002288376355346289,0.0027119903080941032,0.0028781906119819123
2010-05-24,0.013403350391590907,0.0076210493799937495,0.0030973806391880743,0.0020323108152380254,0.0013788151082270161,0.000781567644599912,0.0004830094687795494
2010-05-25,0.004050836825593596,0.00324571484497449,0.0028400550084974885,0.0029153196616045207,0.0028521974148345564,0.0026851293332861292,0.0025846192650502697
2010-05-26,0.009200143271069772,0.004805886445052643,0.0007523620607463588,-0.001340819077594646,-0.002277392029220837,-0.002626060058090185,-0.002613816928063173
2010-05-27,0.0033541714839819825,0.0009689243718615792,-0.0017910072437450353,-0.0020181341841573053,-0.0021534345520278775,-0.002086331256956675,-0.001994678548554618
2010-05-28,0.0011117767246300314,0.0015993574816439704,0.0023796506028654907,0.002787997166203482,0.002935823985456887,0.002899750053280137,0.002816088831029573
2010-06-01,0.008664252566562558,0.005478394895024996,0.0021300483120696434,0.0011290323124140134,0.0006492428797246763,7.037419243394183e-05,-0.0004414991897189191
2010-06-02,-0.00108418678080624,-0.0022995000501924157,-0.002372522685386458,-0.0020078297704327897,-0.0015730384613991122,-0.0012916354632092064,-0.0011776880981398952
2010-06-03,-0.015194520232622133,-0.010130197798229323,-0.005401882233421751,-0.0033477466004223633,-0.001992490277384351,-0.0011808420859529267,-0.0008065295003736317
2010-06-04,0.010427291143638495,0.010293218990008235,0.009474609792522903,0.008283911581904002,0.007252982151445986,0.006563769877558467,0.0060145440221766044
2010-06-07,0.01929688099842153,0.013444284752350821,0.007404028736463397,0.004792056228660968,0.003107778741248124,0.002130251000418637,0.0018040785448234509
2010-06-08,-0.004033235861464646,-0.0032967517685934533,-0.00200326158295272,-0.0022020273878814445,-0.002593392606548006,-0.002513419813142903,-0.002356732485548796
2010-06-09,-0.003636383627905415,-0.002143985302709206,-0.0010223544855705313,-0.0007680188032527235,-0.0008515323073893244,-0.0007608517689692285,-0.0005767615374121515
2010-06-10,-0.013188422755057716,-0.010746997384001533,-0.007683170543576701,-0.005989019576916221,-0.0048475117138244705,-0.004099595102466491,-0.0037174024663186866
2010-06-11,0.008741707202377214,0.007966703172143097,0.007102823859062912,0.006669827037126375,0.006528495378533172,0.006360433742145899,0.006279441647036643
2010-06-14,-0.0034164122142769093,-0.0021997566678194636,-0.0012362462206900737,-0.0009572291020274459,-0.0008837368238987509,-0.0007807651442268693,-0.0006486760345328912
2010-06-15,0.011622068405727326,0.00665888752986965,0.0028292788713286665,0.002233925524445457,0.002298866505234143,0.002224583490163745,0.002151735263123955
2010-06-16,-0.005454963234993282,-0.0026561945190662906,9.044665372637262e-05,0.001056356754885357,0.0016822875374258306,0.002081288736086151,0.002192568723423216
2010-06-17,0.013047449621017337,0.009905488370463233,0.006615937265425975,0.0060383298392487905,0.005787607280945517,0.0054143592550135455,0.00517406245361185
2010-06-18,0.007629206209814221,0.004045395777619865,0.0009202392629197309,0.0002027329562237501,-0.00013492972214124155,-0.0004387122726673409,-0.0006436743210086471
2010-06-21,-0.019864872405299105,-0.012999965849353146,-0.00564167740289756,-0.003912282356747343,-0.003369850006702313,-0.0026389979160754695,-0.0023255086395501667
2010-06-22,0.008804697104038084,0.007034256442514097,0.0049864249091498,0.004227630685784689,0.003909001021745073,0.0036123072587472826,0.0034119056308326012
2010-06-23,-0.004116920224073284,-0.001238738834454911,0.0014537111476291553,0.0018116024480629989,0.0017955284060784393,0.001787657266949294,0.0016824429651869366
2010-06-24,0.0028938076117404066,0.0011031999150148408,-0.000888351361151507,-0.001725953207004971,-0.0022470570141451818,-0.0024817619529448054,-0.002486004749830184
2010-06-25,0.012036265625595233,0.008620310778401086,0.005406692050289985,0.004008759117351213,0.0030582907952831917,0.00268847074414702,0.002795604368407867
2010-06-28,-0.013603825889581422,-0.006347653087475091,0.0003154838556689299,0.002296881004363094,0.003243929268280432,0.00386108535738261,0.0040316197571470536
2010-06-29,0.0014864996410375308,0.0018192953047335703,0.0010398446366122194,5.699875763665041e-05,-0.0009424464949997491,-0.0015691768944058326,-0.0018720374630015746
2010-06-30,0.0033809157099187193,0.0024384828712971096,0.0014545328860688933,0.0007562745319447117,0.00010624452118812577,-0.00011540284108213505,-9.097383412115523e-05
2010-07-01,-0.038132791364037244,-0.02439094134652553,-0.01163201547833781,-0.00671437308770928,-0.004693267006862456,-0.003267850056624111,-0.0027825552472710013
2010-07-02,0.012388894885264179,0.004623455886874073,0.001597245763515831,0.00031190899213107137,-0.00032578557953710785,-0.0007010324912435362,-0.0010264457381314873
2010-07-06,-0.016710229116043918,-0.00900576226619576,-0.004012940990602454,-0.0009920135994561097,0.00032387048908621985,0.0014125356026828406,0.0016988011915188839
2010-07-07,0.010471211068581843,0.004736221501987492,0.003274783273811366,0.002291983001744935,0.0027157006464919586,0.0028215132243729624,0.0029079265043860936
2010-07-08,-0.004416921743163549,-0.004380649952189675,-0.0022584046551785697,-0.001692862797267325,-0.0013217839681921584,-0.001066936122525397,-0.0008019932703435817
2010-07-09,0.009811459173423298,0.0050085152378267495,0.0017303226421783169,0.00030099613602985187,-0.0001213793165197874,-0.00039663409457779686,-0.0005051998690945858
2010-07-12,-0.008617809904125417,-0.005573698533697935,-0.001342367760210128,-0.0004030942398975945,0.0003493025746432732,0.0006740488361789421,0.00056205209999316
2010-07-13,0.008692721481761367,0.003895140410263176,0.0006913080277883843,-0.00033647480825027554,-0.0005220164594180732,-0.000706541148216222,-0.0005567254454633686
2010-07-14,-0.000506905372847477,0.002561677169863108,0.002771290436150986,0.0031208585120645616,0.003629085065326443,0.003929396381876504,0.003918475545272804
2010-07-15,-0.000591711297289077,0.0026091989948970884,0.0029243724875112065,0.0033754455633974167,0.0036768035446703706,0.0039033536509420763,0.004019397928906043
2010-07-16,-0.013194660847764994,-0.008266681318243596,-0.0018180909401347423,-0.00027145713663989657,-0.00032005825703351753,-0.0002994165029382989,-0.00028252073823387125
2010-07-19,-0.008056866680606678,-0.006641331355642488,-0.0033343426910681373,-0.002334570164570837,-0.0017337044200396168,-0.0013447303164686453,-0.0012744265392593546
2010-07-20,0.00794952059555265,0.006316016280571324,0.003946329304320484,0.0036303762577030163,0.003418959219779971,0.003349020507421807,0.0033360652831395665
2010-07-21,-0.0068581440693563644,0.00015644464606712205,0.0011908766210693145,0.002445527921866253,0.002509905296339987,0.0026603977668617773,0.0027564811589562144
2010-07-22,0.008718185344213092,0.0032943117240797903,0.0008295247750007562,-3.7620320199827084e-05,6.990267221240742e-05,0.00014299157810326868,0.0002938614329477396
2010-07-23,-0.0065891170288016054,-0.00707301778508429,-0.0032044402309129305,-0.002436089767517524,-0.0019566120693637057,-0.0016984644324575804,-0.0015044283706501238
2010-07-26,-0.0049099790602924465,-0.002629756274780015,-0.00041402310557037136,-3.7726692315609434e-05,0.00023577521793338718,0.0003709389953956421,0.0005614155941044974
2010-07-27,-0.017399534332185773,-0.014184213219422648,-0.0072402996642325634,-0.005513330229271918,-0.004602316963922881,-0.004045608441672344,-0.003918982122406711
2010-07-28,0.002378615301224185,0.0024648826858164608,0.0033273091569672175,0.0031224714552731125,0.0025985779259163344,0.0023151305025832514,0.0022483918131495084
2010-07-29,0.0044823515792555835,0.002387297151869694,0.002235881480471269,0.0021437506751582625,0.00161451367689458,0.0014556309312221405,0.0016246971449467296
2010-07-30,0.010499579810159698,0.0119185463251954,0.007006873812024361,0.005976682183256088,0.005367733073599279,0.0050932173022324445,0.005131245567705056
2010-08-02,0.002282177301956345,0.0003885198457767025,0.00024669491223661133,-4.11805839017898e-05,3.705693158106982e-05,0.00016405969807031795,0.00037625262285145844
2010-08-03,0.003057252227482543,0.0033087723688627335,0.003362794757304721,0.003396532257135876,0.003303939507582898,0.0032406079102507146,0.003250473208058491
2010-08-04,0.006163960839805638,0.001947410667439975,-0.0006444549112316622,-0.0016355965616007273,-0.001639341452911336,-0.001599041314328642,-0.001589092788285118
2010-08-05,0.0013309599987807452,0.0021346971055891117,0.002810611195898316,0.003033615137839174,0.003171258669671051,0.003189407989816706,0.003106555971628344
2010-08-06,0.006656261945796382,0.006575004429757891,0.005649432436658053,0.005457734010470228,0.005262813009998313,0.005032690339832113,0.004812638878841646
2010-08-09,-0.002806254333523217,-0.0016025281887513954,-0.0006187456115390733,-0.0003837236534325328,-9.478992875278092e-05,0.00017235643982793647,0.0003233076023225756
2010-08-10,0.002021805373092711,0.0025105069105268996,0.0032214527831841977,0.0032753940240948243,0.003096814175621132,0.002763302985349547,0.002555710185637272
2010-08-11,-0.004424634277116923,-0.0006443643554033818,0.0003042294142585611,0.0006979169830474419,0.00029289411952970745,-0.00024506967759518883,-0.0004635420049219352
2010-08-12,0.010514145331111724,0.004681371252027278,0.000640395429549967,-0.0006532302383450705,-0.0015060302900838929,-0.002049174366680284,-0.0023723659273044984
2010-08-13,-7.397254775687312e-05,0.002296285827168676,0.0029317959028720697,0.0034310811608009306,0.00314085596162772,0.0028656034014864495,0.0028163307660882264
2010-08-16,0.008018917793575886,0.00893927411711326,0.0067474804323848225,0.006623468096299101,0.006406051966875603,0.006336532096722136,0.006225957159319284
2010-08-17,0.0014118828597200483,-0.0004176481223421291,-0.0016909193230960629,-0.0021385734464813844,-0.002101060538363231,-0.0020307551732942075,-0.001893512803672115
2010-08-18,0.0037338068870098606,0.0021360608259151093,0.0005945173300336837,0.00016964053717138938,0.00014167342420079443,5.6235485397682083e-05,-8.862658302433157e-05
2010-08-19,4.815738393393332e-06,0.0018008273119189955,0.0017125948439873362,0.002062981269060682,0.0018288573904750027,0.001564674226995244,0.001393952573595536
2010-08-20,-0.0034418925885606466,-0.0031734598428356797,-0.002776897614463314,-0.0025918545652611202,-0.0023635823010969004,-0.002283973118859528,-0.002360310616040806
2010-08-23,-0.0017719925205957887,-0.0007968530033807264,0.00018441845657357625,0.000418836052560545,0.0002041704057660354,-8.181602936718768e-05,-0.00018407966061972925
2010-08-24,0.004479815619695682,0.006235352316038778,0.005453807637466612,0.005358311873693511,0.004582063629632538,0.004013096630770319,0.00385994760234043
2010-08-25,0.008585574722525191,0.003863929107644326,4.230051594755757e-05,-0.0013347129699773363,-0.001586314444360637,-0.0018226713675598694,-0.0019277987442347655
2010-08-26,-0.0032825978401480604,6.156190979922371e-05,0.0015127829350274347,0.0021420865433121605,0.0019862905791343533,0.001995517997914309,0.0022554957972762413
2010-08-27,0.0009491077447214558,-0.004830326938118912,-0.0062254914750290435,-0.007119180693736071,-0.007293377150017877,-0.007129563762945601,-0.00694839333779218
2010-08-30,-0.0009658318602064897,0.0030942465746737202,0.004261520507814254,0.004902519212062861,0.004895868383670843,0.0046685171438094475,0.004644608589202681
2010-08-31,0.0095761701636643,0.008124289142132923,0.005554629924613419,0.0049057669969743145,0.004210725115870284,0.0036341456638067093,0.0032952227986293714
2010-09-01,-0.003697504084984593,-0.0071907129099808564,-0.004072252585402891,-0.003430802069201766,-0.0025165031409960514,-0.0015570110063872766,-0.0011511398874203271
2010-09-02,0.004227356747821265,2.5435349626512505e-07,-0.0004300159502380607,-0.0013315908330649995,-0.00132950078823868,-0.0013207725792767633,-0.0013340150642981996
2010-09-03,-0.0037479316621010783,-0.005411854415339978,-0.004185689430820094,-0.0038869552883873393,-0.0031777428983217337,-0.00254454735496068,-0.0023562202543248034
2010-09-07,0.007302326517371283,0.010087312699889717,0.006300325232381665,0.005898565303766867,0.005636384491405133,0.005367442338549022,0.005281873649733981
2010-09-08,-0.0003023294637289897,-0.0025808772382922562,-0.0016132249793533449,-0.0016823050100132075,-0.0012635638332859633,-0.0008418789322233167,-0.0007996411735450293
2010-09-09,-0.009920811835414045,-0.013103130445200173,-0.00821664210521611,-0.007169107529241603,-0.006360642218609325,-0.005753338595670843,-0.005697009717807289
2010-09-10,0.0011480415397955301,-0.00039369332187288997,-0.0008680975242225664,-0.0011561194479566828,-0.0012078818535120606,-0.0012096624457578198,-0.00113558126259794
2010-09-13,-0.00040863339202212856,0.0022147835507257962,0.0034339657802611168,0.004263186709244415,0.00472811261364714,0.005321430477857048,0.005597063084005427
2010-09-14,0.01894329055676347,0.014703821545676732,0.00866896449539234,0.006770801815149552,0.006028305663461575,0.005481005156330987,0.005151265387206561
2010-09-15,-0.0012353328334003821,-0.004880522931178133,-0.0018312184144808619,-0.002161739541776786,-0.002040727660161612,-0.0019743323259759915,-0.002002886449398944
2010-09-16,0.004684274414330947,-0.0003675184213094429,-0.0009586827220835481,-0.0016277938160296213,-0.0015746880155610432,-0.0016777930165458033,-0.0019274892829179713
2010-09-17,-0.0004484354663837342,0.0011208143628269607,0.0015442425803875448,0.0017581156509502982,0.001982210347052371,0.0021420183222293776,0.0022266777258974635
2010-09-20,0.0030615984326265444,0.005142240732215475,0.003924167310204618,0.003778669173871263,0.004076073455103746,0.004502700743707511,0.0047189335553847744
2010-09-21,0.009069563719258378,0.009128756514684255,0.007772004485940398,0.0073304244953733555,0.007160605892986283,0.007019733462901634,0.006762589928068996
2010-09-22,0.0016910630666258086,0.0030370948196041248,0.0004886693941232867,0.0004045904041161119,0.00036249481119488003,0.00046601999878004285,0.0005260750944831027
2010-09-23,0.0005952561399615863,-0.00014738871621189364,-0.0002180112962666403,-0.00011069929392681921,0.00026642463308190756,0.0006280812328900431,0.0006434271333062291
2010-09-24,0.0025647927476823984,-0.0009533436105781945,-0.0006466237301492317,-0.0012562284915978994,-0.0010056190104325013,-0.0005865326584997277,-0.0003475690260866804
2010-09-27,0.0009182087978096831,0.005192119138887952,0.004242982609654611,0.004951978849925931,0.0050104161542419146,0.005046046215007927,0.005017856628223738
2010-09-28,0.008758547648446635,0.007897832470691979,0.004817352500944727,0.004160906290266553,0.00358680132488165,0.003252357511406734,0.0031559632677720106
2010-09-29,0.00044113701296066843,-0.0014418513505589647,-0.0016289364477218848,-0.0015888396540060246,-0.001624493620742351,-0.0014766721707130115,-0.0012925894463832188
2010-09-30,-0.0002930943823408194,-0.0002296314134909716,-0.00033080704589094623,-0.00014595655057403345,-0.0004596738798068323,-0.0007279360181943195,-0.0007247436987634082
2010-10-01,0.00656900480649214,0.002758254857983422,0.0022058648501217526,0.0017690683177427058,0.001184364403428395,0.0009928596744619433,0.0009119065341354204
2010-10-04,-0.0025333567588514683,-0.00035674089063764125,0.001759798835299975,0.001863628376789661,0.001240565531271276,0.0008741959828986179,0.0009291272860971755
2010-10-05,0.01723355065334231,0.009942088650300773,0.0061514041868577785,0.004473316274642869,0.0044744794121300835,0.0044869085151779675,0.004417119908690648
2010-10-06,0.006440615896391666,0.0075746412934247775,0.005656302633783028,0.00528235329912663,0.004588178151468725,0.004324512845573336,0.004259651103234896
2010-10-07,-0.01025147735232923,-0.008663654173139523,-0.002052695400175386,-0.0008949946840445255,-4.529251807705581e-05,0.0002649524732050157,0.0003227033133696988
2010-10-08,0.008383702014638228,0.004135989263414075,0.002890605247944489,0.0022916171248594797,0.002113539575337109,0.002337846331533111,0.00263984643350601
2010-10-11,0.004217452768288554,0.0027452684528828097,0.0019139314831619902,0.0016089394732849982,0.0014495180290778897,0.0012686307997225033,0.001111442400387297
2010-10-12,-0.002836073053715693,-0.004250566160009295,-0.0021417884139649512,-0.002217814989081135,-0.0018358243858765944,-0.001716119026338947,-0.0016215658318891046
2010-10-13,0.014271983179275693,0.009091495501056368,0.004670631269548364,0.0033753266323421904,0.0027372139137120666,0.002412561945403624,0.0021892806528742703
2010-10-14,0.0031003438039185482,-0.0025617740058024863,-0.002916822769018612,-0.003845341366252253,-0.00420070488319868,-0.0044412210375260885,-0.00456739512624138
2010-10-15,-0.008087298489755979,-0.008791231798227161,-0.00514784012662306,-0.004189847272560665,-0.002411721390707333,-0.0019300057091665712,-0.0019710952940616977
2010-10-18,0.005063199278664499,0.006331650551452128,0.005165469761504005,0.004551606916155748,0.003794535932145182,0.0036066456086603083,0.003698065287470076
2010-10-19,-0.027308840926283384,-0.01645727766263605,-0.0067382818613898054,-0.0035876490457428245,-0.0019423127814465202,-0.0012314357422262834,-0.0010593376689735923
2010-10-20,0.009094677913511928,0.007507238450481291,0.003357708342164978,0.0023783342535237395,0.0017555344021187302,0.0015222654993787277,0.0016735963920706531
2010-10-21,-0.013457432364121558,-0.011937627237507797,-0.007174838633647984,-0.006170559367764561,-0.005441385209664196,-0.005165539491085669,-0.005138694729221349
2010-10-22,0.002370370664839916,0.0034244415462041378,0.000897534569227032,0.0009917148218705485,0.0013449566076377817,0.0015492979412465857,0.0016212770620047667
2010-10-25,0.007896889188205192,0.006020975039789489,0.0024677182575165713,0.0018240224221608425,0.0015326496130545486,0.0013587907262762045,0.0012471976271963836
2010-10-26,-0.0013825974380086148,-0.005683572846041596,-0.004677534493079061,-0.0047958977217053,-0.004505081197509253,-0.004400070836690806,-0.004382245293576448
2010-10-27,-0.01014198056122606,-0.009293293171118933,-0.006724333492774903,-0.00613179393789709,-0.005184959809550138,-0.004812138190013915,-0.004720600815600773
2010-10-28,0.011717245583696467,0.008045524507479751,0.006857439741417615,0.006054478676271069,0.005654566017479823,0.005330285181384564,0.0052103694417626745
2010-10-29,0.010073298698420219,0.009033104238918899,0.005531729837371824,0.0047894929701142175,0.0041576113778027946,0.003837797843356805,0.003651539685285421
2010-11-01,-0.004398953804997885,-0.002822961294461246,-0.001967906143747311,-0.0017799896877485066,-0.0017237984563870379,-0.001743680250175017,-0.0015521600111089162
2010-11-02,0.004449154847507408,0.004052121117384511,0.003900611779028562,0.003908450868909341,0.004161633966988987,0.004466481199461025,0.004521375935266692
2010-11-03,-0.006297703614114303,-0.001985231188543546,0.0003687941887324797,0.0013904019672896784,0.0021175746006807383,0.0026064062276214273,0.00283535923356637
2010-11-04,0.03262459315715138,0.021692267015349653,0.015269222969649832,0.013097925723016601,0.011725607127020421,0.011024867415955875,0.010774388744966057
2010-11-05,0.002875534840130589,9.776136401984381e-05,-0.001597936978322445,-0.0022063600838488906,-0.0026636300785018996,-0.00287677143768883,-0.002889299277067492
2010-11-08,0.009114460377480205,0.004902030046880945,0.002257954128198847,0.0013121541365896938,0.0009990672123030286,0.0007846550293266752,0.0006616957848590843
2010-11-09,-0.017131359348204644,-0.014185940340740832,-0.011599240127219912,-0.010246882966417181,-0.008970105420829322,-0.008223468189773153,-0.008088550823259655
2010-11-10,0.011979487366426955,0.008488068163357898,0.005364261017170913,0.004037577835135142,0.003552025724459451,0.0033897625593579672,0.003433783171810312
2010-11-11,0.0023445637307357714,0.0005625186797642012,-0.0007234180096571396,-0.0011622392559827999,-0.001462768702493067,-0.0016518260224289705,-0.0018202686131473245
2010-11-12,-0.02726418695701549,-0.018685819256372138,-0.013097643071803944,-0.011144480729876727,-0.010535894366577203,-0.010329020704193614,-0.01052294832590428
2010-11-15,-0.00958725716306219,-0.010982313287055456,-0.011236353875885285,-0.010990146927017275,-0.010745448560510074,-0.010512654662888421,-0.01041533158219543
2010-11-16,-0.011815548773211781,-0.00428730122864851,-0.00016416300242660942,0.0008835838420897524,0.0014286688067002284,0.0016850151969616256,0.001535350554271231
2010-11-17,-0.0037934313542516973,-0.00305223190849524,-0.0022184858870871738,-0.0018094207970261733,-0.0016744361007134945,-0.0016641693463778084,-0.001760911559923306
2010-11-18,0.012501592160904629,0.005967947930354933,0.0027942310733561904,0.0021641730934598424,0.002136815472401743,0.0022194018407146743,0.0023028525169304093
2010-11-19,0.0011117839218883763,0.0016449468265162803,0.0018620512233402664,0.0017885434820852364,0.0016838979033007018,0.0015629930193665764,0.001335458692481195
2010-11-22,0.009182743035631713,0.007340987858873049,0.005629322551004234,0.00474037183595355,0.0047277242356289495,0.004703986636221069,0.004668019445696725
2010-11-23,0.006025845614807457,0.0039021581793698967,0.00187373144449543,0.0006518090176212965,-0.0003576863174056255,-0.000866273603964296,-0.000945257692161583
2010-11-24,-0.0007856834309462046,-0.004430653392234807,-0.006108502214793754,-0.006199427549225089,-0.005648590514580221,-0.005227753055401019,-0.005028647271693498
2010-11-26,-0.007344417729398867,-0.002225476188478348,0.00047337285169657406,0.0011934222406191353,0.0013756294195437224,0.0015599184118855192,0.0018404504556153167
2010-11-29,0.002786767101108145,0.002415160463380195,0.0021993932665187454,0.002158878157790589,0.002034818216493539,0.0019862907223686666,0.001966608329164954
2010-11-30,0.012953323783113202,0.007633391518653276,0.004361240772894126,0.0032330201367991585,0.0020379820465663556,0.0012524523375889718,0.0008479781268164732
2010-12-01,0.00014139779681276998,-0.0034366280843795005,-0.006442377309038738,-0.006733315148559127,-0.0064533559864090595,-0.006308678145477531,-0.006065177615780515
2010-12-02,-0.00012120508074953129,-0.0003787769975782673,-0.0009771718368377647,-0.0010005974620946878,-0.0008614956438609545,-0.0007710356364767357,-0.0006361586889708226
2010-12-03,0.019658521214202862,0.012813378208530457,0.006005066398033998,0.0038263765705868202,0.0027507945026201686,0.0021352819263027456,0.0019072943657343355
2010-12-06,0.007135624839121224,0.006736724583320308,0.005980139721555977,0.005473017870195607,0.00514499513579314,0.005027930849285545,0.004891956277528253
2010-12-07,-0.017263910729632514,-0.016167090394128447,-0.014349574668730436,-0.013409584362836569,-0.012921545052425043,-0.01261913549105731,-0.012589000240934567
2010-12-08,-0.012689876716846515,-0.011387368704894207,-0.009549684112963974,-0.008415240555396775,-0.007490661844494317,-0.006986759780023721,-0.006652875155621296
2010-12-09,0.0033441279509727195,0.002601109159863224,0.0018711833372402342,0.0016859073853150441,0.0017124425013257394,0.0017381030909311423,0.001620710506914369
2010-12-10,0.0007436120588775186,-0.001776360243961106,-0.004334639522274419,-0.004951465073614769,-0.005112079075200726,-0.005186029296229577,-0.0053537591905292725
2010-12-13,0.004505264485332061,0.004040070606490254,0.0030327618587850935,0.0023814851734238474,0.001968124793265247,0.0017586435644114662,0.0019101175236875267
2010-12-14,0.0001796352755467634,-0.0032437096825407297,-0.005908686079010739,-0.006409957781555953,-0.006548587456259303,-0.006732282935309697,-0.0069522830388809576
2010-12-15,-0.010772386555125135,-0.008783910365626868,-0.00646591593396828,-0.005521651341446776,-0.004977110671042451,-0.004627462249677583,-0.004448338851660516
2010-12-16,-0.006013773901174968,-0.002156073511425882,0.0018784867775805125,0.0034274151570292677,0.004369152685828714,0.004941894223400745,0.005045759021056417
2010-12-17,0.0033014424302333367,0.005114012095032372,0.006502070895730183,0.0066439447398236595,0.006589957505470201,0.006632777239389931,0.006779709810441847
2010-12-20,0.007155327172810866,0.005029459774855249,0.0026158250612020595,0.0016636233613864793,0.0010545940379540486,0.0007477041204706492,0.0007541829493002972
2010-12-21,0.0022063437749895165,0.0024406487106920505,0.002429076258791296,0.002438432438305993,0.002480421094197327,0.002576455811502232,0.00264692344597961
2010-12-22,-0.0012865137642522617,-0.0013845588487326754,-0.001480523485938856,-0.0015776323516956126,-0.001734470759162332,-0.0018150761711250851,-0.0017254004345854668
2010-12-23,-0.0030093966948593343,-0.0030520569943915943,-0.002864319576533214,-0.0028169967611253455,-0.002833005411355116,-0.002822659003374195,-0.002748478569821633
2010-12-27,0.003393757635712813,0.003740998454087041,0.003679028776800708,0.003441812311524961,0.003189550201532887,0.0030810958944451627,0.0030222889414206477
2010-12-28,0.015377524354474703,0.007151348648815725,-0.0011243823569718758,-0.003898009715210371,-0.005400429380054139,-0.006335144449951202,-0.006588493944275298
2010-12-29,0.0034546104181132353,0.005616254190249581,0.0077402236226467025,0.008343554253555707,0.008608059208568886,0.008781033825816964,0.008815262106617316
2010-12-30,-0.004375093259099017,-0.0033383019523436364,-0.0022514287229633556,-0.0019882148412468936,-0.001958591112279695,-0.0019587243449031844,-0.0021185864805641774
2010-12-31,0.01127210541987056,0.008848998479242365,0.0063786935192542416,0.005354566494479185,0.00468348867417312,0.004293785480172119,0.004453597642182228
2011-01-03,-0.0018252890131816857,-0.0013174284712654805,-0.0016000688884297842,-0.0013418599605025117,-0.0010355336479368482,-0.0008533044383580712,-0.0007918149634927873
2011-01-04,-0.022915418433219314,-0.014379054376793876,-0.005516294897679019,-0.0023276045920288535,-0.0006533424584501679,0.00020201772628336556,0.0004945023998650377
2011-01-05,-0.001887680044179385,-0.003915063319824275,-0.0061456254643457164,-0.0065744301454209175,-0.006625990377405522,-0.006683793243115965,-0.00663844222440757
2011-01-06,-0.004797678033422237,-0.001969802052673053,0.0012830016851803627,0.0026084207790912917,0.0033740261688530726,0.0036903006120494464,0.0036227199059921666
2011-01-07,-0.0015444951395072737,0.0005956614428122009,0.002762626704644333,0.003478684138712662,0.0038207620286159205,0.0040376603676999245,0.004144525822184386
2011-01-10,0.003428743917693877,0.0030355422115770914,0.0027861888125761958,0.0028525388277591546,0.0029691489783463254,0.00307822523170298,0.003239737763768291
2011-01-11,0.004721816334913642,0.0024458402732385753,-0.0001992030084414509,-0.0010683506053852376,-0.001490628701369845,-0.0017369981933569312,-0.0017566924258004546
2011-01-12,0.004093107574589139,0.0021690472222639645,2.7742446447875935e-05,-0.0004865406489852342,-0.0006426840637346887,-0.0007624459206424516,-0.0008096643759271105
2011-01-13,-0.008442745292720932,-0.0037953377598259896,0.0011276681091465512,0.002739695662879571,0.003532381360154213,0.004061155375231884,0.004331882306228607
2011-01-14,-0.007696059126053423,-0.00591796512257059,-0.003711728226699851,-0.00272719557686818,-0.0021107530057109525,-0.0017431283754274496,-0.0015192894069405716
2011-01-18,0.006026357025556983,0.00340969494706278,0.0006151495335608992,-0.00031409722385289385,-0.0007948227594869461,-0.0011042615904932607,-0.0012643438069224189
2011-01-19,-9.834422257626318e-05,0.0001600877109284582,0.0007073275706985793,0.0006395987590206431,0.00043523462041816785,0.00028398237882698574,0.00037665547078225003
2011-01-20,-0.01606688154642133,-0.01251864979783246,-0.00929469359892332,-0.008404729360924068,-0.008063905508696956,-0.007843347734268091,-0.007714982720952834
2011-01-21,-0.0009962037044042305,0.00036281304353380506,0.001988179092963671,0.0021086022298855145,0.001965021402644318,0.001998964259291691,0.002234398203186716
2011-01-24,-0.00360207750932251,-0.002177823571401838,-0.0007574408823918244,0.00020190953815957258,0.0009034348458158981,0.0011741868313388526,0.0010973595217438348
2011-01-25,5.389015473888925e-05,0.0016483559539042236,0.0032155869355587896,0.0035708212039069487,0.0036647729794621053,0.00372175865420199,0.003577036694622171
2011-01-26,0.007153371335565151,0.002973000131253345,-0.001050498654571519,-0.002186586797424006,-0.002627905758815552,-0.0028250587209475153,-0.0027310700460656534
2011-01-27,-0.018532334324204203,-0.011004591059070257,-0.003153590712743237,-0.0004939059425387304,0.0008532932262557136,0.0016914082574681633,0.0020452354410178675
2011-01-28,0.012914492026083968,0.008993454426232672,0.0052984272872298455,0.0032934033327201018,0.0019081107961120836,0.001266549221618396,0.0013206328769550524
2011-01-31,-0.0006543084283737732,-0.00115622598552223,-0.00156140956456563,-0.0017471021628239214,-0.0018674959196488539,-0.0018580431567928324,-0.0016274425596991549
2011-02-01,0.006058734647584663,0.0032728120528440208,0.0009947670943026843,0.00023542168983148315,-0.0002291108287779675,-0.0006438313301377896,-0.0008210944953385146
2011-02-02,-0.0017806171419144645,-0.0017830530246275567,-0.0018702024683434626,-0.0018993346349792661,-0.0019111419161044196,-0.0017742307508511468,-0.0016090172528563373
2011-02-03,0.009846991145114004,0.003913614422372369,-0.0003558062475331747,-0.0017834421409693713,-0.0025044308551820382,-0.0031502992553039677,-0.00354035534652275
2011-02-04,-0.0034842888609614153,-0.0030671877373779077,-0.0032662983267164325,-0.0033332450910165123,-0.0034266681451453618,-0.0036486019355492783,-0.003809396956070077
2011-02-07,0.002083924525243086,0.0012886839706560682,0.0007458121593770795,0.0005631950598035118,0.00048047010043394955,0.00037316500587225576,0.0002805205950102696
2011-02-08,0.0087346613660364,0.00332790857801335,-0.0007021085491958345,-0.0020587185776443917,-0.002767322564240726,-0.003266450519503916,-0.0034700258519759775
2011-02-09,-0.0009026311395150532,0.0007085643733932834,0.0021929265604880843,0.0026952642525526205,0.002973751484869336,0.0032799273721950684,0.0034764562189935067
2011-02-10,-0.00029298181010783964,-0.00111471234225069,-0.0017492697261669576,-0.001963583988009887,-0.0020750739265286144,-0.0022261586072678252,-0.002344444991901007
2011-02-11,-0.0012171735127984862,0.0012194816705306533,0.0029975852058203856,0.0035986821200797436,0.003896358066980632,0.0040249250963917405,0.00402897959429227
2011-02-14,0.003478897376700374,0.0023179330411562393,0.0014633772706724724,0.0011751702345557113,0.0010201903673086044,0.000933531079559069,0.0009193845684229984
2011-02-15,0.004448248582044512,0.003135108744693138,0.0022900516423709494,0.0020047119732562457,0.001861483311081713,0.0015699144885490401,0.0012981631711055375
2011-02-16,0.0012492313233196661,0.0006811649404057096,0.00020222212689291474,4.033331325037359e-05,-6.815921194913699e-05,-0.0001023859695964413,-6.301911241657354e-05
2011-02-17,0.005304015175294108,0.004309582447729277,0.0036703389919401364,0.003454126731181617,0.0033546310355965225,0.003297780874929268,0.0032730688864024415
2011-02-18,0.0028549210931729796,0.0015838548783144724,0.0006458790958341343,0.00032834127059921947,0.00019263385169621117,9.327471644060559e-05,2.3470096099487137e-05
2011-02-22,0.0014897599127425831,0.001513092150798867,0.0022581536190018348,0.002510680111470709,0.0027642220449464183,0.0031632963735268582,0.003391877458279957
2011-02-23,0.004784498801023052,0.0017661617006210495,-0.0005286365404272297,-0.00130569726037022,-0.0016879776403999625,-0.0016691808066986447,-0.0014594231235719457
2011-02-24,-0.006345908041802351,-0.0023524568190324002,0.00039143082953185804,0.0013234266897712565,0.0017465062353301253,0.001876912101890671,0.001856589787962104
2011-02-25,0.008535166410161166,0.006602150572254217,0.005361265512633162,0.004941325651866224,0.004733291421645802,0.004793902166695174,0.004968944440052914
2011-02-28,0.006170870458420019,0.0033938583474113493,0.0015682819397242476,0.0009494523014792478,0.000708298416224773,0.0006082625528824881,0.0005499507121911051
2011-03-01,0.0033960278421953927,0.0029108911844684116,0.0011190286528703908,0.0005234428807447955,0.00020246739436591277,3.7222344704934685e-05,0.00018952648704417818
2011-03-02,-0.0003998959205417929,-0.002209541620053379,-0.002180224930169561,-0.0026514168638904767,-0.0029716026927022465,-0.003158842382941396,-0.0031835596441661673
2011-03-03,-0.002079014096916576,-0.0022534066388255614,-0.0027096875549856847,-0.0028995444187661645,-0.0030740010307285237,-0.003181411065461326,-0.0032371564632660554
2011-03-04,0.003400653109680629,0.00358771622304932,0.004422321323574785,0.004678395261281443,0.004813846849271108,0.004904559581051071,0.005005614527451296
2011-03-07,-0.0023360138084213,-0.0030117728199708926,-0.0028711542029956627,-0.0030246132022341277,-0.003053274358294167,-0.003077689851681664,-0.003140433883206062
2011-03-08,0.000974524111220898,-0.0008194307134637979,-0.0011240183206087107,-0.0013652960241826717,-0.001457843636034739,-0.0015348257845759772,-0.001722724786352714
2011-03-09,-0.0014879863561032547,0.00012977595051077984,0.0018385355726391328,0.002519766086611641,0.002915306971534859,0.003171830094843786,0.0034007061743064337
2011-03-10,-0.013057548665302732,-0.006622329636892577,-0.0009673568498895779,0.0011840679205736837,0.002312506079055865,0.0029846768664401058,0.003168284083688633
2011-03-11,0.004773440547954699,0.0020709400986838045,0.0004045325311461401,-0.0002700411151307369,-0.00060740331772835,-0.0008333534135182008,-0.0010888122496439667
2011-03-14,0.0009061388429314476,0.00032399800489302244,0.0010556640852918964,0.0010986892116116032,0.0011066395314174304,0.0011188667943564656,0.0011795238397389607
2011-03-15,-0.015944731158082037,-0.009292679762233025,-0.004570508552753094,-0.002513242569075258,-0.0014138835900915359,-0.0008029220308441998,-0.0009652462427176545
2011-03-16,-0.007542677750634885,-0.004137757342531412,0.00020367275366584003,0.0016153311422382188,0.0024255934062373807,0.0029500095800749637,0.003423669603068946
2011-03-17,0.006540767257313451,0.00444177690050318,0.0019636172295123266,0.001016935694064136,0.0005133643378816277,0.0002622616714242909,0.0005572969054470356
2011-03-18,0.007345327045667593,0.005321824555031274,0.0019682901766282512,0.0010963344584009604,0.0007138888729094628,0.0004823617198501662,0.00038473267406402556
2011-03-21,0.00930133467278682,0.006199733452769474,0.001841108473386921,0.0004903849491695311,-0.00026637113740235474,-0.0007352009739561849,-0.0010110096384771117
2011-03-22,-0.0016093962509330373,-0.00019156560337307837,-4.95737248779049e-05,0.00011179619138190766,0.00018076308599557223,0.00024158833914333933,0.0004096162143247817
2011-03-23,0.005926465696510785,0.004197920739960503,0.0017758173175872471,0.000959635383523727,0.00047224882164420556,0.00016936182374949205,-1.3324943601067396e-05
2011-03-24,-0.0006299318749368732,-0.0009721840495696688,-0.0015809504514084916,-0.0018462826993246306,-0.0020798169857648707,-0.0022154973181893745,-0.0022274356411228213
2011-03-25,0.0016981643976361482,0.0004974642378097194,-0.0008750792538575469,-0.0012807513063340936,-0.0014725196280784836,-0.0015846280453891692,-0.0015996009270834444
2011-03-28,-0.004734530502902845,-0.0030493773726614215,-0.0016454607332186955,-0.0011360319851272394,-0.0008514316971542923,-0.0007042876829294054,-0.000834712798745918
2011-03-29,0.0012131948478546484,-0.0002924546710095788,-0.0005710199011250694,-0.0008458007043485871,-0.0010383677963585747,-0.0011436779388925844,-0.0011013248666700282
2011-03-30,0.00501114377184364,0.0045548862126429945,0.0034988683045169555,0.0033970396623224097,0.003384063234702861,0.0033652548833367213,0.0032754086001862692
2011-03-31,0.006806780514512001,0.003642048729829872,0.0005161619371905068,-0.00044165585511979355,-0.0009040942195279733,-0.0011552577117059926,-0.0010391464288010965
2011-04-01,-0.0033035517471378117,-0.0018955441397138229,1.2441543539187805e-05,0.0006544479273380421,0.000975449436627196,0.001174963920201666,0.0014323120646944076
2011-04-04,0.002854701507786217,0.002761715093979822,0.0024377646621727145,0.002323205171571141,0.0022659792906010168,0.0022359131256999287,0.0023432279801538503
2011-04-05,0.01152579295311007,0.007969176493560992,0.0014851354226141922,-0.0008927912807992211,-0.0020808163300993776,-0.0027991802692237666,-0.0031999703461588203
2011-04-06,0.002170488037467777,0.0013008835641070693,-0.0008674374237939153,-0.0017250372283433846,-0.0021550282001358,-0.002413758189358517,-0.002509777939737723
2011-04-07,-0.0004726937050471003,0.00012135613180652705,0.00016158477375216584,0.00015226629517339774,0.00014759004409836685,0.0001459574365469951,0.00017800248554844522
2011-04-08,0.004675019428231897,0.0032571887460823845,0.00016131524364126903,-0.001018829584897074,-0.0016113129981940588,-0.001952809391321697,-0.0016589395362329729
2011-04-11,-0.005806442832246184,-0.004634280963888737,-0.001898974475693871,-0.0008871791319524647,-0.000378310969805451,-8.209298285255517e-05,-0.0002609227831575911
2011-04-12,-0.006655613952912698,-0.00502768255225905,-0.0005864122328409493,0.0010720463311388873,0.0019048746688390406,0.002396251269233707,0.0022985189182140875
2011-04-13,0.002691193096252764,0.0035944639292913028,0.003994755719253007,0.004163895870838319,0.004248624308457183,0.004302269687674665,0.004396355030223509
2011-04-14,0.01122848053920511,0.0064642166217450114,0.0012325130596346767,-0.0005673470134299752,-0.001468709900724785,-0.0020125114983085,-0.0022635800278622
2011-04-15,0.0074555133221323455,0.005591711119560472,0.005586548838211858,0.005703440671442239,0.005762134028956645,0.005798812977650503,0.005849162284548459
2011-04-18,0.0026859744089520188,0.0017588979929306081,0.0013623977943841847,0.0012099234390452462,0.0011333733116307698,0.00108300601837108,0.0009464901275546556
2011-04-19,0.0016540914532314765,0.001966505188574885,0.001931566826484099,0.0019399700802387176,0.0019441911306061765,0.0019449615400068954,0.0018964072826599399
2011-04-20,0.007419509261679336,0.006961263096451287,0.003026309391571891,0.001514554646519617,0.0007553982626955502,0.0003025957693727488,0.00025498340021434807
2011-04-21,0.003068032451597036,0.002866140622076463,0.002204098094513718,0.0019583773590619025,0.001834704261217901,0.0017629112025707716,0.0018127777877210427
2011-04-25,0.0016876790323532287,0.0011527202000878312,0.0020286329796330715,0.0024043277490890524,0.002593488900911156,0.0027053612814307293,0.002686162790639157
2011-04-26,-0.0008234539451243972,0.00033479586483098345,0.002298440853912176,0.0030475970365013705,0.0034245800472523236,0.0036513723497475503,0.003722286601370417
2011-04-27,0.01622211108578342,0.011753096441524669,0.004812996047328655,0.002254115117245492,0.0009679017694881331,0.00018872215639342826,-0.00021689789556167405
2011-04-28,0.004171455961872406,0.0027340330449725503,0.0027535266538998293,0.0028468229600391304,0.0028938957147619515,0.0029158638441981743,0.0027459705990668937
2011-04-29,0.012144416290357896,0.009746120599927188,0.005609443915721046,0.004091488784791375,0.003325668704495577,0.00286454353686727,0.0027264368359998237
2011-05-02,-0.0116618649071073,-0.009176356585528178,-0.004582063786501389,-0.0030003497904638188,-0.0020306111933827697,-0.0014584800404549014,-0.0013471611496531644
2011-05-03,-0.003951855165609919,-0.0033718879850642702,-0.0007961984531965616,0.00017987887713522,0.0007554558697049352,0.0010926121337571093,0.0010662946727417744
2011-05-04,-0.013613361338565277,-0.010932146906552531,-0.004092860546571764,-0.0016522856676788322,-0.0003202138766686957,0.00046636872778904603,0.0005674993724069655
2011-05-05,-0.02643225175478303,-0.021071154348212162,-0.007983118898896024,-0.0034112181790253437,-0.0010955681567037523,0.00029176359519511585,-0.00013445603565542807
2011-05-06,0.010863164033712902,0.008823783006718378,0.004857951378237635,0.0034985607904658433,0.0026788094868046564,0.002191692108955978,0.0018087656492482562
2011-05-09,0.013526329874334442,0.01117079553423439,0.005989527689842289,0.004214971818423896,0.0032405908523822635,0.002667535220027606,0.002972834920574874
2011-05-10,0.004572890540467611,0.0033855848343402606,4.4575578166616836e-05,-0.0010936450963754396,-0.0017231803200649098,-0.0020939324922498725,-0.0021560368665843876
2011-05-11,-0.009310250936305886,-0.007491813203479358,-0.0024983969991780874,-0.0007260333045776557,0.0003059090448216395,0.0009121719941820317,0.0006672740397914989
2011-05-12,0.0004526531058341998,8.270426610801351e-05,-0.0004100640001971634,-0.0005589276127079268,-0.0007456866778901006,-0.0008552402090077349,-0.0009183637493914709
2011-05-13,-0.006899713231695137,-0.005428037832186705,-0.0017475706386792522,-0.0004990504555607567,0.00021245496164001842,0.0006373003969997182,0.0009800399130022175
2011-05-16,-0.0015047319480933075,-0.000709709157615368,-0.00038312970862874884,-0.00035058294402778856,-0.00010101603500667355,5.206635262644532e-05,-1.639727729707552e-05
2011-05-17,-0.003989255884008003,-0.0029652887725180044,0.00014265327536500116,0.0012642927308674778,0.001857534365451441,0.0022051485477232458,0.002384669302480047
2011-05-18,0.006269329654176259,0.004848916816682536,0.0003459273477972591,-0.0012479184847096203,-0.0021483510820514695,-0.002679233617880361,-0.002633357130181757
2011-05-19,0.0006817209831353477,0.0008351356395970289,0.000953747728194676,0.0009914130156047918,0.0010255569749191285,0.0010453138925408112,0.0008959929279697132
2011-05-20,0.01047338083135596,0.00817149622114055,0.004207877027451845,0.0028824661812658636,0.0022125783998732107,0.0018140985063153092,0.0017889870020177945
2011-05-23,0.00124104673002301,0.0006215042599422294,-0.00042511327753891326,-0.000778879069295968,-0.0008096969566480094,-0.000829691651754394,-0.00102900234714276
2011-05-24,0.0049607742236272845,0.004175351597324406,0.001764087243047996,0.0009054740734151245,0.0005809645625909354,0.00038949223592998905,0.000561320863482706
2011-05-25,0.0003280559928899862,3.829668554966581e-05,0.0003326101423035688,0.00048818237175751733,0.00043630614866052575,0.00041369876599550715,0.0007329621790768126
2011-05-26,-0.0010919762864415317,-0.0001366598367482652,0.0025859393266844943,0.0035723590489038504,0.004021481323096099,0.0042978979262919825,0.0044927128452230125
2011-05-27,0.009619400589016447,0.0081182317326145,0.004098851746630494,0.002687923726074848,0.0019623966565103235,0.0015303978226850479,0.0013431317993404246
2011-05-31,0.0009852446157156969,0.0010735756742372704,0.002144883048437629,0.00262584270122046,0.002821219111323714,0.002934938408054366,0.0029829963261920334
2011-06-01,-0.0019861342759230904,0.0005251564249384444,0.0028015310547111483,0.0030859065249189133,0.0031365388986297482,0.0032647636809579605,0.0032609613101675095
2011-06-02,-0.003277964863339089,-0.0058378871203461635,-0.0049902311506170305,-0.004672917483693473,-0.0044688281289496645,-0.004473163815096326,-0.004359145835416189
2011-06-03,0.0047143136620233506,0.004256694640622838,0.0032827130320252085,0.002158618556526104,0.0014798405806695225,0.0013266879594795444,0.0014045222394960533
2011-06-06,-0.00024186479422705354,-0.0012979819950295068,-0.0009330475869115951,-0.001143829001358898,-0.0012751128991829175,-0.001359188282656132,-0.0015211427981871584
2011-06-07,0.0008978331894256009,0.0017764442987500129,0.0015855099860317967,0.001284127624753495,0.0010969419922470802,0.0011049787477188655,0.0012608096448443185
2011-06-08,-0.0039066505825196,-0.0019837161494318245,-0.00068765374187163,-0.00029031604992058035,-0.00012508360771557037,6.040540648943882e-05,0.000326962653088847
2011-06-09,0.0031136009261663045,0.001228656328690958,-0.001167691494631251,-0.0017333955803632284,-0.001972140205975026,-0.0022566164390515064,-0.002339474083616677
2011-06-10,-0.010705312064910988,-0.007299565186187351,-0.003076453840522686,-0.001661971494898884,-0.0009696839663229095,-0.0005697583240111825,-0.00041298894711194745
2011-06-13,-0.00822190846009363,-0.006009568527685749,-0.0038474415092201175,-0.0032096945469760607,-0.002890002549287174,-0.0026543134221069797,-0.0025881341625459964
2011-06-14,0.007130546131365989,0.0031818827353287116,-0.0009369479423759763,-0.0022909315201409264,-0.0029236929682847634,-0.003384562776545308,-0.0035910570721521262
2011-06-15,0.0007610147202343764,0.003090289465373486,0.005257957040962324,0.005527280981196592,0.005575233714275152,0.005746957103077266,0.005548269081812274
2011-06-16,3.394147773105871e-05,1.8106092720904243e-05,-0.0004207198318085803,-0.0004249530585577199,-0.0004051218083422903,-0.0002872970519111062,-0.00017199160333802865
2011-06-17,0.006867591939591966,0.0045887591551090345,0.003018480814964475,0.0018006618177963674,0.0011083816509736,0.0008040487194886925,0.000565174149532055
2011-06-20,0.0019630436828317332,0.0016522965845491289,0.0006998328837137802,0.0003801674608985284,0.00020753506741066907,0.000128622901092168,-2.8576749051656414e-05
2011-06-21,0.005219525188251417,0.0033145577756268363,0.0017521871531194222,0.001951872245809838,0.002162650883054562,0.002074753433411347,0.001887088775941903
2011-06-22,0.0009874525976538706,0.000950255385090415,-0.0003632996765339236,-0.0010357213127030196,-0.0013990741724535516,-0.0015388347194081886,-0.0014771858318599618
2011-06-23,-0.017870590027357802,-0.011520755200125299,-0.0029936489081622275,0.0008111366014269539,0.00283026932268049,0.0037655170410533234,0.0038590034489511815
2011-06-24,-0.01233792069130124,-0.008941557409287704,-0.0024700756102806753,-0.0012561106712543069,-0.0007339641125290175,-0.00021645318639196276,3.2743275453217535e-05
2011-06-27,-0.0026743946249268014,-0.0037287200139164423,-0.003005720881856133,-0.002245251724396713,-0.0017685276288564866,-0.0016493106599745344,-0.0016763866485234313
2011-06-28,0.004084651349087087,0.0008349184288976019,-0.003291659802259983,-0.00401104457021606,-0.0042901805263829695,-0.004618900695617878,-0.004639482922389693
2011-06-29,0.006917195563902023,0.0039404189420593205,0.00023953083305938705,-0.001205916927254691,-0.001958116352736683,-0.0023915506650811214,-0.0024258068492550855
2011-06-30,-0.006712813478732871,-0.004516016499670483,-0.0029586378030016514,-0.0018667281884879872,-0.0012574686211038744,-0.0010359745005122933,-0.001163553534384576
2011-07-01,-0.002777744832148432,-0.0020854874245894717,-0.0011688565394751826,-0.0006190604692773993,-0.0003497156721190553,-0.00024674943347124945,-0.00023256179754016504
2011-07-05,0.0165539605337377,0.012168109548168049,0.008649934036397466,0.00746804193812034,0.006879945734305393,0.006552162256908689,0.006474894178741364
2011-07-06,0.008444080971071743,0.006145133825728344,0.003768493809867879,0.0029557678418457023,0.00255214931301051,0.002342843182373322,0.002214854416877854
2011-07-07,0.003670277906371311,0.0022547741487235484,0.0001856105844051381,-0.00026852347891548334,-0.0005035162373409063,-0.0007232427175276612,-0.0006625062745255761
2011-07-08,0.005735894612012737,0.005934858666936327,0.006979480883872791,0.007244829270888431,0.007384196821835998,0.007534703757232419,0.007574497419506221
2011-07-11,0.003970551163272162,0.003843525390103464,0.003710317195344759,0.0033638923161933842,0.003201551679102632,0.0032233419249823037,0.003212023406803377
2011-07-12,0.006977428394471019,0.004780585089087408,0.002377813044816657,0.0013054752057968244,0.0007806066792601651,0.0006013666253514849,0.0006233758357792052
2011-07-13,0.005511758785666787,0.004964881787648201,0.003804968517026275,0.003504254350276348,0.0033407451238764985,0.003110719370432058,0.0030890385493527184
2011-07-14,0.0004442311691044143,-0.0013931570454848163,-0.003476963967909974,-0.004420398104356127,-0.004890493535745111,-0.005131085923235745,-0.005250378174204262
2011-07-15,0.005482107094047839,0.00423390669953605,0.004160652981201718,0.004418958303841203,0.0045429615517151856,0.004554355834392121,0.00459402803106701
2011-07-18,0.0059772735956999945,0.0030938413227383776,0.0009499584395038507,0.00014463266192432656,-0.0002606558087021593,-0.00050652476355173,-0.0006660480772285871
2011-07-19,-0.007174306560882471,-0.0035872889188662826,0.0009424545928156114,0.0029799998662694005,0.003992931136527211,0.00446275322082168,0.0046745742399809664
2011-07-20,0.008515996074615284,0.004811105977093888,0.00010192863692481957,-0.0017303943527201548,-0.0026405952981443104,-0.003084203949849873,-0.003245386304050135
2011-07-21,-0.004786094677653341,-0.0038575461476677564,-0.0036116363154484743,-0.0034400144367107144,-0.0033569594509338385,-0.003342419670667396,-0.0033963241508518927
2011-07-22,0.007706066018720703,0.006382805459738128,0.005095805295913358,0.0048734053726513515,0.004754510139360901,0.004609453630212812,0.004567776956956315
2011-07-25,0.004667978885139146,0.0017809458297517455,-0.0008812330225979048,-0.0016820359893814363,-0.0020920303336415813,-0.002410538498925585,-0.0025882860032359067
2011-07-26,0.0026431939799747006,0.0031493908706472507,0.0034946179706361047,0.003611915644589292,0.003671714111181501,0.003714787028156641,0.003786000309797366
2011-07-27,-0.008084504595657793,-0.006069324627672512,-0.005003888015653324,-0.005037679515488502,-0.005046127947840429,-0.004960414426470217,-0.00487498426139954
2011-07-28,0.000854835713233415,0.0012628237660410324,0.00158614363861731,0.001707142578437848,0.0017677138286678051,0.0017997626311405668,0.0017644801604446148
2011-07-29,0.005102247198839782,0.006342832381525776,0.008039996753167244,0.008444395853685505,0.008657070570888159,0.00887898980369406,0.008864528656943538
2011-08-01,-0.005087122429319746,-0.002804485472829521,0.00019496440544375382,0.0012671879560506305,0.0017725613306702748,0.0020429186727795035,0.0021849585349462686
2011-08-02,0.016907415371832046,0.015254416709318264,0.00912147607927416,0.0066781941208333695,0.005520085611955494,0.004891576882809057,0.0047010982547073255
2011-08-03,-0.0011700021264801075,-0.0008852810861817995,0.00033540088822392455,0.0010802219808836444,0.0013482086199176901,0.0013966624021930496,0.0011458916714119916
2011-08-04,-0.01054822703795022,-0.005182661183481652,-0.0008346397471052924,0.00032139162790101317,0.0010429984787914126,0.0016292866177916032,0.0017000116973351354
2011-08-05,0.003196539277058097,-0.001197897669764303,-0.005528427408579839,-0.007060518386753256,-0.007923252727496277,-0.008544591954076974,-0.008735359334347104
2011-08-08,0.019600120233290275,0.013106034003685929,0.0075184328401927125,0.005567725180478655,0.0046417363130808464,0.00414001636814243,0.003739733666288325
2011-08-09,0.017246161143932293,0.014774591765055023,0.01284321395453425,0.012331788722470982,0.012131842060234987,0.012072481410377867,0.011785490279383026
2011-08-10,0.029045706228429058,0.024479142664610487,0.01445298976949716,0.010265821653912655,0.008369193727421509,0.007450666611159562,0.007221430625846015
2011-08-11,-0.014319759651360897,-0.016692007553179233,-0.011589297667000897,-0.009176526110246552,-0.00807958311738144,-0.007549878814499422,-0.007176025972968847
2011-08-12,-0.0040846953715647505,-3.491174463354785e-05,0.00299052278224754,0.004227898738130342,0.004820125756168636,0.0051433277085930484,0.005252282107562012
2011-08-15,0.01361437319422687,0.010313147065047046,0.004900155615958246,0.002779513145978685,0.0017659982950066766,0.0012129459456913239,0.0009561316063733116
2011-08-16,0.010604938909762662,0.009145470046781679,0.005465078061726691,0.004051936737678119,0.0033950955325325882,0.0030593807391994243,0.002925711243639828
2011-08-17,0.0028693784669158173,0.003128043105485645,0.004689847802746394,0.005176676400330038,0.005481085878259018,0.005727109825345744,0.005922708705158319
2011-08-18,0.011834459714853418,0.00975969919214914,0.004223606606474917,0.0016374622427481889,0.00046977239435097573,-8.546561669686703e-05,-0.0004824693083611553
2011-08-19,0.009204718573644799,0.006875233646607581,0.0025500168289296354,0.0008409612422752843,8.648656246279529e-06,-0.0004570212036462129,-0.00034430928893247614
2011-08-22,0.02325910463400227,0.016672124821062395,0.0074931970645948365,0.004184660819603669,0.002476214251781572,0.0014152241193015058,0.0008441785352815145
2011-08-23,-0.031266759648722164,-0.026659857037432788,-0.012981801807297355,-0.0070201084123204804,-0.004152786289865262,-0.0026065006508597666,-0.0018109152834332454
2011-08-24,-0.02889316905802941,-0.025148145175397763,-0.01659422083462192,-0.013307518203803825,-0.011666661576207438,-0.010701361680940269,-0.010280719993867815
2011-08-25,0.0016190292874993517,0.002764490756697713,0.0028424038806322827,0.002674832505930258,0.002634414683853503,0.002657188588853776,0.002819998743611718
2011-08-26,0.027752519153736666,0.021158746562295994,0.012921968941232986,0.01038318036921626,0.008993964511242236,0.008040164214310419,0.00749958371043391
2011-08-29,-0.01436741718555179,-0.010537960120239998,-0.00606674952578401,-0.004318376424061077,-0.0034737447700687873,-0.0030067413385498343,-0.0028418431927479393
2011-08-30,0.026921959355725944,0.021841842881269002,0.013667481474561871,0.010809623579401295,0.009351239153505997,0.008454716594725298,0.008086118753581895
2011-08-31,-0.0056342945144334244,-0.003932781919485762,-0.002359519099185192,-0.002105127969772913,-0.0019397174038614517,-0.0018006647868165082,-0.0017502109452574022
2011-09-01,0.000816625788727654,9.34613818581731e-05,0.002571287060847638,0.003705727020442362,0.004279789628251374,0.004627942881809011,0.004710127204881731
2011-09-02,0.03009560446226134,0.02605214245632448,0.01514333215479402,0.0102045143681333,0.007846597211555562,0.006491380287146908,0.005865145380984815
2011-09-06,-0.0018596957721263019,-0.001603752088249366,-0.0009096967172294024,-0.0005849572159408734,-0.0004327749312083018,-0.0003472475992408741,-0.00031875300735406675
2011-09-07,-0.031704509633099454,-0.0264459785350174,-0.013401977736921311,-0.008089430964072886,-0.005420413309026539,-0.0038154607018248132,-0.0030275055831175957
2011-09-08,0.026649489907355495,0.023386064601783385,0.012754510227350746,0.008832615466962457,0.0068702522338250915,0.005691050248334051,0.004958722614259337
2011-09-09,-0.006148905390495063,-0.007195865036395355,-0.0027506634305657363,-0.0013628388284326887,-0.0006411246813822213,-0.00019350786413130372,-6.410506414811223e-05
2011-09-12,-0.022259021099789722,-0.019973598580693586,-0.011692162750466806,-0.007273814403001566,-0.005185214430109997,-0.00399825818540811,-0.00347004062966505
2011-09-13,0.010570432128397922,0.009432704426630023,0.004183106025581473,0.0025254285298037527,0.0015685881351796827,0.0009242306802901279,0.0003999632510469642
2011-09-14,-0.007425286874088832,-0.006197416981027604,-0.0020991480656612493,0.00016418760608094551,0.001184333163688267,0.001737056158056749,0.0017722418470265122
2011-09-15,-0.015800625025787052,-0.013444726031560772,-0.008365896645354143,-0.006164392470920155,-0.005136035037550446,-0.004556151773394301,-0.004307999941639884
2011-09-16,0.009347009911544912,0.009005277553748359,0.004876206086099399,0.0038628891573264657,0.0033328376426096096,0.003000855444778905,0.002666209398393793
2011-09-19,-0.015463431437698016,-0.014726209091125986,-0.0038862908006591645,0.0007942833973719754,0.0029834219854838473,0.004220755110607488,0.004495411247152026
2011-09-20,0.014225501475026991,0.012715784875292568,0.006487749854585223,0.0038784349514362493,0.0026405865209684354,0.001928505603389974,0.0015578051747269228
2011-09-21,-0.012529722954750522,-0.013887397191069129,-0.006049102695095621,-0.002858182886178784,-0.0014434359541348751,-0.0006869747621208733,-0.0004041020640808135
2011-09-22,-0.026150502008680077,-0.024280098998708532,-0.009444909323721662,-0.004583770913877849,-0.0019790196324381837,-0.0003119070557536796,0.0001905563740123295
2011-09-23,-0.054612477990687025,-0.04878634153976136,-0.0252929178708845,-0.016234811184862252,-0.011901259231961503,-0.009379677296879385,-0.008483297909192555
2011-09-26,-0.013842141722280599,-0.011708843985080986,-0.006335564015907402,-0.004181511625086509,-0.0031879481277944377,-0.0026264833730763604,-0.0023832526444754754
2011-09-27,0.01933782293827302,0.017417634243000135,0.005237184656776472,0.0011881831620543792,-0.0008228820429936334,-0.0020416338849920113,-0.002423826472251478
2011-09-28,-0.027450607353169287,-0.026072986591110237,-0.013185953486761992,-0.00843084116926962,-0.0061506259110556405,-0.004814316756142967,-0.004437652381151014
2011-09-29,0.009484969853149172,0.009401879824834314,0.0038400648681211624,0.001049706269233619,-5.895363117891517e-05,-0.0005869132521628684,-0.0005382020540388721
2011-09-30,0.0022293346597741515,0.0008322349501517223,0.0009161273695681427,0.0003822087154792264,0.00025049612053740233,0.00024056050037102317,-8.955098886664903e-05
2011-10-03,0.016038140270310475,0.011278309388568442,0.006973287624755242,0.004302235591194581,0.004034597221456826,0.003828815528902796,0.003789472691054563
2011-10-04,-0.01855798645653095,-0.01221426850208751,-0.009266756617946958,-0.006319745257379328,-0.004699990792132347,-0.003801174465389856,-0.0034779635846515777
2011-10-05,0.01228366585988483,0.01078135119946766,0.007737262371025899,0.005049160899404104,0.003311822792150698,0.002214544526649709,0.0017462303627893139
2011-10-06,0.0070074983448906725,0.004107961423090334,9.119756581998928e-05,-0.0006253492494958657,-0.0012057131372480434,-0.0012533219008716845,-0.0011702166007758752
2011-10-07,-0.008079800679131277,-0.007343809809619795,-0.004916821825528106,-0.004473392884120075,-0.004650887203387022,-0.004702269516083546,-0.004716701610348317
2011-10-10,0.026170251993873794,0.020361960075683694,0.011763143234395423,0.005925617130555061,0.0027632719851926613,0.0009800651001077298,0.00017609344000013571
2011-10-11,-0.006412544354679972,-0.003669186453512774,-0.0007127827310172696,0.0015470660433674066,0.0018291598577722112,0.0015871105132423402,0.001746848008637114
2011-10-12,0.007036521026152043,0.0036144860645197507,0.00163874503937822,0.0013048942496132199,0.0008459050083768904,0.0010790923358252602,0.0009307737188957166
2011-10-13,-0.0050576881715397315,-0.000830140549097691,0.0011226364899554753,0.0017318969818795882,0.0025426112024209413,0.0028390288228901106,0.003011711389786065
2011-10-14,0.007429717038083039,0.005640993361852642,0.002649959672120117,0.001703776365154397,0.0006931908229610428,7.032192970246598e-05,4.968002925131998e-05
2011-10-17,-0.0053722728821876675,-0.0036400971829220197,-0.0018099452867937904,-0.0008867373490089037,0.00048343361033698073,0.001381762979804746,0.0016148253246983657
2011-10-18,-0.003843864602295022,-0.0014507666278134046,0.0008323516821708843,0.0014784261847686775,0.001315818811398195,0.0011374703285180754,0.0010950774514455475
2011-10-19,-0.012574647403877148,-0.011010041239468138,-0.0057164009933590165,-0.0033579291147731727,-0.002705102516613711,-0.0022739618080745982,-0.002247946559377101
2011-10-20,-0.012676341448582429,-0.009941086603696414,-0.004917501748244568,-0.003019447180047319,-0.0024538831744805867,-0.0019088153306864308,-0.001679237283684909
2011-10-21,0.011174076588696957,0.008037043142768985,0.005209890625662572,0.004102598613262565,0.0029985903424190052,0.0024454896855534702,0.002088779745800462
2011-10-24,0.010044666128457447,0.010170811775216393,0.008307650569687963,0.005970187530191184,0.005516059593983602,0.0056563050807552084,0.005594747203060635
2011-10-25,0.025641024966692294,0.017883727953600603,0.01136993004135367,0.007360150344725369,0.005544668448358214,0.004083517464821496,0.003706270350540164
2011-10-26,0.010268051975248937,0.0044836683475326655,0.0007174812632813055,-0.0008503170481876099,-0.002620802788478982,-0.003603564910327983,-0.004189699065009211
2011-10-27,0.013638335453347139,0.008754055699606633,0.003604995408135858,0.0017443649686865736,-0.0006882620141085427,-0.002113853938090271,-0.002530016150228742
2011-10-28,0.00047384337641287466,0.0020260602579804665,0.0032302277175939587,0.0036159137072282466,0.003964803657184657,0.004021754211193551,0.003982139269221641
2011-10-31,-0.013625323671151324,-0.006674734142982808,-0.0008978639514474196,0.000548871283138741,0.0031433169697288044,0.004675024475766287,0.005242453085014365
2011-11-01,-0.002744480395459159,-0.004622359171962631,-0.0016739678852576434,0.0001026136576884884,0.0009341452361353308,0.0019611607786835794,0.0023903211480156283
2011-11-02,0.010855203984198258,0.010090682018337072,0.0062295276550192735,0.005227070705878356,0.0038283734916102485,0.002500576977327862,0.0019857559993472496
2011-11-03,0.015557580638549284,0.01639225626144425,0.009540035188762674,0.006366841015005509,0.004010091903228208,0.002330863165924457,0.0016771291595203408
2011-11-04,-0.005337756303739227,-0.005171238742668005,-0.002456174384594889,-0.0009073822686700428,0.00025644175816474934,0.0008207267547146735,0.0011197022805335966
2011-11-07,0.02202059789198718,0.02099004554447892,0.01052726747492816,0.005051765026047983,0.002811994932746975,0.0018775707658262863,0.001597096948373622
2011-11-08,-0.006417961736707611,-0.004845066684746824,-0.004248250098043194,-0.004508313397374786,-0.003426177128824537,-0.0028278528170396777,-0.002587941333702437
2011-11-09,-0.011749872310980236,-0.013395499408060174,-0.009820885499605025,-0.007830839827084435,-0.005092219374100315,-0.003147782652242026,-0.0024418371174365072
2011-11-10,-0.004953259402361465,-0.004564114567435551,-0.00471127837060481,-0.004698544290095419,-0.003911695552234473,-0.0037459569374392876,-0.0036856285990691795
2011-11-11,0.017383278111088085,0.017117152257472235,0.010433120183939382,0.006329486303935816,0.0036680533585389252,0.0022807676916851705,0.0016813369950032797
2011-11-14,-0.00560874489810248,-0.005048057984841425,-0.0021566873806027065,-0.0014297262220627216,-0.00011672007644403237,0.0011149286240763612,0.0014922286883116698
2011-11-15,0.0014905153314475061,0.002563275954930111,0.0011347754088550932,0.00047659667819255347,4.0124756588433286e-05,-0.00017731428214495804,-0.0002068425921710748
2011-11-16,-0.010572942497459215,-0.011475353670176602,-0.007901734742311262,-0.006307343518070052,-0.004152918616070034,-0.002625415773496287,-0.0019462090194227732
2011-11-17,-0.025073071563673777,-0.02517448742738737,-0.015621683461626956,-0.012519212286871806,-0.008449159404270379,-0.005527428864234851,-0.0045585288819690595
2011-11-18,0.0033966958981692663,0.0016637011809532698,0.0005529414147225076,0.0006997182972030558,-0.0009205446396561845,-0.00197386272726785,-0.002332341070486521
2011-11-21,-0.024640599348234815,-0.02382986261313791,-0.01479127229710675,-0.010855983364618127,-0.0071113392578554535,-0.00473361215289525,-0.003739802709188167
2011-11-22,0.009689961277389969,0.009505289239014392,0.004614899220104274,0.001864067946486525,0.001080965794322264,0.0010800256382270668,0.0011291404258915172
2011-11-23,-0.005264546829407912,-0.006471096790976905,-0.006656133374465356,-0.006531784362595716,-0.005058474271511515,-0.003963909588958203,-0.0035796378425793085
2011-11-25,-0.007569671225162278,-0.00816795093270406,-0.006987626121510715,-0.005885424275272388,-0.005270416832212632,-0.0053053411021271035,-0.005350051054799909
2011-11-28,0.01998832157817043,0.02193052071278867,0.0159048688469694,0.010949489133725177,0.008579277932047269,0.007650233123923211,0.00712461776125628
2011-11-29,0.0012435823346321762,0.0003285488100372991,-0.0005195179096246783,-0.0011203376886885774,-0.000867444826718522,-0.0008909527691622898,-0.0007470119329248126
2011-11-30,0.021793327860317957,0.02269816265987834,0.014767903153122486,0.011375672612900845,0.007674510803894918,0.005136195940092403,0.004062844753316419
2011-12-01,-0.004408922958490935,-0.0009188733712433006,0.0006312828200898402,0.0011815950545617238,0.0014261601682636904,0.0013006553528454035,0.0011331538342034264
2011-12-02,0.000560006252777745,-4.714620506263145e-05,0.0032046711554942764,0.005155938636484114,0.0042380014074552275,0.004141096328293958,0.004265867765115283
2011-12-05,-0.008302716577320735,-0.00628069523194974,-0.002548233782712739,0.0009628329845361439,0.001377765496238803,0.0014182586455944168,0.0013395919950272006
2011-12-06,0.0032407304862169806,0.0025233351600553178,0.0012288378635192387,-0.0010350430145559253,-0.0009805603018059328,-0.001163790094578343,-0.0011869567126160385
2011-12-07,0.008283834482716523,0.0057187620376295545,0.0026052258627877745,0.0034924570133529897,0.0035477977583313614,0.0032420924276375107,0.0029455299084750752
2011-12-08,-0.020891182497907335,-0.019549573159483802,-0.011538174627693465,-0.00818929266069135,-0.004654320856677607,-0.002205847971430863,-0.0012648895271449856
2011-12-09,0.00797079025853642,0.007634587039114349,0.0035878349059479397,0.0008981094981335147,8.646253128086201e-05,-0.0009138429369007772,-0.0013998673198235556
2011-12-12,-0.02401589912841462,-0.021820721209750427,-0.01272863316808015,-0.007794559020428915,-0.004558778919825257,-0.0023661440245805743,-0.001513524801135313
2011-12-13,-0.01896365652292975,-0.018153912108391346,-0.010544146588432057,-0.005391454990534172,-0.0023848519542968294,-0.0006130753808542,0.00036639373083025006
2011-12-14,-0.023299226779068927,-0.026394764889458133,-0.014626977978542621,-0.008027455030204966,-0.0047875340474523576,-0.0021361889291618974,-0.0014971763157008988
2011-12-15,0.0023837290757502405,-0.001562251270570414,-0.0016067695990781283,-0.00048791817601578913,-0.00016195055960399607,-0.00020870468108380447,-0.0002955790455849705
2011-12-16,0.016645372117975565,0.014637457469992565,0.011280455378858356,0.009190060865788663,0.00688583825084077,0.0060242048478156285,0.005681645757436238
2011-12-19,-0.004217755667885736,-0.004871125608867599,-0.001380371717108364,0.0005173204858408553,0.0005058345503561323,0.0009296723583220867,0.001095124000811687
2011-12-20,0.018598472562036727,0.019324027471169902,0.010803608490556948,0.006306067228289525,0.00337703544018364,0.0010054999353399374,0.00020333202005073936
2011-12-21,0.0006969726352104022,-0.003049595378364689,-0.003909280192390896,-0.0041991846357819496,-0.003074459280251851,-0.0031072562787221036,-0.002926566571532785
2011-12-22,-0.0006555291618529635,-0.0010582195049263499,0.0006529908127175243,0.0024050631425536206,0.002204072108353383,0.0022442066005425865,0.002255998962036543
2011-12-23,0.002530746200060774,0.003787970875346769,0.0020687539685475542,0.0002215253934361172,-0.0002926069144396637,-0.0008114170247589536,-0.001016070185184903
2011-12-27,-0.004847792568615228,-0.00434318288069635,-0.0008989342838715553,0.000984840059811809,0.0009221596256658859,0.001134604690166796,0.0013109263650641356
2011-12-28,-0.021009744928288887,-0.020216135322025264,-0.010523608446230459,-0.005535850030387812,-0.0025888825242844637,-0.0002879335880796585,0.000598531827897375
2011-12-29,-0.00039069381394929437,-0.00012578555222164667,0.0016805378293878181,0.001228192474576506,0.0015213372506224232,0.0019570421675876304,0.002104500453644853
2011-12-30,0.006171603399939718,0.0057580553196732165,0.004084334458332117,0.0038799037095205158,0.0034495048689329177,0.0030334423626960927,0.002808625835876377
2012-01-03,0.019712971860339268,0.02194673761102406,0.0118343982806004,0.006220424580308581,0.002800628009367756,0.0007376804397278836,0.00016724641855003775
2012-01-04,-0.0012348668338227897,0.0030209666794407397,0.00038929395144848833,0.00027403157166605574,-0.0006259666410123321,-0.0012012611455261002,-0.0013372837866875154
2012-01-05,0.007793123331125251,0.007552570897750854,0.0035886635641191322,0.0016603225272451283,0.0007844208837461952,0.0002515990735088014,-0.0001801391695970267
2012-01-06,-0.002206019903049694,-0.0009373147197844212,0.0006591418001342664,0.0011692159271343705,0.0016610710218547542,0.0019643398089805864,0.0021655361795773764
2012-01-09,-0.003958119745102517,-0.003933297187454721,-0.0025609683240915837,-0.001297891720692057,-0.000753393174842576,-0.0004319083063969442,-0.0002726640958571336
2012-01-10,0.011749531041945982,0.011046824588276882,0.0070823249591231985,0.004048602971225668,0.002473165927721954,0.0015327719329709666,0.001172079500297185
2012-01-11,0.005796849859339259,0.0048553049057560305,0.005043872724102227,0.003647851723568518,0.0036805228876670704,0.0037253195770248215,0.0036671999249859866
2012-01-12,0.0011377295635057738,0.0033607138362719002,0.0021681611683492807,0.0007851459822709739,-8.115475240932923e-06,-0.0004846407386585039,-0.0008850490583436343
2012-01-13,-0.003842864157722281,-0.005004611960794825,-0.0017947283659554003,-0.00018797167545103743,0.0009593070390481184,0.0016648703112152052,0.0019556790086456832
2012-01-17,0.00815666519826208,0.008320862568646614,0.006548218854423915,0.004105552544574564,0.003188501184224757,0.002653322709596617,0.002468199864232856
2012-01-18,0.008110726142448232,0.009302175874012608,0.004462145551429542,0.0027258702294796766,0.0013347698660566287,0.00047079318634191125,5.141015337817301e-05
2012-01-19,0.0009876573148677181,0.001386395766614923,-0.0012393925597622424,-0.001408997245146093,-0.0021449402553701535,-0.002613491255478939,-0.0027495611452035273
2012-01-20,0.0042244295189568515,0.002751226180829569,-0.0007163669653791338,-0.0007492396113863986,-0.001412991127108354,-0.0018421006385842542,-0.00212574762235207
2012-01-23,0.004986035097192865,0.004146065878099181,0.0018827098720368696,0.0010244980178886198,0.0003146436946652731,-0.00012448076767612726,-0.00018429202798708744
2012-01-24,-0.0020369893701567277,-0.003947161171507285,-0.002194514711851725,-0.0005643108933224283,0.0002008019191213073,0.0006655820139260804,0.0008945969090754513
2012-01-25,0.020461429372950812,0.020534996756860435,0.014217969597288604,0.011150659759723958,0.009183096836943072,0.007972240720433232,0.0074018456962121615
2012-01-26,0.004002180299572444,0.002013423903682199,0.0035137814468477746,0.0035377188630445477,0.003864758344139352,0.004085012184952941,0.004187818146741185
2012-01-27,0.006110634732438447,0.006710641971806819,0.004330253688068719,0.0032229808514816494,0.0026038680258040348,0.002221733640200396,0.002089450816017857
2012-01-30,-0.004877999990661075,-0.0033165572813628197,-0.0001706502113814068,-0.0003683599708207419,0.00033850257373813086,0.0007966151390572662,0.0008675179445576386
2012-01-31,0.005687364252495497,0.005045103533235951,0.005571382505638711,0.0039010400802261813,0.0036549475615859084,0.0035348767106704315,0.003399367859828084
2012-02-01,0.006528940868203659,0.0053622616961757075,0.0011080785970365437,7.585772424123505e-05,0.0005045188994887706,-0.00012254577617587525,-0.00037128248638551575
2012-02-02,0.00470856394730057,0.005542117449148343,0.0038892167262880584,0.002939819726778925,0.0024995295107530513,0.00201866306283649,0.00180448794570931
2012-02-03,0.002267018096070883,-0.0014443540187506487,-0.005334313108242172,-0.0054921049652937315,-0.003536667583353581,-0.0036888499455781654,-0.0034496194201625308
2012-02-06,-0.00239264565629127,-0.0020082218466425106,0.0012505937622455665,0.0018503000631411304,0.0011743106188184527,0.001526650815661057,0.0017960874952818173
2012-02-07,0.00460129456479863,0.007167517929642875,0.002159778950704405,0.0003358016819141607,-0.0009784930862971608,-0.002089720531799344,-0.0026881514987004973
2012-02-08,-0.0002895998754758322,-0.0007297817875228096,0.00039834251838133383,0.0005081381533249552,0.0005590239612709436,0.0006581789399133786,0.0008183174085947265
2012-02-09,-0.00191792656833345,0.0006464792375280304,0.0002258088555204818,-0.00042796498842467834,-0.0004526838410704448,-0.0008628724450955305,-0.0009193635658809596
2012-02-10,-0.007297977364868702,-0.006543908874886428,-0.0016023798390243371,-0.0008211195597016552,-0.00039242671309813737,0.0001857184769813447,0.00038390277376443294
2012-02-13,0.007246819565580376,0.006280487273868207,0.005220017616230699,0.0039321746176690375,0.002270042816483242,0.0017280798609176085,0.0014796951667825908
2012-02-14,-0.004119685301854137,-0.0014408503814228313,0.001491129415424286,0.0017195626374306716,0.0012554031096532192,0.0013364697338957843,0.0013704560828857737
2012-02-15,-0.0022471534302201945,-0.0011455620253206789,-0.00187195992335909,-0.0016611144535556566,-0.0007575048985813959,-0.0007313336116299141,-0.0006160529525663927
2012-02-16,0.007611456610163714,0.0068871687401401704,0.003965828879230138,0.0021022809433894896,0.0004883432942937027,-0.0003616425927281952,-0.0006983554076972487
2012-02-17,-0.0018418347019367731,-0.0029007660516998657,-0.002549804451874471,-0.0020106346684259924,-0.0016834731389830937,-0.0013956560999334178,-0.0012786272763828377
2012-02-21,0.0020099309033521084,0.008603186874516222,0.004555132211080615,0.002807440960076457,0.0015472826554177033,0.0003057225703460009,-4.575801471395913e-05
2012-02-22,-0.0006768451759137095,0.0019275725705891755,0.004237084154746773,0.004748496648176115,0.003421967709631213,0.0035530030086108333,0.0037123562337249005
2012-02-23,0.006740964230955049,0.00466688340238286,0.0032830645618666665,0.002732470584052571,0.002505133673821547,0.002344974993392146,0.0022795587333004352
2012-02-24,-0.0001306207609732546,-0.0004378259273875029,0.0017505544599678569,0.0019924236786315053,0.0009292255728403642,0.0011318625671503657,0.001333567074566222
2012-02-27,-0.0012931199404528915,-0.0010144611424942607,0.0018357094865872892,0.002286657488570931,0.0018833534129270024,0.002163285994569941,0.0021023059993228177
2012-02-28,0.004081239779165413,0.008043848770791673,0.006529360400555406,0.004873977116930828,0.0037620010259693526,0.0027938080252933872,0.0022653932622069828
2012-02-29,-0.021003667280130922,-0.02608066030920253,-0.01930045422963056,-0.013692189267701882,-0.008423096475946301,-0.00577671435910565,-0.004446648345246218
2012-03-01,0.00686843656363223,0.009167774021211272,0.004297646403536248,0.0020118701153093443,0.0009675321020929939,-7.490327855574908e-05,-0.00033262829963898177
2012-03-02,-0.0011647763802080657,-0.0011527577090975072,0.001765247047339713,0.0009422693744232102,0.0005637703151157858,0.001023907782144562,0.0010693986983918435
2012-03-05,0.0012490901069150961,-0.003952905099348647,-0.007029450921646974,-0.0064417609216793625,-0.003945421826384132,-0.0036062540627346262,-0.0034539356924406794
2012-03-06,-0.011775810804314224,-0.012779224552016188,-0.005720750059965529,-0.005190471271672603,-0.004055649497941238,-0.0027259293475990765,-0.0022518421655687293
2012-03-07,0.006393540929524599,0.006616146548612978,0.0032702522816427937,0.001974814349151144,0.0013117266742779243,0.0006154811206369182,0.0003462927966888518
2012-03-08,0.0016640893055221984,0.006859720517123913,0.0038235960539680924,0.0035678917144121858,0.0027192318585564923,0.001700402268640433,0.001295708399722706
2012-03-09,0.004589541956205423,0.005016675790878278,0.004140179237596353,0.002635352914937217,0.0009965069611688193,0.0005414575790414489,0.00035084205466717755
2012-03-12,0.004350407694077241,-0.00024772154392482815,-0.0010237464159532639,-0.0014560725414917153,-0.0012594701318586754,-0.000875721559157272,-0.0007087974268285002
2012-03-13,0.01951852662502418,0.0093285364420157,0.0014050328634145348,-0.0003748351775527681,-0.0007109536527801774,-0.0015328331490553904,-0.0017814752963231095
2012-03-14,-3.2232689113009805e-05,-0.0033623974007801483,-0.008792909754395839,-0.009486694882379743,-0.008352845682762067,-0.00856494402485175,-0.008658464767965501
2012-03-15,0.0004277781407762138,0.0035799014613109303,0.003555940775511246,0.0014986299004555725,7.718657278821262e-05,-0.00035968080376735934,-0.0005559545824106449
2012-03-16,0.002934335989719594,0.0013343721894394367,0.0008495171452642669,9.987933705457586e-05,-0.00024443383572481103,-0.0005550794776505441,-0.0004335003822952821
2012-03-19,0.007008128114937007,0.0056410471780359295,0.0009805477677147234,0.0001632262307809107,-0.0005890225373023084,-0.001586744024109632,-0.0020571040595460666
2012-03-20,-2.693394501906976e-05,-0.001786393027694566,-8.771358328329981e-05,-0.00020820381716046832,-0.0006211379746369206,-0.0003160583657439986,-0.00035605481542499984
2012-03-21,-0.0007377284586567168,-0.00011518332266857723,0.0030109597815162203,0.0028126267863577414,0.002501630391724907,0.0026557995052427508,0.0027012197957752004
2012-03-22,-0.008666753432615804,-0.005288572496858324,-0.0018574601390258794,-0.00043924990779198314,-0.0003319878091490036,0.00031363748425516924,0.00043001501396999764
2012-03-23,0.003248763258809406,0.004342234448806215,0.005119019351321752,0.0033480633693705464,0.0021040330960413467,0.0020811251599570646,0.0021787271226596516
2012-03-26,0.014226301154033782,0.016198503207362602,0.011144269749183922,0.00793502149230263,0.0054425148168977255,0.0038165994741099496,0.0030615300458238792
2012-03-27,0.0007302105554574112,-0.0010669876724919147,0.0011187087589970002,0.0026914062581540055,0.0037820640809171913,0.004094806901061343,0.004179184414676351
2012-03-28,-0.0026205054752940216,-0.005140121079779791,-0.004485287402587135,-0.003866646996936618,-0.0031462218238668127,-0.002774668345098208,-0.0026910335296201904
2012-03-29,-0.001402115251964875,-0.0021954078095012264,-6.485752407126011e-05,0.0006167406882033877,0.0011699839951682112,0.0018040611743070922,0.0018349212523092184
2012-03-30,0.003815023198062706,0.0022773392364487943,-0.0037681515892040718,-0.004155672376770836,-0.0024513628399317478,-0.0030560728083448563,-0.003110005451891662
2012-04-02,0.006948886469741566,0.007280724612695577,0.007091340281516256,0.004926219736772541,0.0036781483440286866,0.003189284336037046,0.003018175533770151
2012-04-03,-0.0047916304725036385,-0.007585323882789763,-0.009249269055748743,-0.008515958464538453,-0.007253199433690516,-0.006302934229940438,-0.0060132934728448495
2012-04-04,-0.01130709782604944,-0.013430353837785902,-0.007540519300911819,-0.004075198629613697,-0.0021843296709215254,-0.00039096597892585017,0.00023442769787718198
2012-04-05,-0.0031636563961668918,0.0020860501820081367,0.0047618707668388716,0.0031907813575089428,0.0026273299552650453,0.0026964432364717794,0.002686390207108369
2012-04-09,-0.009616399655065777,-0.004506925854927291,0.0025694157154405595,0.003260574904382141,0.003459604770513991,0.004289643701092194,0.00454703510307497
2012-04-10,-0.019567625131050148,-0.010045889499123217,-0.0034918483752526264,-0.002222525725486868,-0.0013073751042432802,-0.00010951563779904028,0.0002690727052168107
2012-04-11,0.011996330241025532,0.00664113877731487,0.0008598123047836026,0.0005346630601270608,0.00040194869521226195,-0.00019463529184438055,-0.00037755592087540535
2012-04-12,0.013554768122319594,0.012027164055463446,0.007708334820350382,0.0051975721857173696,0.003673437827241388,0.002710544074994825,0.00239462963149073
2012-04-13,-0.004601524268859403,-0.009240248799770256,-0.004935222466244449,-0.0017960702738214485,-0.0004169333045452861,0.0008811748475416881,0.0013353474293698042
2012-04-16,0.012668582104298443,0.002302185787688815,-0.0025471048509606575,-0.0019234953858893178,-0.0014513784735709079,-0.0009617121632427006,-0.0007279786663498822
2012-04-17,0.007961404277239126,0.008411214872605655,0.0076179221360210825,0.005134697827606116,0.0035559808070906307,0.0025493068634969696,0.002192053867964505
2012-04-18,-0.006701727579546346,-0.005414179132768204,-0.002642839739732228,-0.0014661221083677178,-0.0005916870498049454,0.00023281550406539786,0.0004997327435509735
2012-04-19,4.49406177041034e-05,-0.002624052210279282,-0.003381443971198772,-0.0019932514823364222,-0.0012040342323039743,-0.0007843747806360879,-0.0006166941589964559
2012-04-20,0.011491768158882643,0.004856249696313819,0.001187319704998302,0.00022795303386846655,-9.617525486660394e-05,0.00010136259097159872,0.00020252679212040547
2012-04-23,-0.009877184342985457,-0.007738613020148111,-0.00367630110075412,-0.002103991083947765,-0.0013370750283043797,-0.0005363107468816519,-0.0002748117600303024
2012-04-24,0.01419226194662171,0.005703357848028556,-0.0007027296826934704,-0.0013251519739156947,-0.0014137301836012472,-0.0014177776985936363,-0.0013561346726896906
2012-04-25,0.010952201061921185,0.012281717376296797,0.009945278509101652,0.006982651645724092,0.0052646359419796784,0.003913894411368357,0.0033901014705288723
2012-04-26,0.002831574455025576,0.00526645367913936,0.005865334963732982,0.003911611319683317,0.003019585327817431,0.002921864539112251,0.0029093181075248165
2012-04-27,0.006625855778681133,0.005218144451233586,0.0037410311882142278,0.002417935611105815,0.001735274940776188,0.0013305658903304263,0.0011781578455600794
2012-04-30,-0.0022583416749474283,-0.0019843797392330442,-0.0018624755936972326,-0.0010459339732374895,-0.0004167501328519174,0.00015696577539903167,0.0003584066231649974
2012-05-01,0.006522226470876191,0.0025505155920040323,-0.00047660607388699816,-0.0012508198584969543,-0.0010589295121530284,-0.001014964343354352,-0.0007936487596295061
2012-05-02,-0.0024127373392550666,-0.001831024915058932,0.0014690290365828584,0.0024398267049416944,0.0020420268364849115,0.002326595825138833,0.002165085960345259
2012-05-03,-0.00545366630308608,-0.007406779397804986,-0.006507542282583323,-0.00442648807190571,-0.002457443241205559,-0.0016216739336533115,-0.0013048961420824012
2012-05-04,-0.005255604033517103,-0.005705693406118595,-0.005683161044138574,-0.003957635941956639,-0.001920463046888754,-0.0006280850083979495,-3.2470617599478224e-05
2012-05-07,0.004202729796813021,0.0016890479575819572,0.0006205468721331986,0.0007035286656003059,0.0005890477099275149,0.00048228645787506963,0.00043281622991431234
2012-05-08,-0.00704592132294557,-0.009509734031798,-0.005000320754297571,-0.0025500398534746838,-0.0009557211818302935,0.0001227787303577088,0.000476570778182861
2012-05-09,-0.005143256471828117,-0.005895844364724012,-0.0037693325073194783,-0.00309968429227081,-0.0020914209567644004,-0.001428191544780577,-0.0012646322113023523
2012-05-10,0.001109003278670917,0.0006912284898246135,-0.0008724488968943067,-0.0013607280862144577,-0.0013098948302106006,-0.0013476707809092492,-0.0012119098226052172
2012-05-11,-0.0007770145594178102,-0.0022948963245352783,0.0006462943923646325,0.001520982866970444,0.001574225689764397,0.0022227993568235682,0.002328064598243307
2012-05-14,-0.013197390058788061,-0.01199305961279451,-0.0041451544873032375,-0.0025859737545281813,-0.002221105311098426,-0.0010603142136677013,-0.0006817537075867186
2012-05-15,-0.00677689249339386,-0.0068421348357200484,-0.0031867190185733696,-0.0025335295819629566,-0.0024126775417881996,-0.0019486650080575707,-0.0018299564455342976
2012-05-16,-0.008373683608138949,-0.00594954857592056,-0.003114626379733698,-0.0023527381327178576,-0.002103055868622472,-0.002406228477337957,-0.002342524745804875
2012-05-17,-0.014184553428701951,-0.004223357577121112,0.001039078453226594,-0.0013055341539124354,-0.00387906061996246,-0.003358282560484205,-0.002955407138013677
2012-05-18,-0.005004874744334753,-0.0014908905301616038,-0.002268149834960931,-0.0024293836449925665,-0.0021181502553518916,-0.0015864449653472112,-0.0013821726678000523
2012-05-21,0.015283461976461465,0.012498948967303747,0.01036875605858123,0.00787987747071428,0.004741445105315822,0.0036842146413003096,0.0030536407761136974
2012-05-22,-0.0036878825556950767,-0.007162107035256549,-0.00794641786086947,-0.006291756618787336,-0.0032396781721197865,-0.0024064697516321676,-0.0020122603791231652
2012-05-23,0.00010563462730761586,-0.00021844233511325584,0.002122501386852216,0.002134266187508782,0.0014444981933632306,0.0014690402955750415,0.001472492086717958
2012-05-24,0.0027269203626272276,-0.0001474192454885559,-0.0028957650037633176,-0.0023641328774290926,-0.0016089953702480564,-0.0016154539330600626,-0.001371811076721241
2012-05-25,-0.0003080932905238365,0.0020798840803977203,0.002453417929342061,0.0021962272540518857,0.0018689569619529944,0.0014052820022993906,0.001204175300416388
2012-05-29,0.006701962702438724,0.0024325772735429574,0.0017791823889621305,0.0021627130589851884,0.0024114582966408005,0.0028428203786319273,0.0029512196020469172
2012-05-30,-0.015043796849355529,-0.006770084561598111,0.0037581758896132467,0.003756687778242229,0.0020337088960085126,0.0032203694373833525,0.0034026316145117086
2012-05-31,0.0047283878608601615,0.0016850721867738283,0.0029022277908583582,0.0027326528224300706,0.0012963884485548416,0.0002831141866703746,0.00014837413978452396
2012-06-01,-0.014400569016088216,-0.0034590234203704107,0.0027828141439989462,0.004118291634903404,0.0021800970033833966,0.001817364250350062,0.0016302401447416681
2012-06-04,-0.007106589227402815,-0.007340650998787779,-0.00381561538132269,-0.002623402636700578,-0.0031769721916998783,-0.003101637234532384,-0.0035173760105230434
2012-06-05,0.013262687422112007,0.0054163376417804,-0.0007118117308306804,-0.0019737288350352156,-0.00022165060321643892,-8.48930416004201e-05,2.2359669655358516e-05
2012-06-06,0.013263509153452535,0.003653721179248892,0.0009147794355606198,0.0004248416174919001,0.0011095446380953167,0.0008558351960501476,0.0007231096724542585
2012-06-07,-0.005356927472218387,-0.003416226653299659,-0.0034760381293499343,-0.002296495369428886,0.0001439413753658858,0.0014034337408932451,0.0019713242949619403
2012-06-08,0.011219971585694433,0.007969877921430113,0.005515900020183873,0.00436836496193127,0.0032933507720425137,0.002685150421082083,0.00247136724784891
2012-06-11,-0.016980478572581337,-0.010923132033535343,-0.006685769569255595,-0.004886328636438564,-0.0026079949263574376,-0.0016947118165834274,-0.0013412706651778628
2012-06-12,0.0056161676300208185,0.0013993388101882775,0.0013458015320524375,0.0015178024562081394,0.0002407184450068378,-0.0001587329298372575,-0.0003118804503398076
2012-06-13,-0.0020333149517566262,0.0013315601383760978,0.0021193114010262804,0.0020571317583439885,0.00197475950015491,0.001978749355155962,0.0020142401031364443
2012-06-14,0.011286702846162289,0.00770611643764485,0.004061770982736412,0.0032064275098466766,0.0011621535139585415,0.000735808459900511,0.0010712118676619031
2012-06-15,0.0060338213418025255,0.005902565686781713,0.006726675149240302,0.006159816458251033,0.005040232576218218,0.004526219243722096,0.004434367650362203
2012-06-18,0.007711869618689526,0.007053014252887291,0.0065102734989035405,0.005334054953778811,0.0018756015906464807,0.0008418785747632551,0.00032552617143566387
2012-06-19,0.0005542384957311075,-0.003285878505356332,-0.0031047396233896407,-0.0021611144913283864,-3.5962153492996585e-05,0.0005589624757957878,0.0005635807259647407
2012-06-20,0.0006234976198675746,0.001829841229745277,0.0015807834487031602,0.0018768603389305305,-0.0002538183036933095,-0.0003139517611281395,-0.00041901623000906163
2012-06-21,-0.011909497056244667,-0.007084466859529459,-0.009304958570970134,-0.008909404628326234,-0.0053689759579342855,-0.003909568490851556,-0.0035095015896308146
2012-06-22,-0.0026170064575987695,-0.005657461842999201,-0.0033886759475948436,-0.001837433828284718,-0.00016375509495547558,0.0002708548008789613,4.79874775334288e-05
2012-06-25,-0.0011001047449828993,0.0033063793938519215,0.001747794661302704,0.0015255432947391956,0.0009708080956458698,0.0012060495215069356,0.001383886976308979
2012-06-26,0.0018453267897746706,0.00019840291240158514,-0.00030644922248757034,-0.0007391009786203995,-0.00080169443915723,-0.0010708660194913566,-0.0011639748787125592
2012-06-27,0.0034854917798909923,0.0029462258355095194,0.0031129896617345665,0.003405723109702663,0.0028720882301340733,0.0029263056579587055,0.0031561252853684607
2012-06-28,0.009194144561601503,0.007285425080218344,0.0003036775795770552,-0.0014555726232968746,0.0001387644377353059,0.0005584991337879153,0.0011406089648475781
2012-06-29,0.01769820525461885,0.009049763139988842,0.009466539946966002,0.008446299635896048,0.005377295012405359,0.003632070742327409,0.0028520491307160167
2012-07-02,0.010937223827692355,0.009651547672645755,0.008012066908582582,0.006423441123883267,0.004238191914865741,0.0036130548539665686,0.003569358201662931
2012-07-03,0.004575958269508851,0.002507026016726588,0.0018371497815412585,0.0016022927755703353,0.0012087985724702488,0.0007078339270776279,0.00038557770223723864
2012-07-05,-0.005079807935221559,-0.0031363782026726517,-0.001384210149874332,-0.0001257250705498647,0.0005975805850959581,0.0011703919147714181,0.0010913237645993057
2012-07-06,0.003086298608535154,0.003128012124464785,0.001277812667920264,9.541096385823344e-05,6.20413094727379e-05,0.0003341343052765122,0.0005865856163216332
2012-07-09,0.0018132430447919123,0.003623724115013882,0.0041566981750165155,0.0036859071655326314,0.001984402387287698,0.001670564779302719,0.001683847321809484
2012-07-10,-0.009448731015151535,-0.00678666956342211,-0.0053952037938207464,-0.004532981111505685,-0.0029790323099839755,-0.002190449421885954,-0.0019232417999893725
2012-07-11,0.0010839938501743251,0.001545927680389303,0.0009999807859824017,0.0006183131212491588,-0.00012880779170354462,9.10572225198969e-06,0.0002602253912367125
2012-07-12,0.0034443096748482116,0.0038034108072717565,0.002491262163415886,0.0011189698402749304,0.00026858186372535897,0.00022083910787351613,0.0004486179619642705
2012-07-13,0.010799689245797106,0.00727030042707999,0.005883792897811269,0.005005078772362115,0.0030654746069054273,0.0022026589193717694,0.0021660056239249936
2012-07-16,0.002213650545751955,0.002669030158379382,0.002322281417484806,0.0013666302654946616,0.0006880637387238764,0.0003406011474480497,0.00032362066604529893
2012-07-17,0.007851864636918116,0.0026278042952396774,-0.0004924804180516107,-0.0009605931489842234,-0.0001265577567036713,2.308130418793297e-05,0.00011200056591120777
2012-07-18,-0.0052971744988101754,-0.0035751815573027423,-0.000414296124920166,0.0019122889849403357,0.0021228624392890527,0.0027015200794415772,0.0025822371116821508
2012-07-19,-0.009663377456748945,-0.006744192590526166,-0.0027045221731651914,-0.00010011968857570608,0.00010319480003362358,0.0005267419974013254,0.0001830781722089725
2012-07-20,-0.0035495609180473675,0.0009994957061074672,0.0022557635203743764,0.001491756652762577,0.0002757818277652202,0.00013144512527096808,0.0003487601909766269
2012-07-23,-0.005979556035473177,-0.0028089891222360386,-0.0018555051478786888,-0.0016508366457226309,-0.0012056134497653304,-0.0008539890201122446,-0.000682840590835343
2012-07-24,-0.002219287838271966,0.0009274775160870163,0.001924892106766718,0.0010647386754645272,-0.00040789944044650195,-0.0008768139317503199,-0.0009983895754991368
2012-07-25,-0.00014868562185998968,0.0019115783078653692,0.002218959784690888,0.0012933907671983658,0.00026128832024907567,-8.117461439471896e-05,0.00014029033629459065
2012-07-26,0.0070317756281181865,0.002780618129284207,0.0012498907554756578,0.0017520828047841164,0.0019416087333889998,0.002146843205960147,0.0022990763414094673
2012-07-27,0.006694862086707332,-0.00011440634581239006,-0.0017454811409678417,-0.0009864714987251055,-0.0003791092413760744,-0.0007300491935227083,-0.001086009867959925
2012-07-30,0.004935769199322149,0.005035772757091328,0.004411368635908852,0.0035295660608005708,0.0023012477431276768,0.0019928983863397587,0.002021128275985662
2012-07-31,-0.0011505969063477783,-0.000808537268880305,-0.0005163368680961566,-0.0004022621917417757,0.0001387372536489906,0.0002453567490845465,-9.535163581753103e-05
2012-08-01,-0.004832296843912287,-0.005239021268753641,-0.005387296986966383,-0.004403265142164825,-0.002849975070263411,-0.0016464270898052247,-0.0012780586611562672
2012-08-02,0.0033736403885893385,0.0029574026362082506,0.0022807536177131826,0.0012347409807238474,0.000513579311621104,2.615879660439191e-05,-0.00026581917446333314
2012-08-03,0.003421984759112373,-0.0006237547892017359,-0.0020711325532838387,-0.0008943868467859994,-8.929689727077417e-05,-0.00018272460185220218,-0.0001121254017102391
2012-08-06,-0.0007851102522613562,2.8914409721192413e-05,0.0010049098997380046,0.0019386232320979246,0.0013345932757147239,0.0009763562277134152,0.0006353401437260153
2012-08-07,-0.011975693801382414,-0.01103188859404114,-0.009270126313452143,-0.006230307191326556,-0.004029132851197104,-0.003326458634102303,-0.003276094776179961
2012-08-08,-0.006526941390947227,-0.005482901452832478,-0.004489604863817553,-0.003267354152430846,-0.0015095186248865744,-0.0008663485664014425,-0.0006502198540130344
2012-08-09,-0.0027461288289556407,-0.001684247923789517,-0.0007091888860024653,0.00010198615118639509,-0.00013647386206150358,-0.0001718297191239948,-0.00027213080177135307
2012-08-10,0.002032080760320021,0.002645926803630072,0.0029092725856054713,0.0026292817657025402,0.0020083376075406,0.00176896501724233,0.001821463788257427
2012-08-13,-0.0009252859398258817,-0.001756953163898456,-0.002074160116092294,-0.0014002958507994823,-0.0007179329528351763,-0.00043937651769421215,-0.0005026215952017576
2012-08-14,-0.004193725266147141,-0.006493746739963835,-0.007545754795189263,-0.006653181304857925,-0.003806954763109438,-0.0029425404526789434,-0.0028593910310615867
2012-08-15,0.0012455932041195439,-0.002084146662712727,-0.003909394928439447,-0.004503391071868479,-0.0033972684971755873,-0.0038436681100243453,-0.004137890672358258
2012-08-16,0.004758048352296207,0.0018565985769614102,0.0006128313536288843,0.001012833539773883,0.001017565816971766,0.0006350936731449597,0.0002568249992240812
2012-08-17,0.001097034645191508,0.001940551014462999,0.002627376766113798,0.002981012716780418,0.0015386865339226397,0.001152276507854877,0.0009778296773059747
2012-08-20,-0.002006147503235689,-0.0005460911827562809,0.0005349997455696975,0.0011470310152259522,0.0007679200706849354,0.0008443028430773492,0.0008040780346088017
2012-08-21,0.002522529263392137,0.0037003405305315873,0.004029147237103903,0.0029252051211232644,0.0014771983441956849,0.001066228257720514,0.0009370616517565544
2012-08-22,0.00239930954452805,0.006437259652502636,0.008908275356188655,0.008972167996686764,0.00621713900466192,0.0052545173384273,0.004941032192812056
2012-08-23,-0.001737924603325447,0.0006411152087926197,0.0016725315266330476,0.00088535296010539,0.0006387635966011995,0.0004956122377766103,0.0003330954933580266
2012-08-24,0.0025628714778611617,0.0015429193707079403,0.0011635551388806675,0.0016166890419431201,0.0012905517505772401,0.0013980058245370852,0.0014558706752438866
2012-08-27,0.0035233816436626153,0.003315483778356443,0.00304464196617249,0.0027052625905699124,0.0018005347954663797,0.001477270221357907,0.0013968747319108576
2012-08-28,0.0032692644382945613,0.002912471391787852,0.0025074743597595095,0.0017553337422013815,0.0006340600184524536,0.0001705873326243168,6.112581378614479e-06
2012-08-29,-0.0010274651046420225,-0.0023463084600864326,-0.0030690517402097717,-0.002638348290846526,-0.0009205667169003284,-0.000339118826394591,-0.00018265912709225507
2012-08-30,-0.0009251413014640386,0.0005247044723120098,0.0008166966942799725,-0.0001353810246895737,-5.7858595359783216e-05,9.70477820874116e-05,0.00022549110172875864
2012-08-31,0.005123708582086772,0.008995580841417716,0.011396169383595556,0.011037607575199448,0.0073553298998185745,0.0060820743665179755,0.005736018323658554
2012-09-04,0.005362653035869691,0.003572272157715606,0.0011453204839444453,0.0002615783608084232,-0.0009672115743346588,-0.0014423296628141014,-0.0015165460780295348
2012-09-05,-0.001776209737146539,-0.0024420786068546363,-0.002668281131588568,-0.0024122026725408308,-0.0007621844032681402,-0.00032245528902830056,-0.0003290729334922693
2012-09-06,0.006324165690318351,0.0005852835954291979,0.0006909103801355787,0.0005302689539654626,0.00011385693680998621,-0.0004205473157941064,-0.0008730766212434737
2012-09-07,0.0052404521248834435,0.0039147522662013046,0.0016497739232357311,0.0010120758152183384,0.0019868943514298465,0.0017955623150471833,0.0018569586461008036
2012-09-10,-0.0070548560587073705,-0.0048051455611697325,-0.004761485479566785,-0.003914900469108251,-0.0024326055499734878,-0.0015990618887934405,-0.0009438640923296049
2012-09-11,0.002636108558275563,0.0005836315769021105,-0.0015538215012075307,-0.0010351851482429675,0.00014227618942141973,0.0006602908068988889,0.0008372138820689212
2012-09-12,0.0008592960682143325,-0.002332796676415838,-0.0037638090532071677,-0.0035378292133005917,-0.0022005047023606616,-0.001885442654558589,-0.0019056005023501132
2012-09-13,0.013250585358818734,0.009683472109975222,0.007632556118685185,0.006475314404362331,0.006143153399380319,0.005426696297309519,0.00519092319622283
2012-09-14,0.0032878221548893194,-0.0036229867905548385,-0.0064896878266687,-0.007210676566926089,-0.004758117769869341,-0.004726770927063195,-0.0051403140273983405
2012-09-17,-0.0033747232706765606,-0.00022529794483328036,0.002527637771714497,0.003061912027600533,0.0009661516772809797,0.0007920281290620945,0.000510465084273326
2012-09-18,-0.004797065267617029,-0.001745422716438405,0.001342959505770791,0.002256765984149034,0.001931432658728971,0.0019601820018362304,0.0017109526099938765
2012-09-19,-0.003648953947088862,-0.0010578841273368722,0.0017120084390183088,0.0021877233265803486,0.001356158890035708,0.0012324629505096052,0.0010565193455946975
2012-09-20,-0.01083138704110398,-0.007145503030036804,-0.0027687428169371753,-0.001677229586265816,-0.0013198131533165292,-0.0010949743156066782,-0.0009021043665928818
2012-09-21,0.0008397088769112049,0.0010462636895089972,0.0010398434970961823,0.000705361359269796,0.0011070924937746085,0.0010431213644546133,0.0010568725200859053
2012-09-24,-0.0034817849815815816,-0.0009641343876719555,-3.653560129257549e-05,0.00036111610721611953,4.2432999821873096e-05,0.0002616111585989067,0.0006020208099422053
2012-09-25,-0.010361066980552502,-0.005019048021274508,-0.0027609986969255873,-0.0024150828535729474,-0.001842116269678118,-0.0015418252486186779,-0.0011040686141922107
2012-09-26,-0.0008645421889844629,0.0015972459723510024,0.0013996760998546964,0.0008310903658967916,0.00032607207251489356,0.0002616806301216634,0.0005836690563467695
2012-09-27,0.006197083614908339,0.00355691221400245,0.0037012661091553323,0.004338624213437781,0.0036020774419471824,0.0033415294233722914,0.0027717902396253713
2012-09-28,-0.00167965801925829,-0.0012059473062251413,-0.0023899573878899405,-0.0028665267540661787,-0.002228132934728344,-0.0020969291361414566,-0.0016769269753864613
2012-10-01,-0.0017690789295289333,-0.0005709794814470204,0.0005774238976345991,0.0007993209433903026,0.0007132759880514872,0.0008475729189350023,0.0009980727949872037
2012-10-02,0.0025451697271681173,0.0017191111654117908,0.0009697625161353418,0.0006878234941412043,0.0004773516827385471,0.0004283462754965939,0.00029785612477084555
2012-10-03,0.0018852445448473976,0.0020887557681252833,0.002499000300236087,0.0024265214424177284,0.0020714358391140664,0.0018582511438693938,0.001491053084873295
2012-10-04,0.0038976212598866855,0.0010475607544988552,-0.0018793148809993498,-0.0019663157464713255,-0.0006950602397428618,-0.0006437257974816202,-0.0004549072665704923
2012-10-05,-0.0027937266144220096,-0.00499817519334278,-0.007287680667106056,-0.006583264142881018,-0.00398905241501335,-0.003428861952223361,-0.003139237261219119
2012-10-08,-0.002815814256274418,-0.0015500493494320366,-0.0005491470742187143,-0.0001452093098579521,0.00013555875443360677,0.0007850668613686995,0.001201475465617996
2012-10-09,-0.005119462833151123,-0.005744422514078473,-0.00685000054213869,-0.006225472745452043,-0.004442181569461301,-0.0034751267181264422,-0.002875100469093783
2012-10-10,0.001187464891152068,0.0014747605722360557,0.0015198158773310766,0.0011548379704893197,0.0004347358311900251,0.00034051355657060967,0.0003476128636550335
2012-10-11,0.0012946383223302327,0.0018992094251313318,0.002288115227720544,0.0020322539265640316,0.0011682554085270525,0.0018642025888646607,0.0021882062066767016
2012-10-12,-0.005742187845296343,-0.0037696379031999516,-0.0015109989630575082,-0.000751452074624126,-0.00043083666202425874,0.00012705516652955495,3.695701434813792e-05
2012-10-15,-0.002985613502328066,-0.002070177359890124,-0.0005701672335758357,0.0002732137318091077,0.001212329500511311,0.001772382909837944,0.00192898122414209
2012-10-16,0.0062613263436013256,0.003469483968227216,0.0010167695721705616,0.0003590178352568252,0.000338658592407004,-0.0003984929065466991,-0.000879843972341865
2012-10-17,-0.0007676074359521667,-0.002196140577106598,-0.003654519993123828,-0.003829993702400336,-0.0035315203312630272,-0.003104875562488285,-0.002953377899315268
2012-10-18,0.001833636260421878,-0.0013006053801828399,-0.00498142111753086,-0.004897909113012133,-0.00291185009328343,-0.0023017918297317808,-0.0017207997474575354
2012-10-19,-0.009723910832680427,-0.007193199597165467,-0.005237340235583643,-0.004016573469635243,-0.0026503666670770754,-0.001266138098304781,-0.0006294659100088973
2012-10-22,-9.021268332387589e-05,-0.0005073024764984391,-0.000759325742401229,-0.0009218515193316623,-0.0011195267016708144,-0.0015160957625951488,-0.0019418526208562215
2012-10-23,-0.011668419982031164,-0.0068578683863115275,-0.0018542112202041272,-0.0004817353701306315,-0.00029711907584417663,0.00042534674081595725,0.0005117300436772165
2012-10-24,-0.0022987227354572815,-0.0038560847871700332,-0.005458301181029079,-0.004648955715414571,-0.002224122649069127,-0.002015223695209789,-0.001936005782847583
2012-10-25,0.0028101752140634595,0.0012627046945288267,-0.0004941422833451004,-0.0010897053515859234,-0.00147685008171905,-0.0015319788057517325,-0.0015551137360600986
2012-10-26,-0.00403371434509181,0.0002303298758190575,0.004800571437307832,0.005159866593271278,0.0036681410269354675,0.0035156029737579697,0.003418278966556887
2012-10-31,0.007254286992657288,0.005507100976067658,0.0031902769700025146,0.002574369791429776,0.002501327208851878,0.002577250504710582,0.002831410571609183
2012-11-01,0.000941218370288599,-0.0013352807552708956,-0.0004786925641595552,-0.0009256619922510811,-0.0005480868737746114,-0.0006944961529687932,-0.0008195790700007421
2012-11-02,-0.0021304961938253264,-0.002461664578994216,-0.004652409353779863,-0.0046079388161426316,-0.002451264560566546,-0.001637907256597515,-0.0012096161895690516
2012-11-05,-0.002545457657746164,-0.0004661381154875688,0.0026736648600154123,0.0027660335158750105,0.0017445641539113321,0.0014455579623471326,0.0012404007835207231
2012-11-06,0.0074285058262824055,0.003958486013815543,0.000983933038950946,-0.0002625660870526625,-0.0011309497006487534,-0.001585599286186401,-0.0015629035535158486
2012-11-07,-0.0009579250466010825,0.0034260831172834294,0.0020629597533050603,0.001092586857665001,0.001030923992641819,0.001110416997425423,0.0013300300596557069
2012-11-08,-0.0034714398618113096,0.0011515932496195536,0.00215125074046707,0.0018903242395378328,0.0003783043065350711,0.00047741123967859345,0.0007065718500325335
2012-11-09,-0.0018452230871991437,-0.0011297830938881148,0.00042627626603208846,0.0002640367039563607,-0.0002904858737232674,-0.00044450833557407865,-0.0005158383845027537
2012-11-12,-0.001967396520151543,-0.0011302230277301373,-0.0002846970113070668,8.832491654797714e-05,0.00017061645424742977,0.00039901535327668824,0.0004689730184757046
2012-11-13,-0.0008276472729445983,9.821860365066826e-05,-0.00043200942705012846,-0.0006521479895715832,-0.000554724545027363,-0.0003937160247879934,-0.0001907960473774839
2012-11-14,-0.011346078268920978,-0.008067711667419264,-0.005816788822865737,-0.004224901394604852,-0.002445300231301961,-0.002029659152529284,-0.0021142329739622934
2012-11-15,-0.004914750612537544,-0.0042675918893748666,-0.0036208607564998108,-0.002854609766716143,-0.0015872255453666106,-0.0009812710606220687,-0.0007935696678306181
2012-11-16,0.0032731141768582717,0.002134337289814825,0.0015112578328557724,0.00132544904892673,0.0013760646440650337,0.001425068752599623,0.0014994293611949594
2012-11-19,0.010676828810247896,0.006876772558739308,0.006824343563901714,0.00696859973419639,0.005169806337667726,0.00455804292674844,0.004186793425934088
2012-11-20,0.0028339532648071764,-0.00036242857416002305,-0.002944979610295939,-0.003403250673528091,-0.0025106686196033623,-0.002566447714129838,-0.0025976327488120843
2012-11-21,-0.0008043446010163047,-0.0006851901240830793,-5.933560152415751e-05,0.00012443314239574121,-0.00041658739675176637,-0.0005729456559401269,-0.000650189975438753
2012-11-23,0.008149599214392955,0.0061878769544125856,0.006304533717423011,0.00525714067699079,0.0030611930643038576,0.002215446513585073,0.0019056574989104735
2012-11-26,0.0013212072115309503,0.002023533573305647,0.0029576629574403768,0.002688694807709835,0.0016444000345947618,0.001186568273763955,0.0009255652228659095
2012-11-27,-0.004401980415336348,-0.002482480644144913,-0.0010846506942633338,-0.00018401061623340986,0.0005444663125384608,0.0010068366386712935,0.001080432395635933
2012-11-28,-0.004756152458932905,-0.004269181847610826,-0.0017125328425009467,-0.0008285611552697469,0.00047292730111681003,0.0010761391726139546,0.0012198150754905157
2012-11-29,0.004528860900187226,0.0034894983753332998,0.003087089274562027,0.00289280968651795,0.0024228217723056833,0.0022755585158056313,0.0022165822787967304
2012-11-30,-0.0010008549492694918,-0.0015970869381165542,-0.0022164395860395647,-0.0017414842436093148,-0.000498748558759976,-1.3757214046949962e-05,0.00018771856180310742
2012-12-03,0.0028171249994659586,0.0019641837411639163,0.0008068152185858324,0.0015459229715242273,0.0009973815076060877,0.0008889800382176904,0.0007866368537972068
2012-12-04,0.003213447179846618,0.003413877334951687,0.002359485821728846,0.0016767043901424472,0.0008634616026088615,0.0007989165496977702,0.000788882530681434
2012-12-05,-0.0020639635314780858,-0.0025531262968040425,-0.0037076452395873316,-0.002067709195616385,-0.00041558521114781755,0.0005935657360662816,0.0011583190251942543
2012-12-06,0.006488838021820875,0.005547347459444962,0.004662939884368278,0.0033605128148339602,0.0018043988525369148,0.001224686137123454,0.0009181103630195864
2012-12-07,-0.0013934975377061232,-0.0035055856433636734,-0.005015051035719309,-0.004477416165670656,-0.0027229370606280945,-0.0022486268858331604,-0.0019476286101922646
2012-12-10,0.0014451367223931033,0.002219059573434601,0.003024884384500659,0.002625268190467045,0.0013346380562686555,0.0010179376461658673,0.0008312901620757263
2012-12-11,-0.0014826393321618614,-0.0014773949475160864,-9.452140847776569e-05,-0.0003493133569105744,1.4586941591288038e-05,-0.00028843765697939006,-0.000622546683614722
2012-12-12,-0.006200720104434065,-0.00698171074259013,-0.006697398271059973,-0.004486340192322413,-0.0024734845509576386,-0.0018970876805801673,-0.0017750782020263811
2012-12-13,-0.004419500759677675,-0.003644638455168936,-0.003703052718815547,-0.003287367171275979,-0.003151721529285778,-0.0028675982006876044,-0.0027827614607480733
2012-12-14,0.0028228570250585783,0.0026855384956252504,0.0011766312895118425,0.0010043407832216467,0.00031628713245068774,0.0004908693528005159,0.0009128177937443027
2012-12-17,-0.002646219035623232,-0.003840227322886025,-0.002885134385870347,-0.0021677922889616896,-0.0011022578704801278,-0.001082076595465109,-0.0013239471381401025
2012-12-18,0.002398653516510585,0.00091726772985945,0.00010683253793297709,-0.0011882264303352263,-0.0010137118004235335,-0.0012895079951920074,-0.0013852365917542686
2012-12-19,0.00041686988314637574,0.000577407645942607,5.71320392095398e-05,7.033897733821348e-06,0.0002877343226184159,0.00027417802096230126,0.00024571315101851177
2012-12-20,0.00816523978321504,0.0057138629128981044,0.002063777830397573,0.001396193077355834,0.00123680213119437,0.0014189920577523107,0.0017101932983158985
2012-12-21,0.0031116388981935472,0.003477824982027089,0.002469197191047323,0.001718156697549711,0.0002821662484628895,7.383455887888246e-05,0.00016601551144357352
2012-12-24,0.00013237969659529725,-0.00047095759096205114,-0.0009798428165296302,-0.0017105644331123493,-0.0015603777615864622,-0.0017557677470438904,-0.0018527334693784203
2012-12-26,-0.0015504616701581542,-0.0011262072586952776,-0.0013608318809271713,0.0001355008788799239,0.0008019537576622326,0.0013276234238899232,0.0017056693630623787
2012-12-27,0.003552679119448454,0.0030464068887694484,0.002156112642769825,0.0020789512591545822,0.0018863055854534405,0.00184951993094562,0.001834336634024325
2012-12-28,-0.0018573188155854847,-0.0009575526817484636,-0.0011837563615106905,-0.0008539211312672546,-0.0003530465956275153,-0.00016381770748707947,-0.00012340981764191739
2012-12-31,-0.0001675305457298215,-0.0019013187266484488,-0.0005614683290493527,-0.0006621056574686035,-7.117465302275416e-05,-0.00048248121184446546,-0.00084656529525029
2013-01-02,0.001415314314693994,0.00010095774899410159,0.0021716232973096883,0.0029689663758942775,0.0026890403424153497,0.0024829782774831166,0.002143501325181152
2013-01-03,-0.005989141267666698,-0.007554490105474376,-0.00874324707590779,-0.007535247500220166,-0.00505214706206869,-0.004584659697867477,-0.004503230300518135
2013-01-04,0.004146316915798476,0.0032244520805240207,0.0018611172088898176,0.0010094335637227392,0.0001148853359775881,0.0006495980127843026,0.0007049422967264629
2013-01-07,0.00131196856572946,0.00044175122082101836,-8.807514252562321e-05,2.4380721812766737e-05,0.000366374220486243,0.00023764610416132648,0.0003541612539745831
2013-01-08,0.0017711206098474097,0.002900100295381236,0.003266572900464615,0.0025563222767712723,0.0014952584814276193,0.0011661887132823345,0.0011247811728689605
2013-01-09,0.0012080825797418093,0.0007770101530204521,0.0007596173427555364,0.0009287820512984268,0.0010705941428241772,0.0009988814436727722,0.0009719033183079873
2013-01-10,-0.0003677767158856149,0.0002904053661574313,0.0011454288919285904,0.000815938577142461,-0.00026948094422929447,-0.00022339139873239766,-0.0003842959764371878
2013-01-11,0.0032352298046924854,0.003051864303135199,0.0032946087275314007,0.0030733440058385852,0.0021331289235000384,0.00224309879527973,0.0022999021695158106
2013-01-14,0.0005103636449830251,0.0003457192841529455,-0.0007163259472501293,-0.0010668427867507324,-0.0006946635922930877,-0.0007113954861570626,-0.0006578338852891719
2013-01-15,0.004721726378369651,0.004865432809081804,0.003591387127547252,0.0024566649074002633,0.001584766580506658,0.0015424599184223897,0.0014762257092328923
2013-01-16,0.00020670371638287222,0.00047621198656466746,0.001276463397317018,0.0010797623895635322,0.000766795487678662,0.00040264211756735335,0.0003559532281656175
2013-01-17,-0.002299909257076904,-0.0026032887210489797,-0.002518776099795672,-0.0018410176352016139,-0.0013533805015389921,-0.0011709313431135238,-0.0012322331989519375
2013-01-18,0.005574807287552552,0.005121999435308444,0.004113957001030455,0.0031289895073716156,0.0019366010398391698,0.002144304685187448,0.002277797628012612
2013-01-22,0.0037759125049590114,0.0035217506506843854,0.002958336803770445,0.002084781416501258,0.0012079726577922667,0.0012353412296501887,0.0012004772366969174
2013-01-23,-0.0008406687686282055,-0.0011190956697884058,-0.0003437329431598135,-4.692413906259851e-05,0.00043943949254376946,0.00023949503208431366,0.00021609365492225585
2013-01-24,-0.0005061760662560255,-0.0019216081878848934,-0.004517312916883509,-0.00382240318798599,-0.002326596667370895,-0.0009207780793430986,-0.0006277022117101572
2013-01-25,-0.00248947239268138,-0.004109820741850179,-0.004775822099935878,-0.004478012130057274,-0.003755744391461424,-0.003713336769395559,-0.0037660968237347436
2013-01-28,-2.7752910910394668e-05,-0.00069164216277251,-0.0009750842476526911,-0.0011314166369006395,-0.0011454350563965265,-0.0015043689748847067,-0.0015134092589874637
2013-01-29,-0.0004835668105845903,-0.0006250230350489661,-0.0010847630819710297,-0.0013399976568296834,-0.0009646360349041538,-0.0009272870636636288,-0.0009622663345826288
2013-01-30,-0.006028801016822127,-0.004165516348153431,-0.0025409023564403332,-0.0022549584857406435,-0.001491897210574522,-0.0017933760223945994,-0.001822542043410369
2013-01-31,-0.0015855632653365426,-0.0012457645763196412,-0.0005812194179929397,-0.0005674211859620915,-0.0008055635694721452,-0.00056769735600537,-0.0004883104299076013
2013-02-01,0.001867271407306248,-0.0011320646757744246,-0.0015472831009935017,-0.0013272121772038847,-7.739026598874155e-05,-0.0001424816415359631,-0.0003257128575603341
2013-02-04,0.0009489629734267258,0.0035281651115701695,0.0019476212628934952,0.001200118082539836,0.0010148283102549005,0.0013177404486575117,0.0015018017375549864
2013-02-05,-0.003535395886962278,-0.004285983368550794,-0.001687408619543418,-0.0007588400805355056,-0.000427395219346538,-0.0004890215469128822,-0.0006819659559514912
2013-02-06,0.0043962361248597315,0.004981119077071883,0.004086905866621748,0.003107335925429444,0.0016937132973666724,0.0016790485665845178,0.0016536832765374765
2013-02-07,-0.003785845032213686,-0.00343637703548616,-0.0023371814023895876,-0.0018056933043953949,-0.0005344075854804009,-0.00034504043337113544,-0.0003651499969067329
2013-02-08,0.007593008573229865,0.0059558587468984125,0.0056457074704319155,0.004434888887269395,0.0021514194807248366,0.001268017518390785,0.00120746240416425
2013-02-11,0.0003451028175105453,-0.0010163794972704032,-0.0015010790364620163,-0.0014405069387202207,-0.0011927574826983145,-0.000961815764369045,-0.0008296088567765203
2013-02-12,0.005226233732460894,0.003311632445192947,0.0003351132630609044,-0.0001566858413911687,-1.2818347769116833e-05,0.0002500250333030696,0.00032219975480196617
2013-02-13,-0.0023002067745437893,-0.00373387080095966,-0.003606289233812454,-0.002976793657998855,-0.001907775304626158,-0.0018310999697506158,-0.001795865671630259
2013-02-14,-0.0015903308833908891,0.00024365660574976467,0.001991432132502302,0.0023717894899146774,0.0021001007452874365,0.002524101952936064,0.0025982249885885267
2013-02-15,-0.0010669830713099238,-0.0028678841159961443,-0.0038819421163178713,-0.003440154681660479,-0.0018782490373592253,-0.0011089890665820779,-0.0008613163394131096
2013-02-19,0.004863899709375286,0.002202827268815266,0.0009766396834376412,0.000357795126526117,0.00017538668804606417,7.568128048607292e-05,-8.571426934955717e-05
2013-02-20,-0.005503099585703164,-0.005622220271622513,-0.006692055325274837,-0.0054811024962924115,-0.0023939074189534004,-0.0009711720584795192,-0.00043516264501952673
2013-02-21,-0.004133862591725768,-0.001070918823417144,-0.0004846019157406234,0.00019568258874413935,0.0003742408258433638,0.000892762714574058,0.0008031499322251889
2013-02-22,0.00778985343458416,0.00586556278766337,0.005070292412835853,0.0041520333236617635,0.0029406445797839353,0.002492646358980055,0.0022896005728989532
2013-02-25,-0.00999679722414859,-0.002366977594107089,0.002146642820763045,0.003335410318735965,0.002578313955544864,0.0021966273212976617,0.0023216667091641163
2013-02-26,0.004568496800458011,0.0031592073995914127,0.0016274161261902176,0.0013362669805534466,0.001118222601828922,0.0009566425864080408,0.0006741028960999262
2013-02-27,0.004335879329151693,0.0014847038224146125,0.0010669855579150678,0.0008132486803307248,0.0008373718766259142,0.0012603376275641676,0.0011296629485653131
2013-02-28,-0.0008825230178893806,-0.0011803303041574287,-0.0012187218809182054,-0.0009184701187915367,-9.641324322295919e-05,0.0002733366942377913,0.0004152818063571928
2013-03-01,0.0039725235255378966,0.0042940944803024905,0.0040181275480188905,0.0033978232101292694,0.002507209855407755,0.002359745564417981,0.0022791225140668114
2013-03-04,0.0036043144094708435,0.0016589803550068893,0.0002901496064160458,-0.0004497797137192894,-0.0006332562896004257,-0.0007769249183801064,-0.0009226460482807397
2013-03-05,0.004631093087111182,0.0030024352965989376,0.0036268595806818738,0.0027560591812094692,0.0015403818153847393,0.0008039333242828572,0.0007551347808014697
2013-03-06,-0.004807374093544703,-0.00572753457710562,-0.005165747641674878,-0.0040454230215402065,-0.0023645965457580465,-0.0019180122693454038,-0.0021006473509922463
2013-03-07,-0.0055965749287792965,-0.006049139954559357,-0.004608520383701187,-0.0032732071433925203,-0.00225712000904732,-0.0019497529869140218,-0.001856028255352804
2013-03-08,-0.0018986900541495544,-0.0037307119789882215,-0.004148961081341995,-0.0035204865835906096,-0.0026786018789564103,-0.0023960712594162104,-0.002445630204192639
2013-03-11,0.0008871210534739937,0.0009022960695233007,0.0013708684175051111,0.0010082860240898661,0.0006996946742154897,0.000658478049285538,0.0005634429611065528
2013-03-12,-0.0004849199903407264,0.0011590833283714463,0.0021434304288441286,0.002157475439763301,0.001507266425254894,0.0014783873826249572,0.0014707179550865757
2013-03-13,0.000396750458422801,8.917966007437883e-05,-0.000697394568705878,-0.0007471561602582222,-0.000588507789854309,-0.000390591466973067,-0.00045076396088050696
2013-03-14,0.0035301290645339822,0.0021249574429120788,0.0009764450848221973,0.001062859451332443,0.0015543340042283305,0.0016832423085106907,0.0017229910773017831
2013-03-15,0.0029874535155121063,0.003349615041555065,0.002392464588613974,0.0019497453145058685,0.001992042607920963,0.0019521589504500891,0.0019884471348410315
2013-03-18,-0.0016541424362562784,0.0003214175510866113,0.00218718469363699,0.0025481857993856494,0.001856320628200736,0.0015917888387282364,0.0015448614846256259
2013-03-19,-0.0013864366082452229,0.0003677391595002799,0.001773903234888241,0.0017476589669500608,0.0013819684031572965,0.0013188697236605762,0.0012040271338848996
2013-03-20,-0.0011469651099635936,-0.0033124526230234874,-0.003328432235290446,-0.0024729611717426714,-0.0011813507979659965,-0.0009250875832680361,-0.0008948187485892101
2013-03-21,0.0007617327533668838,0.002668556923672849,0.001845268843479131,0.0014052646002267188,0.00034768209538627026,0.00025628605128646953,0.00029147114536964835
2013-03-22,0.003911638462272604,0.0032320741634159766,0.0033402369937090004,0.0021657355313291493,0.0012642814473109443,0.0009334609968587593,0.0008318279497583347
2013-03-25,-0.00017988447357886184,-0.00034331984591784437,-0.0012381177647681207,-0.0012435932253455073,-0.00047938199218300337,-0.0004281817852798131,-0.0003313644412239469
2013-03-26,0.006402906269299846,0.005280591727492734,0.0037187613309825895,0.002649412959665476,0.0020185426462189238,0.001933453082861858,0.001952946352860696
2013-03-27,0.003836971492693797,0.004842193638722625,0.005009575850892345,0.003892225154347173,0.0027779781459158492,0.0024026764779461196,0.0024163271747452697
2013-03-28,0.0008782000927405331,-0.00040285108833004735,-0.0013613792718897288,-0.00121142990878631,-0.0006368176023694438,-0.0004500336390189652,-0.0005493953935030715
2013-04-01,0.004873343549695264,0.005218377316358547,0.0031030131319673693,0.00246009210846454,0.0015852063837700214,0.0015462588793562215,0.0015674254774160623
2013-04-02,0.00011959048683429785,-0.0008207160604961627,-0.0010886050642733291,-0.0013283648216376731,-0.0011312243420895651,-0.001069900830848236,-0.0010501162115229556
2013-04-03,0.0016782097908827343,0.0025642205355098646,0.0006508048758142593,0.0004617882778854554,0.000718024881096957,0.0012279286474017326,0.0013640766604596788
2013-04-04,0.014451490987638316,0.013723070505544444,0.009327780676195996,0.006263345481369198,0.003445786043980492,0.002948227240140877,0.0029313375580393153
2013-04-05,0.01159119465816949,0.013031561029532401,0.010984640748528784,0.007937865791193488,0.0028556431913102642,0.002017815235960674,0.001932335981391864
2013-04-08,0.0014222121892017991,-0.00011341238589990255,-0.0012603433050818458,-0.001340467942525514,-0.0010451724732497558,-0.0010224562047622676,-0.0009910216412785111
2013-04-09,-0.0009475921079523664,-0.0010190424671691067,0.0008215159461930632,0.0012610060243003485,0.0015610476910357107,0.0015189018804604437,0.0014969324038980325
2013-04-10,-0.0021218163182765704,-0.004214608805252595,-0.00306204060885662,-0.0024203965595814836,-0.0009689680309500348,-0.0007975975406496749,-0.0008478775788725024
2013-04-11,0.0042401259310582695,0.0038390939151975445,0.0024103599004789977,0.001821781991713678,0.0013292310033667931,0.0011380324637295658,0.0009758336292162717
2013-04-12,0.007561790200169671,0.007664765497187531,0.003249863852711865,0.0022480914065594604,0.001743906385693661,0.0023822141091689453,0.0028669519108064367
2013-04-15,-0.008533763509589232,-0.007272148968308856,-0.012163345913615009,-0.010173145200464528,-0.00660457022528993,-0.0044736754413753355,-0.003462361239012335
2013-04-16,0.006139025497459594,0.003961005323839695,0.003306944631744413,0.0028119249510305533,0.0020843052538603857,0.0016520693318260449,0.0014422709863259886
2013-04-17,-0.003443762564312891,-0.0018072828267680086,-0.0030214965146204698,-0.0020577823659549965,-0.0014539778967115335,-0.0009284466320252927,-0.0008340170620798615
2013-04-18,0.00014735700506074423,0.0006835100999034172,-0.0008896758800802651,-0.0006714753805172613,-0.0006170652477751615,-0.0005422067166898081,-0.00037833422809463446
2013-04-19,0.008044674568718824,0.006457216399841537,0.005887812129055092,0.0032384429941849646,0.0014566235341473277,0.00075725331458254,0.0004708708616454338
2013-04-22,-0.0004860068294537667,1.254121247806772e-05,0.0034464196667129965,0.0031805453879887313,0.002171853954808345,0.0017083001286091193,0.0014822000099679045
2013-04-23,0.0017878380974327701,0.0008059054540860977,0.000815045650520041,0.0013028459185198127,0.0015681017273985187,0.0015912404314548656,0.0014445302371994817
2013-04-24,0.0023131578055173296,0.002491791623575823,0.0025693681111329525,0.002162187880953237,0.0011923198613266184,0.0009587117238862852,0.0010027083218484556
2013-04-25,-0.0037596680559252027,-0.0033807687598604863,8.04148765765067e-05,0.0010060891347132284,0.0011005592484549798,0.0008191758628146584,0.0006891600012288723
2013-04-26,0.0018952174899531382,0.0029016544680784406,0.002622571260413542,0.0023779885556234337,0.001746647282560465,0.0017613756492571575,0.0017886134706983636
2013-04-29,0.0034543291269164556,0.002455554346754374,0.0028380985114111468,0.002000630602925435,0.001535096322493823,0.0011782564602387247,0.0011395377759648717
2013-04-30,0.00708360529891805,0.006005378268378436,0.004740130751734739,0.002825439446547229,0.0012436618799998023,0.0008882693862715119,0.0006894518905116165
2013-05-01,-7.641445029915594e-05,0.0014398801279891238,0.002472852487432231,0.0016557747055865324,0.0006715552250886603,0.0006819296096709504,0.0006722885513461563
2013-05-02,0.003128951868730745,0.0025483208703991345,0.003767370837112427,0.003645815427322008,0.0028642695703444687,0.0025579742161210284,0.0025777955534511676
2013-05-03,-0.008007748038139306,-0.010174733221710808,-0.008856934733381006,-0.006984785281959227,-0.004297340051845677,-0.0040386208108254,-0.004120714378113122
2013-05-06,0.0018907293648993129,0.0012569780170426093,0.0008552770666570009,0.00012695260488704285,-0.0002715007190355889,-0.0003554056653750637,-0.0003710521682428469
2013-05-07,0.0015128400053885382,0.000686591115882651,-0.0008393285861773014,-0.000615628477762864,-0.0003611616103688098,-0.0004736165074804566,-0.0006050377385865557
2013-05-08,0.0009731826626075968,0.0011018762659646963,0.002102382260068314,0.002588816103064495,0.002300628045289743,0.002163136233477747,0.0021268074678371107
2013-05-09,-0.00486398167886426,-0.004489742007191211,-0.003246599292541008,-0.0025884471193453606,-0.0013749956442082878,-0.001221400820054619,-0.0012103212498119076
2013-05-10,-0.002450590863269042,-0.0035980999547898795,-0.0032580878057419937,-0.004386102806561709,-0.00426239706676812,-0.004482087416804115,-0.0046532162947137135
2013-05-13,-0.0004989994839387224,-0.0015386162917548907,-0.0025191073905962424,-0.0032782797502015626,-0.0021638365346278166,-0.0020412357061291297,-0.002166775833873369
2013-05-14,-0.002422155349470434,-0.0035824558598255285,-0.0034323421935783527,-0.0019265638890239023,-0.0009574587144557389,-0.0010724050547074038,-0.0013081994092315474
2013-05-15,0.008569390059762982,0.008229127105465528,0.0063412328786447425,0.004606240525856675,0.0028750046659051787,0.0023538363775976734,0.0022595058886418773
2013-05-16,0.001289328794637612,0.0025890226046012543,0.0037726523000165546,0.0036150597824025077,0.0029899154269885653,0.0030470455652544803,0.0031777229480427494
2013-05-17,-0.002049484287268477,-0.003483909832422638,-0.0028019555537799334,-0.002522455201353191,-0.002060433594809563,-0.0023188470216741752,-0.002420377811073071
2013-05-20,0.0008657475743245602,0.0005423742475678672,-0.00040083298374726795,-0.0003041245527298786,-0.0003050530475463553,-0.00020361853396755336,-0.0001702962972206512
2013-05-21,0.006573514306513983,0.006704784711680789,0.005659987846035275,0.004322965063716877,0.0026288494406070395,0.002306691536720029,0.0022755059524459664
2013-05-22,-0.020398895345885126,-0.01947527680338146,-0.015695184723597877,-0.011374626475930572,-0.008055545608058323,-0.007456326690884918,-0.007404320605363224
2013-05-23,-0.00898281445808602,-0.0069143783502348954,-0.0027355252967592447,-0.0006850673109479732,-0.0002482904704682598,-0.0002879496218665123,-0.00023465757141793997
2013-05-24,-0.0008900247801990613,-0.0005529494675819979,-3.984465943329685e-05,-0.00017018651229805393,-0.00024000416604708086,-0.00034906463949069266,-0.0004085138914159403
2013-05-28,-0.015662418294469904,-0.016862503852897448,-0.013486773212801118,-0.01054184652547141,-0.007833357432983412,-0.007629092858388087,-0.007658665847174451
2013-05-29,-0.007633255726324006,-0.004837827845408205,-0.0005884643568732084,0.000811672119549911,0.0009279460567888087,0.000751347917279821,0.0006728603307917247
2013-05-30,-0.006422444357970791,-0.005704194998336076,-0.0021434802655823093,-7.951692427998758e-05,0.0009580112224347737,0.001047787552752144,0.000980929186226387
2013-05-31,-0.009106118512385186,-0.008254532373745627,-0.0071957991013514855,-0.008233110665409216,-0.006991616985290494,-0.0067241190439913945,-0.006706267965753576
2013-06-03,0.0027913201599876203,0.003373096431805056,0.004586398053365581,0.0038433936266162316,0.0018507864168180177,0.0012078863781730398,0.001196163933147476
2013-06-04,-0.006928330488029322,-0.0074864461540505856,-0.00684914580953222,-0.005568530123137738,-0.002959020611379648,-0.002321011434145981,-0.002106474227046018
2013-06-05,-0.00861194313029201,-0.0035371502950616307,-0.0015034513589305964,-0.0012665936377949105,-0.001288117729502991,-0.001122408685411358,-0.0009482670630974743
2013-06-06,0.005580104204531144,0.00420813541712306,0.003802819169189453,0.004302055957560169,0.003948633336460894,0.003948214406753081,0.003877571322195905
2013-06-07,0.007337874161178259,0.001523338797477125,-0.0007295378065909075,-0.0022090892929353956,-0.0023464706925548917,-0.0029383443287501754,-0.0032515490457842855
2013-06-10,-0.0015272138906954336,-0.0022919846497376772,-0.0020023733029947977,-0.0022525187334762053,-0.0020026131940320546,-0.0020987989760542503,-0.0021898306388169475
2013-06-11,-0.007567874938065655,-0.003241177376780202,-0.0005139117148530437,-0.0004401257669435221,-0.0014554169465293976,-0.001487536874659634,-0.0014318922937340828
2013-06-12,-0.012216258371037902,-0.012697951433566557,-0.011670695556422195,-0.009068783466545827,-0.00488245773154572,-0.003676460225284117,-0.003370349144195983
2013-06-13,0.01485179459941155,0.01509227124560164,0.01484971996286899,0.014011817429776974,0.010324844247633136,0.009637623467847245,0.009463726345023238
2013-06-14,-0.00461833409592749,-0.004064902592222808,-0.004617434742171578,-0.003081962113624881,-0.000549413887261152,0.0002051360814661063,0.00048030907625218333
2013-06-17,0.006645123142072995,0.00391280104717584,0.002396406107770588,0.0009971423229333531,8.051389663843445e-05,-0.0004853692357447148,-0.0006822470508603962
2013-06-18,0.006728323804982228,0.005321773672030794,0.0047324071461674055,0.0036835784077657863,0.0018031600181169782,0.001159778560654967,0.0009891214277915061
2013-06-19,-0.013654362094518313,-0.012993156440726517,-0.011694807924494177,-0.012500694385125466,-0.013728991106208399,-0.014003051385793164,-0.01378920754978552
2013-06-20,-0.025098099074064684,-0.023224129856690756,-0.020887377145658914,-0.01770396436827526,-0.010648764579573866,-0.009018557219495738,-0.00893552881742099
2013-06-21,-0.0045022664170987214,-0.007238632617207252,-0.007564501701744497,-0.007500273877397046,-0.007428228287406191,-0.007707930102634264,-0.007987392199160115
2013-06-24,-0.007267177300231742,-0.0046903452628591635,-0.004711451440947978,-0.005428467110247803,-0.006135089428219165,-0.006319985928912475,-0.006225859246957621
2013-06-25,0.006283787863189172,0.002894220115712276,0.0009501779772835839,0.0024640193440825797,0.0036004195335277434,0.0040715077858053395,0.0040676473734886365
2013-06-26,0.009450488486072661,0.008816064064025575,0.008206397342847671,0.007872430756358018,0.0062662727517937,0.005988176708240589,0.00578856003375261
2013-06-27,0.00719015834661052,0.007932417550502224,0.007399287210826833,0.007142963313933048,0.0056914106561347655,0.005520703164850982,0.005412840935762997
2013-06-28,0.0011176838381217191,0.0023602539762788144,0.0018960546149182633,0.00012096896838009741,-0.00226521955292891,-0.002846966040266574,-0.002922863217700633
2013-07-01,0.006111051414750657,0.004882229774233693,0.004461668063594493,0.0038370769849331854,0.002512991447678914,0.00231950023750338,0.0023470803942045038
2013-07-02,0.0005284033420460688,0.000996785769209918,-0.0004477514448265607,-0.0005817350775663144,-0.00036060963362061216,-0.000554649644410099,-0.0005407428136458003
2013-07-03,0.00396258578146913,0.002047597414017721,0.00010265699726841326,-0.0006760451726421923,-0.000697389087622291,-0.0006470599606682725,-0.0004268394646627094
2013-07-05,0.00754374456342366,-0.0014145023736210627,-0.007294792183326737,-0.009161523209791356,-0.009557912799390222,-0.011183784503742245,-0.01193607758003068
2013-07-08,0.0009645306660317488,0.0026642780622132545,0.005873163874814624,0.006810660587142969,0.00671998346941538,0.007549547529926537,0.007799652226033071
2013-07-09,0.006116699287646243,0.0055058060744963555,0.004568231079609131,0.004132534932639542,0.002965108009893802,0.002318883205122191,0.0021157278537871083
2013-07-10,0.005707069179974988,0.0028164317679011397,-0.0011985082708856343,-0.0022998994902365677,-0.0015204627546249183,-0.0012962644362389808,-0.0011127331249080052
2013-07-11,0.01989294198787328,0.018523844917831322,0.0146644314016795,0.0131162946291703,0.011640033140494,0.011132973489024867,0.010967352931094743
2013-07-12,0.004324013742636135,0.002831238769248845,0.0010738691623468632,0.00020435010870989423,-0.00030715050988183723,-0.0006252548901394261,-0.0006069964202354283
2013-07-15,0.0022718920410078614,0.0029411369936040987,0.003923127239993773,0.004086774794353154,0.003472379519359192,0.0034737303834673217,0.003379862390521904
2013-07-16,-0.001310221061297634,-0.0003098255347597778,-0.00041716965186855415,-0.0005330472091343852,-0.0008114562202188313,-0.0008336478810690995,-0.0007302570661421592
2013-07-17,0.00252897933747942,0.002449780525700662,0.002284559698480404,0.002658630177446719,0.0041533825951018954,0.004736853358701776,0.004820979773508816
2013-07-18,-0.0024335303923167517,-0.0038402115863142017,-0.00343592375268742,-0.002648014811628019,-0.001261067585679565,-0.0007150898686407725,-0.0006662609825180965
2013-07-19,-0.010277415378658783,-0.004848438411652833,0.0035219877209660133,0.005687248008333645,0.0035841540531171834,0.0035355766523648136,0.0034208391322951837
2013-07-22,0.002950044366826443,0.0026661812262342988,0.0020474330703661447,0.001599464259947947,0.0006683608916990824,0.00041344649194696714,0.0003408291116371309
2013-07-23,-0.007304933602633623,-0.006401664332534529,-0.004351146281163953,-0.003226182555912227,-0.0019283444275969286,-0.0015963449421213527,-0.0015479083880449718
2013-07-24,0.003060829925237485,-0.001100773206572092,-0.005103762912709198,-0.006538039606934554,-0.0060294273184812175,-0.006607623081317571,-0.006819726545055582
2013-07-25,0.0062734916125020135,0.004769256717337855,0.0024804041851587133,0.0016370813091162173,0.0013792516458734916,0.0008083628877251225,0.0005936599923188624
2013-07-26,0.005302567166550309,0.005249032500042272,0.004130786737452707,0.003149142535546101,0.0012649902741410646,0.0008011015553961442,0.0006546992053539924
2013-07-29,-0.0018981603519274692,-0.0031972452077456692,-0.004292938501344379,-0.004229537869491429,-0.0024975101372747277,-0.002238740347914603,-0.0021660440159626537
2013-07-30,0.005256535170673926,0.003792760520578753,0.0013592037950582725,0.0003964076194742372,0.0002210519717633641,0.00011682279413860464,0.00010338846378421529
2013-07-31,0.0017197509616577733,0.001231887966369305,0.00210644081024558,0.001853679633165628,0.001125864957224998,0.0011857107651018772,0.0013654936919011984
2013-08-01,0.010162732486650672,0.00445926526005902,-0.0005759298970284821,-0.002022339776050819,-0.003368196982077687,-0.005386236253157595,-0.006144931541852694
2013-08-02,0.005617845836767943,0.006638104455707561,0.006445613193203137,0.006264310349069602,0.006624131357945373,0.006832415499826494,0.00681122017283009
2013-08-05,0.0006495614313055675,-0.0009367479809816448,-0.0031001194615564165,-0.0035572197326144694,-0.002815216290999789,-0.0032145692880904964,-0.003402741827530531
2013-08-06,-0.005972447115439983,-0.004291606922257718,-0.0025743131454818435,-0.0019872297732361766,-0.0014928823727805574,-0.0010211326190876502,-0.0009339193752678776
2013-08-07,-0.001828576238205204,-6.40797582779351e-05,0.0012197574008767642,0.0015158460525701578,0.0012992060668255423,0.0011470753066420425,0.0010412167670372785
2013-08-08,0.004972752983585016,0.004540194944192999,0.003734431680699757,0.003207554756153197,0.0022723650451099697,0.00200157794998046,0.0019908470725160665
2013-08-09,-0.004036556468568597,-0.002961190182797946,-0.0015806810347220868,-0.0010122112511069536,-0.0004344944003540352,-1.795126331072261e-05,0.00024250963679550708
2013-08-12,0.0023531164479586586,0.0005939384034303608,-0.0021491307892748113,-0.0027891106887122374,-0.001590957155917172,-0.0015611066316001398,-0.0013027381469025157
2013-08-13,0.005608427517566961,0.0017831220366681944,-0.002708830784997507,-0.004302444985245235,-0.004860558717095231,-0.0052453275000764465,-0.005336379679113268
2013-08-14,-0.003761379733673409,-0.0027700568106566736,-0.0022101868362170984,-0.001891706595098519,-0.0009956883995343446,-0.000659099220014614,-0.0003593408555689903
2013-08-15,-0.01692484248766757,-0.01628055926673322,-0.014776030532494322,-0.013066451847398297,-0.008362276088742404,-0.0068808960931675545,-0.006194130524032171
2013-08-16,-0.00039729426719348204,-0.0009778824860265933,-0.0024099976811362556,-0.0030744795882216014,-0.0035016916144285926,-0.0036699468802736668,-0.003614279742662263
2013-08-19,-0.0017225454798366346,-0.003038484199132885,-0.005713818646058799,-0.006314260107869285,-0.004944946558399832,-0.005066681648443039,-0.005004269746894496
2013-08-20,0.004379734000165447,0.005003610262709568,0.005775400176838197,0.005866986494190485,0.005601935596436514,0.006004296369785278,0.0060210290283073675
2013-08-21,-0.0034355538550742137,-0.004845933003840952,-0.007038087606974108,-0.007465556911215754,-0.006019399151490967,-0.005744009711144082,-0.005567169661098714
2013-08-22,0.00981190721418157,0.00988120044769869,0.009741903882902303,0.008287030744276613,0.0031444912458871155,0.002326516740178697,0.002126440518324113
2013-08-23,0.006696356764625433,0.007473193677026924,0.007248869945893022,0.006643301190269346,0.005192779552737781,0.0049801395491930744,0.005082919891954862
2013-08-26,0.0005216396970153525,0.0013582725159255737,0.0009247443840110225,0.000557085284976111,0.0005139795847606266,0.0006785072718913376,0.0009444636050028876
2013-08-27,-0.020466512047386365,-0.014248762436202767,-0.006827716170454634,-0.0038831946524515715,-0.001630243989934721,-0.00032952885941495147,0.00035769156111764566
2013-08-28,0.003859166602954822,0.0015481461180708589,-0.0007854473344535151,-0.0015065069745376913,-0.0013816722282791183,-0.0012988187101030668,-0.0012535633782793099
2013-08-29,0.007026598015070773,0.007208905343318417,0.005789886401883715,0.004407180423970702,0.0019124798603098458,0.0016303946874414166,0.0014732813010231993
2013-08-30,-0.006450623045382353,-0.005432048915243071,-0.0034760877799366874,-0.0026997340463208452,-0.0023398647311891896,-0.001928537772368566,-0.0018362480392564162
2013-09-03,0.005697385666334265,0.003377631684413407,-0.0014509368241659715,-0.002517623593508045,-0.002757758742677252,-0.0037408089544087586,-0.0040245988234612895
2013-09-04,0.010671930719358569,0.009189417939332145,0.005948997403244061,0.0033647193959507327,0.0008354120959639388,-0.00011131029061528519,-0.0004999356842411151
2013-09-05,0.0016946047031514144,-8.52696255703167e-05,-0.003796175794596013,-0.004657327509108633,-0.004896505245901017,-0.0055882298446342515,-0.005817222086163754
2013-09-06,0.0011713599504477035,0.0015980937172952459,0.002428633941908398,0.003152775366983551,0.004341342700334483,0.004638784534219065,0.004765596964643626
2013-09-09,0.01169882392015098,0.010435994940154902,0.0076448214404269965,0.00596304996189323,0.004391921915791297,0.0032536852332760713,0.002801719795460178
2013-09-10,0.0048826664143137855,0.003559637170239549,0.0010073206819247726,0.00025136530887204245,-0.0007727422302855613,-0.0012106522173459533,-0.0014637694163208703
2013-09-11,-0.001918205700231712,-0.0007258901972962972,0.002178932503831277,0.0037019370530753104,0.0035313807226373672,0.003824129397127729,0.0038721471655862594
2013-09-12,-0.0006400738415448526,-0.0007197602439058537,-0.001050036657057718,-0.001144063246171556,-0.0005577790245911984,-0.00047527651316170427,-0.0003872592615200565
2013-09-13,0.0006404831273996159,0.001000845538565942,0.0018823725011847259,0.0019916367344927632,0.0011624938892587089,0.0009450630330276599,0.0008296987405191913
2013-09-16,-0.0026901037688246143,-0.0031337067530761153,-0.0033661325823093335,-0.0003300014169822507,0.0025298204194159624,0.0029711648043153627,0.0029368848178954465
2013-09-17,0.006679687376027754,0.006855905062601364,0.007040416889177115,0.005361476558186196,0.0030775493522940955,0.0024962531273751143,0.0022247717083609952
2013-09-18,0.011994187764199138,0.012032924405493084,0.012079053795885475,0.012055476594837522,0.01192955001390783,0.01188631475989288,0.011943394746725344
2013-09-19,0.0023957737362272358,0.0014707458890559355,-0.0007870769133138111,-0.0021202216051140477,-0.0024243506163974526,-0.002963168651024639,-0.0031231195503768072
2013-09-20,-0.003431918527958322,-0.0024693463591043407,-0.0007516839544122744,-0.0010976072144393,-0.001026970880999456,-0.0008506508659783529,-0.0007973837724178923
2013-09-23,-0.0020253076129085335,-0.0009814546345093822,0.0009800289846162435,0.0010585101456939139,0.0013526683520064253,0.0014958127320419123,0.001528548636996252
2013-09-24,7.149938419104274e-10,0.0012123877614524936,0.003538662758163502,0.002975537949691187,0.001678746596750491,0.0015254562824460471,0.001495957635681
2013-09-25,-0.003424843332527905,-0.0028024741187827606,-0.001472016216113703,-0.00040896525986489074,0.0006808821637027673,0.0009288213931708533,0.0010273118812731408
2013-09-26,0.007764635406308562,0.006080293676955284,0.0022881064066593293,0.0006171957999370203,0.00011092372526833039,-0.0006029831084548576,-0.0007732350209904704
2013-09-27,-0.0012632621877362027,-0.0008457783665806184,-0.0002471015095076856,-0.000514997298392661,-0.00012213796135462918,-0.0001079999864433967,-9.404097262821765e-05
2013-09-30,-0.002403180329677568,-0.002301362930634099,-0.0023243814340134783,-0.0019084792417489727,-0.00036129762991266023,-0.00037058841949721977,-0.00035837382860004485
2013-10-01,0.010246758841318648,0.008218356159073625,0.004870690801757949,0.0028149574773019825,0.0012841659580862252,0.0007432314142694629,0.00038039273665058104
2013-10-02,-0.0006368745438362078,-0.00010396545210655805,0.000176705010587197,0.0004909310666458833,0.0008827417666397164,0.0010203825944778977,0.0012509703666421235
2013-10-03,-0.01157539137357888,-0.010219387460609908,-0.007502597628404772,-0.0047776841093681854,-0.0019189194476311178,-0.0006792760260124764,-0.0002371753174066349
2013-10-04,0.00850085094918085,0.007267889475316647,0.004998520528076034,0.0027796252045122483,0.0005808282584187641,-8.966106046104372e-05,-0.0003152393388837771
2013-10-07,-0.008548332145729365,-0.006521088437162037,-0.003925261567654603,-0.002903677132297,-0.002055939299813625,-0.001407810069815496,-0.0009666825501447596
2013-10-08,-0.019084815092824448,-0.016439089884216385,-0.010496700724659913,-0.006999616146455501,-0.004291322457197544,-0.0025264729073074532,-0.0018394058849763306
2013-10-09,-0.0031732942289349753,-0.003836829553206633,-0.004060327090953386,-0.0026630565940490847,-0.0011947140692658564,-0.0009253466508761798,-0.0010157506403823957
2013-10-10,0.021380433045121494,0.018277122548755242,0.014105350349150392,0.009781282869899766,0.004961208939319395,0.003244564612875367,0.0026791356131532496
2013-10-11,0.008351374603968953,0.006696633408832087,0.004612611044852555,0.003722544543074635,0.00304741443018286,0.0024217063306815056,0.002050008323984498
2013-10-14,0.006923088527307941,0.004879164163693384,0.0009416966205799682,-0.000301601421884623,-0.0006563775536392313,-0.0011152535098813976,-0.0012731540191792678
2013-10-15,-0.004301222285418405,-0.0034259181128061256,-0.003495985321691264,-0.0029561747385891124,-0.0017220073523507295,-0.0012093043824622507,-0.0009887888500633712
2013-10-16,0.011400001088533562,0.011496784867891296,0.012346175660036485,0.010396754035607803,0.0072905209236806545,0.006535592325073836,0.006211592541094824
2013-10-17,0.005934838916043406,0.0062020458646740995,0.007133491947191706,0.006727508709731378,0.005850967758484593,0.005673478881857763,0.0053921249734461
2013-10-18,0.015869258242849016,0.014185116439448198,0.009057954112130506,0.005473736199387291,0.0029384693772840365,0.0017801446032581492,0.0015285467021444177
2013-10-21,0.0018988995260220687,0.0014287571819822098,-0.00019398593340358428,-0.00047098981765625325,-0.00039321221157573305,-0.0008100168034708144,-0.000955698542220218
2013-10-22,0.0015387302140106307,0.0028283665261683577,0.00586301416856716,0.0064918354216569885,0.005983639580138256,0.005946735105893275,0.0057626326629005575
2013-10-23,-0.005874213984344179,-0.004644469707826171,-0.0022308018733030455,-0.0011753459621499651,-0.00032832346006950175,0.0003258223173729924,0.00028953061403713676
2013-10-24,0.00445944320929792,0.0032034490863077636,0.0011887743448715238,0.0003333014977442428,-0.0002322757373814932,-0.0006261671677172398,-0.0007655169156808306
2013-10-25,0.006729066259206773,0.006673701900560047,0.005352567453700274,0.0040128445134246515,0.0026940200347955745,0.002040823873875608,0.0018533104091174035
2013-10-28,0.00019344205619864496,-0.00027934812851915236,-0.000760282496498843,-0.0005146364254108304,-0.00028272119114969296,-0.00036901434444724934,-0.0003554232115011713
2013-10-29,0.0017713200834954534,0.0016328611526188475,0.0023652898906278974,0.002592896800789557,0.0022366059148264394,0.0020668119079430003,0.0018526737159916262
2013-10-30,-0.0018466676822928019,-0.0016799233302328132,-0.003654121725300108,-0.003748961081758262,-0.003068483617119533,-0.0032332099327612163,-0.003109581058995836
2013-10-31,-0.0025329693637223816,-0.0016635993268832028,-0.0008436493808857692,-0.0011604060518412007,-0.0014991504261551158,-0.0011868010624562775,-0.0011975216232082975
2013-11-01,0.0002173866742247732,-0.002104049339894054,-0.0032279204195468925,-0.0035037531842763148,-0.0032082328978279007,-0.0034661031903983064,-0.0038921527230249
2013-11-04,0.0015020359713868725,0.0013443076089445505,0.002026819238725608,0.002259227501385519,0.0023063365029658556,0.0021932793472787537,0.00195996709203472
2013-11-05,0.001060724847260941,-0.0016581523743237625,-0.005484142683762738,-0.006277186817698399,-0.004154737256355401,-0.003940667746243576,-0.0039055154784013446
2013-11-06,-0.0002620481700789101,-8.677977431614803e-05,0.002033457049056331,0.0028087503498519517,0.003395397640063358,0.003389653630849976,0.0032313484171737628
2013-11-07,-0.01878487471355328,-0.013114802350554178,-0.006148582067696529,-0.0037859479853101785,-0.0019841117408807563,-0.0004557050699048881,-4.905344419769975e-06
2013-11-08,0.013531692358714764,0.005516039713325149,-0.0009516174777943753,-0.002987399396520485,-0.0037981054452214114,-0.005160560411740511,-0.00565048972444937
2013-11-11,-0.0015594097600177825,-0.0020269037505750154,-0.0017401692122739343,-0.0014655924692508204,-0.0007092516281506089,-0.0009534603868481817,-0.0009783493052906156
2013-11-12,0.0015735129580691787,0.0022093275566041903,0.0013649856459709842,0.0007865325959421909,-0.0009498628133958187,-0.0011908012522229283,-0.0012903885845203522
2013-11-13,0.012101846739720257,0.010367373396956703,0.007392236087709891,0.006343124322937266,0.00538225319041552,0.00478920492681123,0.004592036383568088
2013-11-14,0.003090020854301212,0.0037391759401059765,0.004964981115479716,0.005270370750390052,0.004738657769517207,0.004517970364704249,0.004435878384842384
2013-11-15,0.001919544993392197,0.0019322159517944915,0.0028702544976058064,0.002827929060597034,0.0009605120590032712,0.0005500255157009359,0.00035295128214074545
2013-11-18,-0.009752072795843558,-0.006514459414556084,-0.0014751219061240883,0.00021486946561566356,0.0008773666380264,0.0011100293015697815,0.0010045418251551919
2013-11-19,-0.0029043193897533293,-0.0038664527984164643,-0.004395076520301355,-0.004371327930388413,-0.003193782492385888,-0.0028570963083212053,-0.0027756317287278565
2013-11-20,-0.0024014366517498553,-0.005445132143816811,-0.008185568036200297,-0.008416416295187745,-0.004897086329769151,-0.004263857803994187,-0.004084249532810946
2013-11-21,0.010198908419551733,0.008411387587552221,0.006188675253694376,0.0051908211580291574,0.0033160819218571724,0.0026514464918583336,0.002660787581223678
2013-11-22,0.005384103935551554,0.006188429969197884,0.0067030256210725,0.006396962771435533,0.00361711526393238,0.0028770030040801142,0.0027081204721954855
2013-11-25,0.0023755036917152417,0.0024818858447797076,0.0012838774112795548,0.0008292725181624494,0.0004768932605740961,0.0005863313662475278,0.0006515834242888374
2013-11-26,0.005237598168642998,0.004918168674946433,0.002791900565118466,0.0020742385753451664,0.001693976002544062,0.0015663177240314852,0.0015526548830933073
2013-11-27,0.0069642539202190434,0.005192385816417566,0.002005862232501876,0.0007938710788972791,-0.0005755863633777336,-0.0011137488634849202,-0.0012396672498268257
2013-11-29,0.005955439305798338,0.004823180116740211,0.0013444805392368586,0.00016929367777129833,-0.00026782462802155127,-0.00030849924003573115,-0.0002455706806969715
2013-12-02,-0.002916255646902899,-0.003909635113091059,-0.004690635372686991,-0.004780472996971263,-0.0036694752744617087,-0.0032270294413647704,-0.0030785345256995056
2013-12-03,-0.0008186724975496329,9.644923884088996e-05,-0.0001837096071558575,-0.000389386173633377,3.966282519973774e-06,0.00019689788964871724,0.0005137156583698843
2013-12-04,0.0009362967328265803,-0.0012048009096025103,-0.0034324122793115697,-0.00403615453890771,-0.003231448158215855,-0.003402592410001515,-0.003388190675890801
2013-12-05,-0.0012866214153715028,-0.0015978362720571182,-0.0028447960957116436,-0.0033265260621084813,-0.0028423169924522984,-0.0025537253498528756,-0.0023679731677809235
2013-12-06,0.007261790746855068,0.0067604327922417,0.0075303800781787444,0.007499685607407214,0.00407235467121736,0.003114102546488251,0.0027376621229164844
2013-12-09,0.004069370692486363,0.0037185383841935593,0.002928008850827224,0.0025077540603333226,0.0018442939173735073,0.001848863965526748,0.0017409360973756893
2013-12-10,-0.0006945549719445943,0.0008918973456966128,0.001409766769812082,0.0014713424461836322,0.0018143046850038758,0.0020351732604713124,0.0022554016712676983
2013-12-11,-0.01286354117254429,-0.011815876424915328,-0.010371983290148212,-0.009443882356131472,-0.006252226587520449,-0.005087213340824404,-0.0045938276146854085
2013-12-12,-0.0025827989308750965,-0.0028272089935695854,-0.0032681491964776654,-0.00338455524286696,-0.0029487774124075106,-0.0027837603400870936,-0.0028967063267265614
2013-12-13,-0.0012948395651639633,-4.037056510108883e-05,0.001445971750958286,0.0018381292783193892,0.0010833511675321095,0.0012166488071323478,0.0011592436422762642
2013-12-16,0.005539442045134235,0.0036531722748947004,0.00219025078280799,0.001759060442395155,0.0014591529304153195,0.000967386223978961,0.0007757940320738399
2013-12-17,-0.0019927936423582704,-0.000679709731460032,0.00012217002217074224,0.00041197131342118887,0.001187628422048892,0.0014965723613129533,0.0015047241883738849
2013-12-18,0.011626883904307217,0.008226311313665136,0.0068870047721922845,0.0062665439900913,0.0025253279717578625,0.000980359770122785,0.00028512300162697457
2013-12-19,-0.002786223107312691,-0.0024210409860727644,-0.001584070539212168,-0.0014820293176174282,-0.0030452080372830315,-0.0031008612261651525,-0.002979913368933995
2013-12-20,0.01018341703333503,0.011233396490186953,0.01080071618180889,0.00973804802598699,0.004419604442940539,0.003204064793801864,0.0031098169940499965
2013-12-23,0.01052024424440079,0.007243323184077832,0.0027043993435973412,0.0009275789025606773,-0.0002182442886820013,-0.0009334081637896174,-0.0011468320199168325
2013-12-24,0.00045761717327730267,-0.0012348392491616789,-0.0022172532055270144,-0.0023846260579735157,-0.0020594635861739263,-0.002189487902219067,-0.0022015219770387118
2013-12-26,0.00331646278229214,0.001892594651058399,0.0011624077459539972,0.001021334801126761,0.0008905447876292882,0.0005650761609199417,0.00038769570650787344
2013-12-27,-0.002507566497674474,-0.0025732136797437244,-0.0018589765756040766,-0.0014075770012490496,-0.0005940871816122462,-0.00041627863244653174,-0.0003406034518422807
2013-12-30,-0.0014856419698334733,0.0001647320329751789,0.0020724304747969935,0.0026074239558477874,0.0018060233244967527,0.0018595768332985152,0.001719960006890453
2013-12-31,0.00652279404751166,0.003966533281473561,0.0011039245427924005,-3.4672021616444226e-05,-0.0013497913612281476,-0.0018993606733379576,-0.0021185384359800885
2014-01-02,-0.00784460505452822,-0.005677498865868547,-0.0038131547662969556,-0.002845267566356835,-0.00010785168290694536,0.000997865770526296,0.0011541510190657966
2014-01-03,-0.007219055906957594,-0.005769578114608431,-0.003391198890706826,-0.0014978174929288768,-0.0009513251659291067,-0.0005079462380421784,-0.0006170317886827759
2014-01-06,-0.003693473602453312,-0.0020975932670613817,-0.00044972860414194127,0.0002943536417472359,0.0010019642384735405,0.001610038948653747,0.001832338722847826
2014-01-07,0.009267914819469425,0.007899464871763184,0.006153052530360359,0.004764493575569073,0.0030442349489427922,0.0022413667566312245,0.001933677462620631
2014-01-08,0.0021810339297070325,0.0011899234331975705,-3.660764981694431e-05,-0.0012273708799431793,-0.0031610224797929964,-0.0033282803070597833,-0.00353089685121577
2014-01-09,-0.003321407544272015,-0.0014749063311821908,0.0008588238772895274,0.0020067203543217005,0.0016485915221808867,0.002045408767290313,0.001905376751350607
2014-01-10,0.0032174889742098145,0.004982783991775319,0.0066115774150450335,0.006884385745858257,0.006551391872935852,0.006558049112253439,0.006620368587364478
2014-01-13,-0.014776445769610458,-0.010741512669191211,-0.006672192490022377,-0.004698806391236099,-0.002109693608289165,-0.0007672436057367671,-0.0002134831601262599
2014-01-14,0.01906741301963777,0.014162311763616042,0.00838305369732062,0.004664368866938329,0.0012998060765554431,-0.0002127655507041526,-0.0006864705747965383
2014-01-15,0.008214646476872867,0.006327326847035186,0.004125224001949368,0.0026967719418931058,0.0013019491410346529,0.0007394145915013972,0.0005951688219894002
2014-01-16,0.00011277020598821075,0.0014461222013872899,0.002539726495187189,0.002375671165362636,0.001666782765590069,0.0015844766819252953,0.0015482581598227352
2014-01-17,-0.005657111933891956,-0.003656290282829655,-0.0015329220425795986,-0.0005396851239187761,0.00020129713083871792,0.0007939408992396757,0.0010268088286282673
2014-01-21,0.0076241151829532505,0.006218016140966398,0.004229748611289441,0.0024220804095553827,0.0004967559037314384,2.7772591771224597e-05,-2.825762909675067e-05
2014-01-22,0.002596894320769483,0.0015660692965882017,0.0003079060870472272,-0.0006037454128485775,-0.0015601229482385959,-0.0019270348516357005,-0.001896570000829323
2014-01-23,-0.0033787547943229246,0.00017758410934698432,0.002955687783377403,0.002811591091109067,0.002537720149264455,0.0028276424790452115,0.0030518384975144475
2014-01-24,-0.019665292972606108,-0.014290579418127058,-0.00935442991004709,-0.007286337266683374,-0.0036216881925309474,-0.0022360734538208193,-0.0014908244330422704
2014-01-27,-0.00968399988155344,-0.009115732108746721,-0.007940884654676683,-0.006239829807519248,-0.003927457515830901,-0.0030638783617452647,-0.0029326598564202166
2014-01-28,-0.0005820528688615934,5.340313022883514e-05,0.0015294093350621818,0.0027965490191377285,0.0024457776062176695,0.0026976815959818268,0.002677185826077011
2014-01-29,-0.010716730480315184,-0.00672001145504697,-0.0027924599219480983,-0.001187630206940793,0.00028614324893472265,0.000986031041701807,0.0012761900869231457
2014-01-30,0.018485741921528076,0.013911005723668879,0.008570242649626136,0.005338718896107375,0.003126259745073856,0.001604734654744755,0.001026171833017564
2014-01-31,-0.002659004169980661,-0.0006889993218329726,0.000751137035606364,0.0007532195407591313,0.0013134004427834967,0.0015653523209808728,0.0017195090696544568
2014-02-03,-0.01682246328480752,-0.010534108460383718,-0.006775098359386722,-0.005354340754931797,-0.0022595386468807765,-0.000791857113745853,-0.0001834780840969108
2014-02-04,0.004129352929626684,0.0008604783533578964,-0.0010756054804289539,-0.001352392711308048,-0.0005460837136300745,-0.0006850811807902479,-0.0007252961777821643
2014-02-05,-0.0037685780655746237,-0.004969289163742063,-0.005661017497198606,-0.005082637755401076,-0.0031938848244325024,-0.0027209509322851932,-0.002581600059925915
2014-02-06,0.009753234290315493,0.0066872798289068225,0.004870631410289095,0.00425030200515808,0.002321221576005117,0.0015866012983880573,0.0013252129487251185
2014-02-07,0.014889409679437415,0.011856944979564243,0.009957572486762434,0.0077819314812699325,0.00594898345993311,0.00485982974618282,0.00460848518152468
2014-02-10,0.005228083546874762,0.004711498291513072,0.004338794052727524,0.002916161492217295,0.001363579382575919,0.0008293349200039213,0.0006378901525463387
2014-02-11,0.008457070177961157,0.0054205538109353135,0.003587303106413753,0.002595752643633986,0.00018671539364190082,-0.0007117402909484483,-0.0009588260355467559
2014-02-12,0.0007227352080587668,-0.0005184572363343687,-0.0012914044845760975,-0.0017706697260223558,-0.0015205331638974418,-0.0017096398106725141,-0.001746491709455067
2014-02-13,0.0071248542554687155,0.006818505533829677,0.006596587243433039,0.005808387863556419,0.005050220825014495,0.004596783667300208,0.0044878383724573645
2014-02-14,0.0017669372504003356,0.001514744859661299,0.001418493027741663,0.0020930919738362253,0.0009538989028581302,0.000752946475593097,0.0006935620522465769
2014-02-18,0.004457395804142283,0.003995690446094269,0.0036559405642018206,0.0025656045891946366,0.0024422868274651677,0.002138455680313456,0.0022348113879704368
2014-02-19,-0.00642741282217818,-0.005964643706114603,-0.005679889399590299,-0.005206397461837375,-0.0033554798167211297,-0.002905072207656012,-0.002702755164033954
2014-02-20,0.00349630491583941,0.0022527071158300327,0.001518411407652076,0.0015474351320443613,0.0008129206803715316,0.0007624513272883604,0.0007279093402126069
2014-02-21,-0.0002362035698723064,0.0009127364925485271,0.0016136780778466253,0.001623402032137733,0.0006811625078149142,0.0007586745457193178,0.0007867806978145708
2014-02-24,0.0040251469688712405,0.002652980857630105,0.001824496543676668,0.0015731804453522624,0.0009734222452897345,0.0006957070610100757,0.0006258182315570515
2014-02-25,0.0005565312637509923,0.0022996550220411027,0.0033705136025254934,0.0035619069783532353,0.0024289260510483857,0.0024030543038611185,0.0023602689179686998
2014-02-26,0.0001494824706309572,0.0012309221630599776,0.0019012786931249526,0.002254733223286509,0.0020846593491721244,0.0022137937471378155,0.0022126300135205668
2014-02-27,0.006316380026312629,0.0061375804523216,0.006009454912464962,0.005157493545860703,0.0026693705216593866,0.0020653460446151684,0.0018560758378332043
2014-02-28,-0.0008274485840632506,-0.0005371146432852081,-0.00030291831696638294,0.0005615370998688363,-0.0002443644893451724,-0.00010498836888594987,-3.644794868151724e-05
2014-03-03,-0.006338091699507831,-0.0031198265190441887,-0.0011888675716319463,-0.00043779598765325556,0.0012517367034430293,0.0019009778070717687,0.0022488009444214807
2014-03-04,0.010561702554685137,0.004167552861833013,0.00035084553089781423,-0.0003369796525098945,-0.0015367764408694695,-0.0021758654302878044,-0.002510740390840649
2014-03-05,0.00270693385033538,0.002568481570976555,0.0024849916376197267,0.0018979860400365478,0.0012221278689565906,0.0007296825348903635,0.0004931453664513974
2014-03-06,-0.0015559081762152038,-0.0035866422387890173,-0.004811438933102652,-0.004120239057424979,-0.002854469419400818,-0.0027303798637322574,-0.0026821935961605092
2014-03-07,-0.005046600193753692,-0.005348409091997963,-0.005531025813799717,-0.004050117164856815,-0.0035454833508733463,-0.0034218577733620137,-0.0034990815847106838
2014-03-10,0.000923650221957395,0.0010434894276949436,0.0011160376017849138,0.0007445108575276915,0.0006611017206814562,0.0006572258657933094,0.0005726216434167597
2014-03-11,-0.003784410794124282,-0.002222114105176365,-0.0012764817028819708,-0.001179619004420429,-0.0007130880157427688,-0.0004185876615572237,-0.0002808867883086208
2014-03-12,0.004008644600713707,0.004729941548521799,0.005165428601714206,0.0042188116209020965,0.0033382910572763436,0.003017960105816675,0.00293864972901714
2014-03-13,-0.01205066831391266,-0.005805435641627499,-0.0020391214324610996,-0.0002446340039847783,0.000578618830630484,0.0014627097661670252,0.0017450018270692702
2014-03-14,-0.006288690034057631,-0.0046727457741675416,-0.0037079885349780017,-0.0022843697043155586,-0.0012770472142479283,-0.0006454568496707669,-0.00042861366405788637
2014-03-17,0.007528492845816803,0.0037674720102742754,0.0015278861785215092,0.000952445771081667,-0.00015729776035655618,-0.0008365408953365794,-0.0012154554106145188
2014-03-18,0.011424360073417628,0.009488610180266477,0.008329008364194257,0.006508778682934313,0.004509951544771962,0.0035210900151128044,0.003291982876945765
2014-03-19,-0.005592431357852368,-0.006129600545359937,-0.006452374423018936,-0.006645008003293262,-0.007937356856379085,-0.008007866925984208,-0.00791046553172503
2014-03-20,0.00243078943073316,0.0013961504488448906,0.000773924289843908,0.001464857098146366,0.0015290622096895135,0.001635384223617864,0.0015407309644697165
2014-03-21,-0.010300980260459336,-0.005113765345466925,-0.0019889964209177657,0.0008522237611683359,-0.0003527610095328537,0.0003078200687938182,0.0005573836556405087
2014-03-24,-0.007535827541450657,-0.003882507407590219,-0.001700084993223161,-5.909928864589187e-05,-0.0011405159732376102,-0.0005767934427579613,-0.00033705586177057434
2014-03-25,0.0027339326706581346,0.0010962477331439846,0.000123651851460016,0.00034322777136219784,0.0007538915369715848,0.0007398649096457266,0.0007339886037214249
2014-03-26,-0.011264477957723895,-0.006474369156404314,-0.00362215469422722,-0.0012850812956083368,0.0002695297888519743,0.0014143865037112846,0.001749102086157972
2014-03-27,-0.004763103041862449,-0.002271769488840003,-0.000799711146803217,0.00040822270997264987,-0.00017969880987867004,2.364214959671429e-05,0.0001931642127668276
2014-03-28,0.0013470693287307434,-0.00044337381532100206,-0.0014970898136252853,-0.00095861439166256,-0.0013030929330662966,-0.0013056910328349547,-0.0013448975127008378
2014-03-31,0.006357819274668941,0.004106743338429197,0.0027781562023327933,0.00275016199024658,0.002296043169438544,0.0018211156469034595,0.0015731111315726576
2014-04-01,0.014275065523020158,0.008982441015985554,0.003990051996960897,0.0007787502021601167,0.0007351297254161171,4.081670145561489e-05,-0.0002423548995482694
2014-04-02,0.0015527386895257678,-0.00011062429393493556,-0.0009301088509356958,-0.0010382412404432717,-0.001871983869579652,-0.0023791289218860756,-0.002587495882105273
2014-04-03,-0.006431844077017912,-0.003981560856024968,-0.0013548995689809384,0.0005019868774667202,2.6758786527691925e-05,0.0003095675602393655,0.0004385955799404151
2014-04-04,-0.02248330616227523,-0.015818718660139508,-0.009295389396987708,-0.0049253282754089245,-0.0003118771418963995,0.002139124518496738,0.00271761062340925
2014-04-07,-0.007522447852692293,-0.004363623250537296,-0.0028754692843911966,-0.0026819867623266713,-0.0013717109271979,-0.0007229986968069202,-0.0004559284381489004
2014-04-08,0.00835020331495362,0.006941048251644544,0.00522824895020868,0.00391549740589725,0.002636393659796399,0.002049223145129897,0.0020785038311867954
2014-04-09,0.014309377113770116,0.009784678759184207,0.006085457943720174,0.004001241525363408,0.0031712999829682786,0.0020607477540584007,0.0017231060228581896
2014-04-10,-0.025906978773480915,-0.01775549188962633,-0.011309882914919966,-0.007785742138708085,-0.003872339030659866,-0.001525993715192131,-0.0008278918994867324
2014-04-11,-0.009060120694138751,-0.004974646228886104,-0.002225797717516409,-0.0010464323406040865,-0.0011141933288575379,-0.0007948960679979855,-0.0006944217833930733
2014-04-14,0.0064587051275843965,0.004269477107573527,0.003065101991779118,0.0027295969952956245,0.0013359954234937188,0.0008180080731416961,0.000742572507105077
2014-04-15,0.003690322154685788,0.004302842788356465,0.00528590720138733,0.006083047095081451,0.0030566055901959377,0.002264962077218602,0.0020112701424128687
2014-04-16,0.011701112681690828,0.009195350220959408,0.0073057703466417045,0.006283138140227074,0.0024927940128434134,0.0010167049973197617,0.0006373346527523971
2014-04-17,-0.0012281052214222488,-0.0035460951879032754,-0.0046244538585016315,-0.004727482632575275,-0.00394671163463467,-0.003810570142512182,-0.003785131115873086
2014-04-21,0.006360099979316303,0.0046638528984503935,0.0030040001975362163,0.0019100993802130262,0.001217213774861392,0.0005834932503310242,0.0003682479875057876
2014-04-22,0.007358041382728109,0.0064195270028950535,0.005276209734486503,0.004363451662055651,0.0015778844300187167,0.000751720171053849,0.0005998745699393737
2014-04-23,-0.006943978262648698,-0.00397901303041448,-0.001140127604622565,0.000705617359651578,0.0008854945468574904,0.0013441307876409514,0.0014047934971574971
2014-04-24,0.00857396057080928,0.006993278243976553,0.004746257404504295,0.002876727695027892,0.0009795896720357078,0.00022495247446263633,0.0002240852501553814
2014-04-25,-0.013744713474138304,-0.010170452702867538,-0.0067561082881035794,-0.004506545326512956,-0.0020620784831871797,-0.0007132757980563564,-0.0004428230561308588
2014-04-28,0.002191764826840359,0.0005145671572137633,-0.00043170718546881037,-0.0006983822488579872,-0.00025730890700081943,-0.00043040048008913256,-0.0005868411269336349
2014-04-29,0.006770410198123633,0.004845958229127589,0.0031721445679167015,0.002160068153989947,0.0019967105667872964,0.001650804818247753,0.0015705822020282145
2014-04-30,0.002833941097426962,0.0031455583613906324,0.0033825016800783647,0.0034939604326365004,0.0028326459105456614,0.0023893856507846145,0.0021468242374713675
2014-05-01,0.004448335913731283,0.005791974901568686,0.005722007450859268,0.005431326958121652,0.0027439046219366325,0.0019170843712705832,0.0017359819242579455
2014-05-02,-0.00029879234415886025,0.0010899918069662284,0.001941673196131033,0.002231836981025692,0.0010141793126592358,0.0010325046254682224,0.0011657250005823183
2014-05-05,0.0030849630849505427,0.001114331402269908,-0.0008505373612363032,-0.0017455318130653596,-0.00031056913600058245,-0.00013536772103650563,-0.00018715429865279187
2014-05-06,-0.009724228348828912,-0.00677565415334247,-0.004023534929435968,-0.0028028796034281767,-0.001634385026373808,-0.0008051094322550911,-0.0005150226077088593
2014-05-07,-0.0030107120276388066,-0.00312908289599223,-0.00080700078563678,0.0006959092191010097,0.0017134154859979045,0.0018119702332417553,0.0016933025597023477
2014-05-08,-0.0015730215037403905,-0.002160520167371227,-0.0025085081499939266,-0.0026230851459758675,-5.011650937447598e-05,0.0004974850061620906,0.0005024983039321196
2014-05-09,0.002365755586227536,0.0011560129025616206,-8.792869934026726e-05,-0.0006590072706565975,-0.0002332468238713803,-0.0001513399284328587,-0.00018609724588447563
2014-05-12,0.012542624262447788,0.008969589232699526,0.00522470829114452,0.0034914327848154514,0.0011629261081009812,0.00014789263817061027,-9.101186755178237e-05
2014-05-13,0.0021849876383752687,0.003562709638381678,0.004363279464090208,0.004622008695463586,0.003312537456507947,0.0030518923557945055,0.0030710549349448613
2014-05-14,-0.0021678715707917906,0.0006094614741014581,0.002229477101035826,0.0027555372359673314,0.002217145317411129,0.002327660601955106,0.002477342122435333
2014-05-15,-0.00481535551206369,-0.0020558553773630805,-0.0008348076036560625,-0.0005589894875134283,8.268095795149755e-05,0.0006681406984367921,0.0008709362087522265
2014-05-16,0.004721092922442605,0.00307892635544893,0.0013725384502574212,0.0005826680744231982,-0.00032668002876479196,-0.00056633962727759,-0.0005828930405991084
2014-05-19,0.004182068548757911,0.00167173589191294,-0.0005652041007291331,-0.0015367142680881019,-0.0001360630908431304,4.065727778890249e-07,-6.0425637952166156e-05
2014-05-20,-0.0025076623750917015,-0.0014925086059850434,-0.0016750676587407032,-0.0019782342439732536,-7.36213804324315e-05,0.0006076842185929188,0.0008105057090457279
2014-05-21,0.006541913183706338,0.0038142699148007164,0.002033536083350107,0.0013920317826079387,0.0010707246623089528,0.0004885117217348078,0.00023877168533936732
2014-05-22,0.003288581304710103,0.0022822880691826253,0.0011997707784590084,0.0006900936014289094,7.153612664723141e-05,-0.00017394934225967162,-0.00022188241370491024
2014-05-23,0.006920047401889562,0.006586631503009643,0.005508823132312379,0.004877424729760715,0.0028672129872244767,0.0021828247142920976,0.002065612870108424
2014-05-27,0.011217871825441428,0.010078836650113221,0.0077294374038889835,0.00642729344584847,0.002840025757024467,0.0015501466251319762,0.0012311390408803469
2014-05-28,-0.0001881249097989146,0.0024642629638806923,0.004575264980897442,0.005445847573001261,0.0039755786135839966,0.0036855598052640826,0.003663688228726203
2014-05-29,0.0041731292804962905,0.0021460740280552226,0.0006986289280723756,0.0001404159923359405,0.00030599053368862705,0.00019272058594288488,0.00010920340994591271
2014-05-30,6.750692050250251e-06,-8.755948442040751e-05,0.0002691865394104376,0.0005170266923355538,2.248618114997214e-05,-8.030975703821053e-05,-0.00016495470699973147
2014-06-02,-0.0009916411001646974,-0.0027146670828216424,-0.003415686751869429,-0.0031763186489093265,-0.003202650572003307,-0.003300767365264745,-0.003411448732655642
2014-06-03,-0.0004488957747872391,-0.0036049116856113894,-0.005445398463051143,-0.005976196341620499,-0.004237868244246323,-0.0035490785744733966,-0.0034694350308699384
2014-06-04,0.003725499079769934,0.002671360571161019,0.0018178181643380142,0.0012254308079207021,0.00033391535217774937,-0.00012094346802993261,-0.00022748990431120664
2014-06-05,0.008406694040309137,0.00631283250205672,0.0048246759747501144,0.004013892949582765,0.00320367226827889,0.002607281895038671,0.002424724961019864
2014-06-06,0.005737190573680717,0.004236538967977266,0.003221895647725237,0.002735412616180488,0.0014498059121224038,0.0008196756208525002,0.0007388397968179916
2014-06-09,-0.0007543722091972738,-0.0009312884917698216,-0.0007849866884117596,-0.0003738542172094794,-0.0007635809813247851,-0.0006773037832450424,-0.0005879681901360678
2014-06-10,0.0017203519427073655,0.00031457355346664606,-0.0007404061384472804,-0.0013769866422708166,-0.0012292613288744647,-0.00124164530902382,-0.001270428412772917
2014-06-11,-0.00021350401231590155,0.00030905041909501385,0.0001565167457682204,-0.0005669041326770152,-4.877406860959166e-05,0.00022228568341930988,0.00033711328031160726
2014-06-12,-0.009027372440461923,-0.004371760848568607,-0.001350921881121625,-7.75780039979912e-05,0.000551553190153875,0.0011448928665891422,0.0015197930485371103
2014-06-13,0.0029301134814470053,0.0020183932203454713,0.0015013921639388528,0.0013782433938691607,2.3693311748118617e-06,-0.0005491108233703912,-0.0006354381706237255
2014-06-16,0.0008678556764887269,0.0012953234766790445,0.0015397294003853812,0.0016005091947135508,0.0005284406981203027,0.00010697541707638258,8.399360740773965e-05
2014-06-17,0.0005335827331169885,-0.0016868336090714031,-0.00267277520135234,-0.002490592140924952,-0.002325840535324253,-0.00236998329213578,-0.0024631362273573876
2014-06-18,0.005626502033298841,0.0061707453046326854,0.006731460499048492,0.0072465985909864195,0.0061362289688096094,0.005624935690143218,0.005482316803212095
2014-06-19,-0.0006558365833735369,-0.003835186650438027,-0.005449050270455613,-0.005536917246875772,-0.00256013948623679,-0.0015488797128245801,-0.001438236003916793
2014-06-20,0.0011816932138442038,0.0028376187122196583,0.003933060589428994,0.004420140180863452,0.0021222145570436446,0.0013386207228212044,0.0012819490329052385
2014-06-23,0.0002127898984136678,-0.0006578817770663825,-0.0012424974470546246,-0.0015154511184529706,-0.000730287174464439,-0.0005260466758687521,-0.0005629870067516141
2014-06-24,-0.0009606959106286395,0.001922683108253942,0.002901154525426275,0.002119131934925189,0.0016323278739083236,0.0014729781829647681,0.0016393639284519868
2014-06-25,0.006361594445440932,0.005370156476796284,0.004530087634618152,0.0039093364799966945,0.0024441961069217033,0.0017483799148596546,0.001629030418885291
2014-06-26,0.0005395153923284379,0.0016479983463517645,0.0021234151828928294,0.001999677295297708,0.0017288713459358007,0.001512818373158975,0.0014305931019444884
2014-06-27,0.004387586723557435,0.002845502443876713,0.0015981352804637083,0.0007356900344206441,0.0006337466750645504,0.00039190156349411254,0.00029530316319492655
2014-06-30,0.0017074280738513803,0.0019070084839583057,0.001714002427071204,0.0012000580889204304,0.0005323654049900206,0.00029353621317596,0.00024105471588864447
2014-07-01,0.01096778010206001,0.005827073870023458,0.002702478425965049,0.0005695664090203945,-0.0002402438998959644,-0.0008621548663825251,-0.0011359083194891761
2014-07-02,0.0016850088680044895,-0.001557204237505494,-0.003529830836503267,-0.004258476538424483,-0.0031623584569402396,-0.0025251430019241905,-0.0025059584496300857
2014-07-03,0.006309265305299405,0.003736029025395826,0.002156128380001343,0.0013019056774874471,0.0003807089650149642,-0.0005229558317029204,-0.0008392959370692177
2014-07-07,-0.003030265169889468,-0.00036285586054440877,0.00126820432247432,0.0015608346464057732,0.001045607323219011,0.000879803261126133,0.0008939874264473069
2014-07-08,-0.012052999405135378,-0.006010247784827172,-0.0022840563834887195,0.00046875280847680223,0.0011040077583297503,0.0017860503118334314,0.00206230248312278
2014-07-09,0.007426141724173219,0.005674737474369085,0.004596086907653785,0.0034009636470986315,0.0021515117805428474,0.0010362125513541098,0.0006675522706205417
2014-07-10,-0.0031594130423802103,-0.002258661769510728,-0.001718640820142281,-0.0018249058027093312,-0.0004410426044079152,0.00027816687822346253,0.0003427854642474859
2014-07-11,0.006444381216847761,0.006427335278559987,0.006381387624161405,0.0047949622742806675,0.002822875925259982,0.0016950404360163152,0.0015175352891128036
2014-07-14,0.0059827260927567405,0.0032683279529752696,0.0016195805688736797,0.0008844256854232402,8.964879919592939e-05,-0.000542412745656029,-0.0007177154607294067
2014-07-15,-0.003443137840200783,-0.003074408430079445,-0.0028393432029514276,-0.0022879907921872222,-0.001553395943354574,-0.0011736915229146883,-0.001216650786373008
2014-07-16,0.003978591313331448,0.00432885292844265,0.004539595684931896,0.004509923508120517,0.002904742137376237,0.001620081765921988,0.0013390418911982671
2014-07-17,-0.01324418798109217,-0.006468181512893856,-0.0023426871943180716,-0.0006529074144823177,0.0004568647128000425,0.0008979370056076963,0.0010340969886148965
2014-07-18,0.015853058163185052,0.010756982883420863,0.007658881847073085,0.0051062511648172215,0.002590254925017632,0.0011610523310991994,0.0008299698862714866
2014-07-21,-0.0012484366390804746,0.00039202684949501965,0.001380436864039325,0.0014559135569343074,0.0002649748641998517,-0.0003567646794462309,-0.00032579335054683245
2014-07-22,0.00635391371660643,0.0052240088651478445,0.00452814305555993,0.003724932893212962,0.0025961685065019058,0.0019034655141372259,0.0017203148075919383
2014-07-23,0.0064177580712099225,0.004381066714561399,0.003120312828167604,0.0014825243937908184,0.0010137224281621116,0.0006667966563917993,0.0006094639329894402
2014-07-24,-0.001131566899222447,-0.0027936373630323974,-0.003793824656050493,-0.0037070138194134072,-0.0032139852900460175,-0.0026142249037862664,-0.002458178556907553
2014-07-25,-0.0039126855261987226,0.00019286768245119212,0.0026850132950895222,0.0031369309758209063,0.0021133711174936565,0.0015525723799805213,0.0016303026875836846
2014-07-28,0.0003103169761184965,-0.00013709454662891307,-0.00040682397671587545,-0.00045246050612612887,-0.0006582177928513566,-0.0010296626789915164,-0.001194886228543579
2014-07-29,-0.0017569539906533427,-0.0003339029049864717,0.0005091085815045471,-3.820809166854566e-05,-8.526458784463564e-05,-6.275339569583593e-05,-1.3874344239495073e-05
2014-07-30,0.003933743049686855,-0.0007871239907217831,-0.0036617928565950697,-0.005619770758636844,-0.005025488444627135,-0.005166196274315582,-0.005418790446496402
2014-07-31,-0.020210065589354564,-0.01570420280876683,-0.012961290239097645,-0.01204265132639959,-0.007746400710612278,-0.005134548297653918,-0.004658313356701416
2014-08-01,-0.003683505848597224,-0.0010127225870850687,0.0010489608998036637,0.001776012379886227,0.002788382829229441,0.0034458326627906377,0.003496338019029599
2014-08-04,0.006865881459710899,0.004629202195214788,0.0029815058943560846,0.002609895250792027,0.0023837786714473452,0.002404860568320011,0.0024877109309453527
2014-08-05,-0.007658601143589405,-0.005107406494177957,-0.0033523642269939202,-0.003359306388378114,-0.00259929740069631,-0.0018666374878292258,-0.0016300805495412796
2014-08-06,-0.0007398288510853668,-0.00042098060461615017,-9.786743098649797e-05,0.00024599046554096837,0.0003474022919560671,0.0007271400921502469,0.000980932573347415
2014-08-07,-0.0031738709169651935,-0.0002190545487320561,0.0018135245131001287,0.0018376039203988892,0.0018129294746609403,0.0020496773311837746,0.0022745999539379724
2014-08-08,0.007217036724695758,0.004979815093711926,0.0036588892210787094,0.0043329754440666335,0.0031731741233471666,0.0020518320585380945,0.0018171720045454531
2014-08-11,0.005900910328227038,0.004482499940611451,0.003181820482804021,0.0020979583152953563,0.0011571784581174693,0.000727744588778334,0.0008207872470784583
2014-08-12,-0.0004190272432337272,-0.0018513962994241018,-0.003003174710175416,-0.003559218397083952,-0.0022677316601279474,-0.0012848987946471047,-0.00126609918930487
2014-08-13,0.010584825607353299,0.009634350673424441,0.008613799030094293,0.007405478087300743,0.005436688299739423,0.004034975294758603,0.0038254651563085496
2014-08-14,0.005185149829888047,0.005855778520707178,0.006323932084249639,0.006344146506552351,0.0041784783020593075,0.0025735420293988565,0.0024676095878253257
2014-08-15,0.004848690752286,0.006269425927154071,0.006934678197930033,0.0059036974540733755,0.004158170807059269,0.003027607566199908,0.0030067848881882853
2014-08-18,0.007700225827870222,0.0035444019193122678,0.00047542779513665145,-0.0002378005524904525,-0.00017025029491990473,-0.0001610072837581189,-0.0003136639809024899
2014-08-19,0.005603918221037452,0.0035833803355609373,0.0020233544632761724,0.0014838175350209148,0.0009714873714814498,0.0004123285749721983,0.00015237596776929152
2014-08-20,-4.9837356463910965e-11,-0.00037749714956447633,-0.00044977845723293,0.00017764208416992666,-0.0007472461885822401,-0.0014718895911171037,-0.0014583143225618267
2014-08-21,0.002026358446084897,0.00285134271178622,0.003549696558030613,0.003965339983185379,0.00310938997915855,0.0021741108533430697,0.0019631757317488674
2014-08-22,0.001516328691665736,0.002454252917940547,0.002918566415581525,0.002304407093644656,0.0008642834743535222,-0.0003454573657025728,-0.0005462699829055229
2014-08-25,0.0035338012750270043,0.003584316438717483,0.0037456771147292844,0.004163751576928165,0.0029073679725366564,0.0018260881558003206,0.0017163116319494076
2014-08-26,0.001005962988045006,2.385303674912187e-05,-0.0007485660765721436,-0.001055275780111331,-0.000378831187537787,0.0001059867096964151,8.679588227633594e-05
2014-08-27,0.00020108791769279932,0.0021248727020735103,0.0035362620375256615,0.003793819042133606,0.0026644503551174203,0.0017638934842132414,0.0016973421284089962
2014-08-28,-0.0011052735378668244,0.00037101623511559545,0.0015319628173720012,0.0019979375364667096,0.0013963926026545614,0.0007341669744869161,0.000613957805961185
2014-08-29,0.003721867242226562,0.0030088201886688815,0.002401233961226712,0.002017456715594834,0.0013644750729908672,0.0008005728691058422,0.0006732341306447953
2014-09-02,0.002906457552347419,0.0029064574179542557,-0.003149707966349058,-0.006088261118683547,-0.0060293455665977325,-0.003977040120311637,-0.004006705928115695
2014-09-03,-0.005895879100536239,-0.005895879176905927,-0.002091683284163537,0.0004121017364462354,0.0010920515358550098,0.0003659986088984102,0.00036773137826795477
2014-09-04,-0.0009046712763299825,-0.0009046712887820219,-0.004111308073282416,-0.005419558179390882,-0.0059398663052935285,-0.003479038922621469,-0.003225310635141976
2014-09-05,0.005030645800476075,0.0050306457714237585,0.00305208402205448,0.0022006923365280873,0.001594100531381315,0.0011393567279813777,0.0008309925647889127
2014-09-08,0.001901986168973746,0.001901986289133406,0.0009625061193982987,-0.00029180347435719955,-0.0010087144263524195,-0.001290752193586986,-0.0012958312084239143
2014-09-09,-0.00829323067203136,-0.008293230622718362,-0.005994191038091623,-0.0047302304482217394,-0.004013586129268942,-0.0035941402708711268,-0.003458805901427664
2014-09-10,0.008261948527770402,0.008261948667233954,0.003700998022915014,0.00108152413788698,-1.794487465700545e-05,-0.00047268798676014523,-0.0008061770894708387
2014-09-11,-0.0007992854821166073,-0.000799285629813018,-0.0012532427930136425,-0.0010358369818893598,-0.0008207072014710937,-0.0006036620708104179,-0.0006176771482876431
2014-09-12,-0.005100670931491469,-0.0051006707704251975,-0.006655441273916152,-0.007395799458642549,-0.006769884512036306,-0.004128241161865054,-0.0037695196645641804
2014-09-15,-0.009650338288064053,-0.009650338379887824,-0.005557500209574018,-0.0022070314627591348,-0.0008394396396287362,0.0003072157348247284,0.0006273417855930941
2014-09-16,0.008729098902541477,0.008729098921065548,0.005086242845564026,0.0034732078248298492,0.002367629955736028,0.0018119160488874186,0.0015491394341318188
2014-09-17,0.0015098164696885075,0.0015098164587650231,0.0003845904873147621,-7.50031339432633e-05,-0.0008114516067744271,-0.0011115465887867604,-0.0008837095130826977
2014-09-18,0.007535110037496073,0.007535110157523839,0.006094882964626791,0.005101506950968782,0.00403063919173019,0.0012365373342431152,0.0006986289456512029
2014-09-19,-0.0006197129004429369,-0.0006197126303292277,0.0029467508551523913,0.004249223939235325,0.0041685913686888565,0.0025101339626867336,0.0025574544819548795
2014-09-22,-0.009301938290476763,-0.009301938203970184,-0.0062459683299580515,-0.0047684884545228234,-0.0030899842103718766,-0.000767041429933224,-0.00039501664384711255
2014-09-23,-0.002725741156967443,-0.002725740909162333,-0.0006374323466912246,-0.0004515894021137612,-0.00010059508824311614,-0.00029381448070442406,-0.0004625039852361734
2014-09-24,0.010730853693153408,0.010730853736941048,0.005888379773616448,0.0034823650633168945,0.0016424535221128966,-0.0001740492797989157,-0.0008359600213744267
2014-09-25,-0.021033681274921334,-0.021033681275853255,-0.01146757188075842,-0.0068459455834429805,-0.003749353517049858,-0.0015817975133241013,-0.0010301779104200381
2014-09-26,0.010640566542849506,0.010640566538990148,0.0069362358633136,0.005015240464880666,0.0028290143327118766,0.00043627623078501543,-1.9813212029484717e-05
2014-09-29,-0.0013159959148816291,-0.0013159958036348396,0.001212667015961344,0.002064679403975811,0.001377787289197352,0.001106599617181958,0.0013279552139862094
2014-09-30,0.0014190621277556659,0.0014190623751819675,-0.0010323741233857486,-0.0027571462491474685,-0.0019460385091367716,-0.00014280032557068,8.107470489693291e-05
2014-10-01,-0.015993544249806257,-0.015993544545670257,-0.009371778999196279,-0.00332054979158658,-0.00017883543783714373,0.002016067108709496,0.0029599258198620415
2014-10-02,1.2868839327495607e-10,1.2927214854130398e-11,-0.0013500529110379578,-0.002785025370079852,-0.0017389029022187863,-0.0014290024156330405,-0.001478016662227466
2014-10-03,0.009875580343356116,0.009875580501142345,0.009450598506451247,0.008636820984542659,0.005869197710363316,0.0030070125285861504,0.0024645545078976205
2014-10-06,-0.0021391244652648744,-0.002139124456716268,-0.001290151198664935,-0.0007389405186396525,-3.218453236042418e-05,0.0008280884881699535,0.0010147958705877258
2014-10-07,-0.014189436994822113,-0.01418943711172016,-0.01026690058160773,-0.005817728650893028,-0.00266326437357689,-0.0006001464194894668,0.00012693961752519023
2014-10-08,0.0194675791722152,0.0194675792781831,0.01547091394934852,0.012049726294339536,0.009346556296394803,0.007061249995728547,0.006294686815744521
2014-10-09,-0.016150400510155483,-0.016150400471288684,-0.015793277942595774,-0.014205519280122925,-0.010269476644303666,-0.007266950431666919,-0.006693992234993118
2014-10-10,-0.0249844513957449,-0.02498445196150223,-0.013551417143704447,-0.006331820228643981,-0.0034288441489380705,-0.0016214207177730477,-0.0010966965562460018
2014-10-13,-0.0156712155321016,-0.015671216078823824,-0.012337253445379281,-0.008728131690670216,-0.0043793040714131815,-0.00125928761053673,-0.0005333695838749541
2014-10-14,0.00010753547137065667,0.00010753510083483242,0.0018123330930626125,0.0030498406426842095,0.0025217289197505544,0.002059818006112879,0.0021540351644979694
2014-10-15,-0.006453739914443868,-0.0064537402904074614,-0.004118663523172472,-0.0016857273844179677,-0.00029651721743972903,0.0018771963840600314,0.0024692366515561837
2014-10-16,-0.006278868938855986,-0.006278869333741444,-0.00402546286583505,-0.0035396306099476638,-0.0025155145996220707,-0.0012202223942711088,-0.0008578850653482295
2014-10-17,0.013182051708150455,0.013182052166115454,0.00934988992691732,0.0059909197470704445,0.0035868384085702143,0.002076077043003055,0.0017574564097810885
2014-10-20,0.014946208018261409,0.014946208182129883,0.010808621807657737,0.008382121490236871,0.005703006251634335,0.004173412534751675,0.003950480566734749
2014-10-21,0.026274019397372728,0.02627401995006262,0.01774211642983059,0.011286588227967131,0.0068596025873743915,0.004087602535944201,0.003287013385383508
2014-10-22,-0.00516155192683776,-0.00516155181254907,-0.004950363763472021,-0.004093666522620998,-0.0032766859423768446,-0.0027676006233956496,-0.002687927604283269
2014-10-23,0.015046010877451943,0.015046011032781692,0.009627531498792807,0.005250689819312537,0.0024626991557838984,0.00015084296032230604,-0.0006314462885633754
2014-10-24,0.008178427654671694,0.008178427897057361,0.006802507326594931,0.005553445877892527,0.003711593275244729,0.002706581199630298,0.002459918863615407
2014-10-27,0.0007098693972322767,0.0007098694065887923,1.4422607168329549e-05,-9.225193827067102e-06,0.0001823645955538744,-0.00019144898005019062,-0.00035997748694160947
2014-10-28,0.015097719602586324,0.015097719525314357,0.010095637158723081,0.006160929525842018,0.0029317733961429226,0.0013737495731789284,0.0008376346876342033
2014-10-29,-0.003693406047917791,-0.003693406063708493,-0.0018197223242502059,-0.0006068021809499946,-0.001460870538669834,-0.0025026870873936513,-0.0025086673804819437
2014-10-30,0.002104137876890455,0.002104137724055155,0.0037163388703005396,0.0039497616541550595,0.002874216704439325,0.002041054368734141,0.0017580986966867496
2014-10-31,0.0137971678773261,0.013797167943359057,0.010170918092127224,0.007217174689508443,0.004294562053293927,0.0019308031992992802,0.0012618760516871497
2014-11-03,0.0029584816530559,0.0029584817758427917,0.0016635302683312148,0.0008361712760984741,0.00018335518332479595,0.0002434964477473489,0.0003013030217813295
2014-11-04,-0.003342929090975333,-0.0033429291353934687,-0.0021277355901742068,-0.001210799726385936,-0.001133373562818507,-0.001332742662238151,-0.001319093922352077
2014-11-05,9.846469382224221e-05,9.846457835394062e-05,0.0016512148847378505,0.0024509442052742525,0.0021336215514544676,0.0015452360779755203,0.001240468772208736
2014-11-06,0.003156981054142527,0.003156981194637476,0.0015382012251461408,0.0002821865642452792,-0.0003914616706847118,-0.0005748519508002037,-0.0006407055806436635
2014-11-07,-0.0008851238561308206,-0.0008851239739374739,0.002048620452192562,0.004135997994211271,0.004402424429360785,0.004284402725729164,0.004316357838181739
2014-11-10,0.0035432367807595178,0.0035432367729069103,0.0009445493954667317,-0.00096604604292716,-0.0014868304883468575,-0.0016969294501459897,-0.0018781172344888297
2014-11-11,0.003138476034788562,0.0031384761837334185,0.002015875714165727,0.001302838907804471,0.0007156186620942417,0.0006580237766222741,0.000702618958416501
2014-11-12,0.0017598791958985949,0.0017598793515902766,0.0004084132109700711,-0.0004377280743079748,-0.0004974880486205979,-0.0008887213025257079,-0.0010967206620837722
2014-11-13,0.004294247423181519,0.004294247686485786,0.0029748470017887385,0.002169846315075219,0.0016004481564635409,0.0007741115830839362,0.00034940424388918423
2014-11-14,0.003109962358539331,0.0031099626041086736,0.0025940009620550875,0.00237322740241086,0.001774191855436591,0.0007268171793464173,0.0003078400544318516
2014-11-17,-0.003003318772295871,-0.0030033188361224816,-0.001823878718680394,-0.0011486983675459417,-0.0008645197618178946,-0.0006422421463915251,-0.0006144962754283112
2014-11-18,0.007482189563959851,0.00748218968411174,0.0060642793698042485,0.00509931647778572,0.0034990107481300825,0.0018858512950847839,0.0013300748569344822
2014-11-19,-0.004533122058823946,-0.004533122008277712,-0.004009285987444988,-0.003785822224861235,-0.002978521059142647,-0.002132212401137701,-0.001976199127300071
2014-11-20,0.004456987215288866,0.004456987237018817,0.0037940751086109614,0.0034534692372967246,0.0024860426387496304,0.001622261904571376,0.0014540634080959514
2014-11-21,0.0019292896778180246,0.00192928952298832,0.0037379503493264465,0.0048996293473351216,0.0037788687573629964,0.003226543907454138,0.0033093291301364847
2014-11-24,0.007798073244149162,0.007798073384458704,0.004965834549907733,0.003131242739664586,0.002275390366491381,0.001485168177336016,0.001183513654668511
2014-11-25,0.001528539875939483,0.0015285399150528622,0.0021559160354276408,0.002760207873576892,0.0019734573868843697,0.0016146921910977774,0.0017251150256039072
2014-11-26,0.006486073017652361,0.006486073137349502,0.004592245263189243,0.003394979028450873,0.002606895918281893,0.001943816014961408,0.0017761601061874188
2014-11-28,0.004643697410302572,0.004643697903283783,0.0032602907832628425,0.0026088518166795804,0.002150011849175071,0.0007083474377416188,5.8451461580455444e-05
2014-12-01,-0.011319765229797385,-0.011319765341090138,-0.010409929373694782,-0.008226373775840123,-0.005993150274752335,-0.004991837246295927,-0.005157825738718813
2014-12-02,0.004007210325262411,0.0040072102771853135,0.0017277483036250985,0.0004109533358949147,-0.002031016835876698,-0.0010902993637393887,-0.0003312855899398892
2014-12-03,0.0018055395051284062,0.001805539465019601,0.002149889479274414,0.003108694744767382,0.0022280085813086714,0.0013769562495187238,0.0012702360694711867
2014-12-04,-0.00047420130243436276,-0.0004742013033141035,0.000980913888157131,0.0021094595083936962,0.0014527364236192053,0.0015367810191959652,0.001671579533246259
2014-12-05,9.464102710254885e-05,9.464101813860815e-05,-0.0008889099765505559,-0.0013010200167828945,-0.0021979243940710713,-0.003038428387414527,-0.0031692839533387085
2014-12-08,-0.007117094322306894,-0.00711709442316899,-0.003922935457857157,-0.0008840255307289713,0.0008302856889901289,1.8927820139680307e-05,-0.0004010166634096368
2014-12-09,0.0031542361525149776,0.00315423612852217,0.003487526342824232,0.002598272800296897,0.0014361731179970416,0.001799051387858297,0.0019343102766316012
2014-12-10,-0.015720211694871145,-0.015720211827623176,-0.011849669420286424,-0.0084433159078523,-0.005820768834330026,-0.0033664744003693015,-0.0029584502015942427
2014-12-11,0.004743035370320836,0.004743035429619624,0.004633887201356046,0.0046376577402018615,0.002134581860517626,-0.00024021981662125658,-0.0009417730627480081
2014-12-12,-0.010886484016218945,-0.010886484009095754,-0.006702924365877494,-0.004558678592365362,-0.0032444277199766836,-0.0013144927227111136,-0.0011601456730693238
2014-12-15,-0.010324279813252235,-0.01032427985879314,-0.008881981015420704,-0.006538394699314498,-0.0026199757020812786,-0.0031166989878085305,-0.003409434258571098
2014-12-16,-0.016041812359162466,-0.016041812746082407,-0.011042205597162402,-0.00415480103200061,-0.0030825463815222776,-0.0005669630102955736,0.0005140307691275936
2014-12-17,0.01820377781229232,0.018203777771099272,0.013307561178181215,0.009426547962412934,0.006551472368707012,0.003967465967877004,0.003988679504110193
2014-12-18,0.024066707877953064,0.024066708176858187,0.01669527519036107,0.010375681138203419,0.008027101182416452,0.004448213053434902,0.0029503566194335473
2014-12-19,0.004399872670539651,0.004399872710848962,0.005936485931342439,0.007273618766845402,0.0033616579902571164,0.0038488892365089455,0.005047429760580924
2014-12-22,0.0024925673067193177,0.002492567163249193,0.0023008203801424543,0.002772965769289648,0.0031641585427879537,0.0012287940325843572,0.00028942495605921437
2014-12-23,-0.003538133224566975,-0.003538133284069933,-0.0063266550400266075,-0.007308056545773045,-0.006356119597330734,-0.004582460948037492,-0.003911850818419715
2014-12-24,0.0008637430892233233,0.0008637431009139718,0.0016352717319647603,0.002089729404363805,0.0023399633177938473,0.001426490179437634,0.0013256615333865351
2014-12-26,0.007095033191408362,0.007095033292041197,0.006520746434586888,0.004802395195817155,0.002846487419395194,0.0013262787140597698,0.000698286851942509
2014-12-29,-0.00019077359279862094,-0.00019077367244924037,0.0011060317241033957,0.0027456911246785953,0.0021593526161090004,0.0021738893644738244,0.0023002615913287894
2014-12-30,-0.006665306511243307,-0.006665306598597209,-0.005068975957125965,-0.003238948731424718,-0.0017291315642761207,-0.0009807039732826484,-0.0007947417487854658
2014-12-31,-0.010256752886061649,-0.010256752924530432,-0.00817367888228726,-0.00620863632665547,-0.0036324319667979665,-0.0021293416493058936,-0.0017396377389525819
2015-01-02,-0.003002319823524502,-0.0030023199591348027,-0.0006191672579424212,0.0022803775886164335,0.002680441466826222,0.00282151996889235,0.0029194023813394754
2015-01-05,-0.014668719366363492,-0.014668719525285479,-0.009553294291564152,-0.006064954194741179,-0.0033545870858624482,-0.0017106972064973025,-0.0015617868944270974
2015-01-06,-0.013408329790235207,-0.013408330032767646,-0.0079195513892375,-0.001854525639242377,3.140115577782154e-05,0.0010286056302408753,0.0014624299470626934
2015-01-07,0.012891007997346327,0.012891008036337581,0.010238926372533985,0.007800087579565185,0.005717536615205576,0.0038988754033006945,0.0034957125966397218
2015-01-08,0.019139585165579343,0.01913958540126104,0.013428465976688564,0.008005867190006954,0.004481148065004215,0.0027466496806827223,0.0023194828133874523
2015-01-09,-0.006582609130805772,-0.0065826091899516825,-0.0035890831666187673,-0.001383409701449012,-0.0004227059325461191,0.0009950226200210466,0.002286085601561405
2015-01-12,-0.01042681892769437,-0.010426819199096937,-0.007597770037643836,-0.004309506788541029,-0.0021622553455770133,-0.00028509681493649186,0.00031716552514282625
2015-01-13,-0.00029556113935147454,-0.00029556113197704015,-0.00026393955559889104,-0.0010072639001488248,-0.0005587853739326132,-3.580238593037244e-05,6.198264347090365e-05
2015-01-14,-0.005516062379089193,-0.005516062518660658,-0.0032108154173018377,-0.0013513160261293677,-0.0005496426083255734,0.0007986334350673641,0.0011262312799327212
2015-01-15,-0.012975692897311042,-0.012975693123214671,-0.007829311370020964,-0.002179314131209531,0.00026046053394557234,0.0021231555435876626,0.002240839018160745
2015-01-16,0.011741200184281375,0.011741200224151704,0.007285105263778124,0.0038603312138931756,0.0010594919688591276,-0.001001939434884358,-0.001392260765968989
2015-01-20,0.007934858266489764,0.00793485856427556,0.008844981696400023,0.007865546237661336,0.005218027341171938,0.00227202566878848,0.0015872692563263513
2015-01-21,0.005117113965702469,0.005117114097082709,0.0021221381400151618,-0.0005038758550921507,-0.0001430564268253276,-0.0007002804020244113,-0.0007829285785779794
2015-01-22,0.018504011911301133,0.018504012043375484,0.014560127635390385,0.010002408808888363,0.006335728605150193,0.0029856440862745526,0.0017185029972883736
2015-01-23,0.0022110001589952244,0.002211000294290777,0.004185058488373583,0.0035713556747247743,0.0034289572183172634,0.0030769974547435464,0.0030504783697147264
2015-01-26,-0.0011510536480654476,-0.0011510538699051054,-0.0014551690830426622,-0.0006636023387002199,-0.00015170041947409896,-0.00040148239338833047,-6.705247399030334e-05
2015-01-27,-0.025926479472748398,-0.025926480122589246,-0.021003731699010375,-0.012779250783016005,-0.0073013270600945646,-0.0034220116868864947,-0.002030272334324401
2015-01-28,-0.005126272364625595,-0.005126272203797688,-0.0013364098803194668,-0.00039325380147814393,0.001050340763552704,0.0017545750309679864,0.0020033668573689045
2015-01-29,0.009611636285942193,0.00961163634030271,0.006652570848372008,0.003981154779877372,0.0019749519649294722,0.0005143462428918166,0.00023880757624916704
2015-01-30,-0.007753548140076227,-0.007753547920537063,-0.0031996670631853075,-0.0006930323840782515,0.001571228261047386,0.00247132757393298,0.002609838491550054
2015-02-02,0.008704527647006355,0.007988883444205008,0.003908774847620089,0.004780939071938439,0.004485426628347833,0.0028423491936626633,0.002343968839729982
2015-02-03,0.009609388527016094,0.00955194252590763,0.0005382193183047779,-0.0006686696969993022,-0.0016548269431377882,-0.0013680218899546626,-0.0012535987102888502
2015-02-04,-0.0008739182720846062,-0.0010769502431278166,-0.00046021216843350476,-0.0009694470741413719,-0.0006471198877074924,-0.00027206220768838385,-0.000600590392662359
2015-02-05,0.008651725353921336,0.008859150933392845,0.003365769590209844,0.0017857067005728755,0.0008143157097066922,0.0008037002963257045,0.0009209001118435367
2015-02-06,-0.006072036530659575,-0.007503440556030916,-0.011644252044843317,-0.00987694046644949,-0.00901865381733491,-0.007859699113607954,-0.007085293215489452
2015-02-09,-0.0031998880072439118,-0.0034339198009807337,-0.003128886387067209,-0.0031382904646658494,-0.0022017667063558566,-0.001528045841931558,-0.0016275963175591546
2015-02-10,0.015564604132117799,0.014813560964487715,0.007755194528709319,0.004847719299389208,0.0026796918514104817,0.0015802136308866732,0.0012513371765727754
2015-02-11,0.0036397828876761906,0.0032446646179888905,0.002505483175386125,0.0017721153125815903,0.0011783649623877679,8.544268524124377e-05,-0.00016457859917373696
2015-02-12,0.011643360669472802,0.011660738822168781,0.007542527746335237,0.005471496283027788,0.004579533994776286,0.0030749036890227455,0.0020847579360772084
2015-02-13,0.00858484780539115,0.007675739121961067,0.0019554671683053026,-0.00018234468077271693,-0.0012298986098125964,-0.0008774630770469471,-0.0009004741254674542
2015-02-17,0.000935385470375083,0.000735210187800206,-0.003707252720384191,-0.004683071922987336,-0.004310410911966378,-0.0038896016787839383,-0.00401710211816686
2015-02-18,0.001401729606173241,0.0018652556906588735,0.003374217275816438,0.0027572313205397325,0.0026312435000819256,0.003288990076228071,0.003562492905521797
2015-02-19,0.004946029526908147,0.0033853975895110633,-0.0007067915691927329,-0.0017982844274865295,-0.0014716487777255427,-0.0015866063875265013,-0.002088780974627946
2015-02-20,0.006685756216153749,0.006857349136544455,0.005970663751874161,0.005185155365914795,0.004003317629226677,0.0017741332272922516,0.001446404658744349
2015-02-23,0.0010144582980979866,0.0014199624669404276,0.004451687012669847,0.004488440476795752,0.0037540219282632403,0.0028426554015879013,0.002841471088950609
2015-02-24,0.000737442841383773,-0.0004502710473277549,0.0020912717531373914,0.0053936881012803806,0.0061369333510084,0.005007395002913251,0.004694638367569004
2015-02-25,-0.002485965848275984,-0.002330597575881721,-0.0003949473043339813,0.0005928510797401643,0.000731664802046561,0.000631469258266959,0.0010700333736937129
2015-02-26,0.005076849429065167,0.004164803727932487,-0.0014983947003651688,-0.004230995910024848,-0.004799272339791716,-0.0038934590204983133,-0.0037905403120604975
2015-02-27,-0.0044086282838841084,-0.00371808275080332,0.0001607632177742513,0.0008140133640426317,0.000995043259329309,0.0011999301120526606,0.0014630070734544809
2015-03-02,0.009040642944502686,0.009040643740577003,0.0009889439761787688,-0.002388027920336988,-0.003320834311056231,-0.003005081003160881,-0.00333332788564078
2015-03-03,-0.004662512659906359,-0.004662512802720786,-0.004255241798695852,-0.00404608044159005,-0.0033433625536705147,-0.0027141341408137842,-0.0026667957833159672
2015-03-04,-0.00385794998305955,-0.003857949812379524,-0.0028670504877399416,-0.0024839076457502385,-0.001833415895030499,-0.000885427737959299,-0.0007404918289736218
2015-03-05,0.0017522245211969434,0.0017522245069903075,0.0008309571830629192,0.00036628483869804995,0.0005142387521592795,0.0008941717794486159,0.0009489008558885015
2015-03-06,-0.011322005855159634,-0.011322004712906342,-0.014910130687679657,-0.016429616109372103,-0.0145864809816999,-0.010691230620068493,-0.010073890290020593
2015-03-09,0.0028861893468272726,0.002886189030740338,0.004849025490011538,0.005731110322659605,0.005289096929280923,0.003633508613929637,0.0030559440311734853
2015-03-10,-0.018566735194827766,-0.018566736690805885,-0.00953771575069251,-0.005983374129198471,-0.004001754135667168,-0.00212337483021785,-0.0012874449673502264
2015-03-11,-0.005769916750451354,-0.005769917763823962,-0.0015128610382183494,0.0005328376240574251,0.00110199671524569,0.0008897010818931239,0.0012602570436555105
2015-03-12,0.0065646183687524395,0.006564617526687133,0.00583762292747636,0.006420560624907701,0.005563790863963414,0.003873128887907251,0.0032817968836942324
2015-03-13,-0.004347945146429777,-0.004347945263302622,-0.004307813109454606,-0.004625461252334762,-0.004050422394017206,-0.002917103880164862,-0.0027619755204956187
2015-03-16,0.012910490437059385,0.01291049090834906,0.012078384313935375,0.011876724186289156,0.009357136126469268,0.005346975908566254,0.004270717103388666
2015-03-17,0.0015934574816487412,0.0015934577146059503,0.002521513554773369,0.002153349231795998,0.0013599416152427768,-2.3387980362277183e-05,-0.0004029924511691485
2015-03-18,0.009825035278274719,0.009825034564044932,0.012934067484730694,0.01429378688032834,0.01344942346010769,0.011284805857395108,0.011019651744303971
2015-03-19,0.0014824163184532502,0.0014824169201679283,-0.0014946202468542058,-0.003524538182440251,-0.004340170892512374,-0.00496779540556358,-0.005386903907082963
2015-03-20,0.0064731117745220335,0.0064731107419693235,0.006758701413796198,0.007008880856005151,0.006349730891825667,0.005666931962571287,0.005750049564931192
2015-03-23,-0.0019348867523036883,-0.001934886913112499,-0.0017346658281136573,-0.0016714413183531729,-0.0007510238139016856,0.0004275122206314208,0.000588636219803762
2015-03-24,-0.003600454174627954,-0.0036004541711210925,-0.000394325035445231,0.0005274419447716117,0.00046180851874466633,0.0006471055351493504,0.0011410610527649023
2015-03-25,-0.022885247893228655,-0.022885248987846163,-0.017283385691155173,-0.013990697974315958,-0.010660574436088366,-0.0068565829843557635,-0.005825303541438398
2015-03-26,-0.0034135398924113325,-0.0034135397520297373,-0.006633604766347667,-0.007615852164656878,-0.006537768106991471,-0.004167988824595459,-0.0038436215006514285
2015-03-27,0.003995989694891344,0.003995989780801512,0.0059820786473243626,0.006466992987433917,0.005234971477957373,0.0031406501729722702,0.002925876516413073
2015-03-30,0.011467224619095218,0.011467224761470662,0.0070583105796491186,0.005536585359477542,0.004667798980528826,0.003385868652198809,0.0027361941884909147
2015-03-31,-0.010587704652000096,-0.010587705244383239,-0.006715895950873629,-0.005027515774260416,-0.0030848563496392867,-0.0008067146525330138,-0.0002927447471505751
2015-04-01,-0.005208185341578742,-0.003165418987721491,0.001440809313320024,0.0029731903609200305,0.002463106028210982,0.002401914958948481,0.002766750246915528
2015-04-02,0.0006663788290621753,-0.0005977252613044159,-0.0021191490013064973,-0.0024769779162590044,-0.0014965004489178035,-0.0008158150723474034,-0.000923350108473886
2015-04-06,0.008181182930737219,0.006644514376110688,0.003111341894114661,0.001936752118725238,0.002372695691981397,0.0027106775542191652,0.002463762497143085
2015-04-07,-0.0016983577729084987,-0.0006030147213826886,0.001301595315436721,0.0018611966970143445,0.0011682620312225556,0.0009444016953059631,0.0014512993300981325
2015-04-08,0.007939479783029668,0.00708138475918485,0.0038537046951361287,0.002641873947506923,0.0013829492873016491,0.00020683774899188379,-5.954245006056791e-05
2015-04-09,0.006282722026371923,0.004121421069757103,-0.0007162772381426041,-0.0023425715760270194,-0.002172609567258954,-0.0016780529151644297,-0.001930242388677006
2015-04-10,0.004100227567330306,0.0038084739126109657,0.003703683798230273,0.003724448775870748,0.0027312536131252063,0.0014745009784076224,0.0012910793371312401
2015-04-13,-0.0025056884762226783,-0.002083068509350472,-0.0019263570693536236,-0.0019596891552576823,-0.0012067405702578249,-0.00014833858109364328,-8.921555926577618e-06
2015-04-14,-0.002884458794870426,-0.0017909797123649707,0.002015136058748146,0.0034356929017440585,0.00304076152478161,0.002213523872418799,0.002122352348597367
2015-04-15,0.006251653038651606,0.0054568636461509445,0.00331742324663975,0.002558093803101791,0.002063300706208304,0.0020314267372756323,0.0020578832914028844
2015-04-16,-0.0013907887906640104,-0.0017781847002925621,-0.0021869829212827208,-0.0022706023020402366,-0.000997432644056051,-3.381284100367754e-05,-0.00016125224577800967
2015-04-17,-0.015600206653530901,-0.012641456689778341,-0.005361313276032953,-0.0028599230237933426,-0.002120553413459292,-0.0018657738617078312,-0.001434464354071241
2015-04-20,0.014998415838676449,0.012326433525865044,0.005094609429509234,0.00256121338323112,0.0016647607994209057,0.001305021114600624,0.0009316579530889157
2015-04-21,0.004275207502816514,0.0033110418581583367,-0.00047454171946870183,-0.0019119177671217402,-0.0017402687800316397,-0.0013091545346219924,-0.0012333059430472693
2015-04-22,0.0054600223403038495,0.003210665837506177,-0.001484697766923504,-0.0030195297787912745,-0.002998398706227423,-0.002622127121094997,-0.0028684741184867857
2015-04-23,0.0037734566318230467,0.003828929344569243,0.0035128522570611054,0.0033577670849049834,0.003022058534245309,0.0023446634582029446,0.002090738052759278
2015-04-24,0.013570523713871907,0.012777725864755451,0.00734911849632458,0.005117869982568912,0.003622417048039006,0.002994387861416037,0.00286686175582207
2015-04-27,-0.0025329146020233173,-0.0022638505010388332,-0.0022735794113931673,-0.0023435898544911238,-0.00224343376820757,-0.0017661185532557022,-0.0014763746990553717
2015-04-28,-0.0019953715808507244,-0.003245168542021837,-0.004032321021380958,-0.004076321240077507,-0.0032628339103981663,-0.002450816448999027,-0.002595890723546268
2015-04-29,-0.006270723743744155,-0.006913096820514331,-0.007439989346237352,-0.007527590790805672,-0.006158186394552345,-0.0036458226314791675,-0.0032948168795914334
2015-04-30,-0.015729349600351106,-0.013907303019285444,-0.008213113428873209,-0.006110256716210238,-0.004222082417140394,-0.0025197370530706253,-0.0019050812526233418
2015-05-01,0.013193561574465384,0.013193561659404995,0.005717217554326304,0.0024628300420919125,0.0005780516202291697,-0.00040739821106083873,-0.0008322305257648654
2015-05-04,0.0016507652467769862,0.0016507651791708433,-0.0007661253736894746,-0.0017310251293142231,-0.0011146520187103048,-0.0007083949437560744,-0.0007947477336774922
2015-05-05,-0.016296021420359352,-0.01629602141287123,-0.011172293396868205,-0.00874665310659406,-0.006108526823352389,-0.003952369963553193,-0.003224251526400712
2015-05-06,-0.006886930450392015,-0.006886930802845415,-0.008627796053105596,-0.009222726161239536,-0.005953979117934383,-0.004413022326305693,-0.004288197099390767
2015-05-07,0.005997678620142777,0.005997678705724319,0.0072463760383691955,0.0076725916044255715,0.005203190261642288,0.0034476492292041527,0.0030844865040422498
2015-05-08,0.012482637117309014,0.012482637140257324,0.010244753088402003,0.009334203339965708,0.00796716898091443,0.006735957852267216,0.006398440563905039
2015-05-11,-0.0038644446366323804,-0.0038644447466064102,-0.009199557142851145,-0.011505615254012724,-0.00923533218928474,-0.008043668462595632,-0.008072049187390906
2015-05-12,-0.004525479587303427,-0.0045254796704140565,-0.0023327561608224023,-0.0013182473373631876,-0.0011936411020009308,-0.00039074283246764985,-9.481377150566406e-05
2015-05-13,0.0020409878571849838,0.0020409878910641055,-0.0009727597822577483,-0.002349418640259504,-0.0011774861102258338,-0.0009378447055945482,-0.0010910822711378554
2015-05-14,0.014629683537923821,0.014629683564935547,0.010472654260227365,0.008480887884477983,0.0065955504858654646,0.0053626078856128245,0.0049704631782403474
2015-05-15,2.596216575057042e-10,3.124456249281593e-10,0.005163571026175484,0.007440779549919174,0.005806729220672713,0.004859358834053085,0.004864796454783216
2015-05-18,0.0043803356735048204,0.004380335520503875,-0.0011812644672105632,-0.0036210557103619756,-0.0037422939477546047,-0.0036133203312460616,-0.0037966267034407197
2015-05-19,-0.001090217328771459,-0.0010902173359580436,-0.0027384678038383514,-0.0034090348411643934,-0.0033908779959479496,-0.0030407923005074666,-0.0030091243235542686
2015-05-20,0.0006367389674999391,0.0006367389392702982,0.00048790793292541323,0.0003547492935804808,0.0007959014849214796,0.0008985755508763571,0.0008276646609162164
2015-05-21,0.005181211658280116,0.005181211902538729,0.006616807903605304,0.007119987194416089,0.005415309540216295,0.004452944321274188,0.004293573849272647
2015-05-22,-0.0009946544501606702,-0.0009946543585310774,-0.0010683518805724157,-0.0011714002759928288,-0.00161207354364179,-0.0016384980017227768,-0.001476765342411479
2015-05-26,-0.011496333614867127,-0.011496333544217974,-0.0043502117648930305,-0.0012314389900730527,-0.00026810233109542114,0.0007560499259371412,0.0012541089442239528
2015-05-27,0.01611726686627324,0.016117266960604226,0.010741814804975602,0.008113242112225638,0.004760037327001587,0.00243686543651922,0.0018470318394310237
2015-05-28,-0.0022531632620689246,-0.002253163282674664,-0.0019684515652722556,-0.0017889223789692155,-0.000996503492671108,4.9701380172129106e-05,0.0002305526016974646
2015-05-29,-0.005961495264451111,-0.005961495189752752,-0.00403386498103786,-0.0032175443282077554,-0.0021357689869564433,-0.0008232124161270393,-0.0003162150902205063
2015-06-01,0.003362038380034793,0.003362038450996252,0.0015099939138474294,-0.0012428972506602909,-0.001853190250548642,-0.001521464754647206,-0.0015095721237583515
2015-06-02,-0.003169710644997714,-0.003169710810233095,-0.003715012821869701,-0.005201690113947777,-0.004147009728972084,-0.00446717426790777,-0.004543130165247988
2015-06-03,0.002998297148206319,0.002998297131395544,0.0009268044516199669,-0.002471146117817069,-0.0033023292020486483,-0.00527599743937901,-0.005888731442144968
2015-06-04,-0.007609030084577473,-0.0076090300703292035,-0.005732296692035677,-0.0023321105730615965,-0.0005239165177328697,6.843932364963834e-05,0.00035495409706975956
2015-06-05,-0.002373014989963118,-0.0023730150868779276,-0.0032140772058059097,-0.00480427852212062,-0.004326878003702572,-0.004946089909716789,-0.005102610964652254
2015-06-08,-0.010155617786166027,-0.010155618136643896,-0.008145498196349577,-0.005806683153838144,-0.00279163468262289,-0.0008429017894057145,-0.0002559084149187374
2015-06-09,-0.0016635917669094447,-0.0016635916902627557,-0.001901806318564625,-0.0027029472720941916,-0.0025402605137548884,-0.0023430351083039147,-0.002343384438669882
2015-06-10,0.013702521173960092,0.013702521294038705,0.010927354587377591,0.0067034654367992275,0.0031822565964021443,0.0009389464596190056,0.0001769339821549032
2015-06-11,0.0014612391031214589,0.0014612389899575362,0.003915286379241767,0.007609274919192943,0.005890226656592112,0.005370332800062494,0.0052817200969281775
2015-06-12,-0.008208077436374528,-0.008208077640526557,-0.007215199550040463,-0.0056874276534713,-0.003922158304808465,-0.0029385498706980817,-0.0026233268686738365
2015-06-15,-0.004965516391607583,-0.00496551644630272,-0.004101204253629143,-0.0028268750693238864,-0.0013662958352257393,-0.0009512600320985554,-0.0008584314270720927
2015-06-16,0.0054524546740784,0.005452454671799112,0.00570405382137773,0.006126561547630027,0.004127290357753832,0.004553105932968204,0.004627551281495723
2015-06-17,0.002757474547799399,0.0027574746920497883,0.001355918538451073,-0.0006947618313759563,0.0008836589577694287,0.0004563000553059471,0.0002951259382615312
2015-06-18,0.014573694340643817,0.014573694559523176,0.011432136882057797,0.007246959410700304,0.00404159535786075,0.0028853137585409527,0.0024098954710871645
2015-06-19,-0.004943990848969015,-0.004943991009964788,-0.00299909593967862,0.00016203816608562072,0.0011999430034628222,0.002030516077788924,0.002356707707041661
2015-06-22,0.00737096497916534,0.0073709650960180895,0.0038956939044230143,-0.0013696131341128792,-0.002231543456406526,-0.0028083219080610178,-0.0030699661381735632
2015-06-23,0.0008127633354324537,0.0008127633442893689,9.766621847440149e-05,-0.0010899921871595497,-0.0012089797258901802,-0.0016111614675160535,-0.0017352425450798403
2015-06-24,-0.005144664779751729,-0.005144664677996347,-0.004337221200768293,-0.0023993132767745617,-0.0011135092841302319,-0.0005250484683748669,-0.0002811855815467723
2015-06-25,-0.0019960020802132217,-0.0019960020642018073,-0.002430395422803433,-0.0028916770763111055,-0.002333237844986069,-0.0026372131868338533,-0.0027004310040128487
2015-06-26,-0.006636290855726701,-0.0066362911575079675,-0.005368725472523428,-0.004919486837461684,-0.0036698456729119533,-0.003687000371237481,-0.003706707466138104
2015-06-29,-0.02361115950373127,-0.02361115965205285,-0.017849639252412786,-0.0087700218306912,-0.003259052862599976,-0.00021126893447986905,0.0008656938997539942
2015-06-30,0.0035616281073729272,0.0035616281830004315,0.0020603327069514954,-6.598947858038606e-05,-0.0001497455309031892,0.0002407196705696002,0.00034915788826861416
2015-07-01,0.007938741159550844,0.007938741426063878,0.0056134174943258675,0.002079956044848119,0.0007502964852519334,-0.0009203469208268755,-0.0014678258217492024
2015-07-02,0.0002778750343965797,0.0002778753312921989,0.00031674612462828655,0.0006635862959794014,0.0018483152495323285,0.0025765217212461167,0.0028980372120825937
2015-07-06,-0.0023159204482705587,-0.0023159204832594593,-0.00019899484031693504,0.002919801457725635,0.0023395705703286307,0.0024954050423255936,0.0023676574385356197
2015-07-07,0.0025069498141823132,0.002506949784607082,0.004157422509822206,0.005939039825813008,0.0039938435425306285,0.0029676679742032253,0.0026082095179418285
2015-07-08,-0.01741228093395597,-0.0174122811448969,-0.014392353696093485,-0.009716505372044049,-0.005389474424749574,-0.0029099626121268374,-0.002078204956054708
2015-07-09,-0.0005654873198382981,-0.0005654875751236466,-0.002160390540230317,-0.004764871624433065,-0.003522001418195919,-0.003069850272117036,-0.0028754165587309144
2015-07-10,0.015278834564665278,0.015278834712925793,0.01119183454504813,0.005253914890543054,0.0017237502340115007,0.0004885038546866838,5.978161838138263e-05
2015-07-13,0.01755679587019121,0.017556796476981384,0.013778235707820663,0.00874248985622006,0.004084134085841518,0.00166314514634891,0.0007765076266934567
2015-07-14,0.006573001246353627,0.006573001363332498,0.005693924724016419,0.004552686675796114,0.0035284993020510136,0.002636906275237827,0.0021548865668523653
2015-07-15,0.0010883462061128668,0.0010883465064062126,0.0017568903391813606,0.002877532338005251,0.0019934568970505495,0.002060736098981941,0.002024076987483081
2015-07-16,0.014132978007117103,0.014132978547304553,0.011916832134202027,0.009173283432952761,0.004376667001192436,0.0023683153026097248,0.0017266466786096668
2015-07-17,0.014739779863058189,0.014739781081497316,0.010449522701490244,0.005798654150618976,0.002340816770383558,0.0003527899879565144,-0.00029911858975528727
2015-07-20,0.0034336781168948782,0.0034336785675608272,0.0019457519482604102,5.247494129134722e-05,-0.000588071305873572,-0.0018020842534329784,-0.0022927221845601142
2015-07-21,-0.0006141602814702107,-0.0006141600664748559,-0.0007595454396946977,-0.0004473867565236711,0.00016888456685237863,0.00031691942110123605,0.00036064659887991013
2015-07-22,-0.011324726791519635,-0.011324727649997146,-0.007257381198645718,-0.0023804351523414313,-0.0013231986330363155,-0.001574707788504437,-0.0017682289070058976
2015-07-23,-0.0037295311194717184,-0.0037295308164980723,-0.00244118464860843,-0.000218292812529719,-6.379911748644052e-05,0.0008318123456547699,0.0011392241734111686
2015-07-24,-0.009803609530323332,-0.00980360936589364,-0.008602069967749704,-0.006542718209989529,-0.004087656643446458,-0.002566671334443771,-0.0020307255849955075
2015-07-27,-0.008280997585867755,-0.008280997702396764,-0.006210816760101823,-0.0034029856300552552,-0.0015012287297143656,-0.0006025609136208754,-0.00046234442876225135
2015-07-28,0.008622103690909988,0.008622103699889694,0.007705418866407188,0.0056699648807512215,0.0034900391486196725,0.002332925350980064,0.001966967821164678
2015-07-29,0.003779607763982673,0.0037796077597593847,0.003683435752551256,0.0029954626323447364,0.0018278989614586294,0.0019466104447800614,0.002010466482083917
2015-07-30,0.004750977226684938,0.0047509774522260795,0.004014104888027559,0.0033910898822533397,0.0012217464170374281,0.0015058408956010183,0.0016263796041415812
2015-07-31,-0.0011598368475163046,-0.0011598372041159433,-0.00031013670231261337,0.0011249909606896313,0.0026150431454294853,0.00250645192155341,0.002415205860421654
2015-08-03,-0.0031262701138483617,-0.0031262701225979184,-0.0017906412003914074,0.0004735105016813179,0.0001773415512433818,0.0005181511380689674,0.0005442737656673469
2015-08-04,-0.0018817018037365907,-0.0018817017771939337,-0.0024846151664229543,-0.003556983464071406,-0.003696800730258243,-0.0033098770888890794,-0.00298417812425944
2015-08-05,0.007720714719478439,0.007720715022230484,0.0061252923100871826,0.0020373611406383496,0.00016131212627557012,-0.0012850074835494274,-0.001784303892694017
2015-08-06,-0.01603563601869762,-0.016035636372060846,-0.013446745680571914,-0.006585265592426004,-0.0032181182178889767,-0.0014012207755444983,-0.0009342380520885873
2015-08-07,-0.0012677218348788877,-0.001267721733373417,0.00015375110778070855,0.002433225199725886,0.0014198029630159148,0.0012275359491111804,0.0009663888738036253
2015-08-10,0.011422459545498809,0.01142245964620936,0.00904123559322123,0.0052607459994484795,0.0031945196316516267,0.0013546052671287168,0.0006993534173069804
2015-08-11,-0.012817312187317631,-0.012817312464674324,-0.009902313341497049,-0.003703751542388889,-0.001166022482877338,0.0003069475605490535,0.0006011257867415409
2015-08-12,0.0034503551186781944,0.003450355365047786,0.002501262386816805,0.0002028694888911442,0.0007265589995661959,-6.483412868463212e-06,-0.0003201840250179888
2015-08-13,-0.0016286793322415338,-0.0016286793057059823,-0.001781416519489043,-0.0019331204829740045,-0.0020702654655680996,-0.0020541063872425713,-0.0020180510229516058
2015-08-14,0.001540622268295877,0.0015406221147005184,0.0016643929747530706,0.002496306161660966,0.0007066013642862412,0.00033128768468126957,0.00016877618910915437
2015-08-17,0.008325066682692395,0.008325066745746845,0.007886086456843966,0.0063212160008865315,0.0039848173208418824,0.0026316464041957754,0.002028718704413901
2015-08-18,-0.005115186925410908,-0.005115186901066604,-0.005346045982460579,-0.005094265621627292,-0.0025764859223768033,-0.0020176262961634217,-0.0017988357617740869
2015-08-19,-0.00658502521112303,-0.0065850251431300855,-0.004966273260064713,-0.0025491812311913,1.7128528522203368e-06,0.0013104524425417985,0.0017341519252220827
2015-08-20,-0.02769449438886451,-0.027694494755783006,-0.023720354342797068,-0.014861239163537543,-0.009076296921557758,-0.005127092437156255,-0.003685520475114612
2015-08-21,-0.043705590571413766,-0.04370559191477508,-0.0385219109490601,-0.025736231367233353,-0.013420690685616021,-0.00679862822413857,-0.004295090451538419
2015-08-24,-0.038476729281350264,-0.03847672938491031,-0.03437222519894634,-0.028582859367284774,-0.016675172604587285,-0.010659802178886624,-0.008207620876237276
2015-08-25,-0.0037578386450514145,-0.003757838426218685,-0.005317385057542201,-0.010181863664876722,-0.006830261981446095,-0.0052130027561468895,-0.004179755643198502
2015-08-26,0.050361913853000484,0.050361915118287026,0.04230450763495841,0.025480981072457887,0.014570160501775842,0.0077037534537480745,0.005297494303474259
2015-08-27,0.02533269879300737,0.025332699167321726,0.022707722803158914,0.018052323238075596,0.010499437702537584,0.007123349054007466,0.005866675220151052
2015-08-28,-0.0001892733376671618,-0.00018927357448950133,0.00013982747286389596,0.0007755473272137436,8.614687830577061e-05,0.0002697950523873338,0.0003663248354763837
2015-08-31,-0.012403126800726527,-0.012403127101302092,-0.011826501393590205,-0.00957870443829456,-0.005236551722114013,-0.003495238947258117,-0.0027939189677661513
2015-09-01,-0.03125299800873527,-0.031252998541186794,-0.022752277200897342,-0.01472817011596006,-0.008927534974094709,-0.004155224123636114,-0.0025569842309548507
2015-09-02,0.028203916397916418,0.028203917490116304,0.01764013054205882,0.010496074521150422,0.0063245196155437,0.0034066255875961904,0.002438372949258971
2015-09-03,-0.004908647988544845,-0.004908648404397198,-0.0012698670620877595,0.0005489705319376981,0.0012662936965157634,0.0016488711075617335,0.0017752506409292046
2015-09-04,-0.011896616917446035,-0.011896617063342219,-0.00832364598936508,-0.0056249521561215765,-0.003604791747963354,-0.0013256694605326969,-0.0005640370213412238
2015-09-08,0.028190935448665133,0.02819093612116874,0.01803609829682329,0.011295443430152208,0.007085030156108063,0.0037682337273448052,0.002666525678987508
2015-09-09,-0.011233589159030721,-0.011233589280744805,-0.008468455048991519,-0.006331576767304448,-0.004741638176614327,-0.002625037881483383,-0.0019160686503264523
2015-09-10,0.010879960637658836,0.010879961197943988,0.005621443855492014,0.0026714515267414196,0.0011939367660920297,0.0005864032646554218,0.0003865593338783224
2015-09-11,0.0055242079379120845,0.0055242079728676785,0.0054148753043978815,0.004357811845963955,0.003460618641393909,0.0022953438709378826,0.0019047296420380277
2015-09-14,-0.003031141437479068,-0.0030311413914991814,-0.0022540007239708615,-0.0014403287213219373,-0.0007935079368450726,-0.0006017351016688322,-0.0005384501735523628
2015-09-15,0.011781478307564042,0.011781478557739256,0.005453852821495353,0.001993124487023712,-9.759829999833602e-05,-0.0020682317995086574,-0.0027250231070687914
2015-09-16,0.005634458131401843,0.005634457932499837,0.0045452865593527125,0.0036859827884969665,0.002921837507116276,0.000535599478723503,-0.0002674451670129363
2015-09-17,0.00037342187476285815,0.0003734216731201556,0.0020527824577072362,0.0033669728922809394,0.004423855063626858,0.004469474943909146,0.0044823978722907665
2015-09-18,-0.01422284272727703,-0.014222842900213917,-0.008711927459829849,-0.005442273094442229,-0.00330245428054754,-0.0012049491786821909,-0.0005012239743239499
2015-09-21,0.0031322802705706643,0.0031322805209808013,-0.0004060028039009067,-0.0013535488895761727,-0.001704229718586192,-0.0027232500891903877,-0.0030643123122877647
2015-09-22,-0.01495080842204155,-0.014950808595510234,-0.008407220599966903,-0.004481867065700751,-0.002155034046502635,-0.0016059025139368854,-0.0014266834890369617
2015-09-23,0.0007684932530525046,0.0007684934697078649,-6.836365799955946e-05,-0.0007448815206724246,-0.00108694728333103,-0.001284618351637512,-0.0013507605069762452
2015-09-24,-0.0036472928055450993,-0.0036472928897637313,-0.0014158721443788824,-0.0007110456986514357,-0.0004627428333650041,-0.0010686060790107144,-0.0012748486624539757
2015-09-25,-0.008478011607666702,-0.008478011792291462,-0.006244195487757231,-0.003831949034165172,-0.0024655843080123585,-0.0030618198887543135,-0.0032652186424855234
2015-09-28,-0.028468899019391314,-0.028468899543675374,-0.017792980165419303,-0.010733198902243113,-0.006347147683343102,-0.00546408639656093,-0.005176115117964786
2015-09-29,-0.005200173710833367,-0.0052001739490259435,-0.00182786569334481,0.0005748182985993999,0.001860989614330899,0.00184228532697861,0.001833286031328818
2015-09-30,0.023021871160677998,0.02302187187819693,0.015927268795608907,0.01071784147187671,0.007458516045349528,0.0052752892185934375,0.004544629993217919
2015-10-01,0.004520508209480356,0.004520508429445069,0.004442499328627836,0.0027193817893105265,0.001692450706364701,-0.00034327547175294626,-0.001225197538342715
2015-10-02,0.017511236787912665,0.017511237322645146,0.013998408316341804,0.010717696168902835,0.008703556249670008,0.00605366094942883,0.0049582260911227305
2015-10-05,0.01432554625415472,0.014325546288825874,0.005837438528994543,0.003670526293292564,0.0020801621081609767,0.0025652572979206756,0.002902831439765441
2015-10-06,-0.004739440234807102,-0.004739440464626488,-0.002037773255313291,-0.0008235162074778923,-8.847157420321938e-05,0.0016589338953283406,0.002396201947935328
2015-10-07,0.006000003760310291,0.006000003460138181,0.003200104170706375,0.0018988783737345916,0.0009362183076904174,0.0022503501097363987,0.0028914296838125075
2015-10-08,0.003976245992004079,0.0039762458293131075,0.0002910387114856139,0.0007267897592038164,0.0007606027545659089,0.0008936166528494827,0.0009638416276023243
2015-10-09,0.004526175865058768,0.004526176184159514,0.003963428773364308,0.0021573727676613697,0.0011653431588103391,0.0006733883298122301,0.0005072887128325654
2015-10-12,0.002440576030512398,0.0024405760473804605,0.003966247421640201,0.003168041638854202,0.0027180951925624974,0.001800106503718979,0.0013885865318148394
2015-10-13,-0.006461339281565781,-0.006461339223200135,-0.004040416046770634,-0.002611410955617788,-0.0016746360145705186,-0.0012273966023395033,-0.0010781805654783705
2015-10-14,-0.001602349954517357,-0.0016023498021733307,0.0014847218560964937,0.0018838278954440568,0.0023069160686681744,0.002265480234803663,0.0022197253121298832
2015-10-15,0.016426034475950813,0.016426034768531217,0.010021004095456476,0.005980075009508257,0.0033717830848412067,0.0015656041099618712,0.000894828220667998
2015-10-16,0.004179492232644577,0.004179492335292911,0.0030382586435389047,0.001843119590254405,0.0010333889316533895,0.0014002531122407902,0.0016002403054755643
2015-10-19,0.005734362635072765,0.005734362820903893,0.003232454682671859,0.0015408039492825765,0.0006786330698478338,0.0006972949160632957,0.0007888569947085422
2015-10-20,-0.0051498362232061945,-0.005149836502718164,-0.005443021464068054,-0.004008435093847518,-0.003248266865259919,-0.0022447047769711403,-0.0018299449005937385
2015-10-21,-0.006101047074689947,-0.006101047201835796,-0.001400982920026883,-0.0005696560087019575,-1.0164720761873802e-05,0.0005384579850622462,0.0007196157413194015
2015-10-22,0.020368226082451146,0.020368226952230728,0.014831502714191869,0.01014809864495203,0.007215548088167711,0.004182815788181138,0.002971836105215342
2015-10-23,0.02798302357547766,0.027983025609557455,0.017298010947170983,0.00819645186839324,0.0029725416524128967,0.0005919179697226884,-0.0001210263120863253
2015-10-26,0.0006206697218145152,0.0006206699032635932,0.00234193381199832,0.0015891079361989302,0.0012351665501164621,0.0009417037126246974,0.0008165431292928016
2015-10-27,0.0020379576687996614,0.0020379580744185333,0.002170164648601647,0.0016568742059666075,0.0015092990175271659,0.0005560408959737195,0.00014773903994003135
2015-10-28,0.008312840469970384,0.008312840481865758,0.004778790928300802,0.0022434779215687595,0.0003773189670490673,-0.0002817830325467785,-0.0005050538034556684
2015-10-29,-0.0015787612198756573,-0.001578760957925307,-0.0056486891972520326,-0.004786782806009748,-0.004249601097125466,-0.004275247528469084,-0.004260459679266693
2015-10-30,-0.004479867917424607,-0.004479867989203745,-0.0010986352786021003,-0.0006650981935496514,-0.00038118577358536854,0.0004961505005727229,0.0008475549923909753
2015-11-02,0.0112943327369599,0.011294332416539543,0.007797154250607674,0.004783609899433383,0.0023645971868884175,0.0012907786955400624,0.0009124930670065812
2015-11-03,0.003490243234374857,0.0034902425937943793,0.0009488693162058581,-0.00048739685596188576,-0.0004133326726597497,-0.0006754497113935498,-0.0007182592761408868
2015-11-04,8.66810340021118e-05,8.668074247109026e-05,0.00031734795464100074,0.00014809973218099515,-0.0008772110764769803,-0.0014948201395761362,-0.0017247368978730027
2015-11-05,-0.002694835095440884,-0.0026948348340618544,-0.0026835667635142224,-0.002318684571983476,-0.001275008165356195,-0.0015609546964568954,-0.0017697083404217828
2015-11-06,0.0006971346731790007,0.0006971334361349779,-0.00261282204871649,-0.004399135042341351,-0.004110842430260941,-0.004956010863369054,-0.005263551227813745
2015-11-09,-0.01062800586051027,-0.01062800572223277,-0.009563542286497695,-0.00782635026676426,-0.0049253503036350565,-0.003934147426226886,-0.0035724762303607216
2015-11-10,-0.0025534002587156435,-0.0025533996042157447,-0.001374946247657216,-0.00041580015802722414,0.000651562640030745,0.0006234253208463603,0.0004448324360428746
2015-11-11,-0.001235860684839718,-0.001235860758016627,-0.0014229119843146565,-0.0013111570948646234,-0.0009792831224475496,-0.0012844737462830436,-0.0013892928285490491
2015-11-12,-0.009722610470920268,-0.009722610143897081,-0.006603012614597725,-0.004331296325106759,-0.003583694025208084,-0.0034418942747075354,-0.0034057553845310284
2015-11-13,-0.01963585119715383,-0.019635849605094347,-0.014132887298477947,-0.0091693645556703,-0.0041168031420172335,-0.0015321118210936957,-0.0006986566774394021
2015-11-16,0.014384644883214559,0.014384644142070302,0.010995692316329908,0.008174849361049397,0.0061173383943835535,0.00472740216187062,0.004166542449799859
2015-11-17,0.0006283886396023508,0.000628388507715405,0.0008568812385887359,0.0007204038548023206,-6.173932276776206e-05,-3.055060069279136e-05,2.641000354075551e-05
2015-11-18,0.019194352053468755,0.019194350833833695,0.015447626730075159,0.01138682495790122,0.006436338918669904,0.0037074841295359207,0.002639578920232477
2015-11-19,0.0007041109484948738,0.0007041110763237324,0.001992578066994044,0.0024289933921546325,0.001500953552140638,-0.0005083354496231429,-0.0015160070564356198
2015-11-20,0.006771599764123559,0.0067715993890800075,0.00463619729174769,0.002897640434333937,0.0014089446006724238,0.00026337339878779176,-0.00014987788730513874
2015-11-23,-0.0028824752292155864,-0.002882474841500726,-0.0015994374871055594,-0.0006736534642249881,-9.400510179102817e-05,0.0001892988545926233,0.00024174133372634188
2015-11-24,-0.0008759897148533646,-0.0008759895583914101,-0.000704266480840321,-0.000355223192522236,0.00045231180812677074,0.0008610237878172722,0.000997591825982358
2015-11-25,0.0008767577968813445,0.0008767579176685025,0.0011888757182783039,0.0011747060598819026,0.0005961360001704996,0.0006307102707330259,0.0006750850424568355
2015-11-27,0.0014015278438497258,0.0014015278401526832,0.0008827159446089805,0.0007475464391628606,0.0011496370213903706,0.0011909342383928934,0.0012223918161802239
2015-11-30,-0.002536940126804055,-0.002536940066436455,-0.0011289604147124432,-0.0004175136718966854,-0.0008338604208965039,-0.0005851704551890213,-0.00045908831479246626
2015-12-01,0.00999821433459891,0.009998214322733512,0.01067050452435403,0.009813068462453112,0.007039019260882906,0.006614203638462213,0.006471656412352589
2015-12-02,-0.006165270539047363,-0.006165270898243258,-0.0049182918029954115,-0.0040673386626454144,-0.004454689411535373,-0.003925276173719849,-0.0034554948496502425
2015-12-03,-0.016950546380484433,-0.016950546101656472,-0.018926722917377625,-0.01789666307514326,-0.012667700170703955,-0.010322041925572067,-0.00893797513783634
2015-12-04,0.023375524427167838,0.023375523306804258,0.02058140233395056,0.016189760753684945,0.010730532076992594,0.006660624438460161,0.004477440440961322
2015-12-07,-0.004516354375331488,-0.004516354333582773,-0.0018248358640989837,0.0001119471693120655,0.00013348592957163063,-0.00041016111149128065,-0.000987503422847702
2015-12-08,8.732299999714144e-05,8.732258932964143e-05,0.0001649210851653038,0.0002722265142585112,-0.00024819615505178305,-0.0024744643660603582,-0.0038177595394243147
2015-12-09,-0.015179079493917613,-0.015179078452657202,-0.012476221658658027,-0.008729672580372716,-0.004108186309511597,-0.0007952222260886321,0.0007734610730467661
2015-12-10,0.004517636810494219,0.004517636254201651,0.0038971682394965956,0.0024499874407981626,0.00015702767702974185,-0.0012229615161361007,-0.001938651774111455
2015-12-11,-0.02301610301269774,-0.023016101462496996,-0.01552308491043064,-0.008198055096594659,-0.0033013880847119204,-0.0030696223773687414,-0.0040624950913381586
2015-12-14,0.007582251671288898,0.007582250683652925,0.003492687798600347,-0.00012129891324963449,-0.0021029993839726258,-0.00458231245416818,-0.005827982103469798
2015-12-15,0.006091385886914047,0.006091385956679574,0.0037407673416860465,0.0016605753580620775,0.0010688072115658809,0.0029016193072430863,0.004338953226263653
2015-12-16,0.01486957927148258,0.014869578869878053,0.011565475351053012,0.0075465927542626154,0.0038829901139556533,0.0029072194254389228,0.0027554946597281305
2015-12-17,-0.014564040565137826,-0.014564039707369192,-0.009607195567361448,-0.005134289293296512,-0.002976891977408358,-0.0026413656125868767,-0.0029633832805822102
2015-12-18,-0.01918242922318203,-0.01918242806485715,-0.014343681760828897,-0.009053498229028789,-0.004795018840883181,-0.00253612709056128,-0.0016537569352667036
2015-12-21,0.011108167594200191,0.011108166878700532,0.008842404926021175,0.006355789119906641,0.004127966547885942,0.0019065191816891591,0.0007297752120418721
2015-12-22,0.006573479390348691,0.006573479099591717,0.0038442514622811785,0.0015597992285223405,0.0008908089678165698,0.0019397044556599408,0.002903786604040892
2015-12-23,0.007425512519640076,0.0074255124765783,0.00450134393983892,0.0021321535907237177,0.0018080185761342182,0.0018763845633904541,0.0020091206411594342
2015-12-24,-0.00017778567854820349,-0.0001777855452894661,0.0009639652821256117,0.001528316306465216,0.0009414817175943391,0.001238277044449232,0.0014618182475758523
2015-12-28,-0.0005328178694157248,-0.0005328178727855848,0.00014455327617768354,0.00038295160284040897,-0.0002442924946178815,-0.0011764463632838451,-0.001807642071167237
2015-12-29,0.015729078903838234,0.015729077716007067,0.009430306474105477,0.00430368561449046,0.0021205530257450977,0.0006181537739113896,0.0004095264689478739
2015-12-30,-0.009011357805113418,-0.009011357376248252,-0.007491088339048546,-0.005383864493895274,-0.0030025456708770992,-0.00146940282209429,-0.0007269224287587139
2015-12-31,-0.012448115557408546,-0.012448114864676563,-0.009211929891424386,-0.006009514543170891,-0.0037587155164502395,-0.0017281593667199946,-0.0007760617838122874
2016-01-04,-0.021097602753024636,-0.02109760287802631,-0.014099947955502179,-0.009049754227592688,-0.004460348635426992,-0.0021127220612170428,-0.001551788625148598
2016-01-05,-0.0017351949632784525,-0.0017351950523257775,-0.0023157848263423153,-0.0020442390825639034,-0.0007316145834809218,1.1087326877268211e-05,0.0003192269223637467
2016-01-06,-0.009605804626040104,-0.009605804669390872,-0.003787882541758103,-0.0006213497063046747,0.0006464194371154086,0.0014896010565963458,0.00196969721810758
2016-01-07,-0.031313500518007076,-0.03131350069914984,-0.022823488359767996,-0.01610927089582892,-0.009066680935288729,-0.005604820628304807,-0.0043116177674885625
2016-01-08,-0.008200617851585879,-0.008200617834875024,-0.004867447853728724,-0.0026896287612464542,-0.0010608950210480028,-0.0007043496178917863,-0.0005078317522287934
2016-01-11,0.0030767221518819277,0.003076722193464443,-0.0006437588922347803,-0.0019275364161295272,-0.0011487734835375907,-0.0018223199409782564,-0.0020348403386872826
2016-01-12,0.011597734229531032,0.011597734339322097,0.012340374515400265,0.01091925697673446,0.006789170313068249,0.005211663357294283,0.004351488942897941
2016-01-13,-0.03448922954045186,-0.03448922978070956,-0.022818857141021165,-0.01503698360363448,-0.00868071088443656,-0.005380210414444142,-0.004560719681872993
2016-01-14,0.02129536186195846,0.02129536206258842,0.012957999253043084,0.008193691634211575,0.005427157535375926,0.0032228424967235547,0.0024384476090650864
2016-01-15,-0.03103682442153788,-0.031036824675709673,-0.01863609700185498,-0.011366136017067707,-0.006920905729377869,-0.004362051383061338,-0.0040865566324740366
2016-01-19,0.002181465853093645,0.002181465891738288,0.0007273485111514155,1.6723300715337786e-05,-0.00019449023089745943,-0.0009397385325208285,-0.0014176179658184074
2016-01-20,-0.003067481865469235,-0.003067481773869063,0.0006607996693561713,0.002291897087777439,0.0022233098460753276,0.0008692486607786432,0.00022027788986811458
2016-01-21,0.0009926260178294566,0.0009926260000159282,-0.0011620741019917613,-0.0018723007673102643,-0.0013192477376974265,-0.000169746702157636,0.0005874250458248742
2016-01-22,0.02895392322745005,0.02895392336900926,0.01993131302758977,0.013555430185397954,0.0076372883131290425,0.005733828171133659,0.005755495755937368
2016-01-25,-0.014840474869294518,-0.014840474932017678,-0.009390370138719906,-0.005696469295947804,-0.0026004908426263684,-0.0022456811429703016,-0.0025154846728567826
2016-01-26,0.008999283052442575,0.00899928298997521,0.006672921201180904,0.004988695232416518,0.0034639545583272646,0.0039413611829470785,0.004255902451081095
2016-01-27,-0.0249150389631706,-0.02491503915251514,-0.018220903250181997,-0.013001826133599126,-0.0073923530156255746,-0.003642847936679794,-0.002335495719011038
2016-01-28,0.014117879152979684,0.014117879338097383,0.010612441351753876,0.007984938248249085,0.005261037758969467,0.003628257523477618,0.003327757290240374
2016-01-29,0.02088247593557413,0.020882475949794976,0.01748657022263589,0.014314064407044302,0.010385272674869883,0.008597760564742707,0.007232130099628087
2016-02-01,0.002688876971299159,0.0023308480235677553,0.0006310867101946283,-0.00018357780399114176,-0.0008143174946423359,-0.0020395650193485437,-0.002775043968877622
2016-02-02,-0.021645307732507058,-0.019155963250826913,-0.007313369647323986,-0.00364434688578108,-0.0015176392583817755,-0.0002126053036196618,-1.976435861728021e-05
2016-02-03,-0.004797034396859301,-0.005021878328966611,-0.006076085330945946,-0.004327615048266509,-0.0021819009364946185,-0.00025507583447825777,0.0006592937586780145
2016-02-04,-9.799935125309744e-05,0.0002188702229128925,0.001706466413377905,0.001798699213705568,0.0016533954301209963,0.0012657136221219112,0.00078291641617656
2016-02-05,-0.03472715006219651,-0.03241581894508294,-0.021584439358711016,-0.014913688570894035,-0.009238816224851565,-0.0057351948026374,-0.004525576861701519
2016-02-08,-0.01528750923076383,-0.0128351056434719,-0.0014970111525207663,0.0005606979911207954,0.000995213086461444,0.0007732268794065078,-2.1706851293212814e-05
2016-02-09,-0.0031049201067676613,-0.002817439492509788,-0.0015066998526100939,-0.0010427350096738897,-0.0007390956848160046,-0.0007373727601012181,-0.0009875811571462556
2016-02-10,0.0038412543327188686,0.004185366671120239,0.005751802225778979,0.004671685086636401,0.003223409621089024,0.0022370398510827005,0.00168996198267779
2016-02-11,-0.0014480122638693693,-0.0008603439061960483,0.001809702256663881,0.0025333284765489683,0.002908494619505042,0.0012148038115162851,0.00030667567897713077
2016-02-12,0.01522555913537249,0.01299502513713291,0.00289363737327597,0.00015494363516754817,-0.0012694968696962405,-0.00014143869834470912,0.001023275348959185
2016-02-16,0.02254640391208973,0.02029334072233646,0.009964458627724992,0.006460764646555095,0.004236360128117456,0.0018922808920287526,0.0008027405018395939
2016-02-17,0.022647715922175404,0.020747824233316337,0.011929506088916852,0.007866676410094087,0.0047784212237618195,0.003278609751254047,0.00294728767230934
2016-02-18,-0.011414464430778537,-0.009891338134406347,-0.002746890222631526,-0.0009224095290711887,-6.757384817079881e-05,0.001561448978178781,0.0021371585681757566
2016-02-19,0.002960440857600055,0.0028211705801881592,0.0021735805034737155,0.0015031612667626426,0.0008578712263564992,0.0005833095868084115,0.0006191881410544386
2016-02-22,0.01623541743134793,0.015136229278337687,0.010021125216187032,0.006790021800498147,0.004008051559184045,0.0034526947976469824,0.0034819513319750417
2016-02-23,-0.016460117745061953,-0.015136652323019972,-0.008939974394760686,-0.005864542034101361,-0.0034306499890889297,-0.0018413399053156532,-0.0011509219967543727
2016-02-24,0.009549126075572678,0.008790737803182402,0.005266785766898208,0.003816289025503128,0.0027700167704278744,0.001696455148015641,0.0012975501090271013
2016-02-25,0.009848868956771728,0.009440980779954256,0.007537601501814262,0.006189796668142344,0.004988798620967794,0.004776510864216821,0.004623438832398241
2016-02-26,-0.0012554457346872772,-0.0017983377915714582,-0.004337514184233338,-0.004288945610208317,-0.0038079683436493816,-0.0026895580261064866,-0.0015962099631073867
2016-02-29,-0.008991503066056561,-0.008133580897929038,-0.0041085450668175705,-0.0025624326265616393,-0.00149441824792651,0.0008925831871502421,0.0025954558514234005
2016-03-01,0.0320974871188624,0.025448607879566598,0.012753772514555228,0.0075073620300425414,0.003645578087823287,0.0023934211765874736,0.0025222089199843367
2016-03-02,0.0003781948132008939,0.0008585794218372023,0.001793306400567074,0.0005608833136834246,-0.0011106606969423227,-0.001749388702776855,-0.002394830083183974
2016-03-03,-0.0018896560656230799,-0.0011781597606734806,0.0002043067298380663,0.00036039566990786476,0.0002784972513307782,0.001360741617000949,0.0017740623819824108
2016-03-04,0.00037846640836636247,-0.0004988538850517754,-0.00219995183303745,-0.0023823570123412408,-0.0022703851180563284,-0.0015280788861600225,-0.0010999544527922067
2016-03-07,-0.006151283975871169,-0.005401288479341626,-0.003943309377616222,-0.003495849908130344,-0.0032396439202141414,-0.0017973778622406567,-0.0012071674907419006
2016-03-08,-0.008283996022254048,-0.005788938019825274,-0.0009493435773281211,0.0006475064544584352,0.0016342288682038575,0.0009916016300623998,0.0004804336396979636
2016-03-09,0.006432979696617158,0.004790699823584266,0.0016286011770374476,0.00020584461645345442,-0.0008998017808024006,-0.0011349605809237717,-0.0010761977119192467
2016-03-10,-0.001526246593523295,-0.0018607162081443196,-0.002507803234977679,-0.0027748677293586432,-0.002971943654793474,-0.0014676500772305978,-0.0004929108195094178
2016-03-11,0.017485177214723757,0.01391087803478075,0.006988992974218178,0.004637181420561243,0.0031411522876421127,0.0031444551313120073,0.003506416709582849
2016-03-14,0.0016902397763014498,0.0018737114138944744,0.002232719979948783,0.0017184051233276598,0.0010225616073886723,0.00016452594267102327,-0.0002678215595656175
2016-03-15,-0.0003750000241519169,-0.00020857786875361217,0.00011689276587523167,-1.583090361811923e-05,-0.00024167851061684953,-0.0016641467023649215,-0.0026094769676459073
2016-03-16,0.008909271259817553,0.008156427727657567,0.006684817742842686,0.006401818440890938,0.006348526838866775,0.005927395585344275,0.0058519477698943945
2016-03-17,-0.0005577776787138999,3.3835147254412945e-05,0.001192838976095567,0.0010304487964598597,0.000603110944900731,0.0020930428450021132,0.0027510433121300526
2016-03-18,0.0015672256150871533,0.0016342387151293547,0.001765291471926389,0.001742491065094276,0.0016887636527751493,0.0019780302783649617,0.002050924442298596
2016-03-21,0.003911784584707645,0.002444115999872931,-0.0004255336683453015,-0.0008571899276869077,-0.0008146711698474585,-0.001456573270169681,-0.0016795626652272855
2016-03-22,0.0030615168787457847,0.002648101003071668,0.0018362642248352934,0.0006859154631353448,-0.0005540170401049371,-0.0014635486632027517,-0.001837119477120841
2016-03-23,-0.008231583744006676,-0.005785582258376332,-0.000976428713338362,0.00022021825974416487,0.0007224812980597406,0.0008400637926970767,0.0006466163061100705
2016-03-24,0.00027959884599426665,0.0002931496532430078,0.00031959848751905717,-0.00010195345620689356,-0.0006213771613617913,-0.001309881131194901,-0.0017424106791513738
2016-03-28,-0.0013982670132082209,-0.001053341273361097,-0.00038012399396891716,0.00012470406027120795,0.0006075981694202426,0.000184614641362435,-0.0002686050391026429
2016-03-29,0.016058068149159554,0.01534724708914914,0.013961298665334354,0.01184793942667528,0.009544282692734107,0.0076171014463723985,0.006750180982769027
2016-03-30,0.004870132960514528,0.0029155300726981803,-0.000903404957133036,-0.0006087087345744147,0.0005123693872848278,0.0005378254290149265,0.0006746010309230943
2016-03-31,-0.0014631861710705518,-0.00039158935499894465,0.0017142131966902951,0.0020755524586408836,0.0020971120053951964,0.0022224124897478603,0.0022903284720365846
2016-04-01,0.01062261686826016,0.00987668573181466,0.007625781827514055,0.005695429207719593,0.0029300786744372864,0.0016363800889018787,0.001102404167421911
2016-04-04,-0.003805660205583372,-0.003397432919222454,-0.002161913486686373,-0.0013447949096062617,-0.0003023911564279391,-0.0002471298222140872,-0.0003083805604648937
2016-04-05,-0.009641494376077309,-0.007732361118092834,-0.001963796633627224,-0.0004204644441125893,-4.960174242074622e-05,0.0002737834022354946,0.00030998365375856096
2016-04-06,0.016439919975578476,0.01419952031483196,0.007482088574876977,0.005034042534298067,0.003293786461456394,0.0024213145999201213,0.0023556566896885123
2016-04-07,-0.014366918277116558,-0.011895448747888948,-0.004419310211086991,-0.001984982838500682,-0.0006466864445718867,0.00018268660025078098,0.0003418655067890519
2016-04-08,-0.0007334351242594961,-0.0012632798574974125,-0.00285003170815179,-0.002574164408108981,-0.0012971284366929403,-0.0002615583735653404,0.0002867772559851378
2016-04-11,-0.003669722408646048,-0.0034450945390073207,-0.002770961110937442,-0.002139589443485246,-0.0012041482031251993,-0.0005214507897358667,-0.00017547770144410446
2016-04-12,0.008379444935821212,0.006935045491571312,0.002604152813406646,0.0009377217397044113,-0.0003548109276587663,-0.00017461642444105419,7.856040227283145e-05
2016-04-13,0.012784211628217523,0.011920048460356103,0.009314010846645848,0.007217874078673692,0.0042856844433643015,0.00364692794757282,0.0035155961669637303
2016-04-14,9.013079355901787e-05,-0.0003614966327994962,-0.0017281415542529377,-0.0019076613985606894,-0.0016257422748104933,-0.00160330487385818,-0.0015511998723855003
2016-04-15,-0.0025245109159014456,-0.0015038737220754994,0.0015902455426708428,0.0019938694458085937,0.001347846766774241,0.0013889542847675962,0.001271236335558923
2016-04-18,0.0053327827532909655,0.004435287796908272,0.0017256598706230086,0.001020882894994024,0.0008851157218503491,0.0013024167208230963,0.0015934668316412992
2016-04-19,-0.006113624938359763,-0.005837984227850979,-0.0050027979572535575,-0.004190234697931783,-0.0029679145837040455,-0.0009343036639694047,-7.225730292537147e-05
2016-04-20,0.0008141067281910441,-0.00027760682775568313,-0.0035817774008549685,-0.004012649689689396,-0.003325279712036,-0.002926005225575068,-0.0025846475061885865
2016-04-21,9.056493385983799e-05,-0.000461456234456481,-0.002139570659490442,-0.00206203990455045,-0.001123499593504218,-0.0019470450920766602,-0.002215014658582648
2016-04-22,-0.015092541602611753,-0.01395358379073297,-0.010483475023357891,-0.008190238158244378,-0.005282082161371382,-0.002128498615770691,-0.0009312861279967555
2016-04-25,-7.809741742192955e-11,-0.0003797036629324957,-0.0015311714873335047,-0.0014554792509497982,-0.0007721723280306181,-0.0014205910906462949,-0.0017555597353672292
2016-04-26,-0.0048634297898755285,-0.004833574835180876,-0.004742897335007656,-0.004114749608160384,-0.0029220270953480565,-0.0013428714943870546,-0.0006279556018529142
2016-04-27,-0.008022113575615442,-0.006372291650131534,-0.0013620646234686618,0.0003881499195947935,0.0015009986844098933,0.0037578687823665025,0.0046022014158138
2016-04-28,-0.012084059389137036,-0.01057429873605098,-0.006019991228575661,-0.0036465101024740765,-0.0010906204309399925,-1.63518991458389e-07,0.0003801869952877457
2016-04-29,-0.005269008023376709,-0.004529120969430256,-0.002310812926517025,-0.0017904385459021066,-0.00178508977416314,-0.0009958468079330762,-0.000530788796177073
2016-05-02,0.009458792207149624,0.00811224766532237,0.0023365113329243403,0.0014313579525500053,0.0007266245199855081,-0.0002331466844307517,-0.0006013801776847405
2016-05-03,-0.009276492016850324,-0.007795442519775042,-0.0013976338030112778,0.00030069258093323725,0.0012924437062908911,0.0011218190101094372,0.0009041034060881525
2016-05-04,-0.006431427370020115,-0.0056078854434942205,-0.002078433249984468,-0.0011947300248191794,-0.0006177849213586661,-0.0005202446996918075,-0.0005504759863649289
2016-05-05,-0.0002857775377866911,0.00020130123941419775,0.0022796679982839407,0.0019251102593218494,0.0018133440446197469,0.0015987470956360106,0.0014633680123543602
2016-05-06,0.0053324506345113765,0.004656809066162726,0.0017812234598841847,0.0005953741057609374,-0.0001930705474956218,-0.0008361476771239218,-0.0010759930610381163
2016-05-09,0.002841482970619591,0.0028624968984967136,0.0029522507835568756,0.002430139734231007,0.0019745504160799676,0.001252395005118867,0.0009263496121809656
2016-05-10,0.013694721208056482,0.012745205131679871,0.008690108970018429,0.005589632122831034,0.003921595573966874,0.0036461894330310773,0.0036367286091965045
2016-05-11,-0.009037494274897084,-0.00802592899065846,-0.0036844059098034565,-0.0024126944476928758,-0.0017553277861496186,-0.0008503389447017673,-0.0004606363198913499
2016-05-12,-0.004419089056135639,-0.004428861846832,-0.004470579810744502,-0.003626041062694707,-0.0027311966194694115,-0.0018062904767939258,-0.0014337857747899196
2016-05-13,-0.0036829495905210674,-0.002749346426632271,0.001236249279451096,0.0013673941996816819,0.0009764344530913682,0.0005044919359868949,0.0003005056666682826
2016-05-16,0.012511585158572647,0.011018511012568455,0.004675822897098225,0.002462886879226023,0.0010119136654664906,0.0005461708482059624,0.00048263222248801085
2016-05-17,-0.012544292085167386,-0.01155884830955245,-0.0073399614295666105,-0.005670354385946097,-0.00445084298648224,-0.003194514031649276,-0.002697715124992728
2016-05-18,0.0036026437846170545,0.00235007716736102,-0.0029843031864390523,-0.003943876445689276,-0.004858676815315377,-0.004955406841535059,-0.0048507975916026735
2016-05-19,-0.005195556638949328,-0.004538138753318877,-0.0017198570220390286,-0.0012041161503085762,-0.0007153150041817602,-0.0005678931012090827,-0.000574293853132235
2016-05-20,0.011015001294278903,0.010301131498165805,0.007251500926651833,0.0049558699469098855,0.003314914042841899,0.002500310245994619,0.002252979026267754
2016-05-23,-0.0013148271158586189,-0.0010702975087019118,-2.1771246487833906e-05,2.0543661156668946e-06,3.1942182111555084e-05,0.00020271434837160207,0.00027597968915515914
2016-05-24,0.020031974433556643,0.01833707370815918,0.011078852064032363,0.007072445799710891,0.004269992242175613,0.002845675260479519,0.002421144894688698
2016-05-25,0.007191579544486348,0.006449298770758061,0.003242417258962016,0.002401589482676325,0.0018818781179907873,0.0012713173185030513,0.0010269021990909621
2016-05-26,0.002929226786598127,0.0030799798355662933,0.0037338429407929308,0.003260186094795392,0.0027657225878727765,0.0017980789234119943,0.0013497541534257529
2016-05-27,0.005202723479407645,0.004755281039052983,0.002816138216392039,0.0011532634827700061,0.0002166086866517425,-8.230882586846011e-05,-0.00016052719003500915
2016-05-31,0.0019067320882024674,0.0019388051343436352,0.002078135118412039,0.0016254491116574066,0.001001302856672659,0.0005358770032126703,0.00037656537351482555
2016-06-01,9.088338305884847e-05,0.0008846876355057542,0.0017618932324769965,0.001109917790877546,-9.142618594226715e-05,0.00023623235732306291,0.00036491189349763253
2016-06-02,0.002084179037812328,0.0031127782962376838,0.004247551636915814,0.003842262428191523,0.002779328065793729,0.0024512377597929458,0.002293273147248698
2016-06-03,-0.004702660710777851,-0.0008849919788981309,0.003317671329680527,0.004649940658108642,0.005374529318942889,0.005697484951852072,0.0057905591351987695
2016-06-06,0.003634595123233497,0.0013701595887969376,-0.0011027069613385176,-0.0013348125656673648,-0.0008405701294235124,-0.00016267441441863983,7.42581854080715e-05
2016-06-07,-0.002534809565610141,-0.001529717859345081,-0.0004269065482475076,1.0181005537290844e-05,0.0004758204756651896,0.0016576475448837336,0.002067571862098161
2016-06-08,0.0017241948814046282,0.0024638368492981844,0.0032736787429192837,0.002625575090367205,0.0015120764216267624,0.0018743083171526287,0.0020467200486915527
2016-06-09,-0.001630798362779573,2.005464234144938e-05,0.0018247996958200563,0.001605029660591617,0.0006618955595616427,-1.0224740230935225e-05,-0.0002631175866327773
2016-06-10,-0.011343946258113857,-0.008016200086042868,-0.004390790664023259,-0.002467568407535148,-0.0006673499309216568,-0.000359107736207509,-0.0002984629354236823
2016-06-13,-0.008353292847148364,-0.005687183419727182,-0.0028028786432556796,-0.001684067239376863,-0.0010408362386510328,-0.0012837941247367812,-0.001451482416766181
2016-06-14,-1.0445644349488248e-11,-0.00015536744735811236,-0.00032251466661170625,-0.00029478859281584224,-0.00038401807748889016,-0.0009500582847830064,-0.0011918540755477824
2016-06-15,-0.002869502067962104,-0.0014582164548171406,6.056093553219455e-05,0.0007847938553844358,0.0015378459968529157,0.001723745988331249,0.0018041247045985642
2016-06-16,0.0029705600289431366,0.0033698131219312977,0.0037982167783692233,0.0029972125028889796,0.0016099024153015673,0.0012811849909950546,0.0011653269248956821
2016-06-17,-0.011721069772883785,-0.010558729375338971,-0.009312551445274986,-0.007740670019298568,-0.00536617357526592,-0.003404051108852446,-0.0027231942863558123
2016-06-20,0.006291458891020563,0.002681220704687126,-0.0011800071053581496,-0.0017688227156464897,-0.0012571890523803697,-0.0006828153516151847,-0.00040924940910058716
2016-06-21,0.003172838244570153,0.0015382587230925449,-0.00022303663776046534,-0.0006599975760385179,-0.0007080156902726786,-0.00024769913515965136,-4.734188858634969e-05
2016-06-22,-0.0024185106192422534,-0.001571043700994812,-0.000654777761694425,1.7652370631005e-05,0.0008042719300480616,0.0011414030710508172,0.0012623263964848253
2016-06-23,0.014266898886700297,0.00889170943465456,0.0030904085742347043,0.0013158306799365693,0.0005815815504466304,0.0004933579647363739,0.0005371912025304848
2016-06-24,-0.04118785230531752,-0.027247719024274364,-0.01203486445263413,-0.005952230737497288,-0.0016615574604155192,-0.0004762010047677512,-0.00022613656163306128
2016-06-27,-0.01984831713007351,-0.010155189289860478,0.00011077222614730431,0.0017811325903664965,0.000918091961938261,-1.2408018519094455e-05,-0.0004465686632012522
2016-06-28,0.02191356819271273,0.01747241331498417,0.012862669221739509,0.009451206157637726,0.005775522102118957,0.005298616047211269,0.005266183233805455
2016-06-29,0.017710018146388062,0.012111276169983753,0.006248073065209692,0.003745805761922627,0.0018574327432421267,0.002389915993447289,0.0026568986862407495
2016-06-30,0.011569960564855819,0.009864616480092181,0.008058376323635708,0.0065425142069355235,0.00485012017722819,0.004680444908497838,0.004615492663055498
2016-07-01,0.006305508624027789,0.008195259840768632,0.009329106839735646,0.008752440228099845,0.0038872048600344655,0.0028928819810820627,0.002507043614885074
2016-07-05,-0.003387841602931929,0.0006006099487776417,0.0029865171738683305,0.003404467616629603,0.0020109164393924406,0.0014063481367867503,0.0010765684877636073
2016-07-06,0.007216905942996954,0.005795844869969757,0.00495116012892538,0.004288544991573273,0.0025329218032470457,0.002138631891122067,0.0020354752436142487
2016-07-07,0.0025087872712543646,0.0018572053507965869,0.001469025542820912,0.0011034817759381088,5.724669617368505e-05,-0.0003449475466669183,-0.0004280791968609421
2016-07-08,0.014275109382587914,0.012532917278099687,0.011493946234073071,0.010566641229888152,0.006288928293863405,0.006342239558989826,0.0064638140173327585
2016-07-11,0.0035954397863353638,0.0004918948178265214,-0.0013640196600210874,-0.001656954228082319,-0.0018341260101123469,-0.0024249929721245067,-0.0026040744044706354
2016-07-12,0.0019479791322398743,-0.002622344486945205,-0.005368966136772846,-0.005656218354610498,-0.0030372970607777106,-0.002403880869608188,-0.0021098917304803733
2016-07-13,-0.00040947319134199134,0.0025797321574487775,0.004389368592003118,0.004532440313740782,0.0017518727660805755,0.0010991398630559868,0.0007169688061536839
2016-07-14,0.0037685812486709658,-0.0007610519713048269,-0.0034901486735422482,-0.00370132099661713,-0.0009405464236085237,-0.0012466053215322015,-0.0013184318760378622
2016-07-15,-0.002591075510265939,-0.004056062477648559,-0.004945140768494727,-0.004819906291658627,-0.0032514937966577895,-0.0031130044395549783,-0.0030443048280355267
2016-07-18,0.005561530710337603,0.00398281691101654,0.0030224500271329724,0.002471381441871756,0.0014461887790775396,0.0011965535014304418,0.0011937072274725846
2016-07-19,-0.0023526562036322307,-0.00042093890964134406,0.0007571443719802673,0.0010851685215191864,0.0008887785237512436,0.0008323762837498805,0.0007083716978035781
2016-07-20,0.009280125983930354,0.005695100349382809,0.003515521249697562,0.0026754026421624832,0.001717100859207843,0.0005276972435910299,0.00018166962074062099
2016-07-21,-0.001696060673197941,-0.0008014920756447275,-0.00025449856205461696,3.34007345781373e-05,0.0007229958813512738,0.0006182676464494552,0.0005779844304352189
2016-07-22,0.0038173380503752075,0.0033146168632576245,0.0030076692611638034,0.0025208353459713617,0.0005377187145660933,0.000988931271304061,0.0012238710147458587
2016-07-25,-2.384910708297383e-05,-0.00019151268507899832,-0.00029396771886758266,-0.00036272255343861026,-0.0005850183646152196,-0.00158080190891563,-0.002003011346082828
2016-07-26,0.001204850872404739,0.0012965712925472328,0.0013526310670455288,0.0009520598648011802,0.00028634934948357227,-0.00028882419585452013,-0.0005786131907391523
2016-07-27,0.007704470829298593,0.008847304278097212,0.009545733585446525,0.008650075555761694,0.004704968591721093,0.00380782670041957,0.003569167230033532
2016-07-28,0.002749362703592606,0.001638884028548393,0.000961461633830929,0.0007005850603996056,0.0008035656071860853,-0.00015449239699560913,-0.0005862870575407131
2016-07-29,0.003025996963029298,0.004303539571295145,0.005084275749147826,0.0050512014655546,0.00333014357440109,0.0029755011056973313,0.002803873492094988
2016-08-01,0.001299433513834991,-0.0013300039650050444,-0.0028383607524390397,-0.0033331917253019983,-0.0020563186302455794,-0.0030336039606227994,-0.003527852743635651
2016-08-02,-0.008258434690358696,-0.008696929779069107,-0.009163429204351536,-0.009342469466988357,-0.004807041808221224,-0.0031669953216807434,-0.002599089790399911
2016-08-03,0.0026398631139621376,0.0021983583540572393,0.0017112756373003357,0.0015231112301101746,0.0014203486870525417,0.00171715400484862,0.001903399552900975
2016-08-04,0.0039941678293526905,0.004746730915268449,0.004971397340391315,0.005020172737336681,0.0031607570708016564,0.003254500422166462,0.003446546599426892
2016-08-05,0.004710077759874087,0.0014710359634966252,-0.0005349040480602252,-0.0012117954023724842,-0.001861467338956535,-0.002215459250229479,-0.0022928707825707884
2016-08-08,-0.0003916830792251025,9.044463798391078e-05,0.00043212605743692123,0.000552382313339761,-0.0003125726750567992,0.00035577116710250323,0.0007343839132918362
2016-08-09,0.004129223891346401,0.005340437179819579,0.006087797713776988,0.006339868719770214,0.004041932552740768,0.003455614348645497,0.0033144922661811904
2016-08-10,-0.001004907733655025,3.388297325401801e-05,0.0006417243232881287,0.0008429386837576214,0.0014079737298238193,0.0010568995000044268,0.0008512213194489249
2016-08-11,0.0010677933414520169,-0.001069233012109705,-0.0026525551018621307,-0.0032160077290364075,-0.002304261816866604,-0.001965382075167832,-0.001789942734705674
2016-08-12,0.0025510725177371185,0.003797659300702305,0.004576266797220674,0.004840046888440419,0.0032550051286714954,0.002614807318936929,0.0023923591635073294
2016-08-15,0.0009425115948142881,-0.0012683793728363035,-0.0026192328080766325,-0.0030733673094954783,-0.0013890700079691731,-0.000821619143035246,-0.0005872572306436785
2016-08-16,-0.004836139662798389,-0.004377065695467364,-0.004294771673441389,-0.0042897150418791385,-0.0027534359272045617,-0.0023303257920939124,-0.002185776034532849
2016-08-17,0.002806283184426883,0.0034824554593173573,0.003913691708518741,0.004060841925610292,0.0021092055070066618,0.00168397083346572,0.0015717835156427995
2016-08-18,0.0005757817257914244,0.0007892565712841471,0.0008033007346921472,0.000794761975991154,0.0015250863756459676,0.0021059620543144586,0.002353103845602611
2016-08-19,-0.001459810500927694,-0.002262521428053055,-0.002864237318254359,-0.0030793349671167647,-0.0025661464804963563,-0.0028744353370983022,-0.0030195734034893507
2016-08-22,0.002614567764900988,0.003848457838721675,0.0046496068158126125,0.00492461349169715,0.0023894163505779886,0.0013333266832475932,0.0009389877408292335
2016-08-23,0.0016154282292768496,0.0014995966265867189,0.0014039822493858711,0.001368989235442486,0.000725069161563896,0.0009408277411109278,0.0010954859410441387
2016-08-24,-0.00546966832406337,-0.004806853879989803,-0.004388104159508299,-0.004245658491694337,-0.00209509535063912,-0.0016806535029456615,-0.0016000472394808174
2016-08-25,-0.0021531726401967655,-0.002503407859040352,-0.0025363267818494517,-0.002526804377384284,-0.001563100089518099,-0.0008646330686644665,-0.0005732083904785856
2016-08-26,-0.00030719280144997363,-0.0014819834244726993,-0.0024237386620009627,-0.0027659331261723485,-0.0024034378852937355,-0.002658416068167635,-0.002729597691654151
2016-08-29,0.004264684698384924,0.0061969366805352255,0.007482267272413523,0.007926748281603446,0.004167716261724852,0.004162992442596769,0.004294461165119001
2016-08-30,-0.003396204503500866,-0.003493523265160281,-0.003512025465482238,-0.003513592745838068,-0.0013456575731812803,-0.0004446785661365027,-0.00013444105599380585
2016-08-31,-0.00043080878363033204,-3.299913195364823e-05,0.00023851166580790562,0.000333049211580283,-0.0008410723219570704,-0.0016960911161072456,-0.0020397456466474395
2016-09-01,0.0013617121007587496,0.0014265122511909478,0.0014653942647113727,0.0014783548464651908,0.0012780935972898089,0.001556203043205695,0.0016453400265079576
2016-09-02,0.002700014008205187,-4.497470565945072e-05,-0.0016918020518343901,-0.002240715946888794,-0.0010881717524777734,-0.00016299617859816262,0.00015196171340314812
2016-09-06,0.006675576083092327,0.006783904853692846,0.006849180766140384,0.006870983458498348,0.0048376330749499985,0.003913566379046163,0.0036115724493952506
2016-09-07,0.0014847166479663443,0.000823448733684895,0.00042504979000512755,0.0002919745923588568,-3.254872136526643e-05,-0.00029890151820632926,-0.0004572969343630273
2016-09-08,-0.008073581448109213,-0.00897586471526135,-0.009520040436975519,-0.00970189903384211,-0.006147190302682182,-0.0043702156838860695,-0.003909402272513796
2016-09-09,-0.026826142648609275,-0.024004011889346977,-0.02229945856125315,-0.02172937138539799,-0.011675803798700812,-0.008773595449600768,-0.008111435442597292
2016-09-12,0.01426698200792953,0.01113202178639039,0.009247296142518291,0.00861842459383455,0.004991303561370453,0.0035808360169304887,0.003116371178382815
2016-09-13,-0.012455271428454817,-0.011790601378016241,-0.011389010421467782,-0.011254672862750836,-0.005646122189200797,-0.005510578342312833,-0.005670652932521669
2016-09-14,0.004006859281193487,0.0034508958389911637,0.003115352810604488,0.003003173925177016,0.0023021210991263086,0.0017270440330419135,0.0014947867469545795
2016-09-15,0.010484407866421241,0.007280683633594798,0.005345409035615978,0.004698127140133179,0.00394985852907026,0.0033102857326081647,0.0030789098916421676
2016-09-16,0.0008837559924501637,0.0025393186584916627,0.003544508653813061,0.0038815709812871635,0.0010048627700238733,0.0005130208798225233,0.0004916062755173645
2016-09-19,-0.0016169969738908385,-0.0023354147433124472,-0.002770457177646568,-0.0029161428696625746,-0.0019323982413242957,-0.0012875148346724874,-0.001052055964808285
2016-09-20,0.0014461285083620101,0.0020123250422059424,0.0023555829233559145,0.002470598323850437,0.0016132687942593815,0.0009186058430770139,0.0006801948633570198
2016-09-21,0.01017321988851494,0.009608339710306613,0.009266190650776274,0.009151595620355613,0.005186655516232985,0.004459262432567446,0.00444088045863511
2016-09-22,0.00988404834144152,0.009182920522512239,0.008757861988475613,0.008615432918462451,0.00491736485428107,0.0037483208397541823,0.003480602766121388
2016-09-23,-0.0037803947228080004,-0.003354233311760213,-0.0030955904243339383,-0.003008878417980365,-0.001711028895380995,-0.0008944627263988147,-0.0006476956393967059
2016-09-26,-0.004206588467086547,-0.0019964349888539346,-0.0006559715744240968,-0.0002067270572635449,-0.00022703900774789787,-0.00030467077624085626,-0.00034378733279882834
2016-09-27,0.005460410233130153,0.006421518627967027,0.0070023714600160325,0.007196691405819022,0.004184167353045165,0.002962858038877858,0.0026451756775762725
2016-09-28,0.002420456119722969,0.00117201579863635,0.00041867463609945865,0.0001668439816289169,0.000444046308711199,0.001565337724838356,0.0020215065665232235
2016-09-29,-0.007076354424139342,-0.004655158917978408,-0.003191225905215256,-0.0027013617808074875,-0.0017328269259239137,-0.001569897994357916,-0.0015406466063130342
2016-09-30,0.002353210137486128,2.466503955411703e-05,-0.0013777536106995836,-0.0018461094213858553,-0.00011523027205406766,0.0003805507006739983,0.00048692120947713136
2016-10-03,-0.0019126143331993362,-0.00221163470365604,-0.0023910507146873705,-0.0026868622150135746,-0.00232644573640417,-0.0018862367409112624,-0.0017611922672002844
2016-10-04,-0.004132262988693958,-0.0057602003412261515,-0.006737433112121716,-0.006807360285438824,-0.003991706357866498,-0.00362646509870157,-0.0035769208362799176
2016-10-05,0.0014559989842202192,0.00014755630784879514,-0.0006399505603753575,-0.0010832158584244134,-0.0004997674778860484,-0.00029808837082878625,-0.00022094019864937753
2016-10-06,-0.001789028925600289,-0.002594657570503478,-0.0030805513599864165,-0.0028218065492241484,-0.0009222075240187255,-0.0010411590812556826,-0.00107481769563178
2016-10-07,-0.001467333408546101,-0.0010130626773722229,-0.0007387260359680292,-0.00040353214836963414,0.0009768504430922587,0.0012984448943949012,0.001371720442580493
2016-10-10,0.0032374172505647003,0.0012946022862783124,0.00012218136186126216,-2.1591762874417775e-05,0.00039141472778747577,-6.440804925400556e-05,-0.00021730954166776506
2016-10-11,-0.011250457891901933,-0.00935104857449176,-0.008201250119201364,-0.007524917478708426,-0.004584384948370546,-0.0033899967862363045,-0.0030278748749820172
2016-10-12,-0.00038822324358200877,-9.754158758323861e-05,7.78827594869469e-05,0.0003781856191673594,0.0003260841694270322,-1.6219395937544512e-05,-9.589141186727712e-05
2016-10-13,-0.001718642487129718,-0.0005523507344437073,0.00015116177204155257,0.0006027696545025663,0.0009622650750800155,0.0003785044160868889,0.00019205548081502322
2016-10-14,-0.002676038742207676,-0.005099396540041434,-0.006558440154646794,-0.006609876379886193,-0.0028433785564276892,-0.001469464271803833,-0.001074522988048665
2016-10-17,-0.0004369525111831418,0.0010081213374359965,0.0018815649616836794,0.00217906784572075,0.0015406284478454157,0.0008585242770662305,0.0006379006677987853
2016-10-18,0.007468947053970609,0.006569540846199651,0.006027172373079814,0.005588295209783656,0.003738832253869173,0.003254363594591414,0.0030877301028473525
2016-10-19,0.0001456172755578411,0.0002905394814889384,0.0003780575062506397,0.0005073759985152471,0.0006743219157829827,0.0011007910618221484,0.001269248519581101
2016-10-20,-0.0006219236858192589,-0.0002661628267409677,-5.137146857037145e-05,-6.893790825346358e-05,-0.0007184125274534159,-0.0006506298769133334,-0.0006322350286156464
2016-10-21,0.003172500864506045,0.0028173511956561814,0.002603049267298596,0.002283764906334085,0.0014840138211020815,0.0010711172773050226,0.0009075512270557695
2016-10-24,0.007883892934658077,0.005284946290082582,0.0037158274677862035,0.002779688440137429,0.0010454518934206458,0.00033943060671726144,3.820523671382858e-05
2016-10-25,-0.001727187890726789,-0.0008090310404790246,-0.0002523906473657078,-0.00021870598466278146,-0.0010457301288192555,-0.0006732568102650882,-0.0005538266008410231
2016-10-26,-0.006787564842292371,-0.006782386370936755,-0.006779252899002386,-0.006612605302217078,-0.004052030974871945,-0.003236308112182007,-0.002942629415668363
2016-10-27,-0.006148548582164182,-0.007150374317818398,-0.007756843096542898,-0.007799219825855186,-0.004199047725233718,-0.003692396828183009,-0.0035369132623415123
2016-10-28,-0.005266693517144816,-0.00462555040006829,-0.004236797805807546,-0.003784046587702816,-0.001839426059396465,-0.001820366396247941,-0.0017929860973006084
2016-10-31,0.0008298904492720638,0.0019479024138131518,0.002625100400887481,0.002759581044974979,0.0005056051293639285,-0.0002687111590936597,-0.00048431015035899083
2016-11-01,-0.005749063078787642,-0.0044549365314350275,-0.0036784595808736498,-0.0031092001086729937,-0.0020691684134518384,-0.0018337740897177435,-0.0017816445201539466
2016-11-02,-0.005108534428423406,-0.002997353955484061,-0.0017332774907944382,-0.0010196752126703235,3.0180055100359482e-05,-8.470839352681114e-05,-9.573757989145282e-05
2016-11-03,-0.00930498074383701,-0.00893880676585268,-0.008720300506788403,-0.006960568991403071,-0.0030046393039309116,-0.0014091191183427387,-0.0008860240564250166
2016-11-04,-0.0005483728817249345,0.0015921590868783753,0.0028687220313732276,0.002709564357841421,0.001595884249613766,0.0017647603833470527,0.0018598751279170767
2016-11-07,0.016028436111408695,0.010465869147492368,0.007159787110499138,0.00545485270129098,0.0031473471327920777,0.003449795995646543,0.003547815528942788
2016-11-08,0.004056431886728884,0.002251138564791866,0.001168723983816955,0.0003924544972107036,-0.0009374750352232342,-0.0020648817814206133,-0.0023954673512386337
2016-11-09,-0.006298500611364388,-0.014287866800123061,-0.01909193321683922,-0.01726868807794346,-0.010568402597181503,-0.010833377520507836,-0.010782644244824335
2016-11-10,-0.015841298406629623,-0.01561134737902381,-0.015471272941803393,-0.012085028892577454,-0.006890036712174474,-0.008313408201213845,-0.008222463195497243
2016-11-11,-0.0009226058613336363,-0.0019329102100875684,-0.0025481062777982233,-0.002768463959705758,-0.002286346420496299,-0.0037316693490567765,-0.00422152590524838
2016-11-14,-0.009185855336923177,-0.008499584130349125,-0.008081020195438882,-0.007435751474621499,-0.006340426998840076,-0.0028113269701213195,-0.001604826601168119
2016-11-15,0.011877028790168165,0.010388719079999165,0.009481991265969159,0.007790208392741249,0.004190452075165663,0.004863858223038697,0.004970167621008992
2016-11-16,0.006621894047404764,0.007134759663487422,0.007447957037991948,0.005835683387732438,0.0021169816182358137,0.00015700194894008312,-0.0005338504095434571
2016-11-17,0.0023813725789598728,-0.001276574120580909,-0.003508575184306806,-0.003772350758946663,-0.002335020678588484,-0.0027852419230945946,-0.0029874451215060605
2016-11-18,-0.0035509324105433837,-0.003410957387725677,-0.0033250431580562623,-0.003852119211776417,-0.004546781016202872,-0.0032814147673022598,-0.002923949889018007
2016-11-21,0.00866746296898846,0.007361255826563662,0.006559707326561082,0.005272341180843743,0.003187623480521262,0.0036968023091270563,0.003775990704264931
2016-11-22,0.002304807953472876,0.0017509386224445755,0.0014103460849925753,0.001660503030904037,0.002006339628956688,0.002855435905032344,0.003089860722855997
2016-11-23,-0.00400306353891855,-0.003977386763525104,-0.003961583234369792,-0.003886653691513642,-0.003718997340663832,-0.0035894231383605257,-0.003456990434591689
2016-11-25,0.0028366384385287713,0.0025546066192794203,0.0023810285954009025,0.001773325417821603,0.000383842226487463,0.00021320990318440813,0.00019260982337310217
2016-11-28,-0.00018541332213861672,0.0013969333134566941,0.0023712387941954294,0.0027681640135062135,0.0029092330786057996,0.002534460778796932,0.0023809089233532976
2016-11-29,0.0036186195697573975,0.0037391352846647408,0.0038131514541304146,0.003164748768358372,0.0016450673114278835,0.0007263717928691626,0.00044884019855984114
2016-11-30,-0.013000503752597647,-0.013675310088469672,-0.014089672036252665,-0.011593060763617657,-0.006949573205100146,-0.005203863746547799,-0.004469111940647252
2016-12-01,-0.016183436970832688,-0.014805477535276612,-0.013978699253642257,-0.01062253233833732,-0.005946441827058058,-0.004254785848026299,-0.004038903934662108
2016-12-02,0.0045541802935751274,0.004967517599351323,0.005214964628716068,0.004631941058109712,0.0038176772093792,0.004287351794871386,0.004491709834540947
2016-12-05,0.007194333131187003,0.005013405762780643,0.003708632437185999,0.003185140989196533,0.0020535890079687036,0.0012526499770011412,0.0011016699594248447
2016-12-06,0.003400412233047323,0.002141443321480141,0.0013856299863095334,0.0009396407641000248,0.0009825835841679176,0.0017647997704102192,0.0019569170798428015
2016-12-07,0.01455512062808606,0.012678372618320832,0.011549411923536201,0.008686810642934084,0.005831917304721657,0.005082571672177183,0.00481224815543313
2016-12-08,0.0025530093914007956,-0.0014128271709559215,-0.0038055683418724007,-0.003422643674332093,-0.002353139710867147,-0.0021167159195933927,-0.0021115503727779927
2016-12-09,0.004209202203051765,0.0002598650907750244,-0.00213812973775096,-0.0020652538550006705,-0.0017548591794845914,-0.002249135674338154,-0.0023938746355858243
2016-12-12,-0.0009755075319685114,-0.0007035014929575034,-0.0005372926569625625,-0.0009173817137980711,-0.0008901642109229169,-0.0004347611631707604,-0.00039233056199283745
2016-12-13,0.008335601865777198,0.007651511856925142,0.0072336809259305745,0.0055587306128215275,0.0032482315414938956,0.0019998650525145933,0.001742841613646906
2016-12-14,-0.008252717760947492,-0.00818721399549216,-0.00814716046093289,-0.007146128402646834,-0.007004177906232756,-0.007972574505510699,-0.00808112305355746
2016-12-15,-0.0003684709863469582,0.001314723500831061,0.0023438071320744935,0.0014021019941965474,-0.00048036822977559623,-0.0010326751030276249,-0.0011425198829292382
2016-12-16,0.0016659206935540904,-0.00010497314475244046,-0.0011847460453930925,-0.0011012797628562332,-0.0002563870344599595,0.0006371707004617644,0.0008184647717337512
2016-12-19,0.006348986832188208,0.007200405266297727,0.007721023177971853,0.006222987539225233,0.004265500915267895,0.00385540207224655,0.0037871697471554278
2016-12-20,0.002937854618398017,0.0009736520613372601,-0.00022576864607737335,-0.00014692896667245492,-0.00018600602477825134,-0.00043890666582624416,-0.0004928675916404668
2016-12-21,-0.004650398784734833,-0.001751846007659097,2.37286968327588e-05,0.001049502702509697,0.0012192632362508782,0.0010909524333189147,0.0011876995908082222
2016-12-22,-0.002441916336005656,-0.0023212516106472236,-0.00224768116960139,-0.0014351233193755641,-0.0006674792459367973,-5.3121319915749865e-05,0.00015256395810236967
2016-12-23,0.0012890569645045424,0.0014017945358404393,0.001470518276150079,0.0013867796295183865,0.0011588571955412075,0.0012334463217835712,0.0012657718991453404
2016-12-27,0.003861594535619517,0.0021709432096084225,0.0011405248346283425,0.0003490202001625864,-0.00023368680048907464,-0.0007250144425935412,-0.0008763924465933215
2016-12-28,-0.006530272464654874,-0.0030725323443248076,-0.0009593806835345164,0.00022175212062780503,0.0006833618736197256,0.0008225558717422921,0.0009607674792810883
2016-12-29,0.0027878472369957663,0.002420785308064888,0.002197710202698655,0.0024310658488697623,0.0022707630408687063,0.0022252645094971157,0.0022487428178581403
2016-12-30,-0.003067111676944956,-0.0028209351584808084,-0.0026712397335266758,-0.001536116417747424,0.00010722711152921782,0.0012907819003857846,0.0015289530793878292
2017-01-03,0.004725206988501984,0.005375812676370995,0.0057870262389010385,0.0038376217505560195,0.0019455192153710055,0.0016983778254200388,0.0016418757423177777
2017-01-04,0.01225346571126451,0.009025176378762323,0.006644490335137476,0.0043980732826112146,0.002669942396433589,0.0027609945099906774,0.002815686615426749
2017-01-05,0.003838213770766652,0.0069636533181576254,0.00939818773939849,0.0074127247260025175,0.004771816995468026,0.0037170385125615546,0.0035334386589362943
2017-01-06,0.002332635134988603,0.0007329782621969816,-0.0006848354682305047,-0.0012823472683120007,-0.00190246439804298,-0.002424294306494712,-0.0025106751703457553
2017-01-09,-0.0058489056968253905,-0.0009190933240634802,0.002758568678747686,0.002852481968346199,0.0022924668581507657,0.0019170517080966398,0.001947932755821391
2017-01-10,-0.005716524975695081,-0.0030731062709519197,-0.0011926755862734506,-0.000552431051841662,-0.0001547804197135072,-0.00027217936198009607,-0.0002638350361511277
2017-01-11,-0.003839328204993553,-0.0009252565756560083,0.0011913358354469494,0.0014910878564160512,0.0015153913096657146,0.0012617017245637463,0.0011653140809144702
2017-01-12,0.003349507945042518,0.0011185723067304032,-0.0004958272860128288,-0.00041010347298520156,-0.00014675559335142196,4.985390926348643e-05,0.00014718717260175929
2017-01-13,-0.00017183129312159373,-0.0006153380261230135,-0.0010498175922694086,-0.0009556092068488953,-0.0008350705808704006,-0.000982594395159242,-0.0010174463805350253
2017-01-17,0.00491530034680232,0.004790589151247637,0.004888665638886236,0.003811632237949114,0.0026142745259745137,0.0024794180249190223,0.002469798418776481
2017-01-18,0.0017742792421713283,-0.001676299774659551,-0.004377941280246267,-0.004594920579048756,-0.004349464195394281,-0.004019607108975531,-0.003930457199484816
2017-01-19,-0.007656251772209632,-0.0061603838162225255,-0.0051614505655670495,-0.004236905266338797,-0.003447330409867777,-0.0036511469067821434,-0.0036307321414925653
2017-01-20,0.005933407861195228,0.003368263688670714,0.0014494216827793949,0.0012280418779799795,0.0013044077963004774,0.0012571283363127517,0.0012202719313829657
2017-01-23,0.0064239147751508074,0.006240548940690038,0.006235241798422386,0.004848076725319839,0.003310042227070209,0.0029776150650573374,0.002978174206120343
2017-01-24,0.0019315683565481745,0.0007265736350043905,-0.00034069484105148096,-0.0006949289554557536,-0.0009614503484500769,-0.0013467674015121833,-0.0014910359310993382
2017-01-25,-0.00220157440621771,-0.002384579343738147,-0.002833607645438496,-0.001945155296253831,-0.0009398630423895771,-0.0011224437870731574,-0.0011787954620546826
2017-01-26,-0.0011359820646147378,0.00031378155771188965,0.0014048709992653396,0.0012116167189004656,0.0008236014187428253,0.0006042666418346609,0.0005906071401189372
2017-01-27,-0.006643184483147158,-0.00266485101975944,0.0002563343908050797,0.0006990554656767234,0.0008151097343249702,0.0007666187104042876,0.0008482400547473734
2017-01-30,-0.0070663624009142945,-0.006249382083163391,-0.005591373548010314,-0.0038272833306398635,-0.0021045403869367485,-0.0015452133155224868,-0.0014085283535463233
2017-01-31,0.004744554479595875,0.004009590227106896,0.003604419098769407,0.0028985645218015943,0.0020584827937100147,0.0019494502820154302,0.0018411888060927417
2017-02-01,0.006903820003781647,0.002795817192911665,0.00032805112138767356,-0.00015808017377005879,-0.00023915364584858878,-0.0002789270591440074,-0.00014063083859117143
2017-02-02,-0.0008770251330630918,0.00025519088748859886,0.00015473634568086148,3.7021624949007403e-05,0.00027761459311936854,0.00044678390922259226,0.0004648434299530102
2017-02-03,0.002872638233486935,0.0024535894850690187,0.0017207259281173393,0.0019804447714473206,0.0020164744444328697,0.0018638846958325406,0.0017061710025205734
2017-02-06,0.0011935501825770523,0.0018858099471708023,0.0029507569347391183,0.0030672024196742864,0.0029745647966106237,0.0026202102109267322,0.0025551067715792186
2017-02-07,0.0036558074932864226,0.0037759882368713082,0.004665140749151364,0.003228080493408836,0.0015914345926202333,0.0008734302925281767,0.0007180472920671477
2017-02-08,0.0016627270397497895,0.004478903027833825,0.0068994734041696315,0.0051330665841595735,0.003174317748751765,0.002930545760723602,0.002853176273299507
2017-02-09,0.003636321826048672,0.0005778338218493939,-0.0026163793728779527,-0.0027688731503550112,-0.002543161429069296,-0.002587482461553048,-0.002652953830532323
2017-02-10,0.0033080889372105737,0.002870753315346919,0.0019935563842710113,0.0012059159395925168,0.0005999918749386435,0.00033174093196408627,0.0002182296600103939
2017-02-13,0.005652546562970651,0.0035258961006454648,0.0017587678044388433,0.0011382604209928537,0.0006124203253230487,0.00020963296393361475,7.72929222248031e-05
2017-02-14,0.0033564806252881496,0.0006295295424969538,-0.0014551828346539564,-0.0013888810710980248,-0.0013274445045876604,-0.0015113920328494457,-0.0015888781061315083
2017-02-15,0.00591305969175604,0.0031645315217709857,0.0011108457128656823,0.0007192422863278036,0.00031404730380590884,-0.00029532310334368095,-0.00048609108250652344
2017-02-16,-0.00030931931025335313,0.0012792844323343822,0.0023867454048989156,0.0024352426707814345,0.0024318137984467025,0.0022208257773912443,0.002152770223482925
2017-02-17,0.004332797357859519,0.004437118532107043,0.004807430430643578,0.003695117893414146,0.0026116391462640554,0.002179746661505222,0.002099184376491481
2017-02-21,0.004930148892714481,0.004309919291181075,0.002800546690504113,0.0018625891279389073,0.0014085114910771246,0.0013347111459189875,0.0012818915333348002
2017-02-22,0.0003833019016332706,0.00032070909680337323,0.0006424922252201704,0.0008652492915186549,0.0009596513321790123,0.0009867036903843385,0.0010139894226186552
2017-02-23,-0.0037547319760843356,-0.0017529006796684898,-0.0004845650786062805,0.0006237443338188431,0.0014986434701844686,0.0019138420610333995,0.0019575359753090105
2017-02-24,0.0019228788338587766,0.003885780729784294,0.005757135416472048,0.004781275367561788,0.0036508572094111624,0.0032933212448691407,0.003213853558128088
2017-02-27,0.0012283701072548503,0.00020672070877814086,-0.0013466347124159173,-0.001880535102642411,-0.0019000923044069085,-0.0017447743487178924,-0.0016910678033225102
2017-02-28,-0.003066946033085771,-0.00210233724571951,-0.0006309305300890022,-0.0007174515531243042,-0.0010554282090460276,-0.0008982634283601909,-0.0008145895806128678
2017-03-01,0.010921382216989128,0.004100930023866356,-0.00129380561729886,-0.0011151368697897013,-0.0011167735838241155,-0.0014818152488452752,-0.0017305069423999564
2017-03-02,-0.005021317692486038,-0.0046900923789867655,-0.00444414438504237,-0.004179315761058677,-0.003600487579199063,-0.0034638026901693264,-0.003344118146140218
2017-03-03,0.0018351948966468523,0.0019546267912027293,0.0019430242852571666,0.0015388084186243045,0.0009932386861781772,0.0008154306852763415,0.0007845252795206648
2017-03-06,-0.0022136520998005116,-0.002843866936268813,-0.0033657966226564584,-0.0022721022812172142,-0.0010840005323428104,-0.00125060750492767,-0.001316774122036568
2017-03-07,-0.0016827051233864188,-0.0020339552389145865,-0.0023572923915754496,-0.0021216188543914383,-0.0021104405944365467,-0.0027187011194879096,-0.0029726978468131993
2017-03-08,0.00176234540954745,-0.000143256828734728,-0.001959218133950169,-0.0021683798525142794,-0.002590289997788986,-0.0037512179065430917,-0.004063415555778382
2017-03-09,0.0007645951885817404,-0.0014513830888953638,-0.0034285083264296023,-0.002369618786758121,-0.0018861959719244092,-0.0021167102532327897,-0.0022846008214413294
2017-03-10,0.004203637685989303,0.003966080048422693,0.0036568971934551886,0.0032473826198899935,0.0025525184571622006,0.0018426721860442807,0.001622433438954296
2017-03-13,0.0016746675019028157,-0.0001757068913429416,-0.0015902901256967805,-0.0017372078983413086,-0.0014894859581501274,-0.0013203332618507702,-0.001270769062753918
2017-03-14,-0.0024315359278114235,-0.0007346508868603108,0.0006171574365920751,0.00017062443326754106,-0.00028708444082559126,-0.0005497677629506814,-0.0005928047855403573
2017-03-15,0.006169613697914134,0.007721171549159855,0.009160651998369795,0.008816742058812777,0.008574007069880984,0.009754948648536654,0.010096414459354275
2017-03-16,-0.0006813757105139651,-0.001718440058841475,-0.0025385214184941995,-0.002590814374166528,-0.0023048492695673106,-0.002643572917490733,-0.0027016562569116553
2017-03-17,-0.00034893809247749097,0.0012460180613447225,0.002562346282947381,0.0019677052118354244,0.0014997585800129443,0.0015029326211661864,0.0015437254192716132
2017-03-20,0.0009107038139870571,0.0016851019516981314,0.0022497550040059267,0.0018745334953007564,0.0015134645760688237,0.0009592522831323169,0.0008283233013097746
2017-03-21,-0.015172875201971858,-0.009549979270622844,-0.0050456013771672525,-0.0032223505481296932,-0.00182305861638965,-0.0014352254200803438,-0.0013114003342907798
2017-03-22,0.006778913763367811,0.006036800137749321,0.005345624306377417,0.00382188789408211,0.002585431084595191,0.002135120673995905,0.0020919632185423254
2017-03-23,-0.002524912645377353,-0.0021554962690256696,-0.0017034311444188432,-0.0015463900997062519,-0.0011516029150754337,-0.000780345432089713,-0.0006778136154870218
2017-03-24,0.0020711298408953027,0.0023952648724756553,0.002586418182709771,0.0014994436330457717,0.0006341762735717626,0.0009926238541038135,0.00118895526462226
2017-03-27,0.0016074990882519735,0.002198200706606368,0.002462176699016938,0.0021851293288372986,0.0016744835736213215,0.001227884718548733,0.0011394714337615852
2017-03-28,0.006114311060474442,0.003034902235196091,0.0006656824504789327,0.0001035909144810887,-0.00024047556390072167,9.431919402858036e-05,0.00017187070399726778
2017-03-29,0.004634225243011159,0.00496123577008567,0.0052283235337058365,0.003791145888449643,0.0027400149849814426,0.002428806146164142,0.002420361885606015
2017-03-30,0.0016634598773141995,-0.0006463150357164382,-0.0024058727906735022,-0.0018919817543392448,-0.0011122327723689374,-0.0003534859236135057,-0.00014915343346311172
2017-03-31,-0.0006797115248775576,0.00023489406942278634,0.0010506723946681618,0.0007886829772327797,0.000836848739353524,0.0008435248608769097,0.0008747114790101929
2017-04-03,-0.0006041293122698299,0.0015097672420643082,0.0038453834985294755,0.0035662933932023577,0.0032149879199063758,0.002874173761108434,0.002760568976281963
2017-04-04,0.001587093995927047,0.0001888290439850948,-0.0013492475414319527,-0.0008826306727525157,-0.0005853120847063575,-0.0006893457244662171,-0.0007240396044183584
2017-04-05,-0.0040750540350185105,-0.0026607076001619046,-0.0011003678409652329,-0.00028228094781879154,0.0002623583993013323,0.0005437603608198227,0.0006376165619135232
2017-04-06,0.000530433362750049,0.00012892252960927664,-0.0003127156174163037,-0.0003244571017617659,-0.00021511632281701054,0.00010513325911132299,0.00021190676174165368
2017-04-07,-0.0005301521595296732,-0.0012295626900946655,-0.0019995204510991904,-0.0022036930788118525,-0.0022700515397291454,-0.002165069150833032,-0.002130082500170216
2017-04-10,0.00037893183564663424,0.0012248079974590542,0.0021573745906782182,0.0016980515341304958,0.0014221487663761412,0.0015190085412850607,0.0015512838330125067
2017-04-11,-0.004317522244120298,-0.0015680386704075566,0.0014578495937564995,0.0018865504415523926,0.002094544861771963,0.0022142917275334018,0.002254188915816746
2017-04-12,-0.004032042388889878,-0.0021173639666508537,-2.235437806374918e-05,0.0006919815811436969,0.0011802976376946717,0.0015254377221003423,0.0016404106443939082
2017-04-13,-0.003971947477033555,-0.0025391677728114903,-0.0009777299814259788,0.0002915456413321582,0.0009479068238176236,0.0007253034405168002,0.0006511831712572302
2017-04-17,0.008282104693487335,0.005963417129582149,0.003444092969968171,0.00200412433913133,0.0011103803675123203,0.0008340322725257643,0.0007419903806120676
2017-04-18,-0.0015211381668884805,0.0014323609996726994,0.004656898434613588,0.004092054418356028,0.0035679046425354244,0.003306836081031772,0.0032198508256837677
2017-04-19,0.0015999026529653904,0.00015665421163801874,-0.0014093488554216549,-0.001441715076875849,-0.0015418952709346234,-0.0019356726605681551,-0.002066920988038512
2017-04-20,0.008365383423454276,0.005875550460697543,0.003165805058293225,0.001630443494085032,0.0006885923798474192,0.0004302925522829959,0.0003441549839093838
2017-04-21,-0.000226248755898939,-0.00018065690721191796,-0.000130780341064618,0.0001183773865078841,0.000168744543563637,-0.00014506173547823575,-0.0002497463537625144
2017-04-24,0.01207031495544153,0.008642389076210844,0.004892717710907268,0.00301996413734984,0.0018203945231034524,0.001313930987711931,0.0011449068845050814
2017-04-25,0.007230155173185482,0.00339864231717546,-0.0008224365268314493,-0.001366708039820863,-0.001678361317475452,-0.001998273646030446,-0.002105111379191449
2017-04-26,-0.0014062446985066979,-5.0869535602515725e-05,0.0014543473047408106,0.001484715220187116,0.0014345049021702305,0.0013652874625487144,0.0013421619643911864
2017-04-27,0.006002911559132462,0.0047566338697278,0.003376531828278573,0.0026293137717114945,0.0019206605532351428,0.0010191467251030595,0.0007179205721210558
2017-04-28,0.0017678562792224906,0.0018547770069266,0.0019512856055265981,0.0015170474407846246,0.0010708881409415838,0.0005216025203094166,0.000337846883067483
2017-05-01,0.00889771182086041,0.007568452328599484,0.0026470297920184738,0.001667665462392165,0.00102345585710939,-0.00025402786928740984,-0.0007848433399766375
2017-05-02,0.0016763667310473185,0.0019381894468897265,0.0029135991909063907,0.0023700749787827213,0.0019206541934624344,0.0015855929366275223,0.0014544439321966252
2017-05-03,-0.0032015260638950105,-0.0029072528270051023,-0.0018123025261889136,-0.002139243592665707,-0.0023247111231313733,-0.0015139715758677452,-0.001233918273347956
2017-05-04,0.0003647028334652358,-4.0278526717063556e-05,-0.001545062258391794,-0.0015315838832482553,-0.0015808628616742482,-0.002485733355893527,-0.002703489681392779
2017-05-05,0.0036485559239438636,0.0034398293350985654,0.0026627836787422865,0.0018092095262063346,0.0012083848259263341,0.001041496879764292,0.0010081296099744286
2017-05-08,0.002181402942876165,0.001602325887928302,-0.0005555778344875639,-0.0008899553057185594,-0.0010496841884224395,-0.0011084302875227214,-0.0011932844486400862
2017-05-09,0.0034824433096769525,0.0032135155914874147,0.002208624190531694,0.0010510093038618162,0.0001986006490228842,-0.0005524696733273382,-0.0008890552413802766
2017-05-10,0.0005780723428046031,0.00044735093318903907,-4.1730648173365914e-05,-7.854281406660668e-05,-1.3129204279316298e-07,0.0008216017298938727,0.0010832011844934542
2017-05-11,-0.0007947154520236976,-0.0007350627129769638,-0.0005117392849005586,-4.1182877662415684e-05,0.0002969706189903665,0.0003288354509218827,0.00029753891843209423
2017-05-12,0.002241804442051576,0.002640762953156406,0.004133931078848185,0.004225551872591993,0.0041660616832408515,0.0033374906024681295,0.0029893976092845165
2017-05-15,0.003174273930987015,0.002729462068398636,0.001067816959013257,0.0007043186398125734,0.0005050565445270383,0.0006462067703187913,0.0007594607587977364
2017-05-16,0.00417149082199586,0.004137380459879214,0.004009688640147502,0.002941432118576559,0.002143208170565236,0.00154346523548754,0.001224766820835388
2017-05-17,-0.02542577994909656,-0.0224245925538179,-0.01118791258419527,-0.005702084327801726,-0.001909385802268626,0.0006886562240180361,0.0016139800126182546
2017-05-18,0.008745197490208856,0.008152523371801612,0.005965456278509862,0.0038354323003897406,0.002291536806639405,0.0011303608912240914,0.0006793600731966887
2017-05-19,0.004225700741234961,0.0040806082833291235,0.00354371352450511,0.0020848114365663584,0.0010425232983968247,0.0009341675820877526,0.0009769773268342163
2017-05-22,0.008415724909478506,0.007553784105154948,0.004362121877012237,0.0027672522693305,0.0016807945345589381,0.001025087092254795,0.0007514453975487889
2017-05-23,0.0010069872228912757,0.0004159017296698764,-0.0017816494946760741,-0.0016741886554428875,-0.001526157241673709,-0.0014901034694011495,-0.0014410231685961783
2017-05-24,0.004599800571559953,0.00467802492965852,0.004969661461724062,0.0037265890416120495,0.0027823154502795155,0.002259813513685982,0.0020495687909827254
2017-05-25,0.008513309672826042,0.007891417939089207,0.005573727978783749,0.0040110962745341094,0.00281710531311008,0.0012954833554224,0.0007712643129216268
2017-05-26,0.0017733642896649027,0.0017681166573690899,0.0017485021584235927,0.0013095718909961196,0.0009761142835620351,0.000712379192130852,0.0005797025185241278
2017-05-30,0.0008498011411934847,0.0011580845635381642,0.002310393388108789,0.0021596182979617407,0.002006205377730552,0.001871404606570204,0.0017806341166595185
2017-05-31,-0.00035370006789081643,-0.00013793806483963778,0.0006673671797510217,0.0004206515416302903,0.000216871751954395,0.0002252686932553427,0.0002304582258438881
2017-06-01,0.0038925208934232902,0.0036267321270087027,0.0025252181786026284,0.0015062602297097882,0.0008234013639585314,0.0010291003326543535,0.0012381951991820017
2017-06-02,0.011421562366741522,0.011450848260935897,0.011572383245634033,0.008669506566390206,0.0062331426422042036,0.00424483815529042,0.0034421743091093138
2017-06-05,-0.0002092149326521353,-0.0006289021912047055,-0.0023703334889292327,-0.0017657514605295965,-0.001235931427259862,-0.001313456357513565,-0.0013519212007500059
2017-06-06,-0.0039741679909642835,-0.003318846642413553,-0.0005937951449489498,0.0003960005430141411,0.000997730842187794,0.0011201790207646667,0.0011748042883092946
2017-06-07,0.003919774635137152,0.003309302503249345,0.0007793359299941294,0.00019697290644415943,-0.00024220273187181007,-0.0011400331352605653,-0.0014414727852940512
2017-06-08,0.001046148178260209,0.0007894630818892079,-0.00027764958540388296,-0.0005981293641550423,-0.000763342988304716,-0.0007040572284595648,-0.0007078107194994354
2017-06-09,-0.025005198774166293,-0.02337648655424096,-0.01659650126637724,-0.01161723609026255,-0.0076686896070887745,-0.003122779707760648,-0.0010938510583533567
2017-06-12,-0.005358054154360747,-0.005000884648865167,-0.003526776518836039,-0.002452562659925439,-0.0015581649475697734,-0.0003098606946065896,0.00019267421647883864
2017-06-13,0.008116023757569257,0.007549212547909523,0.0052141717678002575,0.003688643942680203,0.002558967831986836,0.0016664042136151913,0.001331752962977717
2017-06-14,-0.0043458724290073025,-0.0029467000929579434,0.0028339818706411,0.0027215842294592285,0.0023946292378300704,0.002848461960922366,0.003065828187383657
2017-06-15,-0.0044365432777043745,-0.004231031702020327,-0.003388039218715444,-0.0028867610110694386,-0.0025680597091055635,-0.0024955898156616696,-0.002386361838975337
2017-06-16,-0.004338716701529299,-0.0038821820237811,-0.0020114825479409237,-0.0013175662724917991,-0.0008650503973166579,-0.00044984940030112774,-0.0001807371989873685
2017-06-19,0.016721043959547544,0.015402775423515758,0.010013625631756229,0.005818518259092409,0.00275937738412968,0.0009310413418428531,0.00018751526304638944
2017-06-20,-0.007831557693479207,-0.006632151159783883,-0.001696354543471168,-0.0009216902799519255,-0.0005622651096593989,-0.00025131682424117674,-0.00014702331790916734
2017-06-21,0.00990240435729639,0.009332047142191602,0.006999337405823924,0.004570850137100457,0.0024810889964872462,-0.0003084798906253239,-0.0013806117782765304
2017-06-22,-0.00028401564789604095,-0.0001054339512036595,0.0006270545896192026,0.0006121677434687278,0.000650163640038226,0.0011378608404839508,0.0012533888317285413
2017-06-23,0.0038378533028085027,0.0035268382744291227,0.0022523096760722616,0.0016963181487625878,0.0013923093933905228,0.001512326201561054,0.0014469683828235436
2017-06-26,-0.0046727638178740705,-0.004066529304553423,-0.0015782712610770133,-0.0010732983513934702,-0.0006827706420735602,0.00036859138447442596,0.0008302034571687766
2017-06-27,-0.018139153065230507,-0.01759858387661295,-0.015386721344367249,-0.01158970557300365,-0.008526414241778246,-0.006031186332056571,-0.005036574104729685
2017-06-28,0.014417260223347439,0.013123260432615691,0.007843367811304125,0.005267505500832881,0.0034524166497171827,0.0021334878613770147,0.0016199926007447463
2017-06-29,-0.017355158134970683,-0.016710752520415206,-0.014064240303594544,-0.010402248040116469,-0.007474461700019752,-0.005075828929887005,-0.0041654860332354104
2017-06-30,0.0003634879572438354,0.0001697102230331371,-0.0006234597085947868,-0.0011714772115705152,-0.0014397437767853516,-0.0008584648769105474,-0.0006513469586174603
2017-07-03,-0.010534484647726106,-0.008886754165596922,-0.007412982887901931,-0.00606411723568645,-0.004557318555491241,-0.0027974685118761222,-0.0022404386049545977
2017-07-05,0.009839160529538704,0.007664751016293714,0.0057260205597748914,0.00424199653039925,0.002735390507947688,0.0010021342775501374,0.0005157868977043734
2017-07-06,-0.009016342619059037,-0.008849334680331111,-0.008699819162567679,-0.005792810324883435,-0.0037310025434870164,-0.003063907374673547,-0.0028511052693331873
2017-07-07,0.010785819632659122,0.007010325410960583,0.0036313582992968385,0.002483827976727415,0.0013672719938266908,-8.451150201405078e-05,-0.0005321466265435504
2017-07-10,0.006533121413338394,0.005407876891903252,0.004393634653830025,0.0033994318934555956,0.0024499868533061075,0.0015115353151291533,0.0012479282508073286
2017-07-11,0.0028128316383355667,0.0025685386074367766,0.0023478754170296323,0.001864695827026086,0.0013363788554277,0.0007609321080690457,0.0005625652339522613
2017-07-12,0.01186623228512329,0.010769466883982393,0.009778328558177396,0.007228168974503513,0.00535750243451516,0.004573838052990942,0.004376814104680271
2017-07-13,0.002203189361291935,0.0003324901542083314,-0.0013615421592271248,-0.0007345647484855444,-0.00026486277053727747,-0.0002176920117493708,-0.00024936692174104547
2017-07-14,0.00787176875669493,0.006416310942757741,0.005093600420109867,0.004005707438168082,0.0030944929465150928,0.002351914847776193,0.0021495163930382866
2017-07-17,0.0004925308345764545,0.0009852826413825344,0.0014343298554453376,0.0011576329784626083,0.0009330853775397774,0.0008639516566584238,0.0008379934663258481
2017-07-18,0.0066813068332924885,0.007128509861707766,0.007535665853511064,0.005763725684775123,0.004129913171478261,0.0028110614737464346,0.002461588108486623
2017-07-19,0.005868252217718473,0.004674483606591062,0.0035885404636029072,0.0023345389048465837,0.001468780151171023,0.0011815355474662503,0.0010491961834870889
2017-07-20,0.0013196920084685981,0.0016599877624290382,0.001970250252658623,0.0011939870637678318,0.0006133950919677833,0.0004093363475077272,0.00037380812283305254
2017-07-21,-0.0004159960171022936,0.0005962654362874353,0.0015185883796555721,0.0013826357571524728,0.0011593167665808757,0.0008538966920494939,0.0008001013998140127
2017-07-24,0.004579811429522795,0.0027275772984567404,0.0010431729795352673,0.0008052151919590855,0.0004933295166817953,-4.24603875339713e-05,-0.00022634510786045947
2017-07-25,-0.0025560611216705054,-0.004826772002406554,-0.006899031525619992,-0.005675874257960345,-0.004420480507296709,-0.0033638275419187735,-0.0031069631617780535
2017-07-26,0.0032548697676795246,0.00290267526016752,0.002579855602611758,0.0029695367961919406,0.0030333583218151716,0.0025130329840261645,0.0023807073626604947
2017-07-27,-0.0062813574304109165,-0.0059905648386010535,-0.00572384699844819,-0.004098961545570656,-0.002668967699450686,-0.001587266985591862,-0.0013038824548984307
2017-07-28,-0.0008336395485200043,0.0006212400423648567,0.001954924478284825,0.0014983104628119026,0.0011060557927082826,0.0009415954096381185,0.0009497630482160346
2017-07-31,-0.004240823811527128,-0.0030615070069905936,-0.0019834394877369377,-0.001378294034044547,-0.00077425634064332,-8.718707319765873e-05,0.00011190412421746565
2017-08-01,0.0023041389849973726,0.0028122636262470913,0.0040957165917892,0.003039267771598908,0.0024091166941027087,0.0021052911950063535,0.002048354959430343
2017-08-02,0.0027166054915046534,0.0024835007906145457,0.0018957637284000572,0.0004945806363063632,-0.000123398216463122,-0.00038368585336190364,-0.00046376226526645414
2017-08-03,-0.003890371249770541,-0.0023535845926418997,0.0015243747028628185,0.0009300927751372257,0.001060538218713658,0.0013732120574481144,0.0014047813239461693
2017-08-04,0.0018132903845844428,0.0006865256258958841,-0.0021414038849997263,-0.0017325312337646004,-0.0014676067394944203,-0.001382035647479407,-0.001416358576620813
2017-08-07,0.006334811984257671,0.005769940176361565,0.0043466209302645,0.002773505898630013,0.0015926856465722228,0.0006731539773869866,0.00042518376788347467
2017-08-08,-0.001729378987102903,-0.001930889774030775,-0.0024396462443229128,-0.0021280778922622146,-0.0018351784820762607,-0.001844387369330347,-0.0019598123858517447
2017-08-09,-0.0013166740777619257,-0.0005874975380396608,0.0012547748876621245,0.0006025708642913852,0.00015178441202001736,-0.00017784758019390168,-0.00030250221242866804
2017-08-10,-0.021440278562617543,-0.018193320562668425,-0.010010920292503278,-0.006184368565752996,-0.00332764451862011,-0.0014106649831219231,-0.0009461531289624014
2017-08-11,0.007586998231520203,0.006795721437371505,0.00482471062490708,0.0036266351715756873,0.0024832887108672264,0.0015198592686516132,0.0013183525532809437
2017-08-14,0.012878255340236455,0.010886111063875603,0.005910182600578073,0.003435157030104552,0.0019718850931598197,0.0011893699787439704,0.0009780212786494324
2017-08-15,0.0006947358315321228,0.00016069335778179372,-0.0011824640987851964,-0.0013753926022819218,-0.0016350549111046053,-0.0017823925169192512,-0.001772053891609393
2017-08-16,0.0017356342418755055,0.0019454611445903769,0.0024741836685986396,0.0021539851246044073,0.0017652975817377126,0.0014484930564189202,0.0013790861706886037
2017-08-17,-0.02044597163359596,-0.017415889911845728,-0.009786303896394233,-0.005735452572116495,-0.0030956525704820548,-0.0014660800514842975,-0.0010026342348239403
2017-08-18,-0.0007078481251520108,-0.0006554630220645397,-0.000524979330125741,-0.0003403797582823831,-2.3893058155310953e-05,0.0002661488820281388,0.00035124344845094413
2017-08-21,-0.0012745203645662118,-0.0008601190373820344,0.0001718990869363779,0.00022706332272770524,0.0004098027001655513,0.000683503720240175,0.000766954169084233
2017-08-22,0.015242583575314272,0.013109173232553673,0.00780384329369932,0.004524610551002173,0.002538820925347851,0.001352555192388083,0.001010440119388889
2017-08-23,-0.00356139094688801,-0.0024234263357878483,0.0004273331724891083,0.0011543243507785572,0.0014987598468418906,0.001679838609715878,0.001784670920667475
2017-08-24,-0.0029432706705960765,-0.0030262552727354786,-0.0032333152816815813,-0.002354596911284146,-0.001605515292955162,-0.0010060087365092452,-0.0008297281180790206
2017-08-25,-0.0021088555782389218,-0.0014474558623505107,0.00020331598151379637,0.0005583643182867082,0.0010686025240231878,0.0016424658775993084,0.0017821352521896205
2017-08-28,0.0030994148526961585,0.0026843891202295023,0.0016509308825498614,0.0014390254107941036,0.0011203515487179239,0.0007228940369639059,0.0006119812321783158
2017-08-29,0.003932222313264955,0.003853448577806562,0.003657011420153955,0.0027427846911824982,0.0020565563002459264,0.0014318375237252212,0.001224555279075057
2017-08-30,0.011750789149358454,0.0104128687063616,0.007075571010223269,0.004282418726122117,0.0023215290922646847,0.00101700630615853,0.0007251066227300651
2017-08-31,0.010715564242075981,0.009866574948778961,0.0077390315685139655,0.005231601358193005,0.0036510790971127083,0.002634986035539244,0.002359458876250775
2017-09-01,-0.001368005002815642,-0.0022463097683478317,-0.0038477595196693137,-0.0026103699742110464,-0.0020877121528857234,-0.0015461198901384199,-0.0014012542282716423
2017-09-05,-0.008972605172560155,-0.0055193529461943225,0.0007927781903833697,0.001492948534396188,0.002337214656773945,0.002796587948739049,0.0029360840085566053
2017-09-06,0.0030409331091216796,0.001737325294953962,-0.0006222626945698861,-0.0005922731160109551,-0.0009652101930160972,-0.0012195703014783454,-0.0013173544290713268
2017-09-07,0.0023429376976726868,0.003455536395774006,0.005476771206892828,0.003920896624488135,0.0033714080303524074,0.0028595780789288927,0.0027203259990085105
2017-09-08,-0.008661603904546733,-0.0077398559165196,-0.006070555272215894,-0.003746901709074657,-0.0026320055292596845,-0.0016665537109663564,-0.0014438081132049918
2017-09-11,0.011510722416499863,0.008164682904294951,0.002120746023343889,0.0002921513303133505,-0.0008631928012261536,-0.0013897477644454481,-0.00157007006418719
2017-09-12,0.002399558613258135,0.0013288682760257409,-0.0006232366297863612,-0.0007713010031763501,-0.0008854112915609447,-0.0008052284195682047,-0.0007952792446880297
2017-09-13,0.0013679244810262947,0.0006300114210120444,-0.0007194363298048678,-0.0008701178260347442,-0.0010190294705807457,-0.0011046504934116852,-0.0011220553317919935
2017-09-14,-0.00587350712048107,-0.004491792568532715,-0.001959724366884963,-0.0018717746651706335,-0.0009550952151289316,0.00015054475143627677,0.00045161341262223154
2017-09-15,0.0034347808441339556,0.003010616262223653,0.002236359408420485,0.0019948899315922475,0.0016383720538013513,0.0012459096245167611,0.0011408952629290425
2017-09-18,-0.0013105199413969704,-0.001928769409356157,-0.003058652495771086,-0.003033261695578493,-0.0028481034023605245,-0.0024081681676171307,-0.002311162611286388
2017-09-19,0.0017175040978831824,0.0011388388602406874,7.9443791671574e-05,-0.0001295958272166109,-0.00024868475740236207,-0.00029809689002424644,-0.0003053801152949065
2017-09-20,-0.003086206924259205,-0.002561239764280576,-0.001598578475796475,-0.002238500905154761,-0.0019369177100476698,-0.0013526429726532507,-0.0012033680742344899
2017-09-21,-0.006123027622976229,-0.005351689842362561,-0.003939352899768989,-0.00307117331619966,-0.002332020378010946,-0.0016319454994923044,-0.0014398195699424354
2017-09-22,-0.0009691454801948884,-0.0004359639675508564,0.000538163365604527,0.0008114981541909039,0.0010912143636367944,0.0013326133567321818,0.0013999011284033802
2017-09-25,-0.010532435705622123,-0.008186922225513427,-0.003908105155794872,-0.0018715632686443495,-0.00017894974825360954,0.001369194151570552,0.0017820364401326394
2017-09-26,0.0025909012380254115,0.0019670542520706658,0.0008365660906013428,0.0003750192149729603,0.00012172161177947949,-7.5109087119829e-05,-0.00011416540302411349
2017-09-27,0.009010713265733106,0.0056114058015512835,-0.0005593596812389912,-0.000434628501745582,-0.0014148452892774888,-0.0023672733428966586,-0.0026277270601419156
2017-09-28,-0.00034609256957907064,-0.0007080460670192412,-0.0013713925165468321,-0.00039526209814899627,-0.00016613352694794248,-1.3457748922696133e-05,1.4734008603189963e-05
2017-09-29,0.007201412335491542,0.006518215025876906,0.005264845776909555,0.0021131265835194757,0.0009270460286432414,0.00022476040669050512,3.335398786119548e-05
2017-10-02,0.000893888239635876,0.0007055907702377961,0.0010990891731756935,0.0013971657671729698,0.0008858426033995226,-3.0301633671903083e-05,-0.00028745966623910935
2017-10-03,0.002129394655343564,0.0020491830121780463,0.0017180341701512614,0.0020223273370811867,0.0018366412375074859,0.0016125632189263328,0.001601626516446908
2017-10-04,0.00095964605704979,0.0008990948921030473,0.00020488649695482586,-0.00025375696800300496,-0.0003888491249649517,-0.00034228427894311686,-0.00037156716911690424
2017-10-05,0.009792534942288933,0.008859002666961047,0.004170541431772978,0.001956998475854732,0.0010471432519709722,0.0004982014337298057,0.0003165017392241509
2017-10-06,0.0013562058572136326,0.0010722316984239644,-0.0004243208730027037,-0.0003689810265391502,-0.0007718879506580789,-0.0012369823519263745,-0.0012844576348578496
2017-10-09,-0.0011512562392385073,-0.0008598270930625374,6.839493803956209e-05,0.00010313612548018547,0.00018713544626436374,0.00042568801801401435,0.00051903041695045
2017-10-10,0.0007459944682515207,0.0008049268086227634,0.0012784724993719632,0.0009222805668447354,0.0007861953115735343,0.0007893314927081008,0.0007405323596154645
2017-10-11,0.0029808019924209006,0.0029095182842415745,0.0022174900510620876,0.0008286289272083636,0.0007196573061145628,0.0006727731961968519,0.0005624871644782647
2017-10-12,-0.0018237472797038023,-0.0014105046913122088,0.00046163800141019173,-8.747360689509431e-05,3.567787839831027e-05,0.000120508984252643,0.00011278030146710805
2017-10-13,0.0038572266074219375,0.0040857823806013105,0.004465700311517162,0.0036606815711928142,0.0029872011090155137,0.0023570353519095644,0.0023083447193945617
2017-10-16,0.003438251046192553,0.003153643690657182,0.0014994515731110436,1.1819919774058718e-06,-0.0005822269282002024,-0.0007498081387583566,-0.0007620582722338565
2017-10-17,0.001276343200400376,0.0012760649867102902,0.0008450266542523455,4.6685557373971065e-05,-0.00011817147986326049,0.00012149740634348483,0.0002107846388588186
2017-10-18,-0.0012077084078528921,-0.0015752250903821041,-0.0025229463956006892,-0.0013625034196763641,-0.0012151889671776495,-0.00113961584886213,-0.0011327801101634893
2017-10-19,-0.0036948050806092647,-0.0033243961504410002,-0.0015229525860851467,-0.0002365757058584439,0.0002058851072528345,0.0006083179817668594,0.0006777984394599201
2017-10-20,0.002697077102657097,0.0017884136589860766,-0.0018735649407731758,-0.0012658432007582876,-0.0015371855017813907,-0.0016424950126497917,-0.001734198808060028
2017-10-23,-0.006522772647259867,-0.005963371052033595,-0.003673886736606735,-0.001813674286324729,-0.001017526731778129,-0.00038772191667779676,-0.0002001434725787954
2017-10-24,0.0016921502391717969,0.0011559567751204813,-0.001086012393000546,-0.0012224859574445635,-0.001490813088828813,-0.0016042222442559373,-0.001656038245549163
2017-10-25,-0.0037840098358289387,-0.003851196873118412,-0.004246825917819885,-0.003174151527658098,-0.0026142751124487162,-0.002369149815594218,-0.002309653080852514
2017-10-26,-0.0031879867415460783,-0.003198081062431468,-0.002690894255256926,-0.001207367289981387,-0.0009237201657368299,-0.0009554142320784553,-0.0010062706518599862
2017-10-27,0.029123741333356712,0.027607347342551103,0.01880852414221934,0.011090224875403232,0.007289742227221119,0.004128161466053326,0.003617285321861452
2017-10-30,0.0022480084992853033,0.002731545088068943,0.003492026783320501,0.0023006794303175315,0.0018268720854393017,0.0015275252729725075,0.0016547744226798056
2017-10-31,0.00376027446483973,0.0035317871713793636,0.002886558877013723,0.0009505749969720423,0.0004721026028990938,4.694124902782093e-05,-0.00011269688971060621
2017-11-01,-0.0003286003839274576,-0.00018395274583971055,0.0013445399426206261,0.0010725349501332637,0.0007792997816018499,0.00033514444450410963,0.000248146544025607
2017-11-02,-0.0019064882270946049,-0.0017145287834205991,0.00021172410566783206,-0.0006181940322325108,4.081249264165088e-05,0.000668396518394454,0.0006892910014757447
2017-11-03,0.009617050320094966,0.009405933956737611,0.00686891193859962,0.0039277044008068085,0.00269412214343423,0.0016276898945588592,0.0013789021412169422
2017-11-06,0.003392817335065912,0.0034033833645630285,0.0036913511805227728,0.0017996652434053573,0.0012937188785340226,0.001031031947012817,0.0009496416145313713
2017-11-07,0.0005852542150677209,0.0006951858731054639,0.0015911448724559296,-0.0003042692576261663,-0.0004077640883662914,-0.0005297059202102883,-0.000639182543586414
2017-11-08,0.004028976866864431,0.003838686144898018,0.002003411112505127,0.0007490438947241884,-0.00030652337412062636,-0.0014836004057298124,-0.001790329963575088
2017-11-09,-0.005242477821850056,-0.005169924740970777,-0.004136242783032595,-0.0032925038088993386,-0.0025040444146857688,-0.001990393015772418,-0.001998722407064113
2017-11-10,-6.508183219322561e-05,-0.0005212674235994808,-0.0051736982649663865,-0.004077231195599329,-0.0036434488022859535,-0.0026952549351549893,-0.0025391686639054667
2017-11-13,0.0012361280267836339,0.001261852400510577,0.0015178069333827704,0.0006556209865202778,0.00016588176435727853,-0.0002927231919236384,-0.0003757599040915549
2017-11-14,-0.0036393062757795747,-0.003327848971628189,-0.00013189971973459613,-0.0008824363433442839,-0.0005268054051235094,-0.0005052952024565682,-0.000573170444146287
2017-11-15,-0.004696387707104233,-0.004225440230490873,0.00040280190436781105,0.0010226552486718443,0.0014448355715634964,0.0014832537637106125,0.0016354476499573778
2017-11-16,0.012779379133873059,0.012119642720697321,0.005375398769698725,0.003600804524583223,0.0022642161149892814,0.002062893085086781,0.002092650926454054
2017-11-17,-0.0038178000989843586,-0.0034798208046452617,0.0003346113983040411,6.096397759414174e-05,0.00013543981656027881,0.00019408754177097087,0.0002867883330799348
2017-11-20,-0.0007794604526577542,-0.0007677833185971705,-0.0010922631832260832,-0.0008220950923361059,-0.0006709441847994047,-0.0006981230135073568,-0.0007245307515195698
2017-11-21,0.010856037536604468,0.010621993347607717,0.008053430782973825,0.0059234358947561905,0.0037502424647957167,0.0017234281376163896,0.0014178277140073359
2017-11-22,0.0012219609522043928,0.0012827769495360464,0.002153938339953365,0.0031407706333828056,0.0027760917543639962,0.0022677182921106986,0.002299713558011174
2017-11-24,0.0036611085238638097,0.0034669679064418535,0.0013854811856282012,0.0004599895117443076,0.0001261241401742108,5.691457869438921e-06,-6.812465176442295e-05
2017-11-27,-0.0004477808435945363,-0.0004770168120489249,-0.0005896513634303657,-0.000355907944239231,-0.00027029459070526674,-0.00040389045031208326,-0.0005092645927465833
2017-11-28,0.002560905689205306,0.0025242859783980443,0.0020740481897150165,0.0017498053253892643,0.002003213473578125,0.0022393361734267536,0.0021077800429740723
2017-11-29,-0.017434110112552248,-0.01720670954238146,-0.014620255046634112,-0.009037423489759666,-0.005580833097362681,-0.0026982644212711904,-0.0023636369467967544
2017-11-30,0.00838405013742638,0.008029321038776516,0.004047871410131076,0.0018909346007656147,0.0005951528045833321,-0.0004982867078209274,-0.0008398560933980947
2017-12-01,-0.004253674324574019,-0.0035594999428969487,0.0015018433228648487,0.0006542975901466797,0.0014568510477113161,0.0018449536000471056,0.0019144909498889362
2017-12-04,-0.01152195127035216,-0.011044723159698733,-0.007020906829587781,-0.0028517031418937577,-0.0010888826836930043,-0.00050923411395698,-0.0005293301914691684
2017-12-05,0.0006549946513596527,0.0008288860320413427,0.0007552498816190134,0.0004675969411060965,9.744306667314184e-05,-0.0002389861442095853,-0.00012780286609781477
2017-12-06,0.004515180028175969,0.00447246105334087,0.003228909487292153,0.002145295222324206,0.0015134909865728297,0.0010296937265188433,0.0009995601097469997
2017-12-07,0.0033876319079075845,0.002934682636537067,-0.0011118035067599896,-0.0007197429958005763,-0.0007085074020904969,-0.0005246426375119517,-0.0005994107943487759
2017-12-08,0.004415171551869879,0.004241987503587952,0.002627832836697541,0.0005988501451050787,0.0004624474119077071,0.0005271892672842338,0.0004010985792128885
2017-12-11,0.007756714222045824,0.007366585031670869,0.003583447191920497,0.002493318750478979,0.0011713738052698819,0.00010594165859467708,-2.5603371678339926e-05
2017-12-12,-0.0013468444752604558,-0.0013093551407242776,-0.0009444095598175606,-0.000904084157560936,-0.0005601580154284136,-0.0004060753968332387,-0.0004786735052429991
2017-12-13,0.0019269730168853805,0.0021474264185727954,0.004267421209947386,0.0034294086132484747,0.003068757723394988,0.002661580098234806,0.0026512744137012767
2017-12-14,-0.0007052445587768519,-0.000509135163820229,0.0001410652400770651,0.0002894074421431192,-0.0004146027822805598,-0.0013185525689931588,-0.0012952520866377215
2017-12-15,0.01135474307270834,0.011051953344650478,0.008520972653616399,0.004939408055261829,0.003084281924627952,0.0012618535810300369,0.0008580096159891415
2017-12-18,0.008384299299382558,0.0076921853100586635,0.003272316853072832,0.0015959215449585784,0.00043580576722934694,-0.00014271318719782933,-0.00034849783629242737
2017-12-19,-0.005925508222310416,-0.006199604028817918,-0.00746637282418583,-0.0051111638455425545,-0.004589869875494923,-0.0038940895533514652,-0.00378069756863475
2017-12-20,-0.0010779792884023642,-0.0014640307092149696,-0.0034514248094904554,-0.0016528714915056142,-0.001763601684892313,-0.0016477177958509337,-0.0016016843539740089
2017-12-21,0.00012692317440432532,0.0003450112375547043,0.0020266780357061087,0.0019102509007797863,0.0017320526189334995,0.001083477169196101,0.0009650888662382506
2017-12-22,-0.001142360416402477,-0.001045949170440874,6.529899595997257e-05,0.0003471890857817961,0.00041385004144389725,0.00041975265409810447,0.0004543213637229204
2017-12-26,-0.005401198144887709,-0.005078618283486436,-0.001739621997261187,-0.0003855275827850946,0.0002453271916487143,0.000470128857614327,0.0005309693292991913
2017-12-27,0.00012764281268484723,0.0006289383229145518,0.004037261284124183,0.003536868395723758,0.0034638789871332953,0.002833470911458358,0.00276898411085047
2017-12-28,0.0012136931507451543,0.0011317914293795805,0.0010695302136296547,0.0004520841006208087,8.129217431207536e-06,-0.0005044078435001431,-0.0006394982428866713
2017-12-29,-0.006188977777625171,-0.0058839295624699695,-0.0029883070031453407,-0.0010001578205366402,-6.888963190609942e-05,0.0007309346720352217,0.0009579353817394942
2018-01-02,0.01752697120038227,0.017526970674448084,0.009994463057075631,0.0029710536901197404,-0.0006352090849992553,-0.0009725977869861069,-0.0009416069827865581
2018-01-03,0.009716727625654453,0.009716727445306494,0.007004168907718711,0.004350532442461308,0.003394957722770986,0.0028311830690197493,0.0027361158148575537
2018-01-04,0.0017495529697291179,0.0017495529551572186,0.0016206814406447556,0.0007499353997455493,0.0007643404567649892,0.0007560029885214092,0.0006831406074332413
2018-01-05,0.010043135801349745,0.010043135511645485,0.005817774753672067,0.0033364211701059077,0.001822382904618669,0.0004972513828604974,0.0001902906218949063
2018-01-08,0.003890833881564859,0.003890833778828595,0.002383455690589509,0.0013433625879835098,0.0005909019372214441,-0.0001683304081370185,-0.00032268233617627207
2018-01-09,6.159733318744642e-05,6.159711295072867e-05,-0.0031741118551255054,-0.0023647218386434465,-0.002568380388824898,-0.003221881913588298,-0.0034896859031048333
2018-01-10,-0.0023376852405738724,-0.00233768519061206,-0.001461859582208791,-0.00031488631364195996,-0.00016353121225909373,-0.0008544717537330992,-0.000987996956159365
2018-01-11,0.00684408313536089,0.006844083059381445,0.005709430760770129,0.00406296331353162,0.00356615287545492,0.0024639148213811968,0.0021861476008979697
2018-01-12,0.007349138191474092,0.007349138117114906,0.006385391192961443,0.0035042118544403866,0.002087784897629952,0.00023978529143353633,-0.0001944475224725517
2018-01-16,-0.0028573381095227113,-0.0028573379816243527,-0.000865057359050625,-0.0004130396624272281,-0.00015376862148752668,-0.00031777645335551163,-0.00026637587709121835
2018-01-17,0.010791363832866274,0.01079136351214327,0.0057707192478198,0.001839611559638188,0.0004287798705768786,6.740176477615378e-05,-0.00021534654074584214
2018-01-18,0.0001810868572296176,0.00018108670176841812,-0.0020512387343087912,-0.0023012499781319695,-0.0027780843126672394,-0.0024595752153456774,-0.0023566995044136396
2018-01-19,0.0031357703044239127,0.003135770192529641,0.0013824332732126354,-0.000335034710649329,-0.000799448897203292,-0.0006602212023102405,-0.0007120819962064262
2018-01-22,0.010700860262164325,0.010700860043839189,0.007352675243634366,0.0035281946336720438,0.0019297654763799077,0.0011971875798573173,0.0009566212943881158
2018-01-23,0.008267910518430455,0.008267910429704983,0.006990497155219044,0.005838608133331258,0.00456886115475319,0.002973040770212876,0.002827946851368557
2018-01-24,-0.006489245044227987,-0.006489244888606471,-0.004043408058545861,-0.002035210555140776,-0.0010976119865446776,-0.0014833510564381536,-0.0016164370749672807
2018-01-25,-0.00035626235623209546,-0.0003562622788477743,0.0008274927873750393,0.0023307317043173015,0.0028226904549228937,0.0014537207233997762,0.001140119137667206
2018-01-26,0.015325018004753277,0.015325017610680058,0.009418392176298696,0.0049489765193959645,0.00258186398557525,0.0003538479337934497,-0.00020663813724131064
2018-01-29,-0.004855563761369197,-0.004855563792772077,-0.005192575614509254,-0.0036588025582906525,-0.003557654875463445,-0.0034005138875762286,-0.003283702764252827
2018-01-30,-0.008230441390950416,-0.008230441326015914,-0.0071370232776791775,-0.005261046396086155,-0.004809952417040075,-0.0038968702687554035,-0.0035530029003594255
2018-01-31,0.004149371854021533,0.004149371882084862,0.00461557856774486,0.0031379366741484116,0.002328265725972889,0.0008799165659456598,0.0007440684231332373
2018-02-01,-0.00850069398039266,-0.008500693967592232,-0.006635296908159005,-0.0052511460752942,-0.004095688991633151,-0.003718163433934718,-0.0037108907066909502
2018-02-02,-0.019945179843600447,-0.01994517983534505,-0.0178827475322918,-0.012809465153946653,-0.010507628356511423,-0.007599935941418057,-0.006644970032646302
2018-02-05,-0.03942651583240431,-0.03942651580017298,-0.030673810498951237,-0.018047004078491136,-0.01232316390968613,-0.004189265656009189,-0.0016406245490332427
2018-02-06,0.02649913970071993,0.026499139661844806,0.019074896111922035,0.009848050854818657,0.005336365439138957,0.002249321123302561,0.00130579301457745
2018-02-07,-0.012938279786469109,-0.012938279769267425,-0.011025634134343987,-0.007128103142361897,-0.004858557837835509,-0.0036406601207824574,-0.003456726704322066
2018-02-08,-0.042194890852500055,-0.04219489081437788,-0.033257200345862326,-0.020980080238398258,-0.015035328309902063,-0.008285467113960165,-0.006291260819609623
2018-02-09,0.017269628419369187,0.017269628398695724,0.012925171409521985,0.005976856290379029,0.0026523941532716755,0.0006170877495519367,-0.0002253518566621704
2018-02-12,0.017745065964852147,0.01774506594788794,0.014517512767935337,0.00825318930607577,0.00530257515207011,0.003893675692931753,0.0034313452446506076
2018-02-13,0.00516132516787593,0.005161325163147268,0.00478657632767554,0.002477211808599611,0.0011646980194315315,0.0005840659222882127,0.000387623156050676
2018-02-14,0.01872389626833404,0.01872389624701376,0.016702231758294772,0.007914518728540099,0.0035529104327625127,-0.0005683666113799335,-0.001552766374640413
2018-02-15,0.01856392208582891,0.018563922065518934,0.015105727327704876,0.01048612261659132,0.008005883406826175,0.004684200931950988,0.003958337295581149
2018-02-16,-0.004465826768687342,-0.0044658267584795075,-0.0037264540033352667,-0.0006763277719475935,0.0011109480162285745,0.0023381307662546646,0.0026021492892898124
2018-02-20,0.0020005643450746735,0.00200056433188589,-0.000565080607057844,-0.0026010644490293,-0.004043784605956335,-0.002750945683940964,-0.0023575068398234977
2018-02-21,-0.002843508637643044,-0.002843508643759929,-0.003280130815610849,-0.004310998529194587,-0.004915424234976373,-0.003861571375016415,-0.003627735419817979
2018-02-22,-0.00012121495226624646,-0.00012121494636296859,0.0006863125600424791,0.001053712259062367,0.001297302855393978,0.0012101401819877289,0.0011943761543351528
2018-02-23,0.020448753470512226,0.020448753452687596,0.016326031504638516,0.011284352447076706,0.00862804185726973,0.0066400701450475275,0.006048403166242222
2018-02-26,0.01326033598549703,0.013260335974515147,0.01092518281219279,0.00692050552771728,0.004876985809717516,0.0031346560119844824,0.0025709451200515154
2018-02-27,-0.012382505756514783,-0.012382505750402117,-0.01151798591397668,-0.00863703163459073,-0.007186108189029428,-0.004796643842402082,-0.004120989396256158
2018-02-28,-0.006417387292979138,-0.006417387290471588,-0.005081726309444701,-0.0025183460876586627,-0.001558756729901467,-0.0006684143394216635,-0.00024756673707526655
2018-03-01,-0.016326964539241984,-0.016326964007466915,-0.011222019427260754,-0.006988249704712901,-0.0037136895261853375,-0.0011700532653909912,-0.0007230858191240586
2018-03-02,0.009180526178151016,0.009180525966122843,0.006672014882553645,0.002476673866179002,0.0008592887823064554,7.727761082043649e-05,-0.0001268757477832505
2018-03-05,0.011085161449087,0.011085160949259043,0.006889235267530047,0.0038362348640597066,0.0019548659875581187,0.0007359259068786539,0.00030656922883576243
2018-03-06,0.004230169840030884,0.0042301699804685455,0.005204895208161808,0.003299733382251313,0.0019193141258251334,0.0007880557685613354,0.0005958861161614593
2018-03-07,0.0023140577203517587,0.0023140575015674347,0.00011795050356555592,-3.573283898861135e-05,-0.0003176403634945757,-0.0006608994438283,-0.0007610372171322766
2018-03-08,0.005505482928185312,0.005505482733789924,0.003534400191965048,0.0028233194903233283,0.0024467480439411826,0.002182017278329784,0.002059440933318779
2018-03-09,0.019427525364400955,0.019427524639092697,0.01267798174885404,0.005817924876158287,0.003162470004494544,0.0020625939105174407,0.0014171455610030304
2018-03-12,0.005313170242173371,0.005313170198011585,0.0038733213835102642,0.0027098601801542888,0.0018884168673358737,0.0010088500210374551,0.000823701070964189
2018-03-13,-0.013614409010202388,-0.013614408570697178,-0.008624375929529915,-0.00505549918053938,-0.00274688292353098,-0.000916144201898228,-0.0005441765117342179
2018-03-14,-0.0001749342194784509,-0.00017493408152613465,0.0002275753003668779,0.0009708893423814313,0.0008786039117405497,0.00031665738275710176,0.0003522626559400166
2018-03-15,-0.0008735557706501806,-0.0008735558814635391,-0.0018209192995071177,-0.0005588962695070032,-0.0002508588662779587,-0.0002452077509739192,-0.00013491592945946707
2018-03-16,-0.002973103148165901,-0.0029731031953559306,-0.002510736516415646,-0.0008691187828859803,-0.00040424544273376384,-0.00015362819326358856,1.0376791416799591e-05
2018-03-19,-0.02133624648726329,-0.021336245818995958,-0.014273332188262877,-0.009653264338721268,-0.006376533961431785,-0.0036880668722262255,-0.003093065716355148
2018-03-20,0.0032914741718739204,0.0032914739207619004,0.0007999213746638922,-0.0010362688379297325,-0.0009729159571753021,-0.00041655923018157903,-0.00044430638930492705
2018-03-21,-0.004354420578521534,-0.004354420042197105,0.0007336321567721349,4.5041373282206365e-05,7.468669463595035e-05,0.00031800090760314426,0.0003399000346915315
2018-03-22,-0.02468259581048382,-0.024682594904024246,-0.016776559640489852,-0.009009531896303602,-0.004860470388320159,-0.002443207513095791,-0.0016195066626779608
2018-03-23,-0.026351288076069124,-0.026351286820139763,-0.014896886109922569,-0.009975255028212393,-0.0059396516878476024,-0.0026594070133365566,-0.0018916381702636098
2018-03-26,0.03715849129029958,0.03715849011347938,0.025583273405979323,0.016153880990263936,0.009261722497910796,0.0038501102246222274,0.0027074149694650274
2018-03-27,-0.03235996884521297,-0.03235996792196982,-0.02199325195467583,-0.01110177495428366,-0.004498308405907814,0.00042038370831831706,0.0016091804699853718
2018-03-28,-0.011503733112531944,-0.011503733153201856,-0.010220517873261836,-0.004537190985804074,-0.0022811313816464285,-0.0009827546197077597,-0.0005262413176497782
2018-03-29,0.01831476094248563,0.01831476036850077,0.012625944208169981,0.009095380484530624,0.006277367005619983,0.003906358760900064,0.0034145366749440687
2018-04-02,-0.028851629426977943,-0.028851629527861133,-0.015334379330859793,-0.009042535293988463,-0.005422436064686176,-0.003171340946543255,-0.0026352932485258496
2018-04-03,0.011253371188195027,0.011253371151808578,0.004550563236384697,0.0015537663780058608,0.0005689977477483232,0.0003409216837937379,5.149498357592819e-05
2018-04-04,0.0157702555098147,0.015770255631946117,0.009956790701477258,0.005681158691089205,0.0032647738363651424,0.0017083173591161405,0.001221013463773124
2018-04-05,0.00569666572658134,0.005696665686564684,0.002100362344763518,0.0015476949745063528,0.0004682467657837197,-0.0003556117451725127,-0.000530572286772335
2018-04-06,-0.02502329538954784,-0.025023295462468398,-0.013813236733235312,-0.006756618506684409,-0.003001848340631552,-0.0008971612739384627,-0.0001276419075695312
2018-04-09,0.007022790313200522,0.007022790342853247,0.005253031573601241,0.00315173197129881,0.0023188613418578807,0.0018040972850674741,0.0017621256919189143
2018-04-10,0.022063112829508125,0.02206311294623564,0.01416111476644244,0.008166777368452172,0.004537540164965215,0.0020833570564462445,0.0016089652362170082
2018-04-11,-0.0057689308633446235,-0.005768930889621382,-0.0016087088766273405,-0.0007143156482790625,-0.00017071741119778494,7.569644064497894e-05,0.00028050540611146424
2018-04-12,0.012041485664531892,0.012041485753696124,0.004216029850631298,0.0013613117513531225,0.00031005553876939373,-0.0002236665615299449,-0.000463778242777102
2018-04-13,-0.0051785367227485946,-0.0051785367620799105,-0.0016305592468981445,-0.0008511004499738295,-0.00015931339267594158,0.0003410093965670047,0.0004281860045889374
2018-04-16,0.007622302487760191,0.007622302504011413,0.005103098549628093,0.002934353942600776,0.0018102499539083272,0.0012011266672948828,0.00086779155374761
2018-04-17,0.021525260156343817,0.021525260361261678,0.013808105642619806,0.007856367917878693,0.004388447347250635,0.002050393535323991,0.001515813145012812
2018-04-18,0.002046976155793967,0.002046976143532442,0.0006019440715130386,-0.00178869967883577,-0.002354888036150249,-0.0024469812363442367,-0.002401256341881597
2018-04-19,-0.009192575634711098,-0.009192575683993565,-0.006968432371394995,-0.005519465115827127,-0.00429238400606391,-0.0032598997930481932,-0.0031342453594140895
2018-04-20,-0.01582690411667176,-0.015826904267349118,-0.012400264226745894,-0.008766709926886773,-0.006042160328177393,-0.003952804712428093,-0.003560828698362495
2018-04-23,-0.0025260492511365307,-0.002526049313716361,-0.0034258342350456106,-0.0021381035431161655,-0.0017257209332741663,-0.0014456841257376452,-0.0013786472603564137
2018-04-24,-0.021187137119482724,-0.02118713726622301,-0.012719691507039999,-0.008526108243297803,-0.005369252191869678,-0.0030598334642450986,-0.0026331498831786426
2018-04-25,0.0011987103449033754,0.0011987103116446463,-0.00135283037782441,-0.0020206119450999482,-0.0016400390832984613,-0.0010330800183833144,-0.0010399061264112497
2018-04-26,0.021052944316219957,0.021052944493264558,0.012955071078606606,0.008586792719432523,0.005949279238069982,0.004065960331126828,0.0037702790798548325
2018-04-27,0.0006172932222161531,0.0006172932053711833,0.0018945618109023066,0.0019152679394134342,0.001482545676425806,0.0010451760323013648,0.0009747117970415609
2018-04-30,-0.007094875171372306,-0.0070948752109712965,-0.006110267364100586,-0.003909995318656878,-0.0020277360160469993,-0.0006594552196903525,-0.00022329344754912217
2018-05-01,0.011432702326253485,0.011154034232895516,0.0047040263673150395,0.0014033090673799542,5.1972780916509365e-05,-0.0005919002408334428,-0.0006238015272419517
2018-05-02,-0.00589733164027284,-0.005817255608069449,-0.0038941057918566724,-0.0024676264610188348,-0.0014164128070995874,-0.0007382413315211167,-0.00044568977575054625
2018-05-03,-0.0001237418655735123,-4.6115774654964525e-05,0.0018108301032186969,0.0007601439929973974,0.0008651631245542024,0.0012759931689576565,0.001383857132567723
2018-05-04,0.018974077473518536,0.01872167591483942,0.012340973651666642,0.007396952392958678,0.004085578382564181,0.0018796838678138972,0.0014555718623239233
2018-05-07,0.008309716339503392,0.008191048991246008,0.004957755135504227,0.0022652231734028305,0.0010650045933719987,0.0004276837565597713,0.00031597000861038893
2018-05-08,-0.0010227192466206736,-0.0010054548106390726,-0.0007187398572274795,-0.0005085122225962913,-0.0008664862565909148,-0.001355523110250667,-0.0013754345136930413
2018-05-09,0.010899051125232262,0.010709354747881372,0.005403548886206533,0.0033414777798685957,0.0015486759721832222,0.00023699777110874898,-3.4229576337474477e-05
2018-05-10,0.010364449803616393,0.010313568278089935,0.009191605349403886,0.007134364995037945,0.005094160903329037,0.0032655327759447683,0.002950734556436352
2018-05-11,-0.0009433140450382238,-0.0009504233732441358,-0.0005971352400794272,0.00037338006968057336,0.00046219285761406326,0.0003192794325217463,0.00015931605982144603
2018-05-14,0.0017114397828197347,0.0016282378687495491,-0.0006427097135933701,-0.0009154538190188077,-0.0011295148661477628,-0.0012571773592893187,-0.0012024580141801744
2018-05-15,-0.01107526919510382,-0.01114769961909412,-0.012346260846108903,-0.009957377245425447,-0.007675958507534331,-0.005650332421782589,-0.005319967260757563
2018-05-16,0.006612210270158458,0.006496188343757092,0.003233839948136641,0.0013904414372396534,0.00038629592798855583,-0.0003230902812190184,-0.0004001072316773824
2018-05-17,-0.003846521608245501,-0.003784221140592181,-0.0029450755227812264,-0.002253621889707902,-0.0012285489110572811,-0.00025417518209136514,-0.000197276894250753
2018-05-18,-0.005168233152202939,-0.005089262836548314,-0.001986219965650071,0.0003990710041690271,0.0013084176176039186,0.0017240859353540028,0.001908219398549349
2018-05-21,0.005613222028316489,0.005541440165880429,0.003706557433609703,0.0023300958190231036,0.0018394427934653734,0.0017458299296866375,0.0015782515993225665
2018-05-22,-0.0013064998786420645,-0.0012960864333383393,-0.0011599716765763324,-0.001073027582931041,-0.0007424223150939158,-0.00044990056965565906,-0.00034170586452830776
2018-05-23,0.008443364758842442,0.00833870862558328,0.006503752328407497,0.005284690958936578,0.004103724430366773,0.003274132564346388,0.0033245292661656656
2018-05-24,-0.00029488899522100986,-0.00017012554284812076,0.0029423199676226197,0.002505675277042485,0.002089098463884609,0.001562716539207587,0.0015184832595862563
2018-05-25,0.0010027535916312669,0.0009448581655808752,0.0007242095272741444,0.0014554721057902231,0.0014976546919538425,0.0015539120157961328,0.0015964971605553213
2018-05-29,-0.004419202455781424,-0.0043590001735823725,0.0001782648853640989,0.001190547469148262,0.002531323115998463,0.003911215558327186,0.004457252917392962
2018-05-30,0.007161142380269547,0.007080192194556467,0.003867325916002473,0.0006409585330693357,-2.3191850158643668e-05,-3.830283982719784e-05,-0.0004462761643361235
2018-05-31,-0.0006463263968539135,-0.0006681065101830086,-0.0011534184175047146,-0.0007455826436788549,-0.0009841842781627141,-0.0013590833902556998,-0.0011688307030471856
2018-06-01,0.01569928653901531,0.015699286946870616,0.007914419327341049,0.003732958612387538,0.0012211339998930981,-0.0005375201847301891,-0.0009486922161835443
2018-06-04,0.009031103662733742,0.00903110386993955,0.0038748742730598806,0.0017297708540717771,0.00013697117387945212,-0.001131112194281081,-0.0013820954724456103
2018-06-05,0.0030978906840846143,0.003097890614510046,0.0030321142474354357,0.0018514255574149097,0.001963958949850575,0.0021297210033273117,0.0020757028468296745
2018-06-06,0.005834042120958838,0.005834042060980149,0.0018981509138067398,4.465929390184975e-05,-0.0009093696032268506,-0.0008635156191689752,-0.0010261586484707763
2018-06-07,-0.008131476712129326,-0.008131476892130451,-0.0030213891936691217,-0.0010307992426695778,0.0007275115847953373,0.0024879640376194168,0.002709329281056494
2018-06-08,5.730922075519729e-05,5.730910395707056e-05,-0.0005007081492554022,-0.0007737319379411689,-0.0008695003701253423,-0.0006591768048940239,-0.0007387589994596322
2018-06-11,0.0026943527619942564,0.0026943528213987378,0.0015202848586328699,0.0005708158605985947,0.00014568209067422622,2.283720048690263e-05,6.43704413660906e-06
2018-06-12,0.005259833071502351,0.005259833145383697,0.002956987674643363,0.0015434504828211182,0.0009238557441870743,0.00013050188693286557,9.077259616852018e-06
2018-06-13,-5.67646649171083e-05,-5.676452215475081e-05,0.000246372717599197,-0.00026857734905971764,-0.0006846825155412128,-0.0009912036474692965,-0.0008913860588267708
2018-06-14,0.010124081759962822,0.010124082046284455,0.00856456507213732,0.006181663678649363,0.0049485927179395706,0.003053507042365844,0.0028324117162354945
2018-06-15,-0.0034910546321516023,-0.0034910547225737165,-0.004193297631432502,-0.0035956606341396302,-0.001816602685039026,-0.00010625780162332177,-0.00015871439736059312
2018-06-18,-0.0005776388075395822,-0.0005776389898153322,-0.0008270033871039528,-0.0009497591465608135,-0.00032047688660885587,0.0002561942581098542,0.00030642454860219104
2018-06-19,-0.0028329093074870304,-0.002832909366022429,-0.0007913327982950191,-0.0009388686095992416,9.829566009522672e-05,0.0007879219679847171,0.0007991438408065932
2018-06-20,0.007102349799126051,0.0071023498273845576,0.001898533270356051,-0.0010467931234396932,-0.0016130729794759935,-0.0013347502492199181,-0.0015026457627955736
2018-06-21,-0.008688311586814601,-0.008688311589740927,-0.004574315169548759,-0.003662741478402176,-0.001916187079598397,0.000121800358513946,0.00033216904506794265
2018-06-22,-0.0022195881267245143,-0.0022195881851326815,-0.0011221524850658637,0.0001328250246344087,0.00014789031239703654,0.0004296923739066649,0.0005647747081203303
2018-06-25,-0.022530180798494337,-0.02253018111468008,-0.014310611253610883,-0.008746750734110909,-0.0050831850980366244,-0.001846509819300124,-0.0012722030048568644
2018-06-26,0.004084491023782499,0.004084490968330856,0.002224383125197127,0.002767731160855158,0.002213958663731086,0.0007906332781111303,0.0006837406725892503
2018-06-27,-0.013599073399261474,-0.013599073420840213,-0.007111766467780334,-0.003336251029961379,-0.0011345034481530236,0.0006137401853616442,0.001025033628383465
2018-06-28,0.008601997101587378,0.008601997338107292,0.005070566735173587,0.0018936154808453232,0.000419237217894608,-0.0005284586059567387,-0.0008697388974612252
2018-06-29,0.0026870715653715127,0.0026870716556905982,0.0013401655956863934,0.0015546306299547563,0.00042574636193482007,-0.0007321826435897627,-0.0008212871007939881
2018-07-02,0.006699586171959204,0.0066995863504180075,0.003913639959395754,0.0019575337447130803,0.0011132670305491477,0.0001823350095566667,-0.0001557965679720441
2018-07-03,-0.011574093035503275,-0.011574093300435573,-0.0052993486391537115,-0.0015198278137072974,6.029850977240514e-05,0.0010198940606147566,0.0013329961896573206
2018-07-05,0.012412169894285396,0.012412169970052345,0.008837391764409785,0.006592476353716847,0.003956985845325445,0.00212605956409595,0.0018775387691696288
2018-07-06,0.01555643437628218,0.015556434576282863,0.010981001931100742,0.006914683653260312,0.004074208284506886,0.0024293054003132752,0.002059981160223101
2018-07-09,0.008997278586921453,0.008997278617532523,0.0032942780654074966,0.002758905885009044,0.0013094464018561514,-7.7546230756953e-05,-0.0003253497195313537
2018-07-10,0.0007336829059689798,0.0007336829487394336,0.00043514439870739885,-0.0002759117630231067,-0.0005602443669849855,-0.00010580942092885959,-0.0001789366924407343
2018-07-11,-0.0050755861341017505,-0.005075585960406248,-0.001809478730836811,-0.0010417419182185972,-7.26152740594399e-05,-1.1995030997358214e-05,-0.00011838582581535917
2018-07-12,0.017231506131379026,0.017231506344753678,0.010863117044740411,0.0076551051502371514,0.004314421324364659,0.0018749613904491813,0.0014726470162158556
2018-07-13,0.0008358292462011807,0.0008358293080450441,0.0014531752668145437,0.000839428588343516,0.0008950945819210521,0.0011274851266487307,0.0011166966319566818
2018-07-16,-0.00239414649068026,-0.002394146450128032,-0.0030358107825875225,-0.0022929607148111097,-0.0017020860858354414,-0.001392823367415641,-0.001509800690893015
2018-07-17,0.006083409036162335,0.006083409132419337,0.0031852581368321253,0.0012423329835473673,0.0007098033411148119,0.0002962238068973111,0.00011281005027807822
2018-07-18,-0.0018860850469701873,-0.0018860851621774755,-0.002657445569851702,-0.0014484314268787823,-0.0006082579699113744,-0.000190485633272508,-8.884244017803855e-05
2018-07-19,-0.005001961598488647,-0.005001961700512814,-0.0009024903447041321,-0.00048251331942028575,0.0004671330919090444,0.0011238520992866707,0.00127031566886604
2018-07-20,-0.00022338865625270987,-0.00022338871881533162,-0.004609494488062915,-0.00298259775472165,-0.002119748892284279,-0.002218905560449791,-0.002134640733520321
2018-07-23,0.003184560198652431,0.00318456018350477,-0.002424340953816384,-0.0026144937495704568,-0.002446488704220484,-0.002871592453879912,-0.002963564503283389
2018-07-24,0.004121006817185302,0.0041210069608534905,0.0038765769582458365,0.0034351965135519524,0.0021042258237937705,0.0015111403700882597,0.0014588548662273215
2018-07-25,0.013976839477755076,0.013976839591408163,0.008411405667880123,0.005975999530709153,0.003228140589188744,0.0012694580352545781,0.000974572620882963
2018-07-26,-0.015151626312690292,-0.015151626630949044,-0.010468965011424247,-0.006252230355344168,-0.0031211607293675225,-0.0012465714676508366,-0.0008377682042427503
2018-07-27,-0.013496082196079895,-0.013496082246923558,-0.008077991433212528,-0.004437559925198453,-0.001969961726855818,-0.00022143797278784128,0.00017051100091181048
2018-07-30,-0.014131390687100454,-0.014131390922447973,-0.010273262145688133,-0.006642682560742297,-0.003685850774280852,-0.0016139577251552684,-0.001144782497555119
2018-07-31,0.007652368394908571,0.007652368445923097,0.006856301324547065,0.005227398625075708,0.003335336987466464,0.0020975895192654193,0.0018582453406590371
2018-08-01,0.0037970394348358916,0.0037970393986512807,-0.0003661619741450739,-0.0014993131600542497,-0.0020461551419076462,-0.0016719355843795025,-0.0015322272687255944
2018-08-02,0.013606616504061142,0.013606616446870667,0.007827080528426178,0.004672701426807535,0.0026200489332857124,0.0015797305800739903,0.0014365568517011873
2018-08-03,0.00306368504525123,0.003063685048592557,0.0034378986306038417,0.003044882403036242,0.002792562997445458,0.0023782077550054126,0.0022132815677959883
2018-08-06,0.005886139035830906,0.005886139005268465,0.0029074956685346542,0.0020440881880650075,0.0015627237750601708,0.001261672621223786,0.001166798673591929
2018-08-07,0.0036437454664881574,0.0036437454559909987,0.0018275538084977505,-0.0003042374864530295,-0.0011489416166811095,-0.0008169527492608575,-0.0007795413273743446
2018-08-08,0.0012100018616747477,0.0012100018625447184,0.0013809070375814247,-0.00022300203642511285,-0.0007799650140415393,3.096392688251015e-05,0.00020278905990966933
2018-08-09,-0.0006042697629387028,-0.0006042697594162982,0.0006573082935288355,0.0001340551270652135,0.00020690105325482655,0.0011714812048255752,0.0013556636157718849
2018-08-10,-0.007641171143062397,-0.007641171115229883,-0.003760591038050487,-0.0016739710010114095,-0.0005287853805790999,0.0012324241093277788,0.0016278806714451477
2018-08-13,-0.0011078951038981932,-0.0011078951343119758,-0.00376716119000553,-0.002043298144877359,-0.0013694922365021789,-0.0008341865729383224,-0.0007633631106035432
2018-08-14,0.006266567173539572,0.006266567153560443,0.003837900676176398,0.003021615734564387,0.0022672704271489152,0.0007896742091832998,0.00044865182189712804
2018-08-15,-0.012234759877983059,-0.012234759869797718,-0.00978149094803027,-0.004609057723045318,-0.0017992830930128045,-1.533690791033493e-06,0.0001292993450274782
2018-08-16,0.00329186590426489,0.0032918658926683886,0.001970295869967442,0.0018661312257808316,0.0017655767443165438,0.0012793137010564948,0.0009531498271342365
2018-08-17,0.00022249327251255835,0.00022249329315338073,0.0020049388966854043,0.001487897013912276,0.001363167570940682,0.0010202986494645128,0.0009190959442835211
2018-08-20,-0.0008896889819699494,-0.0008896889633133176,0.001458246515941175,0.0016822476426450184,0.001930607862141498,0.0022834087463705632,0.0022804271966796463
2018-08-21,0.0036728580034357527,0.003672857993486822,0.0022371583104983106,0.00022861504906313002,-0.000542317669291692,-0.00028362191188613384,-0.00018757255879775503
2018-08-22,0.003881158716638522,0.0038811587120120006,0.003470674283130526,0.001463905270774779,0.0006228392282179307,0.0011215867055835993,0.0013716483053345385
2018-08-23,-0.0014359167925932503,-0.0014359168072851647,-0.0023440800562817277,-0.0012142626185225325,-0.0005422755443145189,-0.00022079452660928034,-0.00023066538570692963
2018-08-24,0.009291922771380134,0.009291922780665152,0.009363995561604943,0.005877787064616502,0.0038724865334867076,0.0015391127773167756,0.0012706668045145975
2018-08-27,0.010192875479270613,0.010192875450462768,0.006192027485120599,0.002854528401217804,0.0009302588610959894,-0.0002954528632611586,-0.0005890653807029134
2018-08-28,0.0014646477572215488,0.0014646477314952389,-0.0015300730879176383,-0.002377574018653461,-0.002623220819411576,-0.0016308056960524508,-0.0015279082740605743
2018-08-29,0.011537945851624043,0.011537945825576656,0.00834780957334269,0.0037249995080523846,0.0012877671725535222,0.0003398861582004642,0.00024889190025567665
2018-08-30,-0.0017672378686767187,-0.001767237872854155,-0.001641607364054054,-0.0005370096355815646,-0.00016609088850672027,0.0003792523784174051,0.0005580505048421447
2018-08-31,0.0012874335389509994,0.0012874335306933826,0.00022404704715905943,-0.00043960348871519006,-0.0005858402239544702,0.00030570730151446845,0.0005025081902478856
2018-09-04,-0.004285954945209114,-0.004285954943495929,-0.004581586491829048,-0.003555181024358589,-0.002419850507578425,-0.0021881536875990593,-0.0022139161718829348
2018-09-05,-0.012913710295881509,-0.01291371024746224,-0.010890395056363467,-0.005769008937599129,-0.002710410067179314,-0.0008379790595024472,-0.0006881756032548481
2018-09-06,-0.00893969245837567,-0.008939692434835389,-0.006428177631445542,-0.0024530009182629486,-0.00025195126672938883,0.0008026759218546786,0.0010452598272308045
2018-09-07,-0.003850290044946636,-0.0038502900378049043,-0.004783244033208178,-0.004312463632404895,-0.0037267872382635847,-0.0033340300824648006,-0.0032879966416806683
2018-09-10,0.0033681065341282235,0.0033681065283233114,0.0034332636735021627,0.0029905908979839246,0.002386722507258021,0.001109017877572338,0.0010932804144256902
2018-09-11,0.007704224452203423,0.007704224424606609,0.004634955627836002,0.0015857891146286995,-2.2622671382754866e-05,-0.001496761888759024,-0.0017071514486073358
2018-09-12,-0.002948811276252905,-0.0029488112637754416,-0.0018978978839409022,0.00016910086757015996,0.0008801872849126813,0.0012633170264333415,0.0014073233169589194
2018-09-13,0.010680270624941368,0.010680270583886875,0.00885777050148362,0.005439979032254572,0.0032492067563665294,0.001299732444065338,0.0009595224636362865
2018-09-14,-0.0029264469049777864,-0.0029264468895908724,-0.003293308587316579,-0.002395933076889456,-0.0014615118702433483,-0.001017596760358952,-0.001008043797793623
2018-09-17,-0.014402925448526394,-0.014402925410785028,-0.011564523869981524,-0.0062750653556548075,-0.003293360905828324,-0.0010466340497877757,-0.0007113970884948806
2018-09-18,0.008271639818406173,0.008271639792543972,0.004537038108779479,0.0010430118158879509,-0.000531627302559623,-0.001497792771231743,-0.001845036604025685
2018-09-19,-0.0007654829218355363,-0.0007654829287693232,-0.001787045350434724,-0.0013587272633764913,-0.0009207926174530368,-0.0011467396800197704,-0.0012867162299039503
2018-09-20,0.011056374503885857,0.011056374487401932,0.009799648781120496,0.006945000041314486,0.004234668112031548,0.001851246081977731,0.0013960024348806943
2018-09-21,-0.005467775858959634,-0.005467775847510126,-0.004486912074569638,-0.0026309129730671676,-0.0009546692899332632,0.00011196880309460866,0.0002150960049924766
2018-09-24,0.002780999709217191,0.002780999684429908,0.0017371567724595582,-0.0004105624911915351,-0.0012096226039765012,-0.0012180852474393822,-0.0010163755347947223
2018-09-25,0.001359485840335406,0.0013594858367598217,0.000895133444261953,0.0003697938585638383,-9.041200209858324e-05,-0.0008955042847279548,-0.0008968835923699459
2018-09-26,0.0007060669026361932,0.0007060668763270161,0.0019335083722271662,0.0015885325222546598,0.0017129575494994054,0.0016356864134494664,0.001861770053534162
2018-09-27,0.008465734082259813,0.008465734049548423,0.006946558475420694,0.003669900125069736,0.002213304502822533,0.0009393900386707177,0.0008416239138469006
2018-09-28,-0.00021507719739433107,-0.00021507718428182,-0.0006846641121942554,-0.00031850504652508604,1.4833049397422471e-05,0.0005428776795870505,0.0006195501303407625
2018-10-01,0.002045212516456729,0.0020452124695042873,0.001286838761719311,0.0006257514867646918,0.00042741733195117426,2.2417154104559245e-05,-0.00013964845560487937
2018-10-02,-0.0022559717472316887,-0.00225597175975234,-0.0005534587279044656,0.00036077109550336495,0.000460782406665583,0.001174379558526173,0.0013318834508913024
2018-10-03,0.0010767646858031998,0.0010767646993732338,-0.0003719693578311256,-0.0021808535988582234,-0.003434492146881185,-0.004718418155322812,-0.005038678982272615
2018-10-04,-0.01919869472955138,-0.019198694658694615,-0.016332938467000124,-0.009686004927897285,-0.006545294924529488,-0.003931852117360912,-0.0036030474775394783
2018-10-05,-0.012227396723702877,-0.012227396678661129,-0.01040651412591298,-0.006544453618768431,-0.00505510076125959,-0.003499374131472832,-0.0033015556044306837
2018-10-08,-0.006105870305320726,-0.006105870268865221,-0.006114815097515991,-0.0034298651408531944,-0.0021718643182065955,-0.00040775940776482944,-0.00038055515093138315
2018-10-09,0.0032393440039257815,0.0032393439697770976,0.0031467984322548492,0.002050082642216511,0.002083444114378219,0.0013822125562639176,0.0014904995576832114
2018-10-10,-0.04397946821449705,-0.04397946806327724,-0.0370854876653659,-0.021538476846323262,-0.0127498149467965,-0.007030867387652573,-0.005452429330639164
2018-10-11,-0.012403086971505939,-0.012403086992552326,-0.007991508204646558,-0.004123738921952835,-0.0011914313785866826,-0.001064126091993134,8.741663306222058e-05
2018-10-12,0.0278301159808354,0.027830115799776012,0.022309607380610164,0.011306727989729204,0.006079817098153084,0.0029038538533492364,0.0022733199099433943
2018-10-15,-0.012104121212953678,-0.01210412111890169,-0.009422888913076855,-0.005263099804894922,-0.0031863269796974514,-0.0008308174141862246,-0.0004064854404719487
2018-10-16,0.029092464079563785,0.029092464010816554,0.024364573065110973,0.01439733859259218,0.008531663893367458,0.004421224372095134,0.003284385270993395
2018-10-17,0.00039486750518991087,0.0003948674807547903,-5.4665287022581666e-06,-0.001847383694443927,-0.0029959186613315314,-0.0023702560155225427,-0.0023903457157200547
2018-10-18,-0.02318228994178395,-0.023182289866068406,-0.019312905316907547,-0.010309628365471335,-0.005629211715732052,-0.002499263811192476,-0.0017729032768439845
2018-10-19,-0.0009238645706513005,-0.0009238645955101932,-0.0008178779708458705,-0.0008472189444395095,-0.000738309917574842,-0.0006033240401901452,-0.0005653672558521006
2018-10-22,0.005143860411440437,0.0051438603492006685,0.0036158415865454874,0.00026273751997440975,-0.0006354813123340408,-0.0005405950018847472,-0.00023266456774229116
2018-10-23,-0.0036801241955722874,-0.003680124213103708,-0.002479081407478323,-0.0010356011681157407,-0.0004036570656272831,0.00020569084358434964,0.0004993769235133172
2018-10-24,-0.04576679652549431,-0.045766796369801854,-0.0375935845602009,-0.019827115297108122,-0.0098412209340768,-0.003069845676320848,-0.0013889795638069025
2018-10-25,0.03459548999626638,0.034595489844005956,0.027979705004468558,0.013692387188887212,0.0062263700136744315,0.0019395977094851524,0.0010075841034913324
2018-10-26,-0.025721958118619215,-0.02572195799959842,-0.020825384641338207,-0.010634326855333054,-0.005112472878372909,-0.0012073554972972245,-0.00022152113760476322
2018-10-29,-0.020580789692648538,-0.020580789568289903,-0.017215868977862092,-0.008570415672195741,-0.0043818234226276065,-0.0013354305623637375,-0.0010282256232084785
2018-10-30,0.016479782247133423,0.016479782220038874,0.013091944431221414,0.0065489456151666126,0.002810468317678616,0.0014518080921046561,0.000766714836472504
2018-10-31,0.023505342251916472,0.02350534208899413,0.01844602491924907,0.007909042225827223,0.0024735142236127494,2.442112121636697e-05,-0.0005609058824247448
2018-11-01,0.013190377786366225,0.013190376672073345,0.010671562259030543,0.007050465479752965,0.004762532104340744,0.002965055980574949,0.002655222238623578
2018-11-02,-0.015575912149134008,-0.015575907491163665,-0.009133185830477175,-0.005629637035818202,-0.004315761029960674,-0.004181209115938556,-0.004134284757535189
2018-11-05,-0.002479506377653262,-0.0024795047646779533,-0.0005649232320713571,0.0007739433760365344,0.0013177320207784504,0.0012309494320592584,0.0010737156950304527
2018-11-06,0.007575696557087008,0.007575694536812616,0.0043972935614082775,0.0031436363724477445,0.001971290990987029,0.0007911327870548934,0.0005674450709300949
2018-11-07,0.03136733546046444,0.03136732773011297,0.01867496023232995,0.010800782562445876,0.006674504889403687,0.004153200414958258,0.0034970728499201797
2018-11-08,-0.006378742501983448,-0.00637874111067438,-0.004353080337286985,-0.0033821172007423295,-0.0024677950843097207,-0.0017990480710655676,-0.0018045627072865722
2018-11-09,-0.01685203510322142,-0.016852032243753645,-0.01145877104205284,-0.006222376296458942,-0.0028874820271348467,-0.0005932508362692657,-0.00024683347080789453
2018-11-12,-0.03025876974394548,-0.030258762617376367,-0.018625573073412394,-0.009967419261804222,-0.005195893797968587,-0.002227512328526249,-0.001598676091811413
2018-11-13,0.0008416266520154814,0.0008416253244394323,-7.199851741279684e-05,-0.0008671548238328164,-0.0007617872872053288,-0.00048684108205643284,-0.0004931923294818619
2018-11-14,-0.007628919760546249,-0.007628917261988555,-0.0037432254013374244,-0.0030316856141574533,-0.001684221773551653,-1.4833039914119439e-05,0.0002629279379458005
2018-11-15,0.017493781236416206,0.01749377669801766,0.009621842869403485,0.00387078691004894,0.001921538867177608,0.0015459530779089459,0.0012288557810058442
2018-11-16,-0.0035099809187104647,-0.0035099781531551244,0.0001744043396156858,0.0005354407839632813,0.0009934739204955356,0.00135773956033991,0.0013486205324559908
2018-11-19,-0.03247758547509416,-0.032477576473569414,-0.0181319267820651,-0.009318971702962697,-0.004630955902970801,-0.0019779125512968676,-0.0014246288803799745
2018-11-20,-0.017894557171392766,-0.017894554714809496,-0.011485470592523583,-0.007101364829573575,-0.004796668314119401,-0.0034292779328219947,-0.0029542745772430656
2018-11-21,0.007602386785515058,0.007602385626736874,0.0048912641593650275,0.0038200923916031915,0.002700674734186892,0.0017573552523015845,0.0016952451003626745
2018-11-23,-0.007233329881986439,-0.007233328911081971,-0.004493488395679757,-0.0029728517601110838,-0.0023355065099505135,-0.002226571424644108,-0.002111758217865356
2018-11-26,0.023114161551467838,0.02311415551470697,0.013051013718069271,0.007133470045225465,0.004281202215477231,0.0027171702031429934,0.002238902411807908
2018-11-27,0.003376569439214938,0.0033765675868568934,0.000758136492701178,-0.00013100917622677066,0.00016660565424508889,0.0008089855803805612,0.0007150343384931812
2018-11-28,0.03218283303438363,0.03218282558771701,0.019810515388306582,0.01180398326441856,0.007569443071054449,0.004883376715578702,0.004199158082028198
2018-11-29,-0.0032601898510651317,-0.0032601886292060733,-0.0018721209646553882,-0.0018020543125808475,-0.00043338195074626995,0.0013939906906437205,0.0015418055548312992
2018-11-30,0.007255516519723004,0.007255514698625731,0.003843942626233554,0.0013518800508744988,0.0009462890016815884,0.0012820372774655642,0.0011138497979334971
2018-12-03,0.01747660917983196,0.01644266556988261,0.012341239381592706,0.008568795310762045,0.0062108082392284825,0.004920459196783078,0.004685358456780975
2018-12-04,-0.038356776353943633,-0.03377618905589086,-0.02094887633684872,-0.01113061727616449,-0.005894825502693712,-0.002685700333493357,-0.0015425296473685624
2018-12-06,0.007060178503404124,0.006321017771250048,0.001107882907109392,-0.0002638166086835758,-0.0001433605213709832,0.00024903922151375824,0.00031850212499073827
2018-12-07,-0.033015695329053574,-0.028630339057925336,-0.014799347291686749,-0.0068319369229494775,-0.0032193111380338646,-0.0012127855405921206,-0.00038097557628757883
2018-12-10,0.010472151977586108,0.008929014633333399,0.0020252252339423293,0.0007963434009312653,0.0005314931713178428,0.0006767306038262255,0.0005301691679091558
2018-12-11,0.003311307516344675,0.0028193237665306015,0.000462979609032077,-2.2453256549925804e-05,-0.0006714694453491266,-0.0009111483443692281,-0.0009453730695755391
2018-12-12,0.008801514576848302,0.00807485848052325,0.004915309665092016,0.0026428616051459297,0.0008741773573386347,-5.5333373770283245e-05,-0.00038701391912709937
2018-12-13,0.00030295217326803403,3.127160572247156e-05,-0.0008366982554613989,0.00020953306150750528,0.000667623698063835,0.001012225190152538,0.0011993691462508504
2018-12-14,-0.02434880060186384,-0.022151335022236873,-0.01483807520638869,-0.008175346925294202,-0.004471514489139405,-0.0023697994112192866,-0.001830386690932051
2018-12-17,-0.0226596111284717,-0.01940622195002728,-0.011002414765760915,-0.006370036278408819,-0.0037465404842009775,-0.0021860382584467652,-0.0016838537905563555
2018-12-18,0.006288577330228362,0.005846625123406168,0.001875462806752326,0.0006683877976061403,0.0005869606982058517,0.0007885794013700043,0.0006787152665008733
2018-12-19,-0.024555190881570432,-0.022477337736059977,-0.014044738509749966,-0.008377156652812912,-0.004334082439531817,-0.0022447207200062547,-0.0015096252001131072
2018-12-20,-0.01449550427902413,-0.011072768372204278,-0.0044149208099930615,-0.004462200297521424,-0.004719421320766637,-0.004731841805192261,-0.004595248821386622
2018-12-21,-0.030993420650630266,-0.027864006174230904,-0.01696512129038441,-0.009259145348494036,-0.0051882274668185735,-0.0030441330790981214,-0.002421879742823596
2018-12-24,-0.02479800692459888,-0.020495920680763224,-0.012107787235183243,-0.007306098815388129,-0.004814470272764493,-0.00311593680145128,-0.002517607379445619
2018-12-26,0.06243906867184568,0.05431108185089495,0.03275396420149712,0.01906382619295166,0.011286851120924757,0.006874021421108045,0.005488979494765012
2018-12-27,0.0038699027504205397,0.004308595470406296,0.006773196471038911,0.004214892650693969,0.00307357880593484,0.0021596387098001824,0.0018288034522933039
2018-12-28,-0.000522808717920209,1.7710295474149262e-05,0.0008617213933188594,0.002021951943567135,0.0029588882676383488,0.003553723659212249,0.003651916389222354
2018-12-31,0.008433113636352463,0.007621019365628756,0.00602295044597656,0.004111381664691605,0.0036727720714593293,0.0033234938757831234,0.0032146721879313667
2019-01-02,0.0039693623011918255,0.0029181926709054284,0.0014074802314087975,0.0006942356763897095,0.0005670613659842783,0.0007336341425547843,0.0008361289793672455
2019-01-03,-0.03205415593443928,-0.019023061329683788,-0.007339350949245649,-0.0013395878882807022,0.001853253791921583,0.003532453426440485,0.00407475044701866
2019-01-04,0.04200158570959722,0.02567417447751863,0.015560485231360666,0.01113595161226888,0.005957930570202441,0.003281359145357543,0.0024210490413500985
2019-01-07,0.011781677144436342,0.00915782276164201,0.007829849183529136,0.00686324719073883,0.004011096713160134,0.0025918159534610297,0.0021863655062102083
2019-01-08,0.008874566560837849,0.005243816798156109,0.0039002519275428416,0.003897337718831384,0.0023474001130199262,0.001537986960942872,0.0012950585651483326
2019-01-09,0.008124788223259793,0.007594050105968364,0.005199887248790613,0.0032158290591877137,0.0018685821657840052,0.0011227332908707588,0.0010749238314757825
2019-01-10,0.0027348226645986795,5.6781162511398975e-05,-0.00012458534223980244,0.0004361749848384999,0.0011656402414363942,0.0013314503199002292,0.0012738250028900833
2019-01-11,-0.0035816852554043654,-0.0019424322921173243,-0.0014433551883007434,-0.0012861581946249645,-6.589423633707181e-05,0.00045419733514640015,0.0005819459554146089
2019-01-14,-0.008676596244430734,-0.005249742633461119,-0.0032922433796348516,-0.0028344875060148933,-0.002019214914414702,-0.001829538280273768,-0.001801694367737361
2019-01-15,0.019219539042445444,0.012680326621755889,0.006875569470989218,0.003717673133523558,0.002090472786076436,0.0013241988856331766,0.0011433861354961383
2019-01-16,-0.00013684360239052396,0.0008903581113619552,0.0014797086798481462,0.0016419725318432832,0.0008976244024430091,0.00045567704856996905,0.0003506633215855093
2019-01-17,0.007753563271566621,0.004957365602145325,0.0030623162194354236,0.0023767553998013113,0.0010515089597580296,0.0004284429685046387,0.00022496584527220698
2019-01-18,0.009635283580688103,0.003943612154249543,0.001065241569535802,0.0007765301352324894,0.00033149126813802887,-7.65294799289773e-05,-0.00023765516228957395
2019-01-22,-0.019704208238522813,-0.012664107049966122,-0.0074390164701025885,-0.004703052612332725,-0.0024857090540754134,-0.0013287641863379829,-0.0009777144802005644
2019-01-23,0.0012584369681070129,0.00044057922830664786,0.0005419335032872397,0.0011193888524092532,0.0007615260659923351,0.0006005472820544977,0.0005307234360822921
2019-01-24,0.006362089222452294,0.003927092554395939,0.00227234216551242,0.001823026005242756,0.0017867521282650678,0.0021540571290739052,0.0023004204892946856
2019-01-25,0.011985875723575345,0.012789579698470277,0.009479929297487866,0.00548997040709609,0.002293193821912176,0.0003787393700724895,-8.057757233581597e-05
2019-01-28,-0.012129858914436298,-0.00734744205779192,-0.0035949298008707276,-0.0018401970599710715,-0.00103405142176749,-0.0007876999570750609,-0.0007800086810223483
2019-01-29,-0.009227025789783738,-0.004641717603950157,-0.0013458257039584698,0.00012614200189964286,0.0010794752431502186,0.0013719426747844654,0.0014879176553992401
2019-01-30,0.02515254496374797,0.019081849884555746,0.012824275710355826,0.008893380602673417,0.006455891683025072,0.005246084338492718,0.004932842030561657
2019-01-31,0.014763040488036783,0.010358355051872659,0.00635525799036607,0.00464760401480846,0.003939468153721037,0.003943238596915588,0.0039305434140346485
2019-02-01,-0.004222342937619805,-0.00418828851051356,-0.0023762757820168234,-0.0017593379442667478,-0.001520211835827956,-0.0026280220352724593,-0.0031256609881604724
2019-02-04,0.012421784785484391,0.012163969304665345,0.0054678218442569815,0.002554064509223908,0.0009470607191754965,0.00020066827587505998,-1.3812116185896173e-05
2019-02-05,0.008847974994717456,0.00875314114780923,0.0054666664539990695,0.0044209151636265265,0.0039130204526112156,0.0028022806037837356,0.0024104515279841365
2019-02-06,-0.0029818719063631205,-0.0030386781347983005,-0.003196860545413127,-0.002359735613387648,-0.0018837020214553801,-0.00043815511738443114,4.7583470439871434e-05
2019-02-07,-0.013429576118426323,-0.01319192869663599,-0.006554992396677672,-0.0037788528393735143,-0.0022904050983514335,-0.0005628540128685966,5.654823791534369e-05
2019-02-08,0.001961554216581618,0.0019895101063804876,0.001712101338073646,0.0013531963758943721,0.001378109234583702,0.000905560846230502,0.0007580353923166694
2019-02-11,-0.0009492223682451284,-0.0010096292942928242,-0.001051218921239827,-0.0010014689976362012,-0.0010653966500885348,-0.0007538495417620528,-0.0006798433595172071
2019-02-12,0.014786344972872012,0.014593702562207822,0.008779007572641273,0.005624899252351101,0.003932877604158946,0.002268424578001804,0.0016830213340230937
2019-02-13,0.000702074723725854,0.0006321939200548687,-0.0009073376063810645,-0.0015648486035219067,-0.0018075388838530992,-0.0017204744799714788,-0.0017198549274477504
2019-02-14,0.0012279944621367278,0.0012931772432114297,0.001972884628285154,0.001360816108583185,0.0009416457374322729,0.002118336503461604,0.002702412903993645
2019-02-15,0.004205231692095079,0.004231629665669923,0.0048581899182511545,0.0035821756843794628,0.0029757135609320695,0.0018501778228003918,0.0014106309839894138
2019-02-19,0.0019773336956190324,0.0021763476087948153,0.004650874778915792,0.0028970143597013553,0.0017190571146563638,0.0012398267511668504,0.0012412260095480132
2019-02-20,-0.00017405754988164546,-0.00019782991504957437,-2.96683231402195e-05,-1.7766723544920815e-05,-4.762453002538081e-05,0.0002650445523464384,0.00035306046121053036
2019-02-21,-0.003657551959809102,-0.00377377524842315,-0.004688664224823724,-0.0034044812137946634,-0.002761240668354481,-0.0022649790971234207,-0.002181616686871113
2019-02-22,0.007400170123555094,0.007342839937423795,0.0049952187582336105,0.0038624666426656518,0.003602523908208477,0.0029942244743677016,0.0027917280146174672
2019-02-25,0.003643923204692312,0.0035736094411400465,0.0015675574925011482,0.0008054988604755398,0.0003267508908721961,-0.00041442786954992705,-0.0006988959400276995
2019-02-26,0.0010373279361197696,0.001046859965074587,0.0008862022634223976,0.0011948347111239155,0.001266901155875022,0.0018738893585539262,0.002125811229354735
2019-02-27,-0.0006332908062067766,-0.0007298708695026024,-0.001767249611817956,-0.0015620333851955603,-0.001607654555825011,-0.0017363623041253273,-0.0018378240998584428
2019-02-28,-0.002304294088730341,-0.0023535093002692298,-0.0026298142433744953,-0.0018445529597692634,-0.001440708203251706,-0.0016683228818293871,-0.001829544244892789
2019-03-01,0.006928758223216258,0.006929019396522351,0.0035994067795690476,0.0016212639214898683,0.0006321924417236335,-0.0002470459302129635,-0.0006247327717519013
2019-03-04,0.00017203989951641852,0.0001710284610332291,-0.0007030260770687358,-3.225721956356953e-05,0.00030412127863277405,0.0007088780562258812,0.0009621881214043615
2019-03-05,0.000745409004845099,0.0007448212562068957,0.0002493073085840791,0.00010246432220561985,2.889907059144825e-05,6.285851427167977e-05,0.00012983349989337256
2019-03-06,-0.005671772083301274,-0.00567328015876678,-0.005231592364218107,-0.0026355790435699245,-0.0013347468513281724,-6.900084716032762e-05,0.00040364038673978975
2019-03-07,-0.012272474028731217,-0.012272098843795876,-0.0064410259662419644,-0.0019888385210710124,0.0002333944711236935,0.0010076406724945919,0.0011809797898449936
2019-03-08,-0.001516640537104097,-0.0015165063372989396,-0.0010947010767385912,-0.0004463867370014807,-0.0001249511157358496,2.0029165205492916e-05,9.977472239541818e-05
2019-03-11,0.02079811526314934,0.020797758947729283,0.012039705855821925,0.006428862034717708,0.0036496910129040216,0.002007866524884827,0.0015202270156411402
2019-03-12,0.005494134838167408,0.005493603065189756,0.0038250732731370807,0.0029823793643579677,0.002561485952862652,0.0024493940191494534,0.0024569852130742476
2019-03-13,0.007513233955193099,0.007512855192330248,0.004900020245520276,0.0023126123329038073,0.0010186721250327047,0.0010869264641546472,0.0011824572148926293
2019-03-14,-0.00169485147322046,-0.0016951026553125859,-0.0018987118232896005,-0.0017006431412088796,-0.0016012062913004499,-0.001293432284572349,-0.001205916649286376
2019-03-15,0.00928084104068061,0.009280140605575804,0.005045516587623311,0.003529675304834612,0.0027689033648155004,0.002368191315432533,0.00231322907846776
2019-03-18,0.0023815373270277274,0.0023819590652713885,0.0019598433444676377,0.0007343519328502079,0.0001179049959552092,-0.00038863781851161683,-0.0005940166077371689
2019-03-19,0.0033623640125099996,0.003361474581183632,0.0014649178266463725,0.0007735758204712173,0.0004251761395890341,-2.108831171332426e-05,-0.00015728632211908788
2019-03-20,0.003965465500000764,0.003964179408810997,0.003513439915070027,0.0046151835367425065,0.005170979444640844,0.005279374706602891,0.005447817994253867
2019-03-21,0.01563184423071462,0.01563158431164413,0.007992681084538988,0.004038806468379619,0.002047482452671945,0.0005748583049638434,9.77993928943377e-05
2019-03-22,-0.02196414075449471,-0.02196562685198955,-0.014550473734995961,-0.005697704286561911,-0.0012126535211894884,0.0008978761719216077,0.0015391447935668712
2019-03-25,-0.0019040994477846906,-0.00190345838074657,-5.980244523962064e-05,0.0006441149515155065,0.000995975798695481,0.0012642632428165879,0.0013804922773619221
2019-03-26,0.004657119125554887,0.00465771739830978,0.003926310070631933,0.002521072748429498,0.0018193903837284697,0.0011644640925854155,0.0008440556804760746
2019-03-27,-0.0064228566724129355,-0.006422595944660325,-0.003450938172015361,-0.0009845495931800619,0.00024959193168339056,0.0012269220626883737,0.0015791297030707252
2019-03-28,0.0023046775220008087,0.002305359404841223,0.0022291625499126777,0.0018822664333371097,0.0017093270886852086,0.0012129523291353195,0.0009679946572356268
2019-03-29,0.007571151631040829,0.007570685854128234,0.004405015482100261,0.0022575571672016626,0.001186423179007523,0.0005597815638926917,0.00032558677050831264
2019-04-01,0.013247263050542246,0.013247262339323607,0.005476464762029565,0.0013468299332319855,-0.0011228290662524953,-0.002849603958221425,-0.0033471602687914492
2019-04-02,0.0037902647429284286,0.003790264530058929,0.002202718451204122,0.0013864347973362445,0.0011617151243634716,0.0010948659267904226,0.0011260264949053411
2019-04-03,0.005746253267161716,0.005746252843156441,0.002364120877335729,0.0006362910714228232,-0.0004279318581752456,-0.0012958777556209,-0.0014443573271444299
2019-04-04,-0.00038075526670955373,-0.0003807550758467837,0.0006629272439837575,0.0011742668355851915,0.0013065876099056517,0.0013295023563164587,0.0013128544597718061
2019-04-05,0.005171096444746892,0.00517109632825985,0.0034454192579198573,0.0024468698022304114,0.0018296362270506794,0.001335673838139595,0.0012774955175753888
2019-04-08,0.0025451618269578535,0.002545161655024053,0.0008430916559520885,-0.00017633710287290327,-0.0006815887883179217,-0.0009817078049895178,-0.0010711692096085912
2019-04-09,-0.003511037655463678,-0.0035110375978693042,-0.001832614695395196,-0.0004891465551957186,0.00019615063952160838,0.0002977177328142844,0.00040317958183044844
2019-04-10,0.0053664888733975236,0.00536648895325742,0.0048468025151369165,0.0047371906764683835,0.0043128702099251015,0.003380807029669919,0.003421355000485349
2019-04-11,-0.0023723287441959062,-0.002372328773659227,-0.0010167847369001448,-0.00010082968852465068,-0.0001076978518786964,-0.0005010148671035219,-0.0006906302453560942
2019-04-12,0.004323612191481807,0.004323612031328583,0.002337293044810451,0.0014007888321976303,0.0002061715275269993,-0.001238350216918871,-0.0016566705557410355
2019-04-15,0.00016140433675237986,0.0001614042186059983,-0.00010144117506871719,-0.0007153958709589237,-0.0005431077495717807,0.0002932919276230628,0.00036109739945522357
2019-04-16,0.0034434268859866446,0.0034434264007132676,0.0009153223967566237,-0.00047563924194504725,-0.0013202762388309086,-0.0019328980309121224,-0.0020817231964204153
2019-04-17,0.0034852460553209674,0.0034852455130294224,0.0005865597469549844,-0.0006564785489039382,-0.0009935687486350986,-0.0011509861747015515,-0.0011012765974330874
2019-04-18,0.0012823741912164621,0.0012823742198173615,0.0012342348564498007,0.0008317992894375514,0.0009578075862246571,0.0015030608854160743,0.001525905845425779
2019-04-22,0.0028283683003753612,0.0028283680620322382,0.0004552236002193233,-0.0007586407472194301,-0.0012298381466930852,-0.0013906930413406515,-0.0014387708416409017
2019-04-23,0.012718211796621581,0.01271821122260608,0.007822503228570588,0.00542557384569764,0.004055525766557988,0.002917736465739562,0.0028151495178225794
2019-04-24,-0.00315274281653799,-0.0031527425640801576,-0.0016978561719090957,-0.00041597990984421074,0.0004919661949267518,0.0010972342809461022,0.0014273849246551062
2019-04-25,0.004058767677427966,0.004058767209590197,0.002034274096107236,0.0008751177000365651,0.00019661650717717194,-0.00044575074744779286,-0.0006101829413864834
2019-04-26,0.0008925122654250828,0.0008925122807312835,0.0014237841825288644,0.002287072076621488,0.0025274072658563185,0.0025833525156671033,0.002580871266224749
2019-04-29,0.0019407565161539964,0.0019407563436641961,0.0003598873013421766,-0.0009395185115158577,-0.0014053678875531883,-0.001141255799265939,-0.0012128695356541375
2019-04-30,-0.007747908534607828,-0.0077479078317646,-0.0033383763340066874,-0.0012672353987102092,-8.454341129993104e-05,0.0010803535842371925,0.0011148316721771856
2019-05-01,-0.0032183263283734886,-0.003218326225783552,-0.0019998213083092242,-0.0020663246300716143,-0.001985732635577331,-0.0021656208641070984,-0.001943955616094839
2019-05-02,-0.004340253493160473,-0.0043402535905527895,-0.0037546322912654917,-0.0025911003551621903,-0.0016958597473307746,-0.001377939665920147,-0.0014413238482627877
2019-05-03,0.015948157751294323,0.015948157851530365,0.011992319413113073,0.007395847992383908,0.004188063242995588,0.0025125068233251557,0.0022817909071763953
2019-05-06,-0.006122145314823246,-0.006122145432777781,-0.003791971312532727,-0.0012035905231222443,0.0003451250818538032,0.0011691798942952136,0.0014375543087390419
2019-05-07,-0.019479786976038027,-0.019479787101280954,-0.01317893061265607,-0.007708012318471846,-0.003997274547716145,-0.002003683487144081,-0.0014059300044781953
2019-05-08,-0.002523652063212811,-0.0025236520582264665,-0.002454225825735956,-0.0020125721121084794,-0.0011943170787692692,-0.000958879897510978,-0.0009929563226089844
2019-05-09,-0.005382986842735971,-0.0053829869169566,-0.0032547294327678333,-0.001667211709709182,-0.0003143719363877251,0.0005331098748566632,0.0006927761214792216
2019-05-10,0.0012448377008462685,0.0012448376472020684,0.0010006087941760722,0.0013984087136462708,0.0010981838043417902,0.0011689676423651818,0.0009643101732224046
2019-05-13,-0.0347028124811245,-0.03470281279999632,-0.024029369918677546,-0.012864718366537908,-0.006719603006164254,-0.003077678021167096,-0.002111905528218383
2019-05-14,0.010975463287104859,0.010975463347693504,0.007336593708933137,0.004451381259810594,0.0021721373562542112,0.0011044564863480488,0.0008794969352499127
2019-05-15,0.014124173603577761,0.014124173846832733,0.010965208278230332,0.005645536494342629,0.0037801524514911033,0.002513678650279516,0.002469478181113649
2019-05-16,0.010049914079035771,0.010049914182119757,0.006788495691518959,0.0032418661882307465,0.0017662854129036898,0.0009102891764152243,0.0005473268186335645
2019-05-17,-0.010220206985032676,-0.010220207027042849,-0.006771141023067084,-0.0031628857936162325,-0.0014128748642766586,-0.0004174159035258418,-0.0002985925448635296
2019-05-20,-0.016881413865369344,-0.01688141414454014,-0.012186231409170745,-0.006310691831113879,-0.0035813032442908455,-0.001785527455131497,-0.001597782384390678
2019-05-21,0.010447285412030771,0.010447285459763256,0.0073493733088561,0.004336653988970873,0.002362161451214151,0.0013777158570946746,0.0010603348519553357
2019-05-22,-0.004454716202026976,-0.004454716204325693,-0.0019735744989513027,-0.0005519673105915945,0.0009365200267170692,0.0016454080045966712,0.00171104702866276
2019-05-23,-0.015302087191482516,-0.015302087275259058,-0.009253090017423915,-0.005048526593989688,-0.0016727607803594946,0.00022881876103419962,0.0006740415633792463
2019-05-24,-0.0005049764619500241,-0.0005049765874073353,-0.0003797437137444959,0.0002673282634078067,-0.0005729498485034235,-0.000517668727110121,-0.00046062137483793286
2019-05-28,-0.003760689714580434,-0.0037606896362382125,-0.0014113067988448247,-0.0010335596690846938,0.0008297692709595683,0.0011963372311227793,0.0017012949868755456
2019-05-29,-0.008225812271608346,-0.008225812328925941,-0.005441672586606661,-0.0030445831914408528,-0.0023147306390028932,-0.0017812075091674373,-0.0015965252209587666
2019-05-30,0.004203888243046849,0.004203888317199755,0.004725380138964619,0.004205114989860759,0.00326338533575643,0.002956417144400092,0.002877000765738602
2019-05-31,-0.015953014057114134,-0.01595301421122386,-0.009558494128388939,-0.005717720961437078,-0.0023395586272739743,-0.00037581035322853396,0.00015097337663005916
2019-06-03,-0.022017819747467415,-0.022017819631120594,-0.009554906602579849,-0.0027183626462390365,0.0005781375040279091,0.0030689579462106487,0.003230019631354608
2019-06-04,0.028156597918308046,0.02815659778645707,0.013729982658347017,0.008783566546540555,0.005383720549370308,0.003380842457002986,0.0028060465719059735
2019-06-05,0.007432463344004603,0.0074324633115707694,0.003075012182627068,0.0019266269777449274,0.001533656202495015,0.0014984078036044401,0.0012045538800244948
2019-06-06,0.007944957949904685,0.007944957929630458,0.0054107420960038954,0.0033348947743929713,0.0018733100195829078,0.0011667440785605443,0.001044932949149091
2019-06-07,0.019311980474516988,0.019311980421010233,0.01297805518850148,0.00738671289779691,0.005083910800046665,0.003802220614998797,0.0036452841396470426
2019-06-10,0.011654956368767566,0.011654956297779462,0.004012138781992691,0.0010043718466548057,-0.000531407322985511,-0.0017413299684307937,-0.0019678994336039812
2019-06-11,0.001365081949752378,0.0013650819470951703,0.001129479014066126,0.0010959999854807112,0.0008293085320394411,0.0005383384006403258,0.0005620979877312138
2019-06-12,-0.005779886035868653,-0.005779886008931978,-0.0029631353899285395,-0.0010485167205090962,-0.00035913340277027306,0.00033208910007376247,0.00038990011628659005
2019-06-13,0.005923121628425232,0.005923121619955118,0.004556756301173026,0.003331941483133205,0.002792215546680632,0.002526463029786541,0.0025293120526479473
2019-06-14,-0.004252574658679675,-0.004252574638122453,-0.0018583925465867068,-0.0009427729528264095,-0.0003905792032379285,4.086308841988462e-05,8.437425927310116e-05
2019-06-17,0.006022846183649566,0.006022846163895368,0.00347178637115797,0.0012707387711656803,7.763490844192589e-05,-0.000671095058895621,-0.0006892847349292408
2019-06-18,0.014531399083940855,0.014531399047212457,0.010628067240800121,0.008522396794680365,0.005972551095381418,0.004499364007019446,0.004321392584562211
2019-06-19,0.003755071120641551,0.0037550711196889797,0.0038576134580621257,0.005359945787032361,0.0042201445490308576,0.0034976152380641334,0.003496826627295224
2019-06-20,0.00929938533266328,0.009299385326040577,0.007226297005254345,0.006554498206077897,0.004397846433885855,0.0035330291436657113,0.003388705399486769
2019-06-21,-0.0014825403634077805,-0.0014825403784105573,-0.0036201231804023903,-0.0028568365706401755,-0.0033920388774179022,-0.0035543428673702193,-0.0036103210929193663
2019-06-24,3.18281328695047e-05,3.182815457658528e-05,0.0019185976477731348,0.0015110146308705552,0.001570762296353223,0.001718025874074769,0.0018207207354818955
2019-06-25,-0.017166323868901268,-0.017166323803421313,-0.00967633928280387,-0.006504291271211771,-0.0034277971474545588,-0.0015308727314488069,-0.0012340290402170773
2019-06-26,0.0046503672134026175,0.004650367171574965,0.000857775964291152,-0.00023376644845052308,-0.0014346942739853485,-0.0024373192236394337,-0.0024849772432297135
2019-06-27,0.003821608356449513,0.0038216083606938955,0.0045342862601789324,0.004526597198674542,0.0034844714553350364,0.0029471790640631657,0.002948293049308326
2019-06-28,0.0012868863154851251,0.0012868863140718112,0.0010365017704461188,0.0017527198040867553,0.0008647214167027961,0.000727614906456342,0.0005832453601453125
2019-07-01,0.01349461094380544,0.013494610888349579,0.009245122313820131,0.0048546372191602405,0.0021610722128406756,0.0001477039268724667,-0.00017995639715850942
2019-07-02,0.00396281285894684,0.00396281286201039,0.003516758467271508,0.002966447152199514,0.0027847086182626324,0.0029140538944625316,0.0029216687371593775
2019-07-03,0.007525994249740986,0.007525994242365552,0.00578276871423955,0.004357476149303263,0.0035799588251930192,0.003142670751601795,0.002954856617760182
2019-07-05,-0.0020371680908360945,-0.002037168104602971,-0.004489083644928393,-0.005754423164576972,-0.005813614007794898,-0.0049838513360315195,-0.00513745926860687
2019-07-08,-0.007013875442636319,-0.00701387542603682,-0.004979041812792406,-0.0031476763506539385,-0.0022066796292761204,-0.0017346207350930065,-0.0015996170139983557
2019-07-09,0.005007591072355488,0.005007591053113991,0.0024335518926958954,0.0001762070997000098,-0.0006960408166035714,-0.0007143966541969249,-0.0007719718942299503
2019-07-10,0.00996528009772013,0.009965280074490934,0.0071915851332204905,0.004625609783655893,0.0031196416690395523,0.0017895375961118898,0.0016617982396591735
2019-07-11,-0.0007269396033382503,-0.0007269396161629915,-0.0025829898725177047,-0.003491654090137186,-0.0036287418879543676,-0.0031458738816264598,-0.0033827627320321962
2019-07-12,0.005768594814149264,0.005768594802429972,0.004055528436021971,0.002528879214573232,0.0018084827590034713,0.0015679801630146262,0.001466629447735457
2019-07-15,0.0032035761726125767,0.0032035761610043068,0.0026700673040773726,0.0019175163164342202,0.0015491630308444027,0.0013815576523592554,0.0014232643532177125
2019-07-16,-0.005150591305652985,-0.0051505912992334535,-0.004067820884372519,-0.002997934898965382,-0.002468850926022559,-0.002220102051026962,-0.002186706183289533
2019-07-17,-0.004918485804583206,-0.004918485780178283,-0.0012793216970971022,0.0007945476937889495,0.0014531795616432586,0.0013291589735799914,0.0016844188882303435
2019-07-18,0.0011447015216454748,0.0011447015303998054,0.0015755943836193165,0.0015675118145570544,0.0014943871490835647,0.0017164549558064124,0.0016740997713595718
2019-07-19,-0.007327752137921695,-0.007327752127660236,-0.005245528499637331,-0.003273729005959125,-0.0023343038563005125,-0.0020602846801450747,-0.0019393870121590107
2019-07-22,0.007957680585486848,0.007957680557773905,0.006195020688916308,0.004558402590432387,0.003378580439370449,0.0018116739131157633,0.0017430567803373709
2019-07-23,0.006544352814614962,0.006544352796592934,0.004394094575724372,0.002576078408247362,0.0014035112777335268,0.00041768230271976847,0.0001446820887274214
2019-07-24,0.0070180326272695215,0.007018032612756464,0.005513597318763441,0.003596936132574058,0.0023479285577967524,0.0014279601536950626,0.0013401314811816167
2019-07-25,-0.00947988010845402,-0.009479880087911008,-0.007240620580795443,-0.004645938381126147,-0.0030436069850366954,-0.0018121541018110143,-0.0017272084780214358
2019-07-26,0.010294764948787005,0.010294764920876442,0.007093491558011644,0.004170916801613522,0.002520084717207549,0.0013212880977460095,0.001112554310361391
2019-07-29,-0.003430719469331267,-0.0034307194544137554,-0.0024366875555462686,-0.0016569033348626805,-0.0010819608140730796,-0.0002986263140556389,-0.00021892636550380207
2019-07-30,-0.004316101747220968,-0.004316101725978849,-0.002889157028529321,-0.001322248503508927,-0.0003862588719381055,0.00023974009875771252,0.00035460973996914724
2019-07-31,-0.01383004788580855,-0.013830047847454785,-0.008559220164231607,-0.0040248064786005955,-0.0016279886097190222,-0.00024270496379252826,0.00018369402688556136
2019-08-01,-0.0049713282227240585,-0.004971328151958443,5.192646105012244e-05,0.0021715496969996195,0.00367431300827481,0.0048972786402246005,0.005269551196736666
2019-08-02,-0.014725158791637938,-0.014725158619911527,-0.00815159068453819,-0.0036101807172441713,-0.0013548366797491163,-7.473619500408812e-05,0.00023144159037213896
2019-08-05,-0.03533495342179915,-0.03533495308462775,-0.020497380691805067,-0.011511507724479841,-0.005919609603672771,-0.0020002203836497756,-0.0008469515021805041
2019-08-06,0.013998757840513631,0.013998757764785097,0.01059835568236922,0.008122814778340315,0.006036205935771699,0.004415667645632393,0.003964995523841663
2019-08-07,0.005402111323171255,0.0054021112624975665,0.0029722606362354576,0.0011710744455879496,0.0003775493161508603,-2.4392245217774722e-05,-0.00014047588643506526
2019-08-08,0.021764029112283145,0.021764028949474712,0.013528303913659556,0.007628277697898644,0.0045896147831578915,0.002951016135764206,0.0023988779419605866
2019-08-09,-0.009401875806363535,-0.00940187572385398,-0.0065140972086167315,-0.0040032515543535485,-0.0025896965677209005,-0.0017852063454814049,-0.0015516796694619028
2019-08-12,-0.011475145541030463,-0.011475145404487574,-0.004391820889321552,-0.0010691520369624508,0.00025798427634371457,0.0009708993505728181,0.0014833571090870912
2019-08-13,0.02191472814118134,0.02191472792673399,0.012312219250076417,0.0062428154797220525,0.0030124108081095446,0.0010466861154470042,0.0006422713463456464
2019-08-14,-0.02988480095185031,-0.029884800685252233,-0.01644616875021887,-0.008715497517925663,-0.004708143771513629,-0.002272724739219467,-0.0012611453349177237
2019-08-15,-0.001148963566137473,-0.0011489634920381908,0.0013807599290642791,0.002842152368775608,0.003862278411053355,0.0046639605571008325,0.004686569216215686
2019-08-16,0.016050326889702538,0.016050326735077336,0.009864617638034145,0.005645739084650048,0.002869715884664892,0.000970544509888871,0.0004414159640899751
2019-08-19,0.015904655020125835,0.01590465482768333,0.007889124839829398,0.0032146406517057358,0.0009064065157502466,-0.00046122048553109973,-0.0009347926378930893
2019-08-20,-0.0077481710746781784,-0.0077481709706772595,-0.002183848752584372,0.000979027426663892,0.001929475196123187,0.002128766394244419,0.002495755743910699
2019-08-21,0.008878465642292221,0.008878465561596771,0.005941006871793331,0.004263641647734628,0.002526627289488159,0.0009722085938193015,0.000649918891016954
2019-08-22,-0.0032338815305217317,-0.003233881506937153,-0.003080952371163792,-0.0018282339951780635,-0.0008995601039096801,-0.0003642522688657168,-0.00047309116973826004
2019-08-23,-0.03164550397102717,-0.03164550363133789,-0.016802573715538616,-0.007376334256986916,-0.0027382187523927737,-0.00014671838191537834,0.000775569219556127
2019-08-26,0.01510394997824438,0.015103949828264351,0.008749423516785981,0.005127845407296938,0.0033586401230092378,0.0022882099279379897,0.0018991275539581576
2019-08-27,-0.002110136882083169,-0.00211013682435357,0.0008173183310344889,0.001766329652004961,0.0018427820256330385,0.0017738032715919339,0.0020681998521960843
2019-08-28,0.0035786161581907727,0.003578616158933068,0.0021493673622206,0.0016016485073535591,0.0015472082990923841,0.0016441667904225632,0.0015018516815379357
2019-08-29,0.01528982218662489,0.015289822028472289,0.007796945978197467,0.0029448397008509097,0.001011433910090398,0.0002382237752733829,-0.00016922336555924566
2019-08-30,-0.002394576922104541,-0.002394576907016277,-0.0014643291555356264,-0.0009280601888936868,-0.0005713587356583893,-0.0002979814261241387,-0.00039421042215526114
2019-09-03,-0.009708271057906392,-0.009464962108203578,-0.003893189009496645,-0.0025751188636450317,-0.0011726262021987122,-0.0002477228882402649,-0.00019520045477572356
2019-09-04,0.01443577748357927,0.014146440762773604,0.008983180126793222,0.005279286103035297,0.0035989741782509466,0.00257518466295914,0.002429613583778245
2019-09-05,0.018318890729792425,0.017514586209287364,0.001750785090135265,-0.0014023752085976504,-0.0017870607468474242,-0.002133197590483693,-0.002465586692415811
2019-09-06,-0.0009906762875739883,-0.0008179775701245839,0.0013627170633150332,0.001880953030463095,0.001358246055279011,0.0007376684302686787,0.0007663319969104521
2019-09-09,-0.002087829080992254,-0.0024244968227876695,-0.007812955417386358,-0.005807297164372116,-0.004215598490724726,-0.0030706547837769937,-0.0028912632288505824
2019-09-10,-0.002876630641958089,-0.0031864227364152287,-0.008485536632543034,-0.0069591952289337344,-0.0051240883510922375,-0.003908413242668662,-0.0037958937431966655
2019-09-11,0.00938937148161445,0.009156663480112126,0.005147798288651861,0.002192143401754887,0.0007901432027646038,9.067846280519376e-06,-0.0003795015974645821
2019-09-12,0.004157270883706765,0.003936527702967485,0.00024890243075303964,0.0002633055264174011,-0.0004480652391470885,-0.0007550713676652832,-0.0009095359958491978
2019-09-13,-0.003570839101788903,-0.003933703022987789,-0.010063985828127175,-0.007502054642844258,-0.006492212008301856,-0.0058190460241710484,-0.005787167636517321
2019-09-16,-0.00446664478526515,-0.004121712974516023,0.0024078206409503533,0.002629814501584171,0.0029752700902614393,0.003448367781275552,0.004205958543105348
2019-09-17,0.004799832729654785,0.0048125486480470325,0.0047768713701199506,0.0031295251357623677,0.0023719067022354157,0.0018642879480912367,0.0015249528476091179
2019-09-18,-0.0004153760573357701,-0.0003203599046421868,0.0007816330289747153,0.0013272812688875923,0.0007084102892176425,4.4704825563179895e-05,-8.404055613508987e-05
2019-09-19,0.001662035146972718,0.0016896125493768288,0.0023128422105385127,0.002588702633007367,0.0008219461164371555,-0.00015706088634859228,-0.00014407190870324715
2019-09-20,-0.010578669587233192,-0.010090649657743644,-0.0005600221888650836,0.002433079741946287,0.002973639026548236,0.003250453656233221,0.003474928946783251
2019-09-23,0.0004411045015808579,0.0004274028776103389,0.000580795454477423,-0.00013847139118272622,0.0002833216669908545,0.000620000682104882,0.000629289394822985
2019-09-24,-0.013280795232848974,-0.012749175806573754,-0.0028871948847002393,-0.001091635842423666,0.0007403210620957612,0.0016346206040795952,0.0017404704785299874
2019-09-25,0.011225163371446412,0.010669060401804042,-0.0003406270525074806,-0.001806722693160956,-0.002808741340024179,-0.003558493938532914,-0.0038649785330386877
2019-09-26,-0.0036826911541965046,-0.0034705509782885224,0.0001584550160935727,0.0004953577124633401,0.0007793358542549367,0.0007806264504062188,0.0008246652307093427
2019-09-27,-0.012408943753590584,-0.012094047237642847,-0.006512164681988342,-0.0033116093591673,-0.0010261846522370277,-6.580920259413592e-05,6.365173527100865e-05
2019-09-30,0.009517256990438705,0.009365408459134361,0.005099114929157267,0.004132066469053397,0.002521636435488528,0.0012408881689891516,0.0009663254725154058
2019-10-01,-0.008156351840560627,-0.008051584360555863,-0.005065322104735981,-0.002568018745017775,-0.0015724810123278754,-0.000433283320268818,-2.86721190014827e-05
2019-10-02,-0.017194374543336832,-0.017008078570108665,-0.010010206262156096,-0.005692190916115281,-0.003582113183002167,-0.0018672290271637415,-0.0014242200831883212
2019-10-03,0.010975242479777325,0.010957313158568738,0.009511707490768018,0.005760389887767836,0.004592658633165936,0.003804959283504994,0.003426347142240216
2019-10-04,0.014725629020763575,0.014654724243722272,0.011621463653242348,0.007324193989478367,0.005125102173942242,0.0034141447042881357,0.002989046265394757
2019-10-07,-0.0030188720316315365,-0.0030693929038365653,-0.005337208673325544,-0.004800994381038204,-0.00364008528473192,-0.002513802240428631,-0.0023424520168948693
2019-10-08,-0.014980911171819988,-0.014812338050269047,-0.008523044131478308,-0.005321604787206224,-0.0033292721940050285,-0.0015938514914065616,-0.001095992070259011
2019-10-09,0.00976155267615697,0.009611967111385455,0.003913050532129647,0.0032230722489692276,0.0017020617180896203,0.0005409787612244976,0.000297463825776223
2019-10-10,0.007744487239075282,0.00752805432391046,-0.0009407018948779378,-0.0019225858172764454,-0.0022619870503371997,-0.002355681572051793,-0.002516094793868495
2019-10-11,0.012879027152882472,0.012642949738429277,0.0029331332738196103,0.0021680110898119054,8.075288747111387e-05,-0.0012675933500561065,-0.0014256846193775319
2019-10-14,-0.00010464349202554679,-3.7477030542243384e-05,0.0022755147839461642,0.0020790193805493296,0.0017961859975668126,0.0016524174952168291,0.0016923569880553657
2019-10-15,0.012716517398078775,0.012488733130071816,0.002938216177817754,0.0015188638146088618,3.244728917284334e-05,-0.0009031657028860662,-0.0012242273605065357
2019-10-16,-0.002480405127945118,-0.0024472810015730984,-0.0008972758314975682,0.0001769480674065349,0.0004898079039401537,0.0006214919024454257,0.0006493057962024817
2019-10-17,0.0026420084498959273,0.0025963975428375807,0.0009184206950609841,0.001802968611894551,0.0011703920640988574,0.0005847589610141757,0.0005386334114343416
2019-10-18,-0.009609951168251696,-0.009523961782141321,-0.004732831208293264,-0.0013200195642538715,-0.0001767032550010761,0.00016066696297856176,0.000360988671655349
2019-10-21,0.008868503523181914,0.008720426443484808,0.0024053222834490295,0.0008057726256049946,-0.0004215394594969668,-0.0012290756520656476,-0.0015003657222194544
2019-10-22,-0.007963187055929244,-0.007840433904007682,-0.0017556098318182167,-0.00039362820619703864,0.0006386756871608057,0.001038202959925627,0.0011886318616500802
2019-10-23,0.0019286371521314294,0.001920310730062491,0.0018726866119667118,0.0012518703778319207,0.0010331198042197176,0.0008000753215280376,0.0007717183159436924
2019-10-24,0.00972826392101811,0.009622610352168381,0.003318273673677208,0.0029903323098214862,0.0011649467359955423,0.0004755499982802558,0.00048316690224536885
2019-10-25,0.007986105095175722,0.007871561008002681,0.002347974064486724,0.000681108218083093,-0.00023251655312683805,-0.0004837766718759351,-0.0005877055396970032
2019-10-28,0.009865100261463144,0.009698493214670645,0.001980687034622841,0.0001815287603965654,-0.0009658527790861182,-0.0015441499322534913,-0.0018014313736328669
2019-10-29,-0.007744214570325925,-0.007671778882680447,-0.0027495032216524606,-0.002690135923634096,-0.0009154322157263195,-0.0002168390891480465,-0.0003064745172532968
2019-10-30,0.0048459967643488255,0.004931108618345004,0.007758018579273829,0.003888122703182839,0.0030145446895006867,0.002441183161915328,0.0021741313193039957
2019-10-31,0.0004569565444418888,0.0005713792945247764,0.004193799762399308,0.003754809454639352,0.002705357158397037,0.0019188851810842955,0.0018062806611038873
2019-11-01,0.009082548029014426,0.009082538504251447,0.004571811691996386,0.003604178957979931,0.0023751003932359627,0.0014051743743208611,0.0014219964721318146
2019-11-04,0.006184956577189871,0.00618494195960162,-0.0008371155909157046,-0.0018772290822277604,-0.0020217629340854026,-0.0016533599439050306,-0.001616329392647775
2019-11-05,0.0005497199314761225,0.000549709642435614,-0.004743515165625212,-0.005304469066671702,-0.004401468684993248,-0.003419778878113733,-0.0033017885436603667
2019-11-06,-0.0022476535261272135,-0.00224764719409154,0.0011140306253316634,0.0030946676749896707,0.0027982571636884224,0.0011995527685431107,0.0009233731065847461
2019-11-07,0.003354028042987567,0.003354011636967247,-0.004867605363144678,-0.005372709237124185,-0.004723398293609682,-0.004164252890754505,-0.004292606992042591
2019-11-08,0.003991408572589172,0.003991401928600258,0.0004426914888380207,-0.0004106291940589868,-0.0003590358446519115,-0.00015657636600852065,-0.0001966547686145237
2019-11-11,-0.0013417563655633291,-0.0013417550103920206,-0.00089604098885121,-0.00066056214964616,-0.00015341181750372357,0.0001877396111442664,0.00020387012211098288
2019-11-12,0.002886070776454641,0.002886071035699045,0.0032976480926274476,0.0020901775276065404,0.0010782321292508446,0.0005521353266439988,0.000423308744742501
2019-11-13,0.0002481841680004315,0.0002481888859282577,0.002458703260360906,0.002182996590135655,0.0017053383780814002,0.0011542695634916278,0.000980006093481478
2019-11-14,-0.0007937033970795149,-0.0007936952921437923,0.0032335417952915613,0.003910224250799121,0.0036475025117479465,0.00271571720613073,0.0024919675598682467
2019-11-15,0.007347493180914544,0.007347486649263324,0.0039028424199569756,0.002524744650652,0.0017490580580468151,0.0013682485311794501,0.0011698486532489838
2019-11-18,0.0007885400758360639,0.0007885410771915069,0.0012848311122624079,0.0012159900307704419,0.00102301943019234,0.0005730961691050585,0.00032453788748210144
2019-11-19,0.001477281661405705,0.0014772857057783195,0.0032721125454175937,0.0019674426360245523,0.0008472785309834308,-0.00023662787985012645,-0.00045312202545444435
2019-11-20,-0.0059988959256039864,-0.005998884322220288,-0.0002302323199364631,2.315940081554224e-05,0.00045209318580496927,0.0008952596823776915,0.001000500734295029
2019-11-21,-0.0022260831770585243,-0.002226086635881419,-0.0036835931337466654,-0.0028939225667922175,-0.0020791627800146317,-0.0014651495629958156,-0.0013308580042131757
2019-11-22,0.0006445085790995897,0.0006445086511537301,0.0007844227620477096,0.001725296139102106,0.001696334429033497,0.001456162829488461,0.001578928124450707
2019-11-25,0.011841661576386997,0.011841653397937746,0.007224767088115147,0.004953953302276437,0.0033150575881020217,0.001990058545028539,0.0019316620658169636
2019-11-26,0.001909741780042884,0.0019097451799976461,0.0033970924014454784,0.002975800868994405,0.0022255734450422615,0.0016689470906479098,0.0016023262396298588
2019-11-27,0.006988839524629364,0.0069888316293913455,0.0026347891310469773,0.0012851152810737787,0.00027386151440755846,-0.0005006458691115823,-0.0006233518345053479
2019-11-29,-0.0045622321097138485,-0.0045622296577559895,-0.002805850368529317,-0.0021115973082261874,-0.0018454157106710944,-0.0015955634029467536,-0.0016774420121083988
2019-12-02,-0.010238920343085711,-0.010361615773799793,-0.01157693661861181,-0.008916978956594379,-0.004796358497347719,-0.0028803054224302294,-0.0022784677758102
2019-12-03,-0.00783238391565566,-0.006693726732354133,0.004600227922343825,0.006313109146604434,0.004601728644787917,0.003708629598833113,0.0036330973328941862
2019-12-04,0.005064200117602891,0.004452623888544505,-0.0015383203635468412,-0.0017437814991816403,-0.00036637861995636456,-0.00044006310304423035,-0.0003529162727302637
2019-12-05,0.001975986858144152,0.0017020152240287967,-0.0009995316320670078,-0.0009830491734185154,-0.0005510642711797908,-0.0005299739409783122,-0.00040130397212356783
2019-12-06,0.01069863755094258,0.010052696302517372,0.0036642917731635194,0.0010502154763847305,0.000639061531079621,-0.00036673570782963516,-0.0006749565947268277
2019-12-09,-0.004536562956585888,-0.004273887780412822,-0.0016578072708686165,-0.0010658711626634343,-0.0007091383626298686,0.00016875956709627715,0.000341697631730975
2019-12-10,-0.0008330942202199321,-0.0007973978437275653,-0.00044290709991878785,2.4177119850588014e-06,-0.00012660276861897746,0.00022229063142598093,0.0005697326061731012
2019-12-11,0.00529667107322962,0.005397869405709077,0.006402443116647394,0.005943310427310111,0.0041359496328909895,0.0032607959223154293,0.003110659243574565
2019-12-12,0.007464188462324994,0.006517788817870018,-0.002866586926628889,-0.0037482781388399333,-0.0025062741396529864,-0.002662980560628414,-0.002638889073925399
2019-12-13,0.0032928552255837573,0.0036127487743635722,0.006817633449764271,0.00665970388461079,0.005203484578954365,0.0036038803201272618,0.003412619881671519
2019-12-16,0.010039114005574001,0.009297636548712518,0.001895073918382506,0.0004331419005212389,-0.00021013637737077318,-0.00116167519214172,-0.0012353545101101426
2019-12-17,0.0005733765226378917,0.0004986887802156392,-0.0002530194241496808,-0.0004010327875512143,-6.851057691625861e-05,0.0012598617077039798,0.0015502771500697232
2019-12-18,0.0007642103060239158,0.0004214194076923583,-0.0030315112704299985,-0.002362844750745441,-0.0006722519443261854,-0.0007161212122677174,-0.00044377682982954525
2019-12-19,0.006251398613958514,0.006075308299050786,0.004294796097759068,0.0033056234273642904,0.0018270469010697177,0.000559552445759337,0.00020596834359332128
2019-12-20,0.004031118983126802,0.003928901797857431,0.0028933330057456796,0.0019442424816273896,0.0005740099117279573,-0.00022653425598528898,-0.0006392136310642282
2019-12-23,0.002641371764435352,0.0024870536240173546,0.0009218767375205328,0.000967113968097788,0.0006674128978059191,-0.00016526647980474873,-0.00019245721510485758
2019-12-24,0.0005193600997734915,0.0006069406399422661,0.0014967619005037403,0.0022362363894301573,0.0014171857362204054,0.0012289209190787798,0.0012375699190929623
2019-12-26,0.008824105594343434,0.008583459600826293,0.006140891474195165,0.005244488645576473,0.003184668638520627,0.0018092457665985773,0.001540309495356773
2019-12-27,-0.0008419194773437999,-0.0007697292414741153,-3.504074740268148e-05,0.000283568311110205,0.0008003765682882413,0.0005643898082419163,0.00048349655821411375
2019-12-30,-0.006553979213629879,-0.006445132593050684,-0.005338275830938155,-0.002956985613015828,-0.00042883584251085516,-0.0010514738889731978,-0.0007526507354556067
2019-12-31,0.001884878031718884,0.0014472379867791485,-0.0029976409351633038,-0.0029521744532494676,-0.0022363141467981462,-0.0013746569471009273,-0.0012849965618572101
2020-01-02,0.016697234647893078,0.01657846575624089,0.01324054804145991,0.010039381633541122,0.005603632415943638,0.004909223402145502,0.004484189484745382
2020-01-03,-0.009159928189982791,-0.008877598853450741,0.001121069132885788,0.003199016620214934,0.0022541040468417872,0.002615467254665216,0.0026143960021776103
2020-01-06,0.0064432247200310044,0.006495297270071143,0.005385980467861096,0.0030615735520207465,0.0004654927514176066,-0.0004120948700951921,-0.0009786667014091144
2020-01-07,-0.00013917954574449443,-8.65378559589125e-05,0.0001289715146737258,-0.0005144261985371434,-0.0011496792810706813,-0.001191292018825063,-0.0011920844880960457
2020-01-08,0.007516315955492958,0.007321499890196259,0.0009577602935868512,-0.0005610429455387145,-0.00046510966541402077,-0.0005565637911985055,-0.0006056728286040203
2020-01-09,0.008473489556741098,0.008292950249582098,0.0037968774470915623,0.0033788931771638886,0.003471145829415434,0.0018077067117108214,0.0017538590138912458
2020-01-10,-0.002557255980840556,-0.002449064585287264,0.0017228837792806484,0.002624980076118888,0.001865423262786603,0.0011288306359611422,0.001175939090019229
2020-01-13,0.011536910366504172,0.011295941602950554,0.0038995728419830566,0.001281240955631091,-0.0002281743195879926,-0.00020462569656343188,-0.0004676257966352848
2020-01-14,-0.00393753727740398,-0.0038995339222490655,-0.0015548565073939535,-0.0005093653238488205,6.509953670552626e-05,0.0007878077089653601,0.0008804819832166633
2020-01-15,0.00040889375084152135,0.0004767874929898497,0.0029369439515070095,0.003132229045322177,0.0021893519134446038,0.001635842845689961,0.0013660746703934024
2020-01-16,0.009583510689673558,0.00944319251988679,0.004379859729362723,0.002892887115875764,0.002013781619188304,-0.00028199701066966565,-0.0007108086664535662
2020-01-17,0.004948761598342788,0.0049101438663912145,0.001781390406611516,0.0008097955102182031,0.0008258456725438457,-0.0004304844901468208,-0.0007424916805932602
2020-01-21,-0.0004476906633836819,-0.0004285944739528258,0.0018435186225458366,0.0029269326127010498,0.0025414968249399816,0.0009734992564760514,0.0008127841777803013
2020-01-22,0.0026424210046933627,0.002613821945443906,0.0021835417263842416,0.001734361764866188,0.0009036958582255838,0.0008492881211283887,0.0009941272816709201
2020-01-23,0.0032161127343885987,0.00320411289462208,0.0036174421680486013,0.0031442678409805414,0.0014008420712634528,0.0001630993555383764,-0.0002914359470902461
2020-01-24,-0.00841529116296047,-0.008238672373073297,-0.00177337363854424,4.964997800804838e-05,-9.238356855056917e-05,-0.0004591887312647147,-0.0004816299234917665
2020-01-27,-0.020655554142608,-0.020310374099522632,-0.006970976669746887,-0.0027962704898460977,-0.001814687671752524,-0.0004028791210619609,-0.00026168308995311307
2020-01-28,0.015359874660059392,0.01504636668292969,0.004633577062592931,0.0018429993064772443,0.0017541705382009276,0.002339292118888947,0.002738609264896441
2020-01-29,0.0016256637101410565,0.001673459876612604,0.004084006919473193,0.004256010816359623,0.00290514300170841,0.0022435192742591425,0.0020509328777935654
2020-01-30,0.0035616520678130037,0.0035174456688968903,0.002018476638865563,0.0014565208672736585,0.0011592957859316577,0.0011451292459836449,0.001029995135139794
2020-01-31,-0.015858031823811736,-0.015585075977012752,-0.005641244775186571,-0.0021601322494861908,-0.0008828509154421571,-0.0003441962576562485,0.0001813215160098025
2020-02-03,0.015109264287828994,0.012938088202888443,0.007196860918718739,0.004068857704037532,0.001535550144645459,0.000174016449739689,-0.00029741082575140965
2020-02-04,0.02288875711536753,0.01799761791305121,0.00568546016872129,0.0013245661949403686,0.000659125599690169,5.380489148554268e-05,0.00013143386498160048
2020-02-05,0.003297173161070477,0.0014416642895418441,-0.0026896954149236985,-0.002440141866327239,-0.00011734321851408769,8.79804396325401e-05,-2.522194415344181e-05
2020-02-06,0.008631996293216426,0.008100806077270706,0.006773366027294836,0.005560672076099005,0.0018512251999218687,0.0010162011300360874,0.0008293429566990085
2020-02-07,-0.0043008167830507205,-0.0021479731929742174,0.0029187339791731937,0.0035449181144830977,0.0022222018948205857,0.001719551461125679,0.0016269687025582957
2020-02-10,0.012085535989611706,0.010872721836088228,0.007747713495104502,0.0061770222176771306,0.004042390630637938,0.0023569143758723765,0.001846106411031112
2020-02-11,0.00017237902568134622,-0.0005008195633384727,-0.0021547073564286423,-0.002379948674870569,-0.0013964638526330342,-0.0009732999744244131,-0.0008644721452898407
2020-02-12,0.009740999432116482,0.007837461584319971,0.00313438376648012,0.0017555082546170109,0.0009580454165998287,7.178201927082739e-05,6.439274730696276e-05
2020-02-13,-0.001280574267323642,-0.0006311910307041924,0.0011552271021479932,0.0016004406572951435,4.904302939223726e-05,0.0004962081583756994,0.0005767903717375233
2020-02-14,0.0028636315758183706,0.0030566041366391072,0.0035478106467661252,0.003529889768594474,0.0026005817980336854,0.0015828557826906842,0.0012695321536699833
2020-02-18,0.00038352089644289045,0.001208789001514221,0.003659554199917592,0.004687545200579013,0.002154094578048271,9.033327263296975e-05,-0.00018910621512047143
2020-02-19,0.00958551843843125,0.008346255517287293,0.005443034824849979,0.004322029920571291,0.0014932369832914016,0.0005538058548932856,0.0002610605611630401
2020-02-20,-0.009283509499559917,-0.007104625239996887,-0.0016278114108156938,0.00019981173238337036,0.0009181178809334334,0.0018025172400601974,0.002144071229576383
2020-02-21,-0.019209418845903214,-0.015520485178906362,-0.005698723537720718,-0.0014353327937333127,-0.00048615305410715237,0.0009973685788309261,0.001358050206291539
2020-02-24,-0.03856348161091139,-0.03147728316701026,-0.013734093897068478,-0.007615994413546434,-0.0050121190757626,-0.0024604834889276894,-0.001849380751659302
2020-02-25,-0.027191851096914466,-0.022677939407585224,-0.012739920298645901,-0.010569262284589431,-0.0058395842567432465,-0.0037732529410348103,-0.0025699548707602826
2020-02-26,0.0051539734043510865,0.003661696989690544,0.0005484056628961564,0.00011716601844935504,-0.0010319715797160178,-0.000403078707792881,8.731561395847187e-05
2020-02-27,-0.05007394158510847,-0.041452023588839926,-0.02088467684663753,-0.014451231606433912,-0.010881177054066993,-0.0059861379699366335,-0.004755377914140602
2020-02-28,0.0007780987863361677,0.004032440429812212,0.008472079276922395,0.004134610552198215,0.005276234176946781,0.007262811643733658,0.007630569329915016
2020-03-02,0.04163851380451167,0.02609991814874779,0.01677675994349692,0.013051354660134074,0.008188553667848097,0.004984900903459266,0.0035940762346218236
2020-03-03,-0.0244020118777194,-0.012152269618965539,-0.004622707065685461,0.00039493936327761325,0.00435728707499794,0.003622440269861471,0.0038381942057710283
2020-03-04,0.0329473567977534,0.019206861895979088,0.010928808246449373,0.00828437828040185,0.006364640742857475,0.005723656969703672,0.005564843041053091
2020-03-05,-0.021506290643500625,-0.0073007974462079295,0.0014437996587763902,0.003819337309629356,-0.0002891879771763639,-0.0008550622904126559,-0.0014965230297011578
2020-03-06,-0.005280855538791207,0.012839191072410605,0.023737876639504885,0.02182134875595798,0.004415924001366145,0.0013071736174858906,0.00010484190104320668
2020-03-09,-0.052286314212249274,-0.026220377088798652,-0.010986868383724868,-0.009442606242594409,-0.013648907818378686,-0.012991663869108772,-0.015376341646051839
2020-03-10,0.03407111527572981,0.004520837353332752,-0.012027839395797657,-0.015723801922094882,-0.008156783344243856,-0.0035661479710190624,-0.0028977135783527785
2020-03-11,-0.04235970340499928,-0.04054047286034168,-0.03947413196376026,-0.03617872091043273,-0.0217194948931696,-0.015800093941663595,-0.01565322868726271
2020-03-12,-0.07427631812247015,-0.0478525336173673,-0.03241081123580403,-0.03244494002073672,-0.028690188024397933,-0.01785001457598623,-0.018400127835828117
2020-03-13,0.06395488497453283,0.03391970415961221,0.017126969548483473,0.01400428176270374,0.020082229799567974,0.010278284373811841,0.010792703759422873
2020-03-16,-0.08700345883297866,-0.03721946069958082,-0.008103648438794853,-0.005223541140246368,-0.009303835376425429,-0.008160947585475364,-0.010922608242310283
2020-03-17,0.04631459821068584,0.005322267935631064,-0.01674479668606188,-0.019652585795485122,-0.013906525819956994,-0.009632042276366048,-0.009798576061101016
2020-03-18,-0.03522020891526689,-0.042357538501367475,-0.046446129123678626,-0.04540072689804053,-0.026170034119551433,-0.02461210427258098,-0.027254983641915476
2020-03-19,0.009838160000295026,0.015608071912643018,0.018952252818243975,0.010320672695534272,-0.010407483171858356,-0.004732471613424494,-0.007610850174232686
2020-03-20,-0.01814875151492401,0.013181432910547963,0.03117767577899966,0.03100819385695397,0.012603277705723004,0.007331415971414623,0.004867699889472998
2020-03-23,0.00887336595189736,0.020390971721820472,0.026690287544537394,0.03272534506295566,0.026360300940797554,0.002721671075328169,0.0001916442776150884
2020-03-24,0.05747964280010831,0.029823079671683184,0.01495939529543655,0.01599298339625843,0.014087983807957505,0.011508520636041686,0.013218622778884193
2020-03-25,-0.0064150502215011285,-0.004979816765021683,-0.0041761527918794394,-0.0001375828067221585,0.011316206936855311,0.008708992516425873,0.01200049101056444
2020-03-26,0.04341658393847281,0.030047392235786896,0.022578101665155836,0.01891595637964283,0.009967397029295277,0.018412556075710018,0.020982673403036056
2020-03-27,-0.023000965241713578,-0.006163325304553657,0.003435466955576727,0.003432455630272946,-0.0021694073016168547,0.003730801933898631,0.004984945604606494
2020-03-30,0.027632402711649684,0.01507987488800544,0.008112465941363833,0.007351216485382839,0.010288010114114288,0.005986579249146917,0.005268007699618771
2020-03-31,-0.008459879933853887,-0.008342578575045057,-0.008276209785842537,-0.009479355654252508,-0.0020568398698334045,-0.0018907280684129502,-0.002530298095150263
2020-04-01,-0.009950803716356482,-0.007495708259599998,-0.006022650856312817,-0.004624560445862902,-0.0035022785894532893,-0.004006661048470139,-0.00527921488472638
