Date,Relaxed_SSD_9M,Relaxed_SSD_12M,Relaxed_SSD_18M,Relaxed_SSD_36M
2010-04-12,-0.001201453444122196,-0.003625820410820432,-0.002476611913605331,-0.004445079758636532
2010-04-13,0.009351811703505339,0.008483666457934058,0.0036275766652743495,0.0025071656151348575
2010-04-14,0.011935845668474221,0.010617717135823736,0.008923003895520124,0.009078471152969333
2010-04-15,-0.006512677037639406,-0.00821336861239586,-0.001485253644275731,-0.0014035575603384514
2010-04-16,-0.017424737343545944,-0.020598846696879287,-0.016430543447245014,-0.021028074160469073
2010-04-19,-0.0007140541406392379,-0.0005352820588038359,-0.0016954851909528731,-0.0011797766190805657
2010-04-20,0.011873658849363568,0.011510092521995287,0.00960089768812691,0.007593419528835425
2010-04-21,0.008679307004175131,0.006637652302999422,0.0021232143366585916,0.0047404362241563166
2010-04-22,0.00990439772462683,0.008626792237705783,0.003153035540248138,0.0032299545818860213
2010-04-23,0.008953944095729721,0.007901205792654603,0.005794022855016671,0.007809283537061806
2010-04-26,0.0006015161608085007,0.0013568574826675853,-5.1819787250337436e-05,-0.0010234646955614869
2010-04-27,-0.02639788798087247,-0.02897372208728919,-0.023230494314888193,-0.0152908722539034
2010-04-28,0.0024566497387319775,0.003809854523963567,0.0031889962455022335,0.002184570747819831
2010-04-29,0.026757514518671206,0.025819850826536546,0.015642467734803187,0.014601994132636143
2010-04-30,-0.025227015276435318,-0.02177077395867955,-0.010728279254654253,-0.009784631743938864
2010-05-03,0.01908547500467045,0.02147264073626174,0.00882852960187291,0.011330467635156436
2010-05-04,-0.02148048563247772,-0.029848144632022965,-0.02244568997759457,-0.02133128467931767
2010-05-05,-0.008371910454266471,-0.0117885980069172,-0.010277945282627382,-0.008024598516032351
2010-05-06,-0.01804308585504737,-0.03767864515350744,-0.01638730653642605,-0.013194925690168887
2010-05-07,-0.016739728835883906,-0.020637627663789973,-0.0021613793191357627,-0.0039038144581798636
2010-05-10,0.040055042277051776,0.05942574330414087,0.03618521052950006,0.03682135187066809
2010-05-11,0.01155534628429826,0.001653697377792488,0.0033277237820919887,0.004228624227909499
2010-05-12,0.01776270495314427,0.020938499533551667,0.011194263471268012,0.009645511732373971
2010-05-13,-0.011426497942796193,-0.013451722573455631,-0.0092471175473691,-0.008954320620597717
2010-05-14,-0.017705577496900337,-0.023136681504322958,-0.013833121692244177,-0.014463275605651908
2010-05-17,-0.0012249782082929363,0.0013235951091739348,-0.004354123164175014,-0.004244403085992423
2010-05-18,-0.014403188407314412,-0.019580351101816558,-0.011132162597231406,-0.011891260180877652
2010-05-19,-0.014305850316385439,-0.009682072093540788,-0.013043348350637588,-0.012476386484190062
2010-05-20,-0.03633102805101603,-0.04668987823597592,-0.03289569235203784,-0.0296657137901134
2010-05-21,0.014014562883253423,0.021064826264757763,0.018665438504333224,0.017310059549017504
2010-05-24,-0.006897071316232529,-0.012962449057246386,-0.0027849305414051587,-0.0050006464817517774
2010-05-25,0.0037901237625683746,0.0015515075743977532,-0.0006533004118696501,0.0007145420094473261
2010-05-26,0.0018368121415373304,-0.003292329067329696,-0.0002620291368235687,0.001842798679824719
2010-05-27,0.033672955029531534,0.04672236120434812,0.0319475123443717,0.032446481828064165
2010-05-28,-0.0077814141178337015,-0.011090918088242262,-0.006521318088389587,-0.007373631629739875
2010-06-01,-0.01098795083099966,-0.017238869366678247,-0.009752593278667275,-0.0006750238458707471
2010-06-02,0.01585924274244687,0.021420479765329032,0.016634778012814308,0.0067629596868606515
2010-06-03,-0.0010216662390533284,0.004343846408464652,-0.006311068915989905,-0.007972882331965652
2010-06-04,-0.03032308154948302,-0.041280205072022555,-0.02521890609616952,0.0019228548224513454
2010-06-07,-0.004418189793609046,-0.012878563240596861,-0.0014421239027924552,0.0038184199067689568
2010-06-08,0.003680198152125475,0.004292946758304534,0.011264619647280712,0.0038712607445541315
2010-06-09,-0.0010928467527334367,-0.0008975687536447892,-0.0006372242118680034,-0.003018376709205543
2010-06-10,0.021484491135052523,0.030589968509621313,0.02073663466592394,0.00022214348643409163
2010-06-11,0.010720757474692665,0.011392039031385364,0.0078343896821917,0.008618819034003447
2010-06-14,0.003739557688729586,0.005206375552850407,0.002947581302875121,-0.002572888127689212
2010-06-15,0.020612480105393082,0.023433125332719577,0.020190898003982417,0.010991274785892112
2010-06-16,-0.004240963311089115,-0.0034381214191450972,-0.004219863067545844,0.0003525193214961652
2010-06-17,0.005490735985298235,0.0032680063029521065,0.0037540228661486793,0.0053251878945102275
2010-06-18,0.0016468832315620155,0.0002580255032154313,0.0031131459438875487,0.002954405205348583
2010-06-21,-0.01202141002851537,-0.00998119094812915,-0.002536599227020662,-0.001708872552845437
2010-06-22,-0.011587208753586667,-0.01652003193175861,-0.012899121627109957,0.0010504746386549152
2010-06-23,-0.0018574568127861398,-0.0016874750124673678,0.0002915310946376398,0.0019495785304932847
2010-06-24,-0.011693063558391658,-0.015406620121679059,-0.01155491352758734,-0.006293790867718406
2010-06-25,0.014199423797916725,0.01398005445285891,0.015109357328859457,0.00852749687589904
2010-06-28,-0.009413943502138374,-0.0076777460791731065,-0.00930423769547794,-0.002609359211306155
2010-06-29,-0.024670727902480524,-0.0325854844763463,-0.022663234485869793,-0.008033797147737689
2010-06-30,-0.007617829229227279,-0.010864005976273305,-0.004373225672360379,0.0011827682580301984
2010-07-01,-0.012043173380000776,-0.014469059139906915,-0.010480268261107437,-0.010375297235842587
2010-07-02,-0.004616377460445887,-0.006109293281937695,0.0016065192223944868,0.0012160112938714091
2010-07-06,-0.008968953105358625,-0.014769687387282203,-0.0017122908529307848,3.645392276265708e-05
2010-07-07,0.013898745511337428,0.02706071137866428,0.024844462760273155,0.0008959948349921351
2010-07-08,0.00025623171102724256,0.006110979935409341,0.0032729193758134737,-0.0034786596452116626
2010-07-09,0.004782357069858621,0.010840151124034886,0.010834449450108004,0.0016552656577643126
2010-07-12,-0.0015953572721852417,-0.0050684674731362855,-0.0037905710393262406,-0.0029999824988524854
2010-07-13,0.0069284334747284505,0.01866139328326478,0.012880619125596656,-0.000290088271736424
2010-07-14,0.0015945721006780495,-0.002009583290107755,-0.00023465496646741786,0.0041632114396647135
2010-07-15,0.002346332652412686,-0.0029445309776740957,-0.00182320799068866,0.0038886473611085062
2010-07-16,-0.011659075658398785,-0.024164720660101096,-0.024639869706466075,-0.003748781073114122
2010-07-19,-0.0008262885933724564,0.001957053698968935,0.005486954717904584,-0.0037250334422695703
2010-07-20,0.008541939913069637,0.013186733093085823,0.015173180780189869,0.005497114076191499
2010-07-21,-0.0025791875674666636,-0.01202126815598796,-0.0115859215367902,0.0039148514307821925
2010-07-22,0.009830539973466163,0.023405862089675798,0.023488924144763793,0.0005201207553204073
2010-07-23,-0.0016504280124348613,0.008198921996823063,0.003500856126006396,-0.005445544421092201
2010-07-26,0.005493578104988537,0.012701982193288277,0.00618194101975058,-0.0013978499903622868
2010-07-27,-0.008515242728997148,-0.007312209754109094,-0.005866518188759968,-0.00931689862677764
2010-07-28,0.0015311986913050433,-0.0044044422102508,-0.0033134460987604194,0.002423080786681653
2010-07-29,-0.0010621780063085355,-0.0019884255599627795,-0.0012406490887369222,0.0020523484769734263
2010-07-30,0.010181348543950515,0.006638816836056055,0.005996217993149806,0.010059873038986042
2010-08-02,0.014815797608500094,0.01558730101115292,0.023975547379316765,0.016205524062962256
2010-08-03,-0.003810811498206395,-0.0031251165725386053,-0.005603631354078191,-0.002482405947490049
2010-08-04,0.006842886751963665,0.005138642535949841,0.0055321007786835776,0.0035992080832965793
2010-08-05,-0.006336453908080221,-0.005075298075834097,-0.00586488208093134,-0.003902723582180988
2010-08-06,-0.00018295399699507265,0.0004899487426097593,-0.002286582404522878,0.0015865146022397052
2010-08-09,0.0055142596321732795,0.0042187637669145114,0.006869223977457282,0.0034308274312229133
2010-08-10,-0.007790940924144764,-0.006479022146590972,-0.009690666428520988,-0.005854222555394043
2010-08-11,-0.01992998317107218,-0.018231838035345848,-0.026516992553643214,-0.01631294693763644
2010-08-12,-0.001972516015004999,-0.0009020792347844208,-0.00595302374593354,0.00014366482629257258
2010-08-13,-0.0027097523873773825,0.00017628777822536093,-6.211748690354781e-05,0.002863097982253043
2010-08-16,0.006597862297448935,0.006362178682832109,0.003224351171514909,0.007700152115314975
2010-08-17,0.011973186538139382,0.010610416993536383,0.014212978275374709,0.009356240783572974
2010-08-18,0.0026825371507205034,0.0020643302509088753,0.0014394045553143078,0.0015532969529552818
2010-08-19,-0.014645662175535767,-0.011199879899461652,-0.014722811976109435,-0.007789255889621679
2010-08-20,-0.0017714308157754032,-0.0022178141771128624,-0.001201168808071898,-0.0029865174744042517
2010-08-23,-0.006350172004715846,-0.005169450491600341,-0.007221196153744312,-0.004659732270970028
2010-08-24,-0.0024490536681236142,-0.0023920908213838745,-0.011179202244623258,-0.0017535878019929432
2010-08-25,0.011786527437232545,0.008161586165940591,0.005579918080173969,0.005026262791292852
2010-08-26,-0.004613365631362726,-0.004166423927735758,-0.00743431143591969,-0.003602456586319289
2010-08-27,0.011099061066396795,0.009918749839857832,0.015198793681027173,0.008418674760713247
2010-08-30,-0.007953976714613077,-0.006551965404942699,-0.010237287920538893,-0.005313150452113986
2010-08-31,0.005340373220566263,0.006447503021793602,0.0030252615909635416,0.00814633549760646
2010-09-01,0.000603763071023838,0.01731438630392632,0.02846988961671914,0.006139745733735539
2010-09-02,-0.0001505780026166217,0.004741064053728893,0.006865465446877601,0.0022902281034638773
2010-09-03,-0.002157322365617058,0.0056359349971599115,0.011827719327009184,0.0007978309883899201
2010-09-07,0.004543432257469345,-0.004848596434451547,-0.010602771695885197,0.002147517754205693
2010-09-08,-0.0026231050913712623,0.0031169219859659178,0.006330913244223906,-0.00064532666977192
2010-09-09,-0.011747017035432194,-0.006541079792171748,-0.0001793820979723594,-0.011635631937732845
2010-09-10,0.00017022735196964086,0.0026448629258611044,0.003936109835065134,0.0010180036316551953
2010-09-13,0.007277569971979182,0.012317610489164962,0.015924802299855576,0.008515058239791318
2010-09-14,0.0036698719257641306,0.00561620373276678,-0.0004685411591913257,0.0076343939937892485
2010-09-15,-0.002678199783343427,0.0013435948461495467,0.0040993824590123415,-0.0019008923797866916
2010-09-16,-0.0058265150714963835,-0.002413011084113873,-0.001963316694115554,-0.003372189685394428
2010-09-17,0.003317113538250487,0.000603793009484394,0.001451954123754484,0.0017383908969035324
2010-09-20,0.009739618226373469,0.013430089543674676,0.015858306547940394,0.011429421375416573
2010-09-21,0.0029925747565369217,-0.001158356562734062,-0.005664495400546462,0.0022139410607694013
2010-09-22,-0.0014121407142946246,-0.0025123929095170784,-0.005204280637081466,-0.0008561289534771546
2010-09-23,-0.006184949696417794,-0.008803159276841638,-0.009930704413883114,-0.006945231613094405
2010-09-24,0.003290986416981702,0.013609106984057453,0.01887458695515917,0.007227803185700004
2010-09-27,0.003848159387112477,-0.002428401888463182,-0.004982565158911963,0.0014123992810705693
2010-09-28,0.0041253865858870715,0.006747246528173103,0.0036011968976657023,0.00666154971702415
2010-09-29,-0.004129041724633056,-0.0015160387301790229,-0.0011850372836057698,-0.003022310715210855
2010-09-30,0.0013980631680104195,0.0024590176997674002,0.002742123288018018,0.0011580796402733547
2010-10-01,0.0024471065683888565,0.006267629657121663,0.005684862105346414,0.0038688716560827995
2010-10-04,0.002832507652624055,-0.0012104798798209366,-0.001764957209034509,0.002169733052699421
2010-10-05,0.00889735300736649,0.019277556949248563,0.017864504651405724,0.010689238908275698
2010-10-06,0.004671498725418154,-0.0017058381313764235,-0.004438870916483189,0.003982185135797717
2010-10-07,-0.004835083446773991,-0.003262502382712263,-0.0005267386313962144,-0.005824875221669893
2010-10-08,0.0025312985795040003,0.007503395358285437,0.006853205608804759,0.003696460826461702
2010-10-11,0.0015369364171450189,0.0013484434524511284,8.178386866836184e-05,0.0013718796759281456
2010-10-12,-0.0018779109059675072,0.0021115809436590078,0.0028512835103148945,-0.001999007294045122
2010-10-13,0.007440727007248013,0.013056692506933016,0.011439826433396803,0.00928939830215856
2010-10-14,-0.004302019366191048,1.029274606893389e-05,-0.002352834626190278,-0.003900700902814162
2010-10-15,-0.006865925074723384,0.0016137906422929343,0.005852853714339918,-0.006560047913927811
2010-10-18,0.008106921688142225,0.004483144275947184,0.002748936210509252,0.007673314237063018
2010-10-19,-0.010866586513339528,-0.020833345514815062,-0.01602062442283059,-0.014378019898583396
2010-10-20,0.009940132233400513,0.013837945089038874,0.013829918306732043,0.011591918820709677
2010-10-21,-0.008664621178589448,-0.004125056162556038,0.00010687598465745649,-0.008111305357463492
2010-10-22,0.0028206914018235694,0.0024471535424431174,0.00299172449849719,0.0028987503076963344
2010-10-25,0.0039577280571607264,0.0061651779250679484,0.005638721008536094,0.005074850405583522
2010-10-26,-0.007386123215040417,-0.0016568276398164744,-0.001449476711935237,-0.006804322858676213
2010-10-27,-0.008451128225641555,-0.007666628900662019,-0.0064024328446264335,-0.00957130869890958
2010-10-28,0.003524616655561128,0.003741846799021996,0.0007325831334647692,0.003576540456463873
2010-10-29,0.006461266310352382,0.0032263454574945685,0.0002588089355109655,0.006296050615378401
2010-11-01,0.0023370619147611996,0.0005483932916113548,0.0043952877261689925,6.848329131054279e-05
2010-11-02,0.00782931040002856,0.008662359424850686,0.008172136017111167,0.0056890574122967046
2010-11-03,-0.00010478552696708133,-0.00032613127686124846,0.00021433560824465108,-0.0031507022710280876
2010-11-04,0.023052565990280483,0.023308548013183716,0.02514787367013891,0.020303008552308127
2010-11-05,0.0038152357105811345,0.0045593552014007764,0.0034447273074854614,0.0010227982370799883
2010-11-08,0.0014350568236484729,0.0017661939281450841,0.00034925696397525806,0.0019960371956745464
2010-11-09,-0.01981284348574129,-0.019879133553754678,-0.021259872879842105,-0.021669925079284565
2010-11-10,0.009631639979804627,0.01001121899996189,0.010089435284805513,0.008642941454117453
2010-11-11,-0.004343741090064309,-0.0037595262071473574,-0.005035065242888437,-0.0018520074969513817
2010-11-12,-0.01874573089646941,-0.01799324642458246,-0.02032181804739467,-0.014466754584309585
2010-11-15,-0.0069032703245067014,-0.006846231680724379,-0.00622779696629082,-0.011660787554568881
2010-11-16,-0.02114791766356726,-0.020461419659682473,-0.02311936779977499,-0.008869670003173421
2010-11-17,0.0023390718863450454,0.002098872906848207,0.002774372685799686,-0.00045794332227050677
2010-11-18,0.01382834314074105,0.013397865563102017,0.015368776807140468,0.006322000094108166
2010-11-19,0.0021310911489280542,0.0023988937026684152,0.002107693348150851,0.003070985046707392
2010-11-22,0.005909188684047688,0.006693277107639035,0.0036300112989700773,0.005724187536349858
2010-11-23,-0.008205889810812475,-0.005983638770135092,-0.011370770671905932,0.0008359531887773481
2010-11-24,0.01363691176884396,0.013567405247135846,0.014236178772752149,0.00026856193120044163
2010-11-26,-0.00746235776849359,-0.005672606935848327,-0.011107308562507594,-0.00031393029947816104
2010-11-29,0.0012880668092132735,0.0006569986197071155,0.003002189789097126,0.002237037911158893
2010-11-30,-0.0015076870817920716,-0.00147917627156118,-0.0007193081445534267,0.0039969371777515
2010-12-01,0.010412603622144643,0.010481692034254687,0.010224072299746513,0.008560766705248102
2010-12-02,0.008269023633236642,0.00826530765193521,0.008279063657349987,0.009716989530788912
2010-12-03,0.00848443299967211,0.008730204566259914,0.007813879840601008,0.007380328400709086
2010-12-06,0.004336588573794956,0.004689694359401598,0.0033731974683320607,0.0030461344465416403
2010-12-07,-0.003462284653740551,-0.0031821418471449114,-0.004226466777087206,-0.008131036801994932
2010-12-08,-0.007775016434168129,-0.008009108766136535,-0.007136184552907741,-0.010977227442868739
2010-12-09,-0.00039229011814642835,-0.00025962161707527697,-0.0007542100119469999,-0.002143742312933109
2010-12-10,0.006148883194876996,0.006462751132451092,0.005292634247577034,0.002448807510535971
2010-12-13,0.00011524340895995475,2.6295654557281892e-05,0.00035773868130034906,0.004144018805798219
2010-12-14,-0.0024996203275487,-0.0026261538774270195,-0.002154363149429173,-0.0033633528340632256
2010-12-15,-0.00756184143215001,-0.007491666730769958,-0.007753118701352503,-0.011283109470899404
2010-12-16,0.0019880772053983654,0.00206628112302934,0.0017747891867298548,-7.375518195664881e-06
2010-12-17,0.004255949763273348,0.004374202364213433,0.003933281331800136,0.004733355818896947
2010-12-20,0.006711984187858829,0.006885792995746173,0.006237869177847651,0.004288700287102453
2010-12-21,0.007287979403198512,0.007559327339287393,0.006547539581336586,0.008110988104743186
2010-12-22,0.001602902011067851,0.001596983980941096,0.0016190134917707757,0.002406533964243746
2010-12-23,-0.0029301965332125843,-0.0028614064905988297,-0.0031179132941483653,-0.0029197537950597934
2010-12-27,0.005364912493336277,0.005499071934477307,0.004998944886978333,0.00400867723339688
2010-12-28,0.005120995351193128,0.005069470295152223,0.0052615712842518396,0.005201064005290974
2010-12-29,0.0025382258617357217,0.0025362537079367956,0.002543412725388172,0.006621073704316098
2010-12-30,-0.001501000370212699,-0.0014757314733291871,-0.0015700379534741907,0.0005989785578333916
2010-12-31,0.000916638772846852,0.0007587182188362403,0.0013472827688316015,0.005684954004528494
2011-01-03,0.009051073970286785,0.009779348935776509,0.010444099093448733,0.006761348944479427
2011-01-04,-0.01852493196233823,-0.01724577614050237,-0.014509367880979411,-0.011219219428494949
2011-01-05,0.004767279435870868,0.0032638194102290394,0.003962802562771213,-0.0010789671608932216
2011-01-06,-0.007173462519893403,-0.005040987447882342,-0.0035128051942913247,-0.006592485379439539
2011-01-07,-0.0024315581717573994,-0.001976071746091419,-0.001289604596278709,-0.0026490499180391908
2011-01-10,0.00434751816031671,0.0033262864657765444,0.002858996639099497,-0.0014989773667870776
2011-01-11,0.003804559125554267,0.0021617578129124147,0.0019459740846579675,0.004030243434588146
2011-01-12,0.005601573590951412,0.005107929266301035,0.005474317867756335,0.007923693631354232
2011-01-13,-0.002449216379070468,-0.001841489570455997,-0.0020743753856321684,-0.004078808883237779
2011-01-14,0.001545374990282328,0.001349498034620061,0.0019410543119359905,-0.0004923423983826538
2011-01-18,0.004289292741967667,0.004434068923063754,0.005176357194973407,0.003738830634981348
2011-01-19,-0.009937244717649932,-0.011324814512885218,-0.009281453094859506,-0.005483291917647981
2011-01-20,-0.009713012404070675,-0.009735583958580705,-0.008767256439266482,-0.009168283601241563
2011-01-21,-0.00036479057762290527,-0.0022593387194424727,-0.003140418928889627,-0.0026561113506856976
2011-01-24,0.0005745284428637313,0.002989253636330651,0.004867981869198019,0.002183257438243447
2011-01-25,0.0014231134953403566,0.0038607725420240105,0.0034794750002507097,0.0017530540512745345
2011-01-26,0.010232484755911727,0.007329495522542176,0.0061072979928422965,0.0049280737864357965
2011-01-27,-0.0031951498690665145,-0.00124546546090205,-0.0005222661760655124,-0.003317883830506494
2011-01-28,-0.0037582013261854472,-0.0079794869094138,-0.009509268359569905,-0.008118471072712297
2011-01-31,0.00711821257444879,0.005072337324094926,0.0051947977372830256,0.005888847551701837
2011-02-01,0.009339024741462917,0.011549865941659434,0.010817212885041646,0.010421178455820397
2011-02-02,0.0021506727132207196,-0.0017019759191819616,-0.0016522508677125117,-0.0018261677177215491
2011-02-03,0.0008656353988097203,0.005286037864757498,0.005741291221713133,0.005289463658386334
2011-02-04,-0.002546032489191157,-0.0012914819688518593,-0.0015600535996968142,-0.001652172724879091
2011-02-07,0.0034218563649421815,0.005839050602709559,0.005391205215893336,0.004543960541760289
2011-02-08,0.006460371490377084,0.007127043634027458,0.007312060333015173,0.006663318245527269
2011-02-09,0.0010829887003511339,-0.0010899261726421091,-0.0009104026005653677,-0.0023676587082788556
2011-02-10,-0.00028675885869017525,0.0018673762647283064,0.001609441360582613,0.0005101541033474748
2011-02-11,0.002567204642939648,0.004701342996785688,0.004019416427256616,0.003933735816203188
2011-02-14,0.002765494258668984,0.0027263379163621274,0.002709946838164839,0.0018269523035358958
2011-02-15,-0.004492313144769283,-0.00042071906208550396,0.0001945170546382859,0.0008723171227581661
2011-02-16,0.0049167109653087985,0.004038937648247582,0.003713382790249922,0.0035602619302684594
2011-02-17,0.0019200190327504643,0.003010745356473239,0.0030105705400905606,0.0026303919024933983
2011-02-18,0.000463758383879143,0.0013707257802016478,0.0014471009899109171,0.0018776938200766049
2011-02-22,-0.01088030756879853,-0.013386660994693739,-0.011906881340757325,-0.011991791945707273
2011-02-23,0.002801908613675159,-0.00524014845474788,-0.004035918507384152,-0.0022206810070138855
2011-02-24,-0.004105670911424277,-0.0016649123886314896,-0.002303248892950931,-0.002735768280982176
2011-02-25,0.017155228619635282,0.015089116609448347,0.01432712989687459,0.013006958957747158
2011-02-28,0.008515248653561512,0.008749371277780624,0.008792750466279291,0.009254965811153218
2011-03-01,-0.006694908711810191,-0.011701998469455768,-0.010590804445405631,-0.010398273230048766
2011-03-02,0.004490030805229145,-0.0008208042797490699,-0.0009682620528123164,-0.0010030849375871427
2011-03-03,0.011761180189680523,0.009674973861414393,0.008608439375568693,0.008409473072726752
2011-03-04,-0.0033261273185074512,-0.0025188401896884065,-0.0021195833642091676,-0.0020957886726013205
2011-03-07,-0.009746793882838844,-0.007624965074896758,-0.007056659083151339,-0.006884155961202995
2011-03-08,0.0011519919512766445,0.006867616268014898,0.006294568727219597,0.006116318989726508
2011-03-09,-0.0010759084413685578,-0.0027661205368470143,-0.002639466376340394,-0.0026271960913315674
2011-03-10,-0.019346318120119454,-0.015797966261903898,-0.015373102725308023,-0.015160177435383008
2011-03-11,0.0005766416542564527,0.006128748523035928,0.0061515327344850886,0.006121969866461281
2011-03-14,-0.0062450111462129055,-0.003516294161852981,-0.0032175881979517166,-0.003204007791815596
2011-03-15,-0.022311362432016486,-0.012026212075018677,-0.012321410357032677,-0.012282502784501527
2011-03-16,-0.015863180432655145,-0.0130095079143111,-0.012734152238462016,-0.012694658585707551
2011-03-17,0.022406472268440225,0.006791444995362163,0.0068936730139229655,0.006983269425157044
2011-03-18,0.006455065315546175,0.0068469458254019604,0.006740143839177567,0.0066514958434057535
2011-03-21,0.01665326989205908,0.013553041883141763,0.013026413535478551,0.012849470816358524
2011-03-22,0.0002571785495033487,-0.0033274166431174444,-0.003185795347849558,-0.0031251481759714656
2011-03-23,0.0026350027240761844,0.0012902545126249687,0.0014765613345496316,0.0014319742676863832
2011-03-24,0.01095888758596968,0.0053269013677182606,0.004896357419013796,0.004833609101175821
2011-03-25,-0.000911793176160649,0.004298887110837423,0.004042069628752737,0.003954869591204126
2011-03-28,-0.0060425244377073535,-0.003682517659554717,-0.003774526717452734,-0.0037483178921548198
2011-03-29,0.007013136131555316,0.0047036209465945245,0.004354503843707655,0.0042625450924408765
2011-03-30,0.0059170546475003265,0.008358497334086872,0.00806486588007433,0.007946413741453688
2011-03-31,0.004118051962816592,0.005619829027490268,0.00576982672459842,0.005728165774358923
2011-04-01,0.00514293351776212,0.0021219119792085465,0.0008569088278242078,0.0004440850006075212
2011-04-04,0.003265925780670704,0.004719496419667224,0.00274401822195184,0.0009824134861021187
2011-04-05,0.0009328417687117447,0.006762668504767882,0.0055928687980379335,0.004081693172552702
2011-04-06,0.0028169627299928605,0.0022873069259959143,0.001885989039195063,0.002060145793095657
2011-04-07,-0.0015229591203063878,-0.002048697281570866,-0.003477985958088978,-0.003321000558133734
2011-04-08,0.002658445544427192,0.005669970176838288,0.002813547380570466,-0.0010896472625672937
2011-04-11,-0.010404374709108995,-0.010284760045504989,-0.006644671103391173,-0.003874753030425659
2011-04-12,-0.013999078498883056,-0.012396949148841752,-0.00861143733254878,-0.006300996389739317
2011-04-13,0.006126754869888275,0.0032054098644682684,0.002582832973346575,0.003451458105074577
2011-04-14,0.0019409034747148873,0.007646409949936791,0.009205868127385943,0.008007104341558716
2011-04-15,0.004336374170293505,0.008617789921461472,0.008452003047736282,0.0060467430163120926
2011-04-18,-0.011407911918965863,-0.005865077232363098,-0.00463769741425982,-0.005046141657886211
2011-04-19,0.003476951088051543,0.0009572068205612892,0.0030844636716541025,0.005439733026172582
2011-04-20,0.02003008629229401,0.013222036760740389,0.012251198974471448,0.013421176822170634
2011-04-21,0.00767916369189856,0.005573211646429164,0.00550374842078479,0.005638544758932681
2011-04-25,-0.0012878088234505127,-0.00030954635725788984,0.0018642222744104599,0.002369007873303022
2011-04-26,0.005449625471527919,0.0027699626113969877,0.0033211817817824034,0.0040551088430978805
2011-04-27,0.005460183509327717,0.010117328142906527,0.010477658560728674,0.00990741607004939
2011-04-28,-0.002078269745706765,0.0017786643302236448,0.004329729661088949,0.004163986692772385
2011-04-29,0.004565972920217988,0.008743158801830095,0.0055909584964015085,0.003642621326434284
2011-05-02,-0.010561870094316427,-0.0076008355064256985,-0.0071157972653662655,-0.006719811814992842
2011-05-03,-0.008461669808515777,-0.008024783115900144,-0.007894616607484601,-0.007706505859675501
2011-05-04,-0.013135854255843803,-0.012106876290146418,-0.010046236657489117,-0.00994776983818812
2011-05-05,-0.030664375858423933,-0.029401662816388483,-0.010763501719142464,-0.01001763234234136
2011-05-06,0.004805125092388455,0.0007610295484604105,0.0030905321303251352,0.0029090394315953593
2011-05-09,0.019179368939394214,0.018011520004874635,0.009703582341932799,0.009436330011234992
2011-05-10,0.009236368610601916,0.010060815107417742,0.011243572108488576,0.010161795828893972
2011-05-11,-0.01865275318993344,-0.017390400376707044,-0.012185863002841017,-0.011559620537843597
2011-05-12,0.003653287114745239,0.0017857381322590304,0.003833605271353043,0.0030615004009829218
2011-05-13,-0.006811473372178033,-0.006027885761942615,-0.010516202549833866,-0.009309177569007636
2011-05-16,-0.01057299977665614,-0.00547603565931334,-0.00620127373033227,-0.0042317227961828595
2011-05-17,-0.0012366443516296105,-0.0009823572903171409,-0.0020683664309324914,-0.0021914385389181492
2011-05-18,0.013280952458477187,0.012295789425161751,0.01014541293730293,0.00926710172356651
2011-05-19,-0.00130990257241819,-0.0007603395209878152,0.0023189134744678844,0.002106260517027831
2011-05-20,0.003627025006413688,0.0021830475564590455,-0.0028198241458568182,-0.00221682822185911
2011-05-23,-0.010978566967278825,-0.008975057437351334,-0.009238738904643136,-0.008054615267399595
2011-05-24,0.003540800634134794,0.00601311402452234,0.0003883898479543069,0.0012262707225573894
2011-05-25,0.009579600322803774,0.008065525827517909,0.0055414008639584076,0.005000266295678282
2011-05-26,0.00494812041552088,0.005711419928620776,0.007854512582458837,0.007765927352091992
2011-05-27,0.007266298161411006,0.007098160196825606,0.007272670124115943,0.006978457940794113
2011-05-31,0.0074625014119749,0.007762917709097838,0.010532016741208437,0.00908606471465949
2011-06-01,-0.02282216078700944,-0.01772119786581239,-0.019903536742289497,-0.017357887501930975
2011-06-02,0.0024095266482046475,0.002331550767054008,-0.0028880922412219904,-0.0038943580420300636
2011-06-03,-0.007303815344030547,0.0021503370778302327,-0.0032531879674096886,-0.001572677204404703
2011-06-06,-0.01231990382243003,-0.010603671165878934,-0.009630467748299277,-0.009069031015278646
2011-06-07,0.004042729935292271,0.007639442984250505,0.003579054280231998,0.004128114273199363
2011-06-08,-0.0032954667745913636,-0.0028776481291948553,-0.0061258150548787384,-0.005390259349456394
2011-06-09,0.0027367378034646216,0.003292604325816894,4.382402745623351e-05,-0.00034505422667724346
2011-06-10,-0.015055720671170177,-0.017360146825955883,-0.016518639683389763,-0.01522428350438551
2011-06-13,-0.0024146233066179904,-0.0020428678658401004,-0.0025618388492857076,-0.002469703668004939
2011-06-14,0.013870230653219757,0.012033027179110955,0.014023118009095392,0.01254769088472055
2011-06-15,-0.02068082017973176,-0.021741035423501923,-0.011164516085039817,-0.008871890070574238
2011-06-16,-0.0009000931796476325,-0.0009066142403543736,0.0023721229844424906,0.002534659271487162
2011-06-17,-0.0012374477065924963,0.004402784635406035,0.004578070354003901,0.004933186241486373
2011-06-20,0.0038950446713838546,0.000898639411324936,0.007105324153368558,0.006591059147428656
2011-06-21,0.013923661061976513,0.01006852542526423,0.012452852018139013,0.01038809318638081
2011-06-22,-0.0034357036232245232,-0.002323120475586878,-0.003465469252939268,-0.002672149807981017
2011-06-23,-0.004436529548070879,-0.01526110444930204,-0.009243734765136763,-0.009936337111476169
2011-06-24,-0.010286225440813293,-0.00919811994746071,-0.007426001884598854,-0.0056502661067638765
2011-06-27,0.007446920167229402,0.003511341694223032,0.0041197602274307635,0.002283630718221543
2011-06-28,0.015250016559077569,0.011863262518434595,0.009687619037852363,0.007629276540233409
2011-06-29,0.00913196983802393,0.01398998411170064,0.006904189783149251,0.006334801012777825
2011-06-30,0.0032758238715317814,0.0012378116827842717,0.0019174750502673995,0.0007858948812627079
2011-07-01,0.011715484950507499,0.011324486261541485,0.008653871025151142,0.007116118617886024
2011-07-05,0.00753637823588187,0.007028438297175125,0.009041122298264988,0.008378495423044809
2011-07-06,0.0036339233727331493,0.002837607096818971,0.0064335953500227975,0.00385387123546249
2011-07-07,0.015998783938086607,0.016213340226230465,0.009669277366616876,0.008546888238976137
2011-07-08,-0.002788648705762883,-0.0030596578699799005,0.00021417891050886308,-0.0009479320006740776
2011-07-11,-0.01571170982318931,-0.01585548511485734,-0.009791578657755866,-0.010687964486231747
2011-07-12,0.0010768500921775057,-0.001006476489582126,0.001215629317419741,0.00042822951131339166
2011-07-13,0.004387337084228821,0.007045389347086016,0.002790419162774511,0.004215066999773964
2011-07-14,-0.010425247621530204,-0.010860327792256956,-0.008020799259786526,-0.005102766694253867
2011-07-15,0.009350911727781486,0.009781873187095756,0.007601047285196817,0.00684610314228698
2011-07-18,-0.00911039734974457,-0.008798252064562476,-0.004929556184000014,-0.002370774202403384
2011-07-19,0.016022658149916734,0.01728919261543787,0.010160196238127875,0.006398350605704049
2011-07-20,0.0021118961040686958,-6.962372943729147e-05,0.0036755263044874922,0.005172668749287699
2011-07-21,0.004329027611433863,0.0040711947462943624,0.0031183689539047697,0.004380751566700027
2011-07-22,0.005422562974628651,0.006447497326529988,0.005327362366381661,0.004846651290364222
2011-07-25,-0.007922512899055448,-0.006534777020668272,-0.004443559957067302,-0.0016900903256008434
2011-07-26,0.0010035470208404865,0.0010577044216205063,-0.00041064469914980375,0.002610290322098693
2011-07-27,-0.021971834960408283,-0.021549168899637813,-0.02032395574968609,-0.016016989222931013
2011-07-28,-0.0009920664847118908,-0.0008523711898110739,0.00028531538196684657,0.0010393462254619477
2011-07-29,-0.003145841523690705,-0.003795470640095969,0.0018468840959964218,0.0025955205570862253
2011-08-01,-0.00538653967337015,-0.0031289098475176425,-0.007650633735912053,-0.005463859803769489
2011-08-02,-0.00539394048472265,-0.0034770226028746484,-0.013057768691486825,-0.009757342408694173
2011-08-03,-0.0048129348637675805,-0.0009706381077518664,0.00101358184728609,-0.0035369291957041437
2011-08-04,-0.03479451351706842,-0.03291617165842738,-0.03620881787907446,-0.031024979712793544
2011-08-05,-0.0051514633819273155,-0.00030509803322340006,-0.009045841267935896,-0.008759094428773668
2011-08-08,-0.035963963070973146,-0.027941106545411577,-0.042863108418670345,-0.040177322833784994
2011-08-09,0.037095334071924294,0.02672763703060816,0.0511203724641451,0.047216596670245824
2011-08-10,-0.0025333354102519837,-0.005263996658366629,-0.01346816699997618,-0.009718159024014262
2011-08-11,0.020274621396070558,0.018130011127512894,0.027173874280514095,0.02154113046966298
2011-08-12,-0.0005751421589723188,0.001487446435340665,0.00185015624504231,-0.00012472266606574896
2011-08-15,0.019821391024248538,0.014134141890278631,0.02142788455446435,0.020800246462027258
2011-08-16,-0.0005980165897647259,-0.0006760888336640968,-0.0015742745060420937,0.0009206780186075003
2011-08-17,0.004061511907359014,0.0016907445229385732,-4.2468603653125534e-05,0.004020833149226236
2011-08-18,-0.022005430126259877,-0.02211039530945924,-0.028108275265804183,-0.02047785618531577
2011-08-19,0.0017626419519643564,0.0019380623971125474,-0.009164539116019298,-0.005557289473353491
2011-08-22,0.007765029483754066,0.008978063281504177,0.008800770417853576,0.007332178644385909
2011-08-23,0.0064477880248303325,0.009035886193404397,0.013326003589112914,0.004322803556970747
2011-08-24,-0.007618030224613097,-0.009387096024021109,-0.0023735289156712005,-0.010366627021992147
2011-08-25,-0.006068204728400152,-0.004774339946345988,-0.01170003230778479,-0.008990070567964702
2011-08-26,0.01949496377419755,0.022185047029828514,0.02245235359692988,0.01728411027070662
2011-08-29,0.011288732637823689,0.00804988786896731,0.01730443947745317,0.013496613410275762
2011-08-30,0.01475570020702902,0.015585396503735745,0.01239135422516979,0.010892007995400996
2011-08-31,1.988990660652742e-06,-0.0015282596817310925,0.0013436520582132947,0.007074653928687489
2011-09-01,0.0030829248231175233,-0.006707168095642933,-0.007065938897215,-0.004090907286339001
2011-09-02,0.01484029228609803,-0.003283057457046368,-0.0019713431495994474,-0.0025224937893921573
2011-09-06,0.0011231966036768935,-0.0017851128573239364,-0.0028436713613603708,-0.004097415795238818
2011-09-07,-0.008776517432913054,0.004561148432883076,0.0070196870946407745,0.009522155785066473
2011-09-08,0.007932809322836677,0.002803155745144903,0.0032485883767756174,-0.00028931434375724087
2011-09-09,-0.0065013305825025475,-0.016191084427120774,-0.018188879764095348,-0.020875723014871877
2011-09-12,-0.006764234735213084,-0.0027122602663687567,-0.005148250850468936,-0.0059998571221237165
2011-09-13,-0.0017826761334172267,0.007877463666136278,0.0042941561140894995,0.0033900882821426685
2011-09-14,-0.00048652197518007836,0.0024030994846462937,-0.00029695717495098386,-0.00016136710572882849
2011-09-15,-0.006450954248582961,0.0023342084980669266,0.0029183563353711935,0.0035542178796913126
2011-09-16,0.004615771073624119,0.004368023180270657,0.005293368534468985,0.006995450619378188
2011-09-19,-0.0061735541189946175,-0.01139170769161561,-0.016228622819105056,-0.018493244743136496
2011-09-20,0.00495450006758538,0.0008723693725865376,0.0031466264569572394,0.0021723067238730545
2011-09-21,-0.003518217654890069,-0.017086467755104192,-0.025732866205249963,-0.02827755101774908
2011-09-22,-0.009605321101153955,-0.030989640916034816,-0.029001963255900303,-0.03368447621333721
2011-09-23,-0.026586022633430937,-0.01752761230734666,-0.018469192030262472,-0.0075731018869744276
2011-09-26,-0.006570976814698815,0.0022277146786033202,0.0022019716096167282,0.0034135936657963446
2011-09-27,0.00727645552332059,0.01615034074649217,0.014898589706806551,0.01726308019426117
2011-09-28,-0.018960947790189038,-0.02459974654281892,-0.025415598639633313,-0.025157123436905324
2011-09-29,0.010001190663872632,0.004527355705545095,0.009842060638918945,0.011984945263922879
2011-09-30,-0.004788080096724389,-0.020463690118200463,-0.02022297559250321,-0.02069038118656819
2011-10-03,0.016724330276856665,0.006970530905063347,0.011820703025413477,-0.018473345478013912
2011-10-04,-0.012397102807742628,-0.004342826620200856,-0.007582501106475269,0.013335778304483457
2011-10-05,0.00046424429807479087,0.008588660254903457,-0.0008031007279495867,0.010927085178576655
2011-10-06,-0.006091547843088739,0.0007484105449574664,-0.0029455829945843827,0.018515383206917306
2011-10-07,-0.006310975208616451,-0.007167940517964457,-0.009007310416698446,-0.013985340362542589
2011-10-10,0.0005033016867490662,0.012794361318774346,0.005305029344248642,0.03752970352162636
2011-10-11,-0.001888749817216491,-0.0007839647463312747,-0.004143819704016316,-0.00601582083530452
2011-10-12,-0.003085618406660784,-0.0010658817591705657,-0.0016020074865181451,0.011355735924099233
2011-10-13,0.002513077101050022,0.0043795637944418885,0.0017720834299256364,-0.0018562752769595826
2011-10-14,-0.0038752595631423195,0.002746034172163203,-0.0014978931308258692,0.01655469918475202
2011-10-17,0.0056460190531887515,-0.00023210469404645392,0.0035494864240350472,-0.01596205421143019
2011-10-18,-0.0032731227374782038,0.00030970270634016157,-9.579965668121216e-05,0.01552645080503119
2011-10-19,-0.0030308710887617337,-0.009394608566274432,-0.004443847630119029,-0.01481813577636132
2011-10-20,-0.006465323327954006,-0.007757641580542929,-0.0061228674639037155,-0.005643916129245242
2011-10-21,-7.259543874720314e-05,0.003732130904165621,0.002894621673219674,0.01983789317253611
2011-10-24,0.0036923096523526705,0.00950657905011163,0.005662460173423492,0.020413720113335768
2011-10-25,0.019203919576483715,0.01109778735546425,0.017083219815412595,-0.004247460660261963
2011-10-26,-0.004234062934817102,-0.003062096610459528,-0.0034266926230445164,0.006969159703824727
2011-10-27,-0.009953530588509837,0.0007539040741838438,-0.005187729434114134,0.032452266851504846
2011-10-28,0.00546732805777513,0.004338618787684613,0.00528587278092353,0.0003544840151655462
2011-10-31,0.012115259172260051,0.00416625461392107,0.010765521978230464,-0.016189011287867854
2011-11-01,0.014212565161277413,-0.0021407948338117355,-0.0021407246843398453,-0.019311878372410104
2011-11-02,-0.001082663943404554,0.005877348743240891,0.005877222322961867,0.014004494308041522
2011-11-03,-0.0007573024606987806,0.006805896048640356,0.006805981361236852,0.015884324153303844
2011-11-04,-6.364890222497637e-05,-0.004100522663946665,-0.004100481436096158,-0.0060773409670209525
2011-11-07,0.00910553222343971,0.009919164316618339,0.009919237200611001,0.01026270378339086
2011-11-08,-0.008294193365091074,-0.0012729286270005634,-0.001272943752848823,0.005830931873747871
2011-11-09,0.006095632020800703,-0.013526378717798774,-0.013526255316718005,-0.03193447460272114
2011-11-10,-0.008052612215857829,-0.006198132614990265,-0.006198121617733811,-0.001365665123159477
2011-11-11,0.0015542774141970004,0.013069083892186611,0.01306897439930531,0.020812803214832025
2011-11-14,0.005385979739738327,-0.0026626997766227042,-0.002662550216153276,-0.009842632305467605
2011-11-15,-0.0006308373265805232,0.0032244154618266043,0.003224452557142981,0.006413957209137226
2011-11-16,0.0003099782981394564,-0.004979404784195955,-0.004979497554503291,-0.013392892734852505
2011-11-17,-0.005493107012242765,-0.01316190822425011,-0.013161958969435665,-0.022500831214263474
2011-11-18,-9.774262548950057e-05,0.0019957138472233293,0.0019955370118701146,0.000884865103461294
2011-11-21,-0.005165779005587871,-0.015084932133087646,-0.015084848754763625,-0.023578086521489596
2011-11-22,0.007326978825437526,0.005611636752648042,0.0056117245658353025,0.003341653397788905
2011-11-23,0.0025865563145362914,-0.009229580950933583,-0.009229489873678644,-0.019544371219731748
2011-11-25,-0.00926362340491154,-0.006404624627969352,-0.006404774170284093,-0.004016978706605594
2011-11-28,0.005855364491484414,0.015965696074414937,0.015965858042180325,0.027439659886457943
2011-11-29,-0.002809159736241241,-0.0030795420545886958,-0.003079590812087137,-0.0023444581683324662
2011-11-30,-0.00013951814377735272,0.018832237991049917,0.01883212131513832,0.036462387654268506
2011-12-01,-0.0022414610219859262,-0.005215935375661868,-0.0006746729359115902,-0.001515444642626164
2011-12-02,0.006722367956271776,0.005142021292739349,0.004568161926961065,-0.0010117911763002443
2011-12-05,-0.00445198482138535,-0.0030190685172689657,-0.0022798720792176715,0.002962438530991797
2011-12-06,-0.0026333942319647996,-0.0012613718450340773,-0.0016159344031939095,-0.0009972389459889023
2011-12-07,0.005235503895579416,0.005666395001134201,0.0023859956340724613,0.005800075212138097
2011-12-08,-0.0011226442066774207,-0.010387705052057786,-0.008625789146280965,-0.021273197311285963
2011-12-09,-0.007853906597484455,0.001543090948448357,-0.00023108043447167662,0.014084029999997992
2011-12-12,-0.003562498155861737,-0.011216298142402197,-0.009259050133369435,-0.020146362103537735
2011-12-13,-0.002040372284169979,-0.006875069660514197,-0.006649009410128821,-0.01425917336768466
2011-12-14,-0.0034324204778293796,-0.00665370242452394,-0.013091698153264848,-0.014790528151367013
2011-12-15,-0.00230679815521175,0.0023078514345299386,-0.0035293009707042925,0.003724172002554655
2011-12-16,0.011223709254765925,0.013344320790540445,0.01156350450536477,0.011311143110547909
2011-12-19,0.004480592981396229,4.763965706869438e-05,-0.00030548833872349427,-0.008638581658040502
2011-12-20,-0.006180360830312669,0.0080042433103,0.007798211018678134,0.02603335621814375
2011-12-21,-0.005222191398314265,-0.0032197428872906514,-0.007404961111028754,-0.0037355121077930218
2011-12-22,1.6614917452870027e-05,0.003545735545558322,0.0017902648277712176,0.005978892866501758
2011-12-23,-0.0043546508361613796,-0.0010281786072296297,0.0002564137054847201,0.004810953771002199
2011-12-27,-0.0007124467132977817,0.0005232063829628359,0.0003016533721783989,-0.0010807090335021184
2011-12-28,0.00011455216853910786,-0.006740766876619949,-0.006614841896020587,-0.016157896510669633
2011-12-29,-0.0005052921883533172,0.0021247287818640507,0.001633319271592087,0.004541508651939568
2011-12-30,0.00573961224265209,0.002824287103972274,0.0032546462668626218,0.0012249196684054327
2012-01-03,0.0012706646531213054,-0.0012869590431666617,0.011068043413689969,0.019098569287612978
2012-01-04,-0.002911275071471157,-0.009132928782314052,-0.006831315046975547,-0.0029064305076753373
2012-01-05,0.0011410176807254769,0.003024068038777722,0.006638191749536602,0.006896677483538238
2012-01-06,0.0028299870076831713,0.0021944007167357944,0.00031238467687736055,-0.0023093012905910687
2012-01-09,-0.0019588522120921005,-0.0019559396829179464,-0.0008229495156614608,-0.002312619141745853
2012-01-10,0.003277912184230154,0.003592201831815553,0.009388275844163753,0.011794920279082171
2012-01-11,0.007581021080612819,0.008410561510794466,0.0054076026117931796,0.004754701952420297
2012-01-12,0.0005109695247055107,-0.0028047735932633655,-0.0003472928936785355,0.0007274779572518753
2012-01-13,0.002587182483317861,0.0042938713717641285,-0.0006886552676221444,-0.0034124957333309617
2012-01-17,0.004315274529848445,0.004918630941878891,0.00565256088676219,0.009443455219300675
2012-01-18,-0.0027115367243440423,-0.0017926042382754265,0.009564853327541858,0.010653527114770191
2012-01-19,-0.006650376086526008,-0.004989942308598867,0.003078976663567856,0.0032013082684089825
2012-01-20,-0.003099173630057069,-0.002035509717417459,0.00021636506303202284,0.0029234223062951726
2012-01-23,-0.0006895323122585345,-0.0004329215680860269,0.0004288276043763258,0.004537426133466044
2012-01-24,-0.0008679328318799861,0.00247600938609331,0.003564857691150491,-0.00022924761799395776
2012-01-25,0.00922294129119974,0.007297808530120102,0.009711564672025847,0.016919016478340355
2012-01-26,0.007894683037208776,0.00819086144942119,0.002352424733462076,0.0021887057684004296
2012-01-27,0.005049610780357513,0.002967207999118612,0.0032751065241043978,0.004564768550507426
2012-01-30,0.002754831055509541,0.001765911351787348,-0.002718562799588985,-0.005091452584730941
2012-01-31,0.007175298864244632,0.006824114951884084,0.0029844257204674936,0.005010260214620021
2012-02-01,-0.0036368803192663958,-0.0030462580429576986,0.007988860581072137,0.008332315209081623
2012-02-02,0.0031415838488270792,0.0031598497581947437,0.004814218008949021,0.004439876490441044
2012-02-03,-0.014948944667197128,-0.013409856256002077,0.004495812459633389,0.004492477631635941
2012-02-06,0.003246468817354534,0.002672724529289566,-0.0023379120019775827,-0.002934636332217414
2012-02-07,-0.0013200381278504541,-0.001384905342909958,0.004330115216716765,0.004416733563940405
2012-02-08,-0.0016431071521881343,-0.0015714301905252013,0.00021413153792933747,0.0009043887043833197
2012-02-09,-0.0041015325145617254,-0.004513415249330454,-0.0013764138422201475,-0.0008936459046000628
2012-02-10,0.003921800368228864,0.003090061174704405,-0.007819926652010182,-0.008892931305877837
2012-02-13,0.001193869922544094,0.0018649184741711272,0.007788333567927225,0.00832310436456072
2012-02-14,0.001594277285218357,0.000495559898745836,-0.0034507002615588823,-0.003908882999173679
2012-02-15,0.001332611847513039,0.000873282539081276,-0.002930653373131518,-0.0018672430643447637
2012-02-16,-0.004132439844550601,-0.002906206905567234,0.008959534347410234,0.008320028139969899
2012-02-17,-0.0017069366261211183,-0.0014717219116467878,-0.0018749432825578096,-0.0016013294510438829
2012-02-21,0.0020084047783551985,0.0006164082044035488,0.0020866823651550744,0.001991752075428091
2012-02-22,0.008939831010142446,0.00747095046431979,-0.0013316812968472275,-0.000488967739904322
2012-02-23,0.0007050417989458624,0.0018165649995553015,0.007370446443737075,0.005660664972953637
2012-02-24,0.0008890046718959216,0.0009417121601327424,-0.0001379986547165529,0.0012641071160733608
2012-02-27,0.0030989127000415457,0.0025686052753430837,-0.0011566444481400792,-0.0020785302188019517
2012-02-28,0.0025984273179778914,0.0016983937365821758,0.004152100787914268,0.005861971112415734
2012-02-29,-0.018837329542288412,-0.01933911686947629,-0.01997291486238314,-0.01781822988010563
2012-03-01,0.003463576634665013,0.0012320757232447352,0.009735193982541107,0.009125652228119155
2012-03-02,0.0025017466793414984,0.0034587767802379188,-0.006216961449645342,-0.0014488297918811783
2012-03-05,-0.006924455441036647,-0.005258695514398954,-0.004481370926020524,-0.0037465484472929424
2012-03-06,-0.004226925485429595,-0.0014248297635834223,-0.015896847034276976,-0.016468316287292735
2012-03-07,0.0020007569039960297,7.927313718757872e-05,0.007297086034623188,0.007195337604537378
2012-03-08,0.0029591260357843072,0.00021474732182657445,0.010971756460389549,0.007384315277921727
2012-03-09,0.003767212400639682,0.00278053755084655,0.0075830056387416215,0.004287507590728436
2012-03-12,-0.0023039253506996044,-0.0024537178536073083,-0.002948145833839073,-0.00128872360101712
2012-03-13,-0.005448597308666061,-0.010602191093766648,0.006958032705686625,0.01173701081149354
2012-03-14,-0.01270888881695744,-0.01569400389749698,-0.007141072288265301,-0.006327534321315594
2012-03-15,0.004126291008737757,0.0034963599443597394,0.006277266011945989,0.003986015386158851
2012-03-16,0.000762059980284463,0.000844801044058975,0.0011770871914091423,0.0016675775829123778
2012-03-19,-0.0015355196476039884,-0.0041760831792739695,0.0050200972016769116,0.004054342251403157
2012-03-20,-0.0009252223721556428,-0.001185525041682406,-0.006080110966880607,-0.004778965944312425
2012-03-21,0.004096479557092097,0.005085624618356235,-0.0001178277909374248,2.8753490978941006e-05
2012-03-22,-0.0007314100915649058,-6.068256931520314e-05,-0.00550870161207134,-0.008079317701031307
2012-03-23,0.00671114112204802,0.0075705254008289,0.007410442057254185,0.005867154917275375
2012-03-26,0.008920319819138557,0.005191945732534297,0.0172607149850668,0.0158224678119405
2012-03-27,0.0010347733997724384,0.0018482849769750783,-0.004183249627921257,-0.0020583337625788593
2012-03-28,-0.00496369409370471,-0.004519797129841485,-0.00708088216613941,-0.0068617378859480455
2012-03-29,0.001091665774043373,0.0026891058105111194,-0.003824384944007145,-0.001536007479988737
2012-03-30,-0.004578238935835191,-0.005176878912505116,0.0011348583020911408,0.004296767012592009
2012-04-02,0.006995236446288188,0.006995234371620242,0.008807722588178538,0.008092559852432065
2012-04-03,-0.011292093724554753,-0.011292079867194648,-0.00616703809459011,-0.007352990403986988
2012-04-04,-0.006090025632241936,-0.006090006868190834,-0.013913566350618882,-0.013991295099578744
2012-04-05,0.005758902698252541,0.005758889542670587,0.00109125337043244,0.002213373479304829
2012-04-09,0.005698785859776105,0.005698776261663489,-0.007727854404506443,-0.005450066948652431
2012-04-10,-0.0003160069573867827,-0.0003160318050197941,-0.01430673672820273,-0.010916955518072957
2012-04-11,-0.000917517050040511,-0.0009175084903173788,0.008293432738264118,0.0068794666583340165
2012-04-12,0.006598253759207862,0.006598248981244814,0.01251856734342755,0.012102174813196403
2012-04-13,-0.0035267886957821557,-0.0035267690823009923,-0.010729793459602517,-0.010554344530610816
2012-04-16,-0.003153047856708481,-0.003153028825493061,0.0006404822525721125,0.0002406309771614201
2012-04-17,0.006379073334494777,0.006379074207461225,0.011511005822671123,0.009960016833282466
2012-04-18,-0.002323970970958233,-0.002323967825365452,-0.005496704964640686,-0.005330974648851345
2012-04-19,-0.0028695803881086707,-0.002869576187214115,-0.004465971467748469,-0.00382682978587278
2012-04-20,0.0006561366373237393,0.0006561476387773933,0.0041968211717220635,0.003696617094112993
2012-04-23,-0.002477621853326028,-0.0024776233515290936,-0.00934556433090621,-0.008272475843899053
2012-04-24,-0.001791422542896459,-0.0017914106064335147,0.004779470647896193,0.004174618906400902
2012-04-25,0.008187987616931302,0.008187983911419935,0.015129941549300578,0.01379509055598398
2012-04-26,0.006459458811237513,0.006459449730987131,0.006257231744396534,0.0061537693801042076
2012-04-27,0.0033937450555985254,0.0033937463510905997,0.0059469233964734,0.00538967430129137
2012-04-30,-0.0013943359835262741,-0.0013943390378782178,-0.004708532210593203,-0.0033150488605897276
2012-05-01,0.0020097537107314997,-0.0005231239517930154,0.0018457893704192114,0.002808054652840839
2012-05-02,0.002701983001268334,0.0033839208381075034,0.0020595928086625643,-0.0006885080410769169
2012-05-03,-0.0043068461211317795,-0.0036295628360035574,-0.0053061583042326495,-0.0086533489753519
2012-05-04,-0.00735011062459799,-0.004792506195283975,-0.007433686696495648,-0.011057053587370745
2012-05-07,0.002415004892635244,0.0009488483043372228,0.002198770428296531,0.0019244193300233636
2012-05-08,0.00016667422599623804,0.000985029979430198,-0.0019960287402121797,-0.007530790321970815
2012-05-09,-0.0016033373674613212,-0.0007936033266213591,-0.0026688823209367798,-0.005400313823128439
2012-05-10,-0.0014017957690155354,-0.0018371714685718676,-0.0010663220578877467,0.0005863014153692197
2012-05-11,0.003405649438469919,0.003637672044070908,0.002293924973939989,-0.002003215116033849
2012-05-14,-0.0019668388359372867,0.001447158478550273,-0.003860614998478614,-0.012288221935108895
2012-05-15,-0.0013246795793408058,-0.0002185293525784358,-0.002403381099188883,-0.005897759093350057
2012-05-16,-0.004404319336239466,-0.002050476124992255,-0.004666102902470634,-0.006623801045309808
2012-05-17,-0.009412981213553292,-0.0028264607788822857,-0.007552199788630968,-0.010662290817275301
2012-05-18,-0.0075259630271925886,-0.0052310841469424135,-0.006315569030505285,-0.00503918762990888
2012-05-21,0.01402820751030308,0.009152968062003362,0.014353818906581179,0.01746768987008762
2012-05-22,-0.0033144152076421784,-0.004128362047434395,-0.004761431331987563,-0.005346320160766134
2012-05-23,0.0033507821134348133,0.003587062697129058,0.0027863228203080116,0.0007455451867858297
2012-05-24,-0.001982255408540532,-0.003305534379031942,-0.0019061136653693745,-0.0008313680759947681
2012-05-25,-0.00016563466463275615,0.0012089435261267974,0.0003831348252890054,0.0008729468827989933
2012-05-29,0.007070902651150663,0.004062793644328935,0.0060677101208248835,0.0062663408201884836
2012-05-30,-0.0010956700612386385,0.005560270913891674,-0.0014587245616677885,-0.009806255727326445
2012-05-31,0.004833613187993243,0.004095562607853524,0.004254285166758046,0.00026892305774592015
2012-06-01,-0.011204577585081619,0.002337027783829643,-0.007336857856866227,-0.015651351433592114
2012-06-04,-0.0023820882365641286,-0.002573647247882401,-0.0027281182417050764,-0.0010158968505502325
2012-06-05,0.004700211908242312,-0.003989438578976913,0.003079112738023941,0.008996587873570232
2012-06-06,0.00999102892845295,-0.0013827765546819196,0.006869202182832157,0.01725297474939272
2012-06-07,-0.00353422063322499,0.0001883900018399119,-0.0026385298150385637,-0.0064817140043069025
2012-06-08,0.008430790794455483,0.003411768158927639,0.007148647509902137,0.010177544502750914
2012-06-11,-0.012643140856247346,-0.0029036037930595298,-0.01016594195527316,-0.01570427112292191
2012-06-12,0.005005004962598226,-0.0010022133619441349,0.0032071283609912174,0.009225078606460324
2012-06-13,-0.0017846660080729942,0.002848744518281875,-0.00010072429066689015,-0.004817200488742855
2012-06-14,0.006240740319819944,-0.0001948087174904196,0.004831381313208513,0.008247229794543455
2012-06-15,0.008582550407359295,0.007199929936493585,0.007707148173297824,0.008922720274915693
2012-06-18,0.007033725803602046,0.004298066187239577,0.006889551273382856,0.006035466697918429
2012-06-19,0.0021416376114581437,-0.0019225899277897096,6.712278086476391e-05,0.006464006682466726
2012-06-20,0.0014246156552348143,0.0011484427087673004,0.0013735290192120166,-0.0006651941291929488
2012-06-21,-0.013184994817604751,-0.0050771673989823156,-0.01053956335861224,-0.01986016550588297
2012-06-22,0.00033979349847324756,-0.0022248146157715465,-0.0012306195159413982,0.005020108605791847
2012-06-25,-0.0045008374198748455,0.0004917848345546716,-0.00239101606844332,-0.008693070193679764
2012-06-26,0.002097511487553804,0.00013747413533919144,0.0014843846654297526,0.0026076531168147104
2012-06-27,0.0051186137028316194,0.0028514152108141213,0.003630294383478493,0.00675557179548602
2012-06-28,0.0005084082038783971,-0.001478887706584018,0.0010000885976777923,-0.0014887812376071065
2012-06-29,0.016126018992094097,0.004142324754571611,0.012754727021944356,0.02527153751311695
2012-07-02,0.007766780503091883,0.008084441869599312,0.007748889219412422,0.005846714684699582
2012-07-03,0.008563314719478736,-0.0004455577519900981,0.001731353566261413,0.01004819760428487
2012-07-05,-0.001983990519284343,0.0005515247057577773,0.00013774979030645016,-0.0045855983356116285
2012-07-06,-0.006500205611394799,0.003319205228595476,0.00012248086552952024,-0.007845903907566896
2012-07-09,-0.0013663046498980922,0.003602202016251847,0.002675917721571088,-0.00032625863430012686
2012-07-10,-0.009930335535161604,-0.0034480649956927876,-0.005508530615157808,-0.010886421071470514
2012-07-11,-0.002038564953737984,-0.0001338369944041131,-0.0010550357170857267,-0.0005284991409267045
2012-07-12,-0.0031398358238709967,0.0027880950989973875,0.0004566893483662414,-0.0030670011029436902
2012-07-13,0.012291034368738286,0.0041732475700487735,0.0073813717927518055,0.012672106689309282
2012-07-16,-0.00185523213729105,0.0023539771623389853,0.0013460636157234611,-0.0007862955627735667
2012-07-17,0.005969342445896793,0.0002674555634188159,0.0018238974442266243,0.003824111428753099
2012-07-18,0.00454396183615062,4.1781004501888844e-05,0.0025473907008633292,0.002581946550917853
2012-07-19,-0.0005804248722006503,-0.003235346979384896,-0.0007369930609761755,0.00017448888793605721
2012-07-20,-0.009840288929651162,0.0019469122074951672,-0.0014841755953271215,-0.007085739051681143
2012-07-23,-0.010775986099836505,-0.0012171593407479637,-0.003974468221129237,-0.009339249498131802
2012-07-24,-0.007924078266672744,0.0011429608420862798,-0.0008159696205713537,-0.004651471831715563
2012-07-25,-0.0016832753136575673,0.0001327041696105242,-0.0013106705543660519,0.0016140868691996609
2012-07-26,0.0102510395312099,0.0003160625875963209,0.0035892038594750753,0.009711103010230607
2012-07-27,0.01768437375845096,-0.0025872930390878615,0.003589088226935811,0.014888054620432092
2012-07-30,0.0001454828363717405,0.0045281109690096175,0.003730226593932494,0.0004629590734626891
2012-07-31,-0.00343710511786359,0.0006454145290384163,0.00023543216745336153,-0.003381912752257464
2012-08-01,-0.005464307504357137,-0.004182600210696357,-0.005819620449136685,-0.006552666346940419
2012-08-02,0.0011272950015442985,0.001729806563884979,0.00025182319184864095,-0.0025262409420545293
2012-08-03,0.005569275163397944,0.002662835272876071,0.0021507514403063567,0.013174294501427203
2012-08-06,0.002867248363463362,0.0021558103384133123,0.0020108025388047906,0.004196199331141001
2012-08-07,-0.003988730107616956,-0.005423007730282874,-0.00660516562583584,-0.00016750153503774286
2012-08-08,-0.003919574793684206,-0.0039085141465605,-0.0032958319590515213,-0.0019383651415430718
2012-08-09,0.00020379375164107644,-0.0003465035120261612,0.00010365485145372811,0.0013973881246967675
2012-08-10,0.0017530525317379407,0.002390094302957596,0.00234635348776965,0.0006049957308673504
2012-08-13,-0.00017409224990480335,-7.62684090356395e-05,-0.002762399574850483,-0.0019442564823899755
2012-08-14,-0.004807688223465545,-0.005060650415481632,-0.006314969763297414,-0.0023975670726632866
2012-08-15,-0.0012030224976033994,-0.002585279163928388,-0.001625443559727638,0.0039807325292442585
2012-08-16,0.0043393887503732,0.0030500100330738402,0.002700383826089256,0.008688389285184174
2012-08-17,0.0035788733446552303,0.0029983781443987012,0.0022996882205245164,0.0024228930144615376
2012-08-20,-2.3860523567824575e-05,0.0002526362139146265,0.0009370847017341108,0.00039302977319771937
2012-08-21,0.0007195416627140243,0.0008651575765182661,0.004566852713828782,0.0023849758550063857
2012-08-22,0.005524209963587196,0.006779533030216761,0.008412236076218174,0.0038027506882956593
2012-08-23,-0.0028098907862546874,-0.0019305898793376306,0.002056089078995145,-0.0015410598880127436
2012-08-24,0.002840842194888979,0.0025212611468607812,0.0014757855077242694,0.0032773478050772582
2012-08-27,0.003440695441756349,0.0034031481702605595,0.0016918658086363548,0.0005561115540530302
2012-08-28,0.0022121971595514783,0.001792176437056171,0.0022759354982405796,0.0020157640910274718
2012-08-29,-0.0010939769439574439,-0.0014659595996853365,-0.0033502353827043227,-0.0017315470661739816
2012-08-30,-0.003137563685924514,-0.0019598809714161582,-0.0002537043015332443,-0.0048246404336718006
2012-08-31,0.007589417673881367,0.007827360245594033,0.012766605867595723,0.010264332836330188
2012-09-04,0.005333452137428841,0.005365654388527423,0.001022669973696148,0.003500237194020615
2012-09-05,-0.0011209437636444575,-0.001242236261404891,-0.002162862734057346,-0.0011297889582698691
2012-09-06,0.013483471905315276,0.013193843265934231,-0.002136952383392329,0.012240826307988681
2012-09-07,0.0017523201723718357,0.001592816246836784,-0.0008846718364184479,0.007034547430405631
2012-09-10,-0.0073630495668407046,-0.0073038514997741995,-0.0027644719027607664,-0.008691995695819112
2012-09-11,0.0005958950315304852,0.0004277307663092069,-0.001705254612731709,0.001719809132318539
2012-09-12,0.0020355351795550633,0.0017879789658230409,-0.004298949673190259,0.0020470041763393093
2012-09-13,0.011518654726061289,0.011299222472970475,0.004727954924091285,0.015121644950060527
2012-09-14,0.004974143625914971,0.004486907422267686,-0.008231485009361437,0.006133653218569713
2012-09-17,-0.0011357716017559426,-0.000932816532473524,0.0033906577868649166,-0.0036520334788155986
2012-09-18,-0.0031090402627921444,-0.0030633292904917652,-0.0004965680435917448,-0.0005893737627268387
2012-09-19,-0.001108297731937829,-0.0009922428782921972,0.0011762706720027686,-0.001263861461643401
2012-09-20,-0.005903305195918848,-0.005825085672415629,-0.003630954031217464,-0.005656314911255291
2012-09-21,0.0013532817227289518,0.0013374425156748532,0.0010620575430191725,0.0013517092456699024
2012-09-24,-0.0032139346744917527,-0.003064300512359921,0.0013160331680692912,-0.004780702177558226
2012-09-25,-0.012150592178009494,-0.011963788118455526,-0.0017536904181639627,-0.010568290543119094
2012-09-26,-0.003502926472516143,-0.0033148861355236326,0.0036116737444652543,-0.0048096082594515765
2012-09-27,0.008123916565144355,0.007967094354600435,-9.533514014534733e-05,0.010983602208892473
2012-09-28,-0.004980506666834298,-0.0050196266588957575,-0.0011160672065269421,-0.00443152629058977
2012-10-01,-0.0015172761333660963,-0.0018160362497811357,0.0006350491217327213,-0.0016202843349985016
2012-10-02,0.003317505397634251,0.003980041820367106,0.0008953920729190208,0.003016123357494038
2012-10-03,0.0023101981190200515,0.0019142090374126336,0.0027592258680303296,0.0027766378511292376
2012-10-04,0.0037047898781621775,0.0034174743210597085,-0.00064222766138577,0.003719204512710417
2012-10-05,-0.0026098617218579963,-0.0016424668770133168,-0.007074570214175559,-0.0030613735465394804
2012-10-08,-0.005305078397551857,-0.005415119757193655,-0.0014196109663692615,-0.005005101465156454
2012-10-09,-0.009468881118168102,-0.009690616095860454,-0.007541748223685854,-0.0089122436940199
2012-10-10,-0.0008028651602607205,-0.0010235089253662695,0.0007372715183313426,-0.0007331199919858044
2012-10-11,0.0001176535465459868,0.00046376515081131113,0.0019010877448675091,3.4719600250073554e-05
2012-10-12,-0.004286457928365015,-0.003451647889858482,-0.0019431557895273957,-0.004212432384073899
2012-10-15,0.0035010114882455218,0.0066232749605600475,-0.0008257861322156532,0.0018373728853018042
2012-10-16,0.00883087698101848,0.008663527777740886,0.002615757813465594,0.008728324946013067
2012-10-17,0.0009444184903745113,0.0019283979135779382,-0.003017270807173555,0.00011400798845218242
2012-10-18,-0.0023887910554473263,-0.002105048165338911,-0.005621182949745288,-0.0022833357457743408
2012-10-19,-0.01587727791107092,-0.016246229960248524,-0.007173550469294817,-0.014932237994600858
2012-10-22,0.0007241284759542006,-9.510948767414647e-06,0.0002233745228203652,0.0011139276247593482
2012-10-23,-0.009466848908214557,-0.007778532896076263,-0.0034330904454382824,-0.01024902315785382
2012-10-24,-0.0025171602617248727,-0.002184616902056354,-0.005124839043913989,-0.0025915209851720866
2012-10-25,0.0013828619249859364,0.0005439255300250204,0.00030056987875201694,0.001680102429818363
2012-10-26,-0.0028022588681576757,-0.003409177198237508,0.004259956651763175,-0.0023781384685740217
2012-10-31,0.0033734892855773473,0.00301155990869189,0.0025245811919765624,0.003312027836438463
2012-11-01,0.004323130777116024,0.008188306175940775,-0.0029554067765986854,0.005380820481727806
2012-11-02,-0.001922310154415142,-0.006044439173675662,-0.0016200190001568627,-0.009038240738497181
2012-11-05,-1.6639495611224638e-05,0.002351032132606666,0.0032250354123444847,0.001825817704066737
2012-11-06,0.0005518157430665471,0.0033281097981805053,-0.005457530540657141,0.008235995425283159
2012-11-07,-0.008393518513669448,-0.014533303399543987,0.0062158016647993215,-0.010500747518415747
2012-11-08,-0.0089148725060591,-0.01166454194684917,0.003912549498738086,-0.006996810241840099
2012-11-09,-0.00042911025730374067,0.0010959699414861612,4.984846569258137e-05,0.0003954740265045091
2012-11-12,-0.0006712566503107323,-0.0015163859541579333,0.0007266016275608568,-0.001704613457167186
2012-11-13,-0.002423361226811064,-0.0038070289020200308,0.0007866169687122487,-0.0035126515834184176
2012-11-14,-0.009074870768102252,-0.014569588733007085,-0.00019145544597905467,-0.0109268313913186
2012-11-15,-0.0030424969098090133,-0.00415849995485901,-0.0016575922537298627,-0.004810177866875608
2012-11-16,0.003528160303893312,0.005602794877046014,0.00046556526809487484,0.0035964976054502383
2012-11-19,0.013028114367651326,0.01696558618369332,0.0010219249210678954,0.016541807828182317
2012-11-20,0.001401442891149624,0.002130763211378073,-0.005151673857355368,0.0016439803708597491
2012-11-21,0.0002825061380503785,0.0016788393754590836,-0.00018598729961734548,0.0009276277055297529
2012-11-23,0.007229780354682249,0.009703090326388908,0.0011848732392229213,0.011431653297925793
2012-11-26,0.0024176076886814634,0.003222780616559983,0.0028481628332669233,0.0019080566650183982
2012-11-27,-0.0024260674085524268,-0.002809417484488168,0.001704798628465863,-0.004094332079181522
2012-11-28,0.002182579733751254,0.004647605740268481,0.0007688804746861889,-0.0007874637327876863
2012-11-29,0.004097708627674613,0.006903789182970533,0.0011678313459409517,0.005711818383759553
2012-11-30,0.00023414352752816576,-0.0006415539022992361,-0.0010619115611339184,-0.002114279350320464
2012-12-03,0.0023313550007971356,0.0004040906883824752,0.001010073932482031,0.00041300023294188893
2012-12-04,0.0024686907050461265,0.0007405870003058894,0.002105431955348407,0.0012883477499249193
2012-12-05,-0.000296712426234123,-0.0044273239634189734,-0.0042044911159288025,-0.004669276348327323
2012-12-06,0.00357578191327992,0.005199505489473933,0.0053673018835943935,0.005436726380766949
2012-12-07,-0.0025242857242584954,-0.0006980697836088699,-0.00369118109807314,-0.0015235628627505414
2012-12-10,0.0015446366782908224,0.0021444110466291755,0.0021561983515199193,0.0024965503720261162
2012-12-11,-0.0025536829333161633,0.007455758377622297,0.0020028706304475374,0.006806270616750928
2012-12-12,-0.004922366652022775,-0.0034508936525615565,-0.005250236255488086,-0.004396061887101051
2012-12-13,-0.002904561047480251,-0.00674717760383497,-0.004608208258895175,-0.006418056835145735
2012-12-14,0.0023515677141588533,-0.0029990443624066674,-0.0005701584239313076,-0.0022157707812984376
2012-12-17,-0.0034923469692932072,0.009477215316371945,0.0007534332442072107,0.007897543032745313
2012-12-18,-0.0006547546627230914,0.011529698583659197,0.004365141057100036,0.010420209676862491
2012-12-19,0.0016484313010746803,-0.0006602620549055106,-0.00033233773989398255,-0.0007032254509484618
2012-12-20,0.004634775234486152,0.0055379143731411565,0.004083213959501825,0.005383079212421055
2012-12-21,0.0030110453871827233,-0.004728771032238144,-0.00020348975063865906,-0.003596553449379734
2012-12-24,-0.0007027662954084595,-0.0017290705401194861,-0.0008058365319637829,-0.001798911865280615
2012-12-26,0.0003313427969275372,-0.006053089009195486,-0.0028237556310833165,-0.005687107911260313
2012-12-27,0.0032806722528630292,0.000745022704629997,0.00196659137963524,0.0008123993538771257
2012-12-28,0.00014350903692520207,-0.006777379571224593,-0.002921093383430306,-0.006240102200079795
2012-12-31,-0.0031510575201963644,0.015531806093190409,0.0038204878618778317,0.013776257045084499
2013-01-02,0.003691906151583168,0.01948631621566289,0.009494166919309812,0.004799794733012475
2013-01-03,-0.008441697637987465,-0.004581532306963727,-0.006216593582071491,-0.007962823073945142
2013-01-04,0.0028331357698156514,0.0013367011815446543,0.0015291986774485264,0.0018883695548704438
2013-01-07,-0.0007570563822370027,-0.0012912247543782219,0.0010550896625784517,-0.0014667796656367615
2013-01-08,0.0001658906378304562,-0.003718889013295092,0.0009001360964063327,0.003451027352979238
2013-01-09,0.001793289895264095,0.0034482660314049426,0.0016688903444619463,0.000927215284931968
2013-01-10,0.0035574848254625595,0.0054284500618898,0.0013286483059397614,0.0024971235910679055
2013-01-11,0.004021240752020772,-0.0012933667464068946,0.003082515244441887,0.0006464796015715669
2013-01-14,-0.0010752994741709645,0.000473849377523203,-0.0015137560985814672,0.0009727287423954722
2013-01-15,0.0008967898604348886,-0.0012449074480199143,0.001244764743118944,0.005132773866808905
2013-01-16,-0.0013314837726338766,0.0001769705915908548,0.001485629989927246,0.0001414349364286699
2013-01-17,0.0003582492280930603,0.004344761027503069,-0.0007987827927563617,0.00015598640730066994
2013-01-18,0.0025197736800557013,0.0010980179892524976,0.0030302314680376776,0.00340444143870971
2013-01-22,0.0009195139245107746,0.0017248274418964033,0.0026087638303208477,0.003904978348671127
2013-01-23,-0.0009821913746871842,0.0004925172251077774,0.0014186345982552455,-0.0016130576189403102
2013-01-24,0.0009206998161501611,-0.003966706008451995,-0.004703880093427289,-0.0034037984542274447
2013-01-25,-0.0014256043193907422,0.003199626094748865,-0.0013305040416070528,-0.003108081189377659
2013-01-28,-0.002808418448059778,-0.0007070440498558627,0.0002785184327508725,-0.0009148904157894207
2013-01-29,-0.00034651389495899565,0.004000956593727301,-0.0009705371930393038,0.0005754706835537358
2013-01-30,-0.0026982134620029915,-0.004708854548598653,-0.004328457345663005,-0.0023299226598852653
2013-01-31,-0.0005005514545759046,-0.0023063110573941143,-0.0009222542324979686,-0.0014741693477015592
2013-02-01,0.007073845526445702,0.006620959124556395,0.0016897178619100445,0.007478697466358881
2013-02-04,-0.010172280054584556,-0.00941022024343512,-0.0022189901233382733,-0.007880797338047965
2013-02-05,0.003694787439641815,0.0029852418733743555,0.0007956283684541065,0.005594652785803289
2013-02-06,0.002015022867290385,0.001592981984668551,0.004450272753247172,0.0014720531901881663
2013-02-07,-0.004865382734151297,-0.00478532902987775,-0.0028412813770186535,-0.002340552282695584
2013-02-08,0.006642374854629989,0.0061953541951218485,0.007079369149109888,0.007053426314816586
2013-02-11,-0.00024530603081416045,-0.00012210319463049893,-9.625684230404048e-05,-0.0018631109170060476
2013-02-12,0.005331214851185649,0.0053263165365970075,0.00242810727106665,0.0021905023382711693
2013-02-13,0.0019863864749303335,0.0016986235067625252,-0.0010082592244694635,0.0008074643967804032
2013-02-14,-0.0020933095593325362,-0.002440200024016133,0.002193664628798736,-0.001619395131430174
2013-02-15,-0.0005362300729777305,-0.0005496073850622926,-0.0009392183840275241,-0.0037226306816806674
2013-02-19,0.008527764554628491,0.007949068686981735,0.004261590799731853,0.005930543779627513
2013-02-20,-0.010436848253356227,-0.008931898723304525,-0.008142751417259538,-0.015184340801753187
2013-02-21,-0.009383493084072195,-0.008571611268293786,-0.004473490269625608,-0.006091203679736031
2013-02-22,0.011018972889147764,0.010297955132076807,0.007823106499806347,0.009029284172503314
2013-02-25,-0.019485271222771817,-0.01806866819133409,-0.00766147640936368,-0.01246980574105022
2013-02-26,0.006116272502180568,0.006247629866437023,0.001889579550231749,0.006304266252676437
2013-02-27,0.009201503502028861,0.008506784474591442,0.005476770283889968,0.005539269396589809
2013-02-28,-7.830667982967368e-05,-0.0003020727897185082,0.0006108759845508562,-0.002412624036551678
2013-03-01,0.0017683912942975835,0.002207072645837346,0.004154529464356266,0.004161423700924036
2013-03-04,-6.955189601623769e-06,0.004065896446732459,0.0038483152743676997,0.003788430935435259
2013-03-05,0.010895365152937826,0.00851248176322196,0.009997350517708163,0.009887922463627952
2013-03-06,0.002697225639910894,0.0003744969275218396,-0.0017639809869523708,-0.0018520259489955275
2013-03-07,0.0026461946757452685,0.0009380213548334023,3.543326792322527e-05,-5.85518516543895e-05
2013-03-08,0.00621383240393543,0.0040006838466264604,0.0025994792457371563,0.0024509649087949823
2013-03-11,-0.0007324687677813153,0.0007636845264388817,0.001129485919244489,0.0011391175742028194
2013-03-12,-0.005908259430655561,-0.0029700326715984293,-0.0020869394564142258,-0.0020171361194081007
2013-03-13,-0.0020669882454053905,0.001104310498022221,0.0009273387656188191,0.0008913005219920413
2013-03-14,0.007831539086222281,0.007822067219399265,0.005597000403668552,0.005498646274074174
2013-03-15,-0.0020389273574003067,0.0009764458426211575,0.00015931341122480796,0.0001986497355685377
2013-03-18,-0.00887389302876549,-0.005848458628584166,-0.0032038630773114176,-0.003105145421627933
2013-03-19,-0.004798962367210205,-0.0037219716205901124,-0.002622854244003647,-0.002539759249215864
2013-03-20,0.006641343611296857,0.00570053000662717,0.004723393093339685,0.004569327554193402
2013-03-21,-0.00871194095650337,-0.005954194482309805,-0.005971480372759943,-0.005832620268161491
2013-03-22,0.005201140585686199,0.0044073643835819964,0.005496708229240723,0.0054791697648787895
2013-03-25,-0.003839106255408527,-0.0029448579718786977,-0.0009715184296955412,-0.0009829134039741946
2013-03-26,0.008008050536442062,0.005321103119471534,0.005289457416899288,0.0052743744970426
2013-03-27,3.0148794699859047e-05,-0.0006841641234436877,0.001991740238614383,0.0020512036544573647
2013-03-28,0.0027867522218864038,0.002821023773816941,0.0016404746060441407,0.001592640120323712
2013-04-01,-0.007678489018743075,-0.006602639817100991,-0.005177444197006241,-0.004361934682874071
2013-04-02,0.0022550534749764964,0.0019247961860583865,0.0014838442415660048,0.0009658885979035968
2013-04-03,-0.007891810745642568,-0.006959929588983779,-0.008548582003149596,-0.007504799079135827
2013-04-04,0.009938872378041436,0.01018748732775777,0.007605896222009229,0.008785596451271473
2013-04-05,-0.00042208707398853944,0.0002683752750213991,-0.0014244629166483766,0.0007010624404571633
2013-04-08,0.006208681719980358,0.005940053696979386,0.006623732781534226,0.005656056555921349
2013-04-09,0.0009217705879137162,0.0004250908148805062,0.0015112921002518834,0.0008967200208613228
2013-04-10,0.012414239375782126,0.011504433439607073,0.013588167210979137,0.011601469451020889
2013-04-11,0.004574269144147036,0.004431223742633254,0.002134712626177642,0.0022502628878968874
2013-04-12,-0.002058860432475952,-0.0008328091167953041,-0.0006940744688140272,0.0008726681334547326
2013-04-15,-0.025065535893766724,-0.0235172967866012,-0.02422314158275699,-0.022430178817290453
2013-04-16,0.015873139261370534,0.01466833507001213,0.01492222681572309,0.01322283338640556
2013-04-17,-0.015578255266621282,-0.014286725263534491,-0.014631309702891428,-0.013463697981949439
2013-04-18,-0.0031068828695132054,-0.003084114882715179,-0.006433807494143706,-0.005934190455766995
2013-04-19,0.011266646053000033,0.010246549254630541,0.012224364591246992,0.011892028787041714
2013-04-22,0.0020938735997723164,0.0018902286570837699,0.003792724132501302,0.0035646348979927285
2013-04-23,0.011108157623793432,0.010729003987750712,0.009807060743862898,0.008886668693866314
2013-04-24,0.005209692660027779,0.004879019970418935,0.0023339774783915673,0.0023458903045653645
2013-04-25,0.0031645300858438967,0.0026234267835409716,0.002863022277632683,0.002082206039457008
2013-04-26,-0.0029397396304184807,-0.002250993833545197,-0.003608256684975736,-0.002547677701209381
2013-04-29,0.00921928703732018,0.008443582979364364,0.0077960525050885625,0.007057014049054266
2013-04-30,0.006528959711979982,0.005884907208597807,0.007679135776041217,0.007409798800599444
2013-05-01,-0.012234278533597582,-0.011642719844453468,-0.01088343926822274,-0.003132048790908763
2013-05-02,0.008406352722002429,0.008305079262555375,0.010631965132586164,0.006964709796791853
2013-05-03,0.010399165168192247,0.00995128324227374,0.009039684608464603,-0.0007537790421221659
2013-05-06,0.003210039299739449,0.003160190411356102,0.004461009539803204,0.002614436279241386
2013-05-07,0.005040169707727286,0.004521851526689448,0.0038469371252857726,0.0011440811717277706
2013-05-08,0.004827679618796243,0.004549798880931762,0.003110006808812894,0.002374299887379586
2013-05-09,-0.006463098699490996,-0.006177071425577752,-0.004032728324912323,-0.0034931875200820035
2013-05-10,0.003033820183098617,0.0032013770184294286,0.004751613411918214,0.0004617303602717973
2013-05-13,0.0003133588739454628,0.0006503403763079373,0.0011817659058878643,-0.0005826206281501108
2013-05-14,0.005859618936695497,0.005622868650794848,0.006084890269049397,0.0006802964479748324
2013-05-15,0.004892364285033898,0.004884066102363308,0.004739177451005354,0.0057945431714462115
2013-05-16,-0.004504749323703844,-0.004116514374977043,-0.0024997921183523095,0.000990534057625812
2013-05-17,0.007392629201388088,0.007102115332294722,0.007693567003827053,0.0018949298085148573
2013-05-20,0.003049501687751875,0.0029512114386028004,0.0009708703081242184,5.517973450226252e-05
2013-05-21,0.0023014126297174306,0.002562585716218667,0.0025646984766064815,0.004402804415200983
2013-05-22,-0.01563886249623354,-0.01531578526867778,-0.015537736684045934,-0.015835538751841727
2013-05-23,-0.010136289497340181,-0.009824538450393107,-0.0064748945824871194,-0.004775048244368987
2013-05-24,-0.00407433446841438,-0.003626144371668797,-0.0013772830577248574,-0.0005340053844994159
2013-05-28,0.0023353001352630558,0.001731320973084839,0.0022107742193581666,-0.0069164008549332185
2013-05-29,-0.01299869015230646,-0.012425016970549211,-0.010536470276630577,-0.005341456622326165
2013-05-30,0.0004473432277185457,0.0005809817570836322,0.0008799216529486915,-0.0012836559377593288
2013-05-31,-0.01479598611679762,-0.014476166099227646,-0.011259538850927417,-0.008894825263645835
2013-06-03,0.005874253949931296,0.005408041198055106,0.004996436434682345,0.005610391864095753
2013-06-04,-0.0067863294814355735,-0.005736482375930091,-0.008913833165560986,-0.009840052910936798
2013-06-05,-0.01431148222858375,-0.014882794480089159,-0.011098575736350879,-0.008841691756523341
2013-06-06,0.010159081746203513,0.008808393453241678,0.010242031040718002,0.009396782496691028
2013-06-07,0.0077522574018330384,0.00937964344804833,0.006528072853081887,0.004665524850309327
2013-06-10,-0.00041455387875165235,0.0006716136015614417,-0.000834717604647383,-0.0011083915441938237
2013-06-11,-0.012370076102639044,-0.011782431691153413,-0.011303829227313517,-0.009490951712537814
2013-06-12,-0.008567052872789726,-0.0083206192615464,-0.010451038949209335,-0.011956323870305471
2013-06-13,0.018944355106158387,0.017344178198117486,0.0180414866787859,0.01845984229801041
2013-06-14,-0.0051343927520595715,-0.006374921790530665,-0.0030692771524771967,-0.003415576275491633
2013-06-17,0.008102755057498946,0.008924640591591097,0.005725288886965482,0.005198085741374153
2013-06-18,0.00802163608263587,0.008395241078760652,0.007790763557287009,0.0075924417720979005
2013-06-19,-0.019593482382535093,-0.017244744322004305,-0.017721046521199383,-0.017256907739823524
2013-06-20,-0.03379151688334379,-0.03165261073302848,-0.02853995759134953,-0.02917904422531444
2013-06-21,0.0053964742884372915,0.0031293487396760844,0.002704558256566785,0.0016516013532062819
2013-06-24,-0.011003945136196342,-0.01165417459555557,-0.009513753671597645,-0.007864821031984217
2013-06-25,0.012478214126085423,0.011343708502630289,0.011526049479597898,0.009209741023974946
2013-06-26,0.008040816758730432,0.007300687981324436,0.009467446767829254,0.009289081908276094
2013-06-27,0.014113869315034715,0.012210349099861408,0.01242836947669095,0.012963566736806742
2013-06-28,-0.0040219034175612576,-0.003105107553184508,-0.0038399523565253754,-0.00248226401036324
2013-07-01,0.007676340651835581,0.009347543978805216,0.007026198150904629,0.006351465699361049
2013-07-02,0.0029175597616204817,-6.137374178725201e-05,0.004003973211644973,0.004402786553601196
2013-07-03,-0.000861966881721248,0.0012680375488174351,-0.00012297774127276902,-0.00042692006964508604
2013-07-05,0.004982084414892173,0.007463587887880912,0.005571333270302356,0.002039975781860554
2013-07-08,0.0034727960953299416,0.0034621820940529714,0.0024207800213274576,0.0027367272714720076
2013-07-09,0.009310133624328077,0.007676832727073673,0.009421821094901575,0.009014459942966981
2013-07-10,0.002406653261464195,0.003470032969499026,0.002974965005283184,0.001998187568967161
2013-07-11,0.020532818143718188,0.019670330274578686,0.019325291301163214,0.018035021405154943
2013-07-12,-0.0027816272585315647,-0.0006722066635904108,-0.0005725151053900925,-4.353466584525691e-05
2013-07-15,0.005975996226112855,0.005584327682282846,0.00519021354737606,0.005108712800389502
2013-07-16,-0.0016281257773043205,-0.0020330638079272155,-0.0017601887038181329,-0.001388558689230252
2013-07-17,0.003405047385973917,0.003182083764556803,0.003310599722992543,0.0032056842586904687
2013-07-18,0.006288626326145288,0.00408578402851911,0.004459471910081634,0.002717966705521814
2013-07-19,-0.0010283650917218862,-0.002960040011912469,-0.0029335249785441366,-0.0014185072452605474
2013-07-22,0.003521395577557688,0.003502954834680479,0.0029904452448556995,0.002613554251113644
2013-07-23,-0.0006275145012826296,-0.0018773738436836176,-0.002524040659614438,-0.003101129033753567
2013-07-24,-0.008404837327477477,-0.0038671755312589553,-0.007496716207234287,-0.008531534061199515
2013-07-25,0.004436017592164978,0.005388242435277362,0.005304686273341418,0.005091801782728818
2013-07-26,-0.002282166685333168,-0.001383726299924579,2.7195502568470912e-05,0.001152020630001255
2013-07-29,-0.007383154418818106,-0.00626642875949288,-0.005846715455842208,-0.005643190802061875
2013-07-30,-0.00014819776448349293,0.0015092839406445476,0.0009483709242017749,0.0009294736187738129
2013-07-31,-0.0034897217044240914,0.00014324426869325433,-0.0035846022554063754,-0.0034653245650610866
2013-08-01,0.010816290265187867,0.010257829984238164,0.008749282273247588,0.004458058545297299
2013-08-02,0.0039022928551535004,0.00500556160806898,0.0023538095953907537,0.0015300203507877894
2013-08-05,0.0005166541270806153,7.969448198671673e-05,0.0006798199908705959,0.0003057391489780583
2013-08-06,-0.005593437089851863,-0.005342099445411253,-0.0058336782316020285,-0.005616990684884343
2013-08-07,-0.004255001397188527,-0.0043083831628200776,-0.004046445697341531,-0.0028704509466086826
2013-08-08,0.005476426702067099,0.005651399127549168,0.004465438937174378,0.0032197187584997538
2013-08-09,-0.00011458301859506936,-0.0009822439675590544,0.0007135512427402145,0.001269257164470569
2013-08-12,0.0007558183198145137,0.0013796331664611625,0.0002398905766282635,-0.00047016624711500776
2013-08-13,0.001852488235908963,0.0032267526741719707,-0.0005393756606536137,-0.004017400142800196
2013-08-14,-0.002546360555748302,-0.0023576701034647924,-0.00305920357063204,-0.003323216072596221
2013-08-15,-0.01498507028706634,-0.01366940806863516,-0.016159185631387407,-0.017417922742584597
2013-08-16,-0.0033022687496754573,-0.0011878924370407823,-0.006417061756191301,-0.009028861982377484
2013-08-19,-0.007016337541574577,-0.006358252481680071,-0.0077347971961380215,-0.008368667326177383
2013-08-20,0.007511702654592093,0.0061670082364279465,0.010347484684830438,0.01309377746148595
2013-08-21,-0.0066145672468996665,-0.006747231020027649,-0.005495936144414624,-0.0046502424995432745
2013-08-22,0.010701045345445153,0.010640935431035514,0.010258758907586294,0.009989690260685805
2013-08-23,0.006414910751029916,0.005789633724574123,0.006621792942684903,0.006954053831416761
2013-08-26,-0.00229551685320389,-0.0019961239405999398,-0.00177243076169555,-0.0003397781639899287
2013-08-27,-0.018768225639456404,-0.018927044660449945,-0.017332474983087195,-0.013760648504413223
2013-08-28,0.0007916491051352915,0.0017785245971031127,0.00020565983023829886,-0.0008037530696736118
2013-08-29,0.004763129786817501,0.005015474131438717,0.005142238632896203,0.006244587031148285
2013-08-30,-0.011164018332456878,-0.010405973413816747,-0.010703242809739,-0.00940719269541576
2013-09-03,0.008993096146413906,0.008993120067071599,0.0049467653760147294,5.218656132050129e-05
2013-09-04,0.008905881770106917,0.008905890022416674,0.008550878990460661,0.008423793540052639
2013-09-05,0.00022560655340987567,0.0002256185089382576,-0.0009148101057751138,-0.003250877060183248
2013-09-06,0.003134708431268516,0.0031346936303879493,0.003912379314834123,0.006264940444096268
2013-09-09,0.012427500558681089,0.012427493079346862,0.012368876604497326,0.014425453245869253
2013-09-10,0.008149973493360106,0.008149995880292735,0.006580414464084939,0.0038717847245714502
2013-09-11,0.0007521879161994018,0.0007521793340764625,0.0010216527892854283,0.002582070604776849
2013-09-12,-0.004229662808914062,-0.004229660291205598,-0.004013933027931028,-0.004457797202273476
2013-09-13,0.0031951335104557343,0.003195133246813023,0.002674892386279329,0.002909868361284094
2013-09-16,0.0027400761404057857,0.0027400807540116433,0.002789350223636603,0.0026160582147605606
2013-09-17,0.005491292583183554,0.005491299604061876,0.0055453334276168815,0.0054374042505918605
2013-09-18,0.015414451886482735,0.01541442924490589,0.014998900871404717,0.01774941456438095
2013-09-19,-0.0013101499310013347,-0.0013101508594640582,-0.0008433612918076061,-0.0003291512021162707
2013-09-20,-0.004420222170819604,-0.0044202071742835206,-0.004858883420759215,-0.006732262340471448
2013-09-23,-0.000683609058946505,-0.000683604519692027,-0.0012597047286607575,-0.0021746358446911545
2013-09-24,0.0003125859096987003,0.00031258862291044884,-0.0002707896978990176,-0.0006868123730017433
2013-09-25,-0.0014361312473021976,-0.0014361382860440769,-0.0014124730409441435,-0.0005315890280378839
2013-09-26,0.005198670888058564,0.005198669232952549,0.005077861129448454,0.005373322646907551
2013-09-27,-0.002902720029207256,-0.00290271869667841,-0.0028028408365932925,-0.00286120762756956
2013-09-30,-0.003067003365437249,-0.003066998442936701,-0.0031094357212916772,-0.004021911154996342
2013-10-01,0.008564117400638695,0.008564119498830894,0.008564111652285223,0.010755939454354217
2013-10-02,-0.0013867455537027642,-0.0013867450975752012,-0.0013867440798833572,-0.0007724563732756229
2013-10-03,-0.008474665748389698,-0.00847466937979578,-0.008474667134295625,-0.012011861657696292
2013-10-04,0.005476064641661936,0.005476063816012315,0.005476061762446201,0.003991407994920875
2013-10-07,-0.00936031099649727,-0.009360309171541757,-0.009360304681604108,-0.004478773549107231
2013-10-08,-0.013011221080243204,-0.013011222973857033,-0.013011219864578137,-0.013994841195032899
2013-10-09,-0.0007640401683536446,-0.0007640402626497067,-0.0007640463427211476,-0.0026579960634703693
2013-10-10,0.019430945329045653,0.01943094953479436,0.019430942036358336,0.021653522070190025
2013-10-11,0.00849497662545745,0.008494978121465114,0.008494974974799436,0.009778154058925391
2013-10-14,0.0048009694910966395,0.0048009691071670526,0.004800962054456396,0.003229188614454478
2013-10-15,-0.005574867104757666,-0.005574867821170587,-0.005574866927272547,-0.005331827793268127
2013-10-16,0.009889257350071767,0.009889260173778952,0.009889262393752207,0.013882669937233047
2013-10-17,0.008808329707237748,0.00880833190467339,0.00880833289828721,0.009807598989505064
2013-10-18,0.010273029845153799,0.010273028784841069,0.010273028467648477,0.00825585754661621
2013-10-21,0.00029022402398570926,0.0002902231140029375,0.00029022294424284583,-0.0019869119097100344
2013-10-22,0.004517022786516042,0.004517024338599484,0.004517028816920203,0.005027825628664078
2013-10-23,-0.005653250273852131,-0.0056532503147993214,-0.005653247737748785,-0.0020908988768045408
2013-10-24,0.00503823677301544,0.005038236395038436,0.005038233125116529,0.0026323404727139435
2013-10-25,0.0015974804323260112,0.0015974830395036924,0.0015974832767848553,0.006349282691615601
2013-10-28,-0.0005803959021740357,-0.0005803972797449949,-0.0005803980938414283,-0.0025088671189813032
2013-10-29,0.0021642429991226364,0.0021642413781554353,0.002164242237022442,-0.0002291547322277641
2013-10-30,-0.005872305268231728,-0.005872306188684829,-0.005872306345737009,-0.007460860126987952
2013-10-31,-0.004056845060947766,-0.0040568465812032845,-0.004056844496865318,-0.004110886040509896
2013-11-01,-0.0028482948957552433,-0.002155405919896373,-0.0028483013123520797,-0.0006288136971693249
2013-11-04,0.00552071052569064,0.005535370965781523,0.005520694725965655,0.0046122785500263
2013-11-05,-0.0035757446628791566,-0.004944272792615643,-0.0035758166445553777,-0.0067574043980820325
2013-11-06,0.0015507100564628965,0.0011134809034515456,0.0015506882987950576,-0.00159662931954117
2013-11-07,-0.01536854874060585,-0.016676106865663103,-0.015368507494409066,-0.014027939156784634
2013-11-08,0.011091357467725797,0.009915772181927634,0.011091187324636024,0.003609512992608595
2013-11-11,0.00020668398601535935,0.0006884906342600727,0.0002066966856968905,-1.3106766906348266e-05
2013-11-12,-0.00043022372010290236,-0.0007395332636994137,-0.00043022492286165054,-0.0003118714073655079
2013-11-13,0.007857922754851275,0.008126840434684647,0.007857905248757926,0.008813877747090802
2013-11-14,0.002303317263442345,0.0027155995372215892,0.002303357219255237,0.003332269390221106
2013-11-15,0.004286435503721335,0.004507548024442415,0.0042864306944014096,0.003141702664324411
2013-11-18,-0.005330944610565135,-0.005663090900960332,-0.005330885920209546,-0.006416586603471662
2013-11-19,-0.0035335799097730583,-0.004190709200081841,-0.003533619665981149,-0.00548691994753951
2013-11-20,-0.0030209018535408186,-0.00413929030924753,-0.0030209808821552403,-0.005995623759275185
2013-11-21,0.010674200840703025,0.011103913641572863,0.010674173825278946,0.01102722414490317
2013-11-22,0.0040377556895567325,0.0035706936217633945,0.0040377600364975095,0.0027360657847978302
2013-11-25,0.00033319856751498633,-0.0002860977402646261,0.0003331789024625232,-0.00013776104368519134
2013-11-26,0.003866263267941665,0.00344155525178924,0.0038662514288369974,0.003047250519005823
2013-11-27,0.004430231344551074,0.005348809408605457,0.004430236872272691,0.006234194967232498
2013-11-29,0.0026512171287871385,0.0016212951091334844,0.002651173460584142,-0.0007542039978083668
2013-12-02,-0.006074772374175408,-0.006074800470205707,-0.006074778415696028,-0.006396032470349101
2013-12-03,-0.003882918575342456,-0.003882913161333663,-0.0038829183325062165,-0.0022020395596382045
2013-12-04,-0.002390452284534197,-0.002390441240650022,-0.0023904506365919785,-0.00025933177048454836
2013-12-05,-0.001955628605913555,-0.0019556274777010954,-0.0019556291431287545,0.000528313629589541
2013-12-06,0.008514719152306262,0.008514733254576039,0.008514723626497364,0.00735143371993796
2013-12-09,0.001185615280251443,0.0011856142275581604,0.0011856147281775146,0.002739574712594731
2013-12-10,-0.0034348366358403614,-0.003434830061434429,-0.003434835996324923,-0.0032173228743112565
2013-12-11,-0.011893541966628276,-0.01189357941679558,-0.011893548699908272,-0.01650070684840479
2013-12-12,-0.002484233116634416,-0.002484244807552939,-0.0024842351546875553,-0.0022618696740459806
2013-12-13,0.0005693537442322598,0.0005693575099723642,0.0005693541460594745,0.0016833371538375413
2013-12-16,0.007468071971320119,0.007468073892649845,0.007468073132397685,0.006173992245616315
2013-12-17,-0.002319249339315766,-0.002319244849861915,-0.0023192504119662043,0.0005784797024259389
2013-12-18,0.012501330129255089,0.01250135189766592,0.012501335438724837,0.012975990608560983
2013-12-19,-0.003175564383474317,-0.0031755972581222697,-0.003175570436498846,-0.007274214536317559
2013-12-20,0.00989580445711443,0.009895813629940667,0.009895804878755883,0.011240341592498317
2013-12-23,0.009722240703469455,0.009722235099337152,0.009722241108519535,0.00701146794813389
2013-12-24,0.0018268951353327166,0.0018268984981806595,0.0018268967635467848,0.0010210526438374945
2013-12-26,0.0027543204294508744,0.0027543098042183156,0.0027543179281503405,0.001114985632843597
2013-12-27,0.0005949023238235687,0.0005949151451150845,0.0005949062848946324,-0.00035789062962665315
2013-12-30,0.000720046787257554,0.0007200477951218262,0.0007200471596964454,8.104229346686083e-05
2013-12-31,0.0038472114633698574,0.00384719940754298,0.0038472112676023944,0.0006767082987144953
2014-01-02,-0.010752259604261127,-0.010752259201792432,-0.0107522605163723,-0.005301331305124642
2014-01-03,-0.0003545496739983549,-0.0003545495069197522,-0.00035454936890293176,0.001034198495526791
2014-01-06,-0.003689391149012718,-0.0036893908950986543,-0.0036893912484252628,-0.0016077308260480803
2014-01-07,0.006970041548435563,0.006970041104616492,0.006970041602732331,0.006879394802888083
2014-01-08,0.0008916695855759313,0.0008916683763047461,0.0008916689365990702,-0.0006844504061827968
2014-01-09,-0.000994280685039959,-0.0009942805127733417,-0.0009942808736474091,-0.00034852183120236396
2014-01-10,0.005674812357720709,0.005674813461245265,0.0056748132800907534,0.007889275911045183
2014-01-13,-0.011247333345536145,-0.011247331864792648,-0.01124733330060507,-0.010066142836784236
2014-01-14,0.011956928372660774,0.011956926526459046,0.011956928120494632,0.011170728197488135
2014-01-15,0.006162377351375532,0.0061623764921910525,0.006162377254070293,0.006875206506036002
2014-01-16,0.00021847669623829144,0.00021847732957640262,0.0002184768764507553,0.0015896059182513352
2014-01-17,-0.003628550190630198,-0.0036285494795901814,-0.0036285502859114407,-0.004104123620649101
2014-01-21,0.005637727222436168,0.005637726256079928,0.005637727116188503,0.006869225683174696
2014-01-22,0.0021477140528654874,0.002147714026864961,0.0021477145203125545,0.0033549603134187
2014-01-23,-0.005174606650823435,-0.005174604891456253,-0.005174606640077872,-0.0023823960998398943
2014-01-24,-0.02244836433627727,-0.022448361135633053,-0.02244836408080034,-0.016739730864728665
2014-01-27,-0.008714913039166624,-0.008714913403104808,-0.008714913514045838,-0.010295624956212333
2014-01-28,0.006035528492720328,0.006035528153890745,0.006035528723419852,0.005758902035060519
2014-01-29,-0.011206837564868908,-0.011206835448127365,-0.011206837287287368,-0.008394510709271061
2014-01-30,0.01172811474529725,0.011728113391749104,0.011728114882460797,0.014297759681171576
2014-01-31,-0.00815965409184361,-0.008159652238030338,-0.00815965352617994,-0.0008002972463327518
2014-02-03,-0.02270441594148118,-0.022618575146649184,-0.022704367953440198,-0.019357668287547786
2014-02-04,0.008056295580050344,0.008005272370890172,0.00805628070292871,0.006656078187025094
2014-02-05,-0.0024057869383113353,-0.002415938515283991,-0.0024057968446983494,-0.0046942480784713915
2014-02-06,0.0118765272567034,0.011806787926682464,0.011876503953325974,0.007775366084015555
2014-02-07,0.013174366295790576,0.013134935250257431,0.013174348550054586,0.010991330363882744
2014-02-10,0.0015544590353187302,0.0015742449535980053,0.0015544599559754587,0.005502184721371536
2014-02-11,0.0110239482452632,0.010954261345730317,0.011023927427503124,0.00653286030679027
2014-02-12,0.0020928934928773845,0.0020767976599189923,0.0020928867472830496,0.001315034088836519
2014-02-13,0.007237094151240852,0.007236404008878027,0.007237094124299269,0.0077702595917353125
2014-02-14,0.0023161551776314624,0.0023054539659475657,0.002316159345493428,0.0021966547885806514
2014-02-18,0.007309932442074781,0.0072745484566348415,0.007309929581069638,0.006251021676525378
2014-02-19,-0.00740080712077931,-0.007380339794546522,-0.007400796522927314,-0.005786253901000921
2014-02-20,0.005985591777674967,0.005983810928194902,0.005985572504216247,0.0037456282687809293
2014-02-21,0.0012055899964365897,0.00120020746816802,0.0012055944405551771,0.0018450712492078694
2014-02-24,0.006627111033873697,0.006595458050489172,0.006627098288451046,0.004201987594147002
2014-02-25,-0.000616984126006698,-0.0005995895603138429,-0.0006169746263553113,0.0019508846461672872
2014-02-26,0.000731899007977813,0.0007570338702635448,0.0007319037307209923,0.0028522306248346995
2014-02-27,0.004799920220708887,0.004792423737428397,0.004799914680631682,0.0034535003535234206
2014-02-28,-0.0008870670960702386,-0.0008906413016884433,-0.0008870644759750293,0.0011664200859164214
2014-03-03,-0.010279845263672994,-0.010279830079286944,-0.010279842451970023,-0.002952319661301068
2014-03-04,0.017667094347141706,0.017667087926868757,0.017667095452482812,0.013968540909641074
2014-03-05,0.00020403571526149622,0.00020403700134294608,0.00020403624724322966,0.0005130460855270499
2014-03-06,0.0026573127190120307,0.002657302897916803,0.002657309445799328,-0.003819668857982247
2014-03-07,-0.0035969248223855247,-0.0035969353897903344,-0.00359692859479262,-0.005429166523925315
2014-03-10,-0.002589018958366905,-0.002589026436455715,-0.0025890218044077773,-0.0021261830587370727
2014-03-11,-0.006701973610330885,-0.006701959958748331,-0.006701969564971013,-0.002284725684230258
2014-03-12,0.0010919282717453988,0.0010919333859130867,0.001091929642151323,0.0036645878784135767
2014-03-13,-0.013570439827540278,-0.013570429604055781,-0.013570438099844678,-0.007638336713589644
2014-03-14,-0.0015120517262717053,-0.001512044801091137,-0.001512049390264188,-2.408117597268344e-05
2014-03-17,0.007882451792644098,0.00788244230696548,0.007882450319226159,0.0037898564900785423
2014-03-18,0.010156204182330845,0.010156201896700603,0.010156203873271737,0.00925173143315037
2014-03-19,-0.007749214113936272,-0.007749233746186241,-0.007749221703927391,-0.009951044134159705
2014-03-20,0.00043339203571360997,0.0004333870975428861,0.0004333906870280991,0.001552318641399075
2014-03-21,-0.005655719159202555,-0.005655698933105089,-0.00565571237846906,-0.0011409162854111004
2014-03-24,-0.005229296472985505,-0.005229301475208442,-0.0052292984174355265,-0.0071993226557111965
2014-03-25,0.004376836846554684,0.004376843010141593,0.0043768396790525846,0.003185178672385348
2014-03-26,-0.009635130754781457,-0.009635137331006934,-0.00963513405524483,-0.01207915091045696
2014-03-27,-0.0010903984729867793,-0.0010903837845970266,-0.001090393377816609,-3.967481447538497e-05
2014-03-28,0.00272902086394499,0.0027290213907994057,0.0027290219291718214,0.0014614874017218633
2014-03-31,0.009191882959108114,0.009191885431526724,0.009191885091554964,0.009720505967037175
2014-04-01,0.011320927993507968,0.01132087896926272,0.011475432657897345,0.00962627107313486
2014-04-02,0.0025928849016087683,0.0025928676742791586,0.0027033255582094794,0.0017543107347546354
2014-04-03,-0.006220742118136159,-0.0062207161051417124,-0.0063676579743625695,-0.005571230853518479
2014-04-04,-0.015614556097281084,-0.015614496905176712,-0.01555385913145646,-0.013208043948938972
2014-04-07,-0.00886140720238955,-0.008861362858811008,-0.00855134552329522,-0.005634481397203049
2014-04-08,0.0049258904068984624,0.004925899341304858,0.0051476122736452785,0.006933051193724451
2014-04-09,0.01348290321893425,0.013482852921952724,0.013245645540025065,0.008209441092434721
2014-04-10,-0.02344672796518001,-0.02344664516119661,-0.02383116923072207,-0.019643367575220266
2014-04-11,-0.009868136226600707,-0.009868096157843427,-0.009973342809105425,-0.008550997929785685
2014-04-14,0.005236771629427274,0.005236756224484494,0.005396595728782261,0.0046610863669524156
2014-04-15,0.0010018251852489542,0.0010018409409753744,0.0016262152253855831,0.006295550504104914
2014-04-16,0.011011830228024592,0.011011801073192478,0.01135229500991728,0.009264533086849212
2014-04-17,0.003011008605259158,0.0030109701465222613,0.002741825483993565,-0.001313831487956295
2014-04-21,0.004035330530422429,0.004035322635190275,0.004366027017081209,0.005220885178438343
2014-04-22,0.006826078208471273,0.006826059776142154,0.00689287547916748,0.006487295003324296
2014-04-23,-0.005198698229176912,-0.005198679431190672,-0.005449181925390704,-0.005085678016188481
2014-04-24,0.0020830754474934587,0.0020830826821872325,0.002311811827783671,0.003528294801577871
2014-04-25,-0.011569711826239592,-0.01156968467165844,-0.011775329655756787,-0.011055378455854607
2014-04-28,0.00014089251150569134,0.00014088924463103526,0.0006029898221661427,0.0009831304037126085
2014-04-29,0.0052518273543491105,0.005251810642965452,0.005205656913554148,0.0032074284144124115
2014-04-30,0.003956345762925875,0.003956341590285906,0.004175703963352947,0.004280391458706656
2014-05-01,0.0034433629739869663,0.0015165903447033585,0.0020448482611493536,0.0032407052997132425
2014-05-02,-0.0005230622138517664,-0.0005536422863217495,-0.0008154393095630254,0.000334291211774857
2014-05-05,0.0011978477925855306,0.0009404826400204956,0.0011878541832233205,0.0010795137628587742
2014-05-06,-0.006591928877364199,-0.009273634997224401,-0.009649213270031225,-0.009303931280852966
2014-05-07,0.0018783990307186611,-0.00017255821094525026,0.0008820673535877832,0.0023231177776894423
2014-05-08,-0.0011391164736046292,-0.0032779976779155743,-0.003027046760992292,-0.0031488680253334515
2014-05-09,0.0015375452786317214,0.0035180817789073277,0.0034899028494771228,0.0036765091065252583
2014-05-12,0.009684070223359485,0.013843639551845878,0.014047349643827658,0.012165077878186197
2014-05-13,-0.001113147432546611,-0.0021326957884204843,-0.002936404068012805,-0.00354551880668803
2014-05-14,-0.0029204913682883975,-0.006950132888061719,-0.006962463206161772,-0.005058442039473963
2014-05-15,-0.0038795946695380714,-0.005788354015641718,-0.005747212588802515,-0.0036063541955228583
2014-05-16,0.005060189624582463,0.004723233771621655,0.005441444915027474,0.006141648165042573
2014-05-19,0.001169753652828852,0.004851851308981732,0.004301970399148458,0.003315427092267251
2014-05-20,-0.005087542357942712,-0.007678865667139318,-0.007861577727442021,-0.006282949418937541
2014-05-21,0.0038443185241058275,0.006734506087131391,0.006083854180486711,0.001817861274834584
2014-05-22,0.002321350215307188,0.0049054281362558546,0.004654812072479975,0.003770232292901825
2014-05-23,0.006459401971272203,0.00628213203651659,0.007134993065430691,0.00859340191598979
2014-05-27,0.00940275303097821,0.010286249394399306,0.010906072932464145,0.01076074401064885
2014-05-28,-0.0028683447953553225,-0.0034468326562702594,-0.004107910849069913,-0.0028255396851600686
2014-05-29,0.004123658509610483,0.004848263495919348,0.004955613707956959,0.0028800870124230473
2014-05-30,0.0005531722507362442,-0.0011679619323929557,-0.0008160952397253847,-7.167133854530724e-05
2014-06-02,0.0006545730444988416,-0.00163042869044479,-0.0010043046097832243,-0.0017369680844423233
2014-06-03,-0.0017674534294872218,-0.0015757577908931284,-0.001639785544323388,-0.00224392743803554
2014-06-04,0.0016904345289385561,0.002211022344085061,0.002411363729238071,0.0028715423528260335
2014-06-05,0.010917897708342153,0.01114186425344287,0.01273724625203172,0.014384169020778739
2014-06-06,0.0025008011724286807,0.006515543712395914,0.005811217607212446,0.0033413748407345165
2014-06-09,-0.003918819234149789,0.0022314802979418805,0.0009064627097910692,-0.001355948492572806
2014-06-10,-0.0025870002574620394,-0.0007668866323713093,-0.0014591816464729077,-0.0026755945616346592
2014-06-11,-0.0024527425508723715,-0.003019793993954665,-0.003298349935134817,-0.0021541245665909056
2014-06-12,-0.0031145477307181224,-0.00452457508369949,-0.0047166954590500436,-0.0044232001578521415
2014-06-13,0.001891961405385378,0.0017312066247882312,0.0018712698379801625,0.0021143723785097385
2014-06-16,-0.000928528883540385,0.0017467711615170279,0.001288667938653307,0.00043091676475783333
2014-06-17,0.00048367118957460083,0.0019914467072442554,0.0023218950473829505,0.002258594321709038
2014-06-18,0.007144116879669892,0.0067498435963448235,0.006997009429757997,0.0065864159361931005
2014-06-19,0.0031417268664004835,0.0016619951491573337,0.00251251112474729,0.0012682900909997367
2014-06-20,0.001407286771499787,0.0009307472432695188,0.0011812364395153438,0.003137773862219747
2014-06-23,-0.0022380982482043303,-0.0013372716315246914,-0.0017367645734580953,-0.0020617670808685297
2014-06-24,-0.0017006192530921503,-0.0054539026260744545,-0.0052962242970629675,-0.0022586411920578345
2014-06-25,0.0016438519296793816,0.00449454689429567,0.004146718461151332,0.004108097594375596
2014-06-26,0.00033473623172068027,-0.00023371318924321304,-0.00022281922676745596,-0.00015211948776941892
2014-06-27,0.003940442289975869,0.0035096723316871935,0.0042752529868577875,0.005480711876276511
2014-06-30,0.000301406311269668,0.001883134450197427,0.0017271893563964593,0.0012311440967935766
2014-07-01,0.006371072714349657,0.009252435263642507,0.009512767227391939,0.007013849057183597
2014-07-02,-0.0027103447673661667,-0.0002568796067727001,-0.000411906140068442,-0.0024968293613367985
2014-07-03,0.0012426662285953379,0.003959421740849976,0.0037415036036452945,0.0016428722131015246
2014-07-07,-0.0034506306856334143,-0.008276296638047019,-0.008087379478973448,-0.004394434940075208
2014-07-08,-0.004323350278285148,-0.01024945594409488,-0.010109676390674116,-0.00519648035463048
2014-07-09,0.0031543322136636143,0.00362579680752014,0.0037455995607035353,0.0031682236484803887
2014-07-10,-0.002322565084496219,-0.007377790447423105,-0.0069890644587151576,-0.0027884144917380213
2014-07-11,0.002527092722596204,0.001814108660720871,0.0017339620213233215,0.002265063403966492
2014-07-14,0.00399391553638629,0.005778389592319352,0.0060456595215976315,0.004304960118269332
2014-07-15,-0.003682859359105072,-0.0047886339345206055,-0.004673523413414011,-0.00401419024828665
2014-07-16,0.002181401628228637,0.002312643316810563,0.0025560197424790545,0.001876587952538837
2014-07-17,-0.007752175006204367,-0.013029660905186563,-0.012932754802562047,-0.008743700282441615
2014-07-18,0.011319794296773222,0.01248026586604711,0.012773475037501477,0.011975713475422716
2014-07-21,-0.001822579627921576,-0.0029531399933940077,-0.0030532112413945074,-0.00212036644330401
2014-07-22,0.005336395350528026,0.005992885728989383,0.0060830089072286455,0.005582378830168671
2014-07-23,0.00260959877861315,0.003097158072631084,0.0030926463529589976,0.0026878830905984214
2014-07-24,-0.0022962483670420837,-0.00020592939143416548,-0.00036542514202337473,-0.002122111370268364
2014-07-25,-0.003957873605384882,-0.005551124249488255,-0.0058187902157089515,-0.0046576266769721465
2014-07-28,0.0006859096110810405,-0.0011805870617205335,-0.0006708594019408356,0.00048123965994652457
2014-07-29,-0.0007549502724569038,-0.0006291760949714215,-0.0008057498159170242,-0.0007302143579274958
2014-07-30,-0.0003603223561155435,0.0016131010100257227,0.0017189406952812342,0.00026835423045027675
2014-07-31,-0.016880609282084163,-0.019065971161840868,-0.019409877074596307,-0.017589025920418482
2014-08-01,0.001043969046375424,-0.0009384567892211206,-0.004792014023955522,-0.0024279446137194685
2014-08-04,0.004292587260826936,0.005348812033793751,0.0068191538156101615,0.006542022463723836
2014-08-05,-0.005925471828086088,-0.00934259198839334,-0.007910219563043708,-0.005796184106798627
2014-08-06,-0.0008447153860402889,-0.002362970887292152,-5.06298526112164e-05,0.0006609204585369191
2014-08-07,0.0016168497450149905,-0.0028369713333316086,-0.004775044286898178,-0.0013079399339780804
2014-08-08,0.004189739638593904,0.005768200606052204,0.007426302401131321,0.006635318935340608
2014-08-11,0.004907454643234302,0.005909396499251489,0.0064065181368555615,0.00650272511790907
2014-08-12,-0.002438177400983022,-0.001123000825492186,-0.0025786230736238097,-0.003317017717832443
2014-08-13,0.010021996979483501,0.00752946784418655,0.008667540831305201,0.010518812951693214
2014-08-14,0.00393146820908427,0.004651528019909045,0.0035318943810691847,0.0026137506337628354
2014-08-15,0.004143316493732587,0.0021218788972535364,0.00045162504801944545,0.0016498402868297822
2014-08-18,0.0032458654205873255,0.005247202567288644,0.009611327126087876,0.008633225901786662
2014-08-19,0.0018451793626573102,0.0030354017127282025,0.003653020951382278,0.003038773131034996
2014-08-20,0.0006713540835813747,-0.0014526419645890117,-0.001760878076488801,-7.56262407878611e-05
2014-08-21,0.0014028807575666906,0.0017257989172840872,0.002366254680198515,0.0013561891568799774
2014-08-22,-0.000544758190239152,-0.0010316443278930382,-0.0017589332436112074,-0.0013658158798410718
2014-08-25,0.0022585478250216366,0.0050707426848900835,0.004182183872272108,0.0021768860819929704
2014-08-26,0.0005201139907230563,0.0012402954386461957,0.0032646114645927815,0.003288128136530485
2014-08-27,0.0033192116519305897,0.003019622704365334,-3.6981918189041364e-05,0.00036299191999548676
2014-08-28,0.00021373034421351446,-0.0030471552497708097,-0.003230402928928946,-0.0013917139730319464
2014-08-29,0.0027654278087140553,0.000937771219905678,0.0032003090439683027,0.0044683229505895535
2014-09-02,-0.004419715346767238,-0.0014550652939590157,0.003116730127283214,0.001497694364287659
2014-09-03,0.001990430690380203,0.003415632163018565,-0.0012943534911875258,-0.00227821940039856
2014-09-04,-0.005313669963861531,-0.0035100072108062434,-0.0032315777794957087,-0.0035158775171049584
2014-09-05,0.004988538717837918,0.0069672229003225885,0.003574425978771145,0.005537875315901648
2014-09-08,-0.00078546338856221,-0.003091491690210824,-0.0022472283306848788,0.00038790394926157607
2014-09-09,-0.005807082771614418,-0.007994585347068843,-0.007516242470730073,-0.00803974600197696
2014-09-10,-0.00457016209925003,-0.0041802496937824955,0.0043972567318928905,-0.0006949355907232738
2014-09-11,-0.0016683326050038782,-0.002315575034572854,0.00011129110104197485,0.0015297172726883854
2014-09-12,-0.014946587285116787,-0.014974180773241422,-0.00819963153593534,-0.014664637539893432
2014-09-15,-0.004409698514737421,-0.0056418998498790306,-0.0072951386856265794,-0.007609112575081467
2014-09-16,0.005650227580050792,0.008886337129123225,0.005714730318163275,0.006281022472045787
2014-09-17,-0.0013261203512610104,-0.002596101066533337,-0.000918667982133225,0.0007450785286084359
2014-09-18,0.0007272761781371853,0.0003836017145091968,0.005543991059091849,0.001940353916683174
2014-09-19,0.003244973170844489,-0.0005817251332640285,-0.004900449868482839,-0.002901783146245128
2014-09-22,-0.0063053384143796345,-0.009404422010797798,-0.009108503692811958,-0.009437240702092398
2014-09-23,-0.0016983343635636897,-0.00392612998809905,-0.006858618348941103,-0.005682577502620813
2014-09-24,0.002187818899135204,0.005941855581927137,0.0071879614557644085,0.004946481651396456
2014-09-25,-0.006273337770956697,-0.012623176285412901,-0.016217806574614593,-0.012444459204085314
2014-09-26,0.0072394667420611816,0.008365620271061221,0.008490259199763539,0.009974621281813447
2014-09-29,-0.00043165548401133494,-0.00577492117149948,-0.003555051212503317,-0.0008491142271595987
2014-09-30,-0.0027634262785716838,-0.001697292788109639,-0.004845903958192771,-0.006005260571422483
2014-10-01,0.001876362009026737,0.0018763527098368982,-0.010667044516039958,-0.009545202397817448
2014-10-02,-0.0031226457885006023,-0.0031226336451223606,-0.001224480706235008,0.0017236771447285545
2014-10-03,0.0064097565074904194,0.006409770466634003,0.005649692954906013,0.007218219614907772
2014-10-06,0.0003762273988287346,0.00037622101484082056,-0.0012396097677969558,-0.001966180390066715
2014-10-07,-0.002206043562077186,-0.00220605293473928,-0.012935125099035107,-0.0128064820132047
2014-10-08,0.012939100409194925,0.012939105856947433,0.01635845776581075,0.01931105813179221
2014-10-09,-0.006568364658938962,-0.006568375192601611,-0.02142340359960005,-0.015071280120321003
2014-10-10,-0.0041476132609137364,-0.0041476261126022745,-0.014654927304698116,-0.01212538913276229
2014-10-13,-0.0023322997126485234,-0.0023323122262797033,-0.00569377271609479,-0.005874801948152746
2014-10-14,0.007072891147278367,0.007072891815680332,0.004941005389155326,0.00867121372416671
2014-10-15,-0.0006559738003331836,-0.0006559925315360323,8.011063474268543e-05,-0.00047272947753168837
2014-10-16,-0.003534552373056199,-0.003534549383910744,-0.0019390140998914852,0.001552827592180377
2014-10-17,0.0025994608937151215,0.0025994712957993276,0.00809931611992262,0.004944854396469758
2014-10-20,0.010337673853465285,0.010337675629768863,0.010244288694231243,0.013238977042127923
2014-10-21,0.008159632425740344,0.008159642116782618,0.015611147137740733,0.0166168079942668
2014-10-22,-0.0013130324384227896,-0.0013130381737461094,-0.007915235673404773,-0.006462103599885382
2014-10-23,0.003974972404019207,0.0039749820615166635,0.011828805397466398,0.012762137901006365
2014-10-24,0.0025629950249359116,0.002562993622831643,0.004716015311362546,0.0031924547742337305
2014-10-27,0.0031087845903894416,0.003108785399358375,-0.001452560786588243,0.0017596820391983304
2014-10-28,0.0036338950325021818,0.0036338912610933295,0.017000843615710158,0.015441508123121537
2014-10-29,-0.002305720233750696,-0.0023057136505048596,-0.0038832202001536868,-0.004040921724585194
2014-10-30,0.00284569602241961,0.0028456947735844345,0.0054353584453847355,0.005544365106449673
2014-10-31,0.007113255892446745,0.00711326305070751,0.013835714865990278,0.013571008620573852
2014-11-03,0.002677928092956217,0.0033367360975774785,0.0021543048935844427,0.0025083438383036723
2014-11-04,0.0005151115675115425,-4.464293156745585e-05,-0.0024530759931641437,-0.0020906150429804947
2014-11-05,-0.0019209682975722064,-0.0008553591285217148,0.00011702298249186958,-2.0122943918869663e-05
2014-11-06,-0.004519318179157263,-0.0028585982167731836,-0.0005982132282009981,-0.0006434358663120134
2014-11-07,0.003435945518608514,0.002955676319531159,-0.0001083517317178962,0.00034597335064864984
2014-11-10,0.00104467617129648,0.0012747104202343843,0.0054378886061447265,0.004875305421193672
2014-11-11,-0.00012177596431221992,4.324031171075195e-05,0.0005667330335460437,0.00034646332408005574
2014-11-12,-0.0021891438324929922,-0.0015438192421605506,-0.0012200579083486338,-0.0009043944400549725
2014-11-13,0.0033693455868626728,0.0027881169510685553,0.0008536362278997716,0.0007552238070668305
2014-11-14,0.0007581737854947881,-0.0002487392280594142,-0.001921608145487032,-0.0017784884747057005
2014-11-17,-0.0013774215964743287,-0.0011468689226223033,-0.0024471191826394858,-0.0023882154320851033
2014-11-18,0.004906179251145935,0.004948559146702823,0.0063492641318558885,0.006013437350593688
2014-11-19,-0.006007528083781284,-0.007024408375898457,-0.007552927065955968,-0.007692695836798718
2014-11-20,0.0037278080580437655,0.005017987403336194,0.0051214777159993355,0.0055829377609140675
2014-11-21,0.007441354842893445,0.0043765546743066595,0.0036709837812515834,0.003561196894278678
2014-11-24,0.002825305887519228,0.004842292627183044,0.007545286104257568,0.007340742594620166
2014-11-25,0.002841478865844087,0.003559269798216797,0.0014027803793411002,0.0016753634974679317
2014-11-26,0.006932066528147846,0.005995073553231395,0.006224961825874005,0.006177001229307109
2014-11-28,0.002502308433766701,0.0030235724480912295,-0.0030872772128090974,-0.002428487879698572
2014-12-01,-0.0076015899092917,-0.006237406109201093,-0.009402968579618297,-0.009233413563276612
2014-12-02,0.00013044496996752098,-0.0005153538107955133,0.005701275942726882,0.006135524386286416
2014-12-03,0.0016863738152984996,0.0015178527680045097,0.0035257553243758792,0.0033472184858938775
2014-12-04,0.0033173006240792753,0.0033062329220098644,4.2405607863038575e-05,-0.00036102340661969633
2014-12-05,-0.0034342678989753013,-0.003651244912632676,0.00018692489613489433,0.0004649555741916184
2014-12-08,0.001962485879241872,0.0039032948674460988,-0.0027614223518526767,-0.00348834255880337
2014-12-09,0.002913646884530872,0.003941036120406721,0.007862401786705655,0.00749862685522714
2014-12-10,-0.004297842970483201,-0.0028527419647214835,-0.010652128084893514,-0.011344932852280519
2014-12-11,0.0023693190639298913,0.0031078946780421332,0.0035798443783120848,0.003392932737122647
2014-12-12,-0.0034512945556984128,-0.0016496230050427596,-0.008164545675536938,-0.009303251629227197
2014-12-15,-0.009046485154351445,-0.007376807578625896,-0.010233814523755429,-0.010736341131552963
2014-12-16,-0.0016718367821064075,-0.0015466386736751134,-0.004411220705067286,-0.004591810787196337
2014-12-17,0.011946977940662852,0.009673520570718398,0.020710696882917823,0.0214375013011934
2014-12-18,0.005346681526876854,0.004080667092515274,0.012004236837908905,0.013239133922424628
2014-12-19,0.005907611266223765,0.005157405901826157,0.0032013550713631076,0.002785994756791147
2014-12-22,0.007558705806417089,0.006486754137315677,0.007941924717710366,0.008063698013560132
2014-12-23,-0.008764640230498742,-0.008610356304453039,-0.0035076702958684812,-0.002932014258845277
2014-12-24,0.0008794732444069671,0.0009711254512937812,0.0004270460964637117,0.00039537994131934166
2014-12-26,0.0050992128797640816,0.004382284058676399,0.005518171558089992,0.005478876940225775
2014-12-29,0.0032228775168809264,0.004024927526431561,0.0036059546039202187,0.003096508690466383
2014-12-30,-0.001199760712446705,-0.001320057302614593,-0.003706169144952957,-0.004119810390277539
2014-12-31,-0.0074890821240405,-0.0074984284697054435,-0.009742122205441248,-0.01002346241250085
2015-01-02,0.007462562715185811,0.00746261816161355,0.003386940654816758,0.0024646485957625797
2015-01-05,0.002563943694481571,0.0025640252512137748,-0.0045308796679695545,-0.00656396966045445
2015-01-06,0.005030044488341526,0.005030124632303917,-0.0036240260117479197,-0.005454187026187687
2015-01-07,0.007855770128190937,0.007855732322543028,0.011635429792448538,0.012418198331202461
2015-01-08,0.002493745107164229,0.0024936771852972286,0.009945059987319382,0.011568522000735812
2015-01-09,0.001945138591933132,0.0019451782282308234,-0.0031474120426221485,-0.004167919599407053
2015-01-12,0.0012310894224847712,0.0012311186523823409,-0.0010527906490263562,-0.0015405943639031055
2015-01-13,-0.00045104685345992744,-0.0004510531750630565,-0.0003306097529944987,-0.0001378831304530952
2015-01-14,0.0036740427933125877,0.003674084505631944,0.0007596927776500434,0.0001312407598721548
2015-01-15,0.00237599211967451,0.0023760588107817056,-0.005935758202011191,-0.007009676646482719
2015-01-16,0.0015589306655840443,0.001558851962310931,0.0090644896918147,0.01062545677465233
2015-01-20,0.004226369414122202,0.00422639013148492,0.0004813962500227083,-0.0002618064600159441
2015-01-21,-0.0026159180812344598,-0.0026159624425299626,-0.0009760378080280206,-0.00010901180633162472
2015-01-22,0.009559284624927283,0.009559227885970264,0.01608825063989529,0.016893667702266052
2015-01-23,0.0046417628355080905,0.004641803335948751,0.0013362150196398939,0.0003207204596569754
2015-01-26,0.001039514933338931,0.0010394783518739594,0.004480556153457128,0.005353132494626843
2015-01-27,-0.007069834196671706,-0.00706983349210442,-0.008808303110891981,-0.008958007995940827
2015-01-28,0.0021394114182570175,0.0021394957060046787,-0.006192444629508645,-0.008041137180369078
2015-01-29,0.001611038887411215,0.001610998631708962,0.0069528599455485314,0.008124794055743293
2015-01-30,-0.002307578334593956,-0.002307492838965768,-0.01241222235576739,-0.01448752258107261
2015-02-02,0.0005564330488000561,0.0005564244734462238,0.0007745042459439916,0.004832591183064825
2015-02-03,-0.0017041077044998357,-0.0017041220534261328,-0.0016689845416090867,0.010258792190202672
2015-02-04,-0.0008252031373443183,-0.0008251999607179561,-0.0008513478934588909,-0.002849227489382148
2015-02-05,0.002534494756923651,0.002534486116083351,0.002582375046576928,0.00998255443126668
2015-02-06,-0.016968477219839635,-0.016968486942245738,-0.01689535995642227,-0.012421908374613181
2015-02-09,-0.0035999883555815643,-0.003599987687134862,-0.0034875687885819423,-0.005742088473672104
2015-02-10,0.0029901497472664216,0.0029901477183459303,0.002968362389060693,0.00744824207939957
2015-02-11,0.0007260642106158403,0.000726066708076684,0.0008294539125820627,-0.00032967782714344825
2015-02-12,0.006118250431271651,0.006118244062483009,0.00633714504207786,0.010927642024766836
2015-02-13,-0.002836873749506292,-0.0028368820627733583,-0.002897698516983363,0.002029086657216612
2015-02-17,-0.0056857987394042546,-0.005685805046989002,-0.005440202970793595,-0.00031705361541785017
2015-02-18,0.005474881093601895,0.005474886060141288,0.005353145325365415,0.004127523088214848
2015-02-19,-0.007198396462629021,-0.007198403955053952,-0.006962484672711745,-0.005277862999310341
2015-02-20,0.005729011394265989,0.005729011130392207,0.005934480278221763,0.0062703186770833716
2015-02-23,0.006612736209619961,0.006612742775545035,0.0064922649116522044,0.0035434011269776587
2015-02-24,-0.0010872297270618158,-0.001087231901969545,-0.0010987159297261404,-0.004267404353258294
2015-02-25,0.0007143745354706303,0.0007143731280292051,0.0007116841493570476,-4.4708177758253185e-05
2015-02-26,-0.006434915684780627,-0.0064349246889586435,-0.00638202005477262,-0.0015634804960519653
2015-02-27,0.003911432854065904,0.003911440438161568,0.003795834021289003,-7.96942312898116e-05
2015-03-02,-0.0004225102726175741,-0.0020154670591503126,-0.00042247941470745665,0.005794411688069654
2015-03-03,-0.0036500115035085264,-0.0031168741378502242,-0.0036500143703852668,-0.00423671347777989
2015-03-04,-0.004239861926164743,-0.003996742315036554,-0.004239866690980602,-0.005145533390018809
2015-03-05,0.0013088818743949551,0.0011477195946167477,0.001308886467323144,0.0023354840512480927
2015-03-06,-0.021247527047255677,-0.021047379419904602,-0.021247506449443714,-0.01891763239322441
2015-03-09,0.006461397250883484,0.006426830734187019,0.006461384678188295,0.005095030724530496
2015-03-10,-0.002995186828343159,-0.0016860091635297076,-0.0029952288792882116,-0.009727098178873534
2015-03-11,0.0013291299181060218,0.0012231698979443249,0.0013291274705528567,0.0008585580165474628
2015-03-12,0.008638759290726555,0.006878482986063808,0.008638775004390678,0.01277947057521901
2015-03-13,-0.00276444834342125,-0.002689494245414471,-0.002764452320102413,-0.0030082759218739603
2015-03-16,0.01044408127404081,0.009956901220282826,0.010444074550454204,0.009776839333642004
2015-03-17,0.003122956836832924,0.0030219141699885936,0.0031229470451425274,0.0014446678531251688
2015-03-18,0.01581295855885557,0.01624274314786144,0.01581294764902029,0.013660150727226697
2015-03-19,-0.0010326961521460677,-0.0017343848853028651,-0.0010326973901574191,3.143203457340916e-05
2015-03-20,0.011931471070730911,0.011331347795402092,0.011931476979793076,0.013505818778448803
2015-03-23,-0.0014119326851076337,-0.0010941501714139762,-0.0014119274487312597,-0.001021391077476648
2015-03-24,-0.0007573798687316755,-0.0005857439571713871,-0.0007573922575151344,-0.003346646928633492
2015-03-25,-0.016963625606877603,-0.014902926962299105,-0.01696363259531482,-0.019859249978989198
2015-03-26,-0.007391216695475571,-0.007885770431104406,-0.00739119805720855,-0.004162970445346896
2015-03-27,0.005961698979305677,0.005721337683495213,0.005961686241576276,0.004243306156532781
2015-03-30,0.00760175819220759,0.00641832636901857,0.007601777854096684,0.011594231154252243
2015-03-31,-0.005497955553840222,-0.00499631449726758,-0.005497964638982764,-0.007478112378614071
2015-04-01,0.0019911473089946857,0.001991123404317502,0.0019911218540846314,-0.0008586241794256923
2015-04-02,-0.0005133702703913624,-0.0005133587006948222,-0.000513356459770826,0.002954345142143658
2015-04-06,0.004332584647959817,0.004332595059350702,0.004332596617303715,0.007130125266144379
2015-04-07,-0.003918385285647957,-0.003918426373397938,-0.0039184290376033755,-0.007368750933715522
2015-04-08,0.00379671230614683,0.003796750367197767,0.0037967536019367885,0.005656757709928717
2015-04-09,-0.00858876154000792,-0.008588769839828344,-0.008588768379475186,-0.005984998825384173
2015-04-10,0.001932478058431085,0.0019324936699736414,0.0019324954176401365,0.002624037277989753
2015-04-13,-0.0010712724611897173,-0.0010712713763681716,-0.001071271825167558,-0.0016143485798399734
2015-04-14,0.0022943847290854713,0.0022943724840702876,0.0022943711822366597,0.0008470238310599828
2015-04-15,7.115100723833941e-05,7.116823505453048e-05,7.117112466176497e-05,0.0019126282875570136
2015-04-16,-0.0011969922566245116,-0.0011969985543015746,-0.001196998483062741,7.79687652653834e-05
2015-04-17,-0.004248484375018383,-0.004248556896011752,-0.0042485641946846744,-0.011004872134530665
2015-04-20,0.0032726633049981082,0.003272717749415426,0.0032727221470798514,0.007500977418021259
2015-04-21,0.0003332601931770453,0.0003332589111809075,0.00033325946366275205,0.0017161845412724838
2015-04-22,-0.002168853875176705,-0.002168824308442435,-0.00216882105375681,0.00206212570805145
2015-04-23,0.0036798957943521317,0.003679902367237539,0.0036799028581847738,0.0036969789539494555
2015-04-24,0.006228291527999646,0.006228277720618944,0.0062282747960242,0.0042944418021465475
2015-04-27,-0.002263697341402933,-0.0022637432108021925,-0.0022637465327900626,-0.004223715396651948
2015-04-28,-0.004763313353255617,-0.004763278792903128,-0.00476327417150528,-0.00013538512950850642
2015-04-29,-0.012691929588015292,-0.012691960297297434,-0.012691961551157562,-0.012233419107538605
2015-04-30,-0.011180578034607423,-0.01118067043907198,-0.011180677718093937,-0.01638894686099454
2015-05-01,0.0026314048013233206,0.002839207957475866,0.0028392353846372416,0.008242840737273644
2015-05-04,-0.0011531449489012055,-0.001674626576655269,-0.001674623925215274,0.001344857208566057
2015-05-05,-0.011300746245812988,-0.013098589604288002,-0.01309864254094368,-0.01595514556613476
2015-05-06,-0.006351135237958915,-0.007429252541779174,-0.0074292191851717026,-0.002148136199211931
2015-05-07,0.008503667653027623,0.01081512458803088,0.010815169230326705,0.007580137922104256
2015-05-08,0.008196227029713904,0.009498184107388617,0.009498182811341033,0.011755153581429508
2015-05-11,-0.009788942814591388,-0.012910050808707644,-0.01291003375983827,-0.006951058395731462
2015-05-12,-0.000814698808021663,0.00014938766591286764,0.00014938974695946514,-0.0009779995842814733
2015-05-13,-0.002746748081569561,-0.0046584447465142405,-0.004658471996842641,-0.0018548788442483092
2015-05-14,0.010310498367122228,0.01204813822385241,0.012048173062613061,0.013979928870590226
2015-05-15,0.006697472499486571,0.008966765038652407,0.008966753065941125,0.003514786420126927
2015-05-18,-0.0005815795626460868,-0.0033640155678963815,-0.003363945078468017,0.002965986687003928
2015-05-19,-0.0037410252933901137,-0.004161523757165423,-0.0041615225899582055,-0.002394003675758792
2015-05-20,0.0011629774646142279,0.0006209261791405189,0.0006209286223468662,0.0007234298805030142
2015-05-21,0.004942687742935746,0.004222785463191665,0.004222773066730354,0.0009448928067975098
2015-05-22,-0.0015948071511878473,-0.0009801405501266302,-0.0009801557857241584,-0.002408929924552828
2015-05-26,-0.001947352696161728,-0.0015586398968098771,-0.0015586477014920786,-0.009012151317377816
2015-05-27,0.010178959365625368,0.009692182813574422,0.009692244635485802,0.01208700426321647
2015-05-28,-0.0018732739021852921,-0.0020959194189327157,-0.002095902530904547,-0.0017428137119634276
2015-05-29,-0.004081153652348812,-0.005175902552594706,-0.0051759222238986664,-0.007423725735308144
2015-06-01,0.0045551758815877245,-4.566402403710004e-05,0.0017760760251230357,0.0023683482167372624
2015-06-02,-0.004538081927818984,-0.005480954321246279,-0.007714646645077918,0.00010394662682273217
2015-06-03,-0.0020294724002678658,-0.0023717908104966936,-0.007236171305037213,0.004113061484996176
2015-06-04,-0.004561714403129822,-0.0015745089274238815,4.586408231610913e-05,-0.008697285283673062
2015-06-05,-0.003103890106034455,-0.0033114159791005405,-0.006985724082128078,-0.0032256775142836818
2015-06-08,-0.005088784877466427,-0.004947182550564275,-0.004384777738115178,-0.005026900684165072
2015-06-09,-0.004383794679015789,-0.004513998853303817,-0.005358289806336424,-0.0037868231655289607
2015-06-10,0.009089552334313042,0.005927520002385702,0.00484796869289606,0.014858839735100141
2015-06-11,0.005133776521849013,0.00812088081904657,0.008832769516063627,0.002621756462779368
2015-06-12,-0.0036359143043391286,-0.0034552944526172295,-0.0030342097889645404,-0.005838059142376453
2015-06-15,-0.003908265061334268,-0.002501501187642686,-0.002950778541324813,-0.004797501270533237
2015-06-16,0.006964549901101489,0.006929114210787096,0.00712091091203597,0.004476347788873391
2015-06-17,0.002153641471352355,-0.0010915443258226103,0.0009089341733423378,0.0005422871018797119
2015-06-18,0.012035057787588078,0.008295036243439295,0.00837567532528238,0.012464663205303582
2015-06-19,-0.0026446527979460542,0.0014606127430220445,1.7681687094072335e-05,-0.003117135496258926
2015-06-22,-0.0008490818075464228,-0.0028739380792777267,-0.006306808042026078,0.008924529605402997
2015-06-23,-0.0022281369184128453,-0.00176096840633193,-0.003847776068858066,0.0008415570872494944
2015-06-24,-0.004845269582784502,-0.0020340252835422904,-0.001430599295200826,-0.007199443996786027
2015-06-25,-0.004156365157090353,-0.002828952033059639,-0.00474804635153663,-0.0019095377833849353
2015-06-26,-0.0017785504984236167,-0.0054651473848840795,-0.0034791711889963915,-0.0022296957703003806
2015-06-29,-0.016676827096875516,-0.008273834249415265,-0.006332143736671851,-0.025432595924166523
2015-06-30,0.001654843310841266,0.00034860650331888424,-0.0006650968630013174,0.0013456194532751682
2015-07-01,0.006861119515611887,0.0008678930107179339,0.0035688632357794695,0.006854556052425992
2015-07-02,-0.0010529451256017773,-0.0008961588088313757,0.0010815109241348953,-0.0015065263401345377
2015-07-06,0.002953803792235617,0.005399382353685342,0.006725337339632137,-0.006209736603722147
2015-07-07,0.006731322916931187,0.005476619248999405,0.008384109832628876,0.002753891354917283
2015-07-08,-0.01009394334658492,-0.007595268988363772,-0.005315322572731413,-0.017170764005173603
2015-07-09,-0.002490302912619477,-0.0054757511045666635,-0.007152143557766841,0.005381805497826473
2015-07-10,0.009653155506830697,0.004821661868490196,0.003704388208476577,0.019408869579221322
2015-07-13,0.008764707832256207,0.007861265517064576,0.005888547720868752,0.009911776775988538
2015-07-14,0.0045896998383221236,0.004835658684721397,0.004131307672253815,0.006360365651227874
2015-07-15,0.00029366003823717694,0.002079869249564941,0.003474627092834968,-0.0022055887754259154
2015-07-16,0.009140558636254174,0.008909478682606015,0.009327025009799428,0.00942892971303917
2015-07-17,0.0025660240257102196,0.00430967268835507,0.004469811161099443,0.002255707334714162
2015-07-20,-0.0006693782213830118,-0.001740936670646746,-0.00043022515802807935,0.00030358513373582004
2015-07-21,-0.0018976371894807848,-0.0002551009521582226,0.00012843998754856532,-0.002749894140930688
2015-07-22,-0.0003649991902511528,1.246007107547826e-05,0.00014107344397386586,-0.00415324639301525
2015-07-23,-0.006921214690949134,-0.0019394834303655645,-0.002220598118650693,-0.006464508783799661
2015-07-24,-0.00625097552336418,-0.006604531321382953,-0.0025346086349606425,-0.010644976965831512
2015-07-27,-0.00390311212002242,-0.003190824167673943,-0.001170714834654803,-0.007004156120625276
2015-07-28,0.0046121031918136225,0.0030256930108180052,0.0014450377682730267,0.008997771946606456
2015-07-29,0.003556135026294132,0.0015098997467673982,0.002253974763632424,0.003698696444446517
2015-07-30,0.001571598412973546,0.004102802668420141,0.0025385793405866565,0.00155856490884442
2015-07-31,0.0044086036624575685,0.00430651088102884,0.004792773287030968,0.0038568346975372684
2015-08-03,0.0004693595834478694,0.0004872698663424447,0.003584750043731589,-0.002593140915396606
2015-08-04,-0.0035777794254098416,-0.004257680695837288,-0.00537002051353628,-0.001773056359051075
2015-08-05,0.0012784138391449896,0.0002768675055865968,-0.0016831187711678947,0.003922902094721579
2015-08-06,-0.00660890354538047,-0.007548080235051925,-0.0030751587874630294,-0.009962643140189863
2015-08-07,0.0013564102391746434,2.641054753565101e-05,0.003992382351121369,-0.002580433530164481
2015-08-10,0.004387393538913073,0.004689799280542074,-8.953839089665787e-05,0.0102310670424606
2015-08-11,-0.003183550104855626,-0.0028440584643897094,0.002047077152681016,-0.010343297710515351
2015-08-12,-0.001888168271058365,0.0008648142655457257,0.00015729047271719696,-0.0013653861441482239
2015-08-13,-0.002518511414394954,-0.001470855275517672,-0.001448919495375177,-0.001562991232489164
2015-08-14,0.003253779534993908,0.004253127840968868,0.0034343723935967344,0.0034048930794588765
2015-08-17,0.006830783600499415,0.008670178900048663,0.007463341772146489,0.00595231933026338
2015-08-18,-0.00703944945034614,-0.0038942968819446165,-0.003873358903424939,-0.005907997971035425
2015-08-19,-0.0030040364119594378,-0.005879589020897496,-0.0018325145529744416,-0.008327823914377301
2015-08-20,-0.015284682014560342,-0.017091300986301936,-0.010013272100903971,-0.023887321820808903
2015-08-21,-0.01799552108473061,-0.021889165542793423,-0.01894906140782186,-0.02532432448756877
2015-08-24,-0.02680279170687864,-0.03732933461972027,-0.029586029214168433,-0.038298309623929466
2015-08-25,-0.0073031885707965745,-0.013293535882379838,-0.014968550786211003,-0.003333042601151552
2015-08-26,0.019311336470270755,0.028922565508510616,0.01997475312075253,0.032532798509837674
2015-08-27,0.014354094247576306,0.01882226116362539,0.015363118232407042,0.018558895807251997
2015-08-28,0.003640718129552944,0.00276432344856336,0.0013805467382034722,0.002312918628406484
2015-08-31,-0.007860185310363024,-0.012429567477327496,-0.013239515597595994,-0.00932853381526766
2015-09-01,-0.00821004674651112,-0.008731262492557184,-0.012478952322273454,-0.027126081083357664
2015-09-02,0.004812360603465308,0.006860456038570513,0.008706403087921871,0.0180145505707779
2015-09-03,0.001231282665012747,0.0005656585126760915,0.0010525204667554504,-0.0008298935097342625
2015-09-04,0.00020931226142076046,-0.0006577580065510207,-0.006106908570034452,-0.012911124817224647
2015-09-08,0.003932326419911258,0.004998745166969255,0.008120909507767577,0.022699909543255594
2015-09-09,-0.0030272436867176907,-0.0029699365147173246,-0.005331466405618162,-0.00939042807527656
2015-09-10,-0.00024619099965108096,0.0010184436555497308,0.001675888424138563,0.005940504616082786
2015-09-11,0.004645740574588102,0.004808635370377944,0.009553611731319238,0.0066895615853302575
2015-09-14,-0.0009325043430480615,-0.000618349653027078,-0.00018372580676199944,-0.003503455632105048
2015-09-15,-0.003557829558901373,-0.0034519413897883267,-4.443460228519911e-05,0.009091140136166383
2015-09-16,0.0019340664734357217,0.0013359117966796241,0.003739822592737161,0.008796618233798507
2015-09-17,0.0072199406864717226,0.0066106746406153485,0.008019324916572515,0.0037489998576477556
2015-09-18,0.0004571874659619537,0.00037400570575438143,0.00030684812473034294,-0.01261493767655128
2015-09-21,-0.006827802497778748,-0.005838330755042139,-0.001963150949779909,0.0011345842668086066
2015-09-22,-0.0003771465382573335,-0.0003371882628055228,-0.0035984018788651007,-0.015007487599692261
2015-09-23,-0.0011803874780402339,-0.0004288444134260586,0.0019762587055962145,-0.00041291049240527763
2015-09-24,0.0016260831768576786,0.001231610839513312,-0.0017135430744433914,-0.003482658473826451
2015-09-25,-0.008173909491685312,-0.007237097816483772,-0.004198437673120646,-0.004548876748179363
2015-09-28,-0.004401208598128749,-0.004494300015831298,-0.007497722823617999,-0.022551902297312517
2015-09-29,-0.0007709313317162195,-0.0003887317239931013,0.0028310875514688007,-0.001946891239076741
2015-09-30,0.005976577825601082,0.007474683399673165,0.008407615734775062,0.016363426197019155
2015-10-01,0.0028474625977660335,0.0034351929847845977,0.004183363780795088,0.002658956597736211
2015-10-02,0.008958685016095064,0.007189479666381148,0.009726811166720974,0.013185775374195874
2015-10-05,-0.0017011759767655117,0.0007619857492251518,0.004734879660017702,0.017273499013920668
2015-10-06,0.0006832877154374608,0.0007382374126410811,-0.0006181271384399098,-0.003949340517750291
2015-10-07,0.0004057093918752374,0.002294850775979789,0.003995139099173774,0.011221207495845502
2015-10-08,-0.002494342390105205,-0.00037135598450363413,0.0009440565319451035,0.006609763477235177
2015-10-09,0.002355730072541065,0.0009145626558355082,0.0017079343296255041,0.0016727798544677356
2015-10-12,0.004423653352585834,0.0056577543925358026,0.005475743325720765,0.0025738413928041016
2015-10-13,-0.0012260868975458208,-0.0021948168677654104,-0.0036724841796228085,-0.009114379172324414
2015-10-14,0.004179669844561382,0.0018628769148775536,0.0004487748363337348,-0.005222915555319606
2015-10-15,0.0023921025323414328,0.003247278768560482,0.007214475499932198,0.017101980522398696
2015-10-16,0.001135165830711386,0.002531669864177928,0.0035340543764220975,0.003091412742986592
2015-10-19,0.0007498499599972432,0.003810979993753602,0.0050504165298301375,0.006173994555177107
2015-10-20,-0.004605798803850094,-0.0034986941272033755,-0.003843335416777617,-0.002556092094502013
2015-10-21,0.0026776368342740185,0.002291355133642668,0.0003835379238995977,-0.007178161927000297
2015-10-22,0.0071369750513281165,0.005486568357749583,0.009356373081070981,0.012154504674597921
2015-10-23,0.003777004653153186,-0.004361343535701991,0.0023637983178690825,0.00875628280622852
2015-10-26,0.0031436904423232047,0.0027658345903076973,0.0023690458955846765,-0.0019235600225885787
2015-10-27,0.0021385983009542106,0.0015939471433146612,0.0015003783697990838,-0.0032456474182492204
2015-10-28,-0.0006594929901954621,-0.001669842664675233,0.0010293417957061653,0.011771139525914248
2015-10-29,-0.0077900086742082476,-0.007181707710193365,-0.006269135487110731,-0.005130359608989849
2015-10-30,0.0017692428622500212,-0.0003465797028054999,-0.0016358567632871557,-0.0053262283752109904
2015-11-02,0.012788004577257577,0.008106275054444646,0.008106316512707098,0.01643758693185557
2015-11-03,0.002609445577100466,-0.004690878615406045,-0.004690862682652255,-0.0007402564255342811
2015-11-04,-0.0020723883358189704,-0.0010673960045779539,-0.0010673942700652659,-0.0017654271933188774
2015-11-05,-0.0015052357920854863,-0.0004732443667304887,-0.0004732416779339085,0.00040261003471895793
2015-11-06,0.00048313832770181776,-0.014193698637661411,-0.014193671805793395,-0.007823374970945417
2015-11-09,-0.010226673009805549,-0.010187653047793637,-0.010187670368848923,-0.012708626271107144
2015-11-10,-0.00029952957917500465,0.003745334098292346,0.0037453357181207033,0.0036279527817752867
2015-11-11,-0.0016805782810973644,-0.0007030827582694826,-0.000703097696809631,-0.002394832328994295
2015-11-12,-0.013233982553679963,-0.0034581675153215015,-0.0034582021483704176,-0.011333123217337919
2015-11-13,-0.010854936773871319,-0.0072113634152893395,-0.00721138223644936,-0.011782777737878917
2015-11-16,0.011157472693659926,0.007625771248803097,0.007625783715519304,0.011104626926595793
2015-11-17,-8.738647747801547e-05,0.0006619115976508803,0.0006619058060022145,-0.0007294100139021615
2015-11-18,0.013768997874802567,0.008975698118327389,0.00897572854489804,0.014125156576033924
2015-11-19,-0.00041613509543099886,0.003351248395070614,0.0033512357273436416,0.0004417166510127263
2015-11-20,0.003258115201506089,0.004738421438647104,0.004738435647629127,0.007469733332156031
2015-11-23,-0.0013308758236644863,0.0008327424949478978,0.0008327497310975172,0.0009925671566421831
2015-11-24,0.002117392930091578,-0.0017804396987801305,-0.0017804282633157324,0.0003551638986771036
2015-11-25,0.0033993148093419403,0.0022303934414482783,0.002230406146546455,0.004044070359878882
2015-11-27,0.0017594075280972915,0.0028374770506385152,0.002837482259051139,0.004137351318519471
2015-11-30,-0.0023725588872514024,-0.0017462941613258123,-0.0017463029162587066,-0.004181799783868069
2015-12-01,0.007970558053790136,0.01049690594238891,0.011871769877670524,0.010323611433535457
2015-12-02,-0.007957750992173933,-0.011157575182134217,-0.008940416825528428,-0.011798706871562176
2015-12-03,-0.014871700661920017,-0.017580317522273466,-0.019644337950944165,-0.016266527890070038
2015-12-04,0.013065994072839694,0.016648161181875627,0.01638103082565564,0.016609180966441657
2015-12-07,-0.005177113216550295,-0.005727604542230428,-0.0007813175074875878,-0.006672678086052806
2015-12-08,-0.0015480218198214582,-0.0018458374975973482,-0.0006439484924690615,-0.002738254292322233
2015-12-09,-0.008014422691882453,-0.009689924644814298,-0.007667092031790278,-0.009893227542118917
2015-12-10,0.0009909726516446025,0.00034212587793171776,-6.102920043893509e-05,0.00027489071871686854
2015-12-11,-0.011364816145807583,-0.012552419733344833,-0.00494503514983191,-0.014594325322130933
2015-12-14,-0.0016223838697255345,0.00022803661103666258,-0.0009279721284062529,0.0010770495665252176
2015-12-15,0.006473846514020399,0.00882629092126907,0.004767480506556277,0.009463954625247304
2015-12-16,0.010198381600646405,0.01468271351396643,0.01120243113964435,0.015990343170147213
2015-12-17,-0.0068152978370636524,-0.007929566742890626,-0.0035361171662375785,-0.0093389223825562
2015-12-18,-0.01042650404382426,-0.013271301598878982,-0.009105303773180083,-0.01421341000715866
2015-12-21,0.006125957593323141,0.006744648690061335,0.005189041150814477,0.0070306657985329275
2015-12-22,0.004280878436397059,0.005209908789494127,0.001931040576194125,0.006077712690482714
2015-12-23,0.006362259085672517,0.008343793381830708,0.004316125135201212,0.009766679381022207
2015-12-24,0.0010636987694494998,0.0010865344602091753,0.001854446081004763,0.000651994914461929
2015-12-28,-0.0009378173200667258,0.00040901080704654555,0.0019257610547631007,9.75373157166651e-05
2015-12-29,0.007435870658380561,0.009488212711315658,0.004006910036295908,0.011046281459797667
2015-12-30,-0.005957395753989221,-0.006864824989269323,-0.0050505647679410575,-0.007158909546295812
2015-12-31,-0.007998962856840527,-0.009631185334457018,-0.006241130219888657,-0.01068334543115824
2016-01-04,-0.008715724280414455,-0.010196411775048217,-0.007350785943448886,-0.017544390159784505
2016-01-05,0.0052363554140082156,0.005027897554197735,0.0040298680771511655,0.0056703405584563335
2016-01-06,-0.0014979041540855058,-0.0035389102922701375,0.0009425514461683895,-0.00874931109964925
2016-01-07,-0.014513327394873182,-0.01667082186624942,-0.014484771427169018,-0.02444656839014009
2016-01-08,-0.005635939366572486,-0.006919983925818089,-0.004876309411255118,-0.012197521716282815
2016-01-11,0.0013522552842807403,0.0020938946962898736,-0.0009734187779884625,0.0011535495852711903
2016-01-12,0.003052654588169845,0.0032965163540672328,0.006253902903610873,0.0032277232890258276
2016-01-13,-0.013170352505448546,-0.015028299228319632,-0.011301828855201444,-0.024841465409551254
2016-01-14,0.00457174303370698,0.0063513569903968625,0.002668214599456433,0.010249201003433746
2016-01-15,-0.010114490387562663,-0.013586329232905934,-0.006219961193121116,-0.01781759560705835
2016-01-19,0.0014066685359630223,0.0027737937977406982,0.001182322622280392,-0.0013642984815548263
2016-01-20,-0.007352216829694037,-0.009772356159994675,-0.005325769756071421,-0.008699965409815517
2016-01-21,0.0009240953066719892,0.001956800171737594,-0.0003243385183239482,0.001451875109385782
2016-01-22,0.016435529490900484,0.01932263827078207,0.015673305152895313,0.02602153326350308
2016-01-25,-0.005441302265037656,-0.006676122515690516,-0.004375407662392342,-0.013598568515128041
2016-01-26,0.009485769738932073,0.010990201132007129,0.009198708659827528,0.01608014722169817
2016-01-27,-0.01333049549042804,-0.013697837593152917,-0.013277088616519496,-0.017802746492587077
2016-01-28,0.002448644961961462,0.002628462424236175,0.002504099851072493,0.002121360376912939
2016-01-29,0.014551373695787496,0.015793010193552837,0.015505866176124199,0.023672406873366744
2016-02-01,-0.0008340659603572203,-0.0011218860143437702,0.00016447195567167902,-0.00036231172693881
2016-02-02,0.0028032363004925147,0.0013821000835425856,-0.00294249879767403,-0.01383021632421974
2016-02-03,-0.0012944833776031071,-0.004502279708672516,-0.0020346397910436928,0.0001225719611395993
2016-02-04,0.00231315576127112,0.0021816685602100666,0.0018180055119639729,0.0017763160673666125
2016-02-05,-0.008430070824452858,-0.009702628419351489,-0.01563086617452276,-0.024206250075649895
2016-02-08,-0.0014130168091113487,0.004631170536055653,-0.00596475835721415,-0.015942423159703446
2016-02-09,-0.005458311339927531,-0.0009000331274904188,-0.006115385604286068,-0.008368556725697772
2016-02-10,0.006006499977240257,0.004814592205733644,0.006177931849425929,0.0042735875302657165
2016-02-11,-0.0009264018666120536,0.0033800381906201504,-0.002135565841969537,-0.00725188060062052
2016-02-12,-0.0023044857674600246,-0.0032619692843371562,0.0022661895801371003,0.012046205957962401
2016-02-16,0.003707670130582658,0.002221879005886319,0.008813758673942748,0.01833877297022137
2016-02-17,0.002252744460676667,0.004188435887470319,0.00727203808883716,0.013449412812908968
2016-02-18,0.006968845727551061,0.00247041594530527,0.0037585076754434133,-0.0005982821119233774
2016-02-19,0.002267945787989403,0.0010698183623262354,0.002860015386556011,0.004192738254208941
2016-02-22,0.004028274087357569,0.004614019732445237,0.007474435165115903,0.011025775524444708
2016-02-23,-0.0006216857946986773,-0.002924155846499585,-0.0043123201371055185,-0.008068048801434684
2016-02-24,6.022420912636236e-06,0.0023677187837804897,0.0019158397689608261,0.0052028676790611674
2016-02-25,0.009084608811013067,0.005484397141988816,0.010457542802832927,0.012188501444917519
2016-02-26,-0.006029617424817575,-0.004765221733859895,-0.005307074785097372,-0.0009896391564789815
2016-02-29,-0.0002673648506938898,-0.0008273932959641022,-0.002391774231475507,-0.004766310644926467
2016-03-01,-0.007011664184229349,-0.010372124042527856,0.004029643952394749,0.0149453913621325
2016-03-02,0.0037584918464711515,0.003237448568818442,0.002923652741058848,0.004548858989475173
2016-03-03,0.007160724341565579,0.007104544993035668,0.002847107368875375,0.003159481322982608
2016-03-04,-0.0033971909720044995,-0.003427143442716303,-0.0028621216952873715,-0.0012218494167925012
2016-03-07,0.0010580074000000798,0.0009083411094088623,-0.0005245643622904026,-6.381380621153114e-05
2016-03-08,0.0026384155802988136,0.0041929844046424075,0.0011489141601934048,-0.004658753737198634
2016-03-09,-0.004934017247466816,-0.0056015741572067205,-0.0006925408180399614,0.0022799444529141536
2016-03-10,0.002149960912740265,0.0029296916674514174,-0.003547196528968543,-0.0035946520014466764
2016-03-11,-0.006805696645447359,-0.00876229531068588,0.004586396133301128,0.01108191155341533
2016-03-14,-0.0026931023377881527,-0.0024128804010304728,0.0013695542697610352,0.0012274271225582367
2016-03-15,0.0005046161419847008,0.00042102566100681493,0.000336600648813995,-0.0012397247610431241
2016-03-16,0.010363271091963357,0.009637609654679165,0.006978095020915648,0.007889101488153822
2016-03-17,0.0018362265010317034,0.0007329472283766753,0.005746470358285896,0.006837756304939745
2016-03-18,-0.00010469571872316605,0.0005569089996085391,1.267941842189828e-05,0.0007060597548893375
2016-03-21,-0.00615773330037984,-0.005374131829658149,-0.005468157053625733,-0.00407254297923142
2016-03-22,0.00017942087192877472,-7.680530581094059e-06,-0.0003970715402154537,0.0007292496304386844
2016-03-23,-0.0025538159095313553,-0.0015102728448108135,0.002330397866388903,-0.002543215638452114
2016-03-24,-0.0008692895549543951,-0.0009487462739804938,-4.6879251949323915e-05,0.0006102777748746336
2016-03-28,0.0024314450510263177,0.0015890122125217288,0.0033989905468129523,0.002801056215430767
2016-03-29,0.012900044629878697,0.011182454206913921,0.013282317643275922,0.01724026433810566
2016-03-30,-0.00795254886729701,-0.00787892258053231,-0.003655633191372266,-0.0022637172599102176
2016-03-31,0.005215527709329996,0.005000320951356704,0.004910441333017802,0.0038072252566730574
2016-04-01,-0.0003020602694274873,0.000953312356928303,0.0035464066599268517,0.004382600014274905
2016-04-04,-0.0005594404812045048,-0.003454997696179433,-0.001270193576899473,-0.004021372336125591
2016-04-05,0.0038034807559581465,-0.0005676076847896022,-0.0011870365711086725,-0.00717653466460187
2016-04-06,-0.0027182400935339837,0.0036019959032408664,0.0032592212998548836,0.008315614473138812
2016-04-07,0.004804943021685997,-0.0013842920354187845,-0.001965133013249084,-0.00900745105902163
2016-04-08,-0.0008392011339776374,0.0008402852491524928,-0.0006012580604276439,0.0020033915817566452
2016-04-11,0.0002972364203028899,0.002320775980690308,-0.00211861409390665,-0.0027778547952091843
2016-04-12,-0.0010761063551671375,0.004335673268734687,0.002214994716748711,0.0072194195723946
2016-04-13,-0.0011224797820771433,-0.0006188008436063632,0.003634008903207992,0.00932594451729421
2016-04-14,-0.005200341980575788,-0.006059398182231108,-0.003305014691690534,-0.00248463698037816
2016-04-15,0.0064067400144021775,0.0038643809652051816,0.004358960145296059,0.0030953256711420125
2016-04-18,-0.0003084124354469597,0.0024816024653962917,0.0016430865835037878,0.004874695243361341
2016-04-19,0.0002803560024012777,0.002834475820886449,-0.0027905166133748434,-0.0017647871722117692
2016-04-20,-0.010416104701795657,-0.006876324139523689,-0.008646085755803784,-0.0054883576966253565
2016-04-21,-0.007250407267752989,-0.004354153608290742,-0.007273328079362062,-0.007425464892916098
2016-04-22,0.0008830048304331887,-0.0052188516918789335,-0.0021445095783915948,0.00145162914085014
2016-04-25,0.0012141451858173897,0.0032490452192894892,0.001145163589741711,-4.885595706027319e-05
2016-04-26,-0.00043125745085014465,0.0006868529098433749,-0.0018669402793342047,0.0021900561958538827
2016-04-27,0.004750061792364389,-0.0011781253957490695,0.0009567022677311232,-0.0005407206486008481
2016-04-28,0.0035504486529559995,0.0017753599172913841,-0.002657907338807609,-0.007252217875448794
2016-04-29,-0.00015673527899820206,0.0014595685326035935,-0.003610405858209658,-0.0067815788120926795
2016-05-02,0.0005115698451512138,0.00035032630495726905,0.0015865776345069956,0.009153959621581519
2016-05-03,0.003741665501593832,0.00415990086205823,0.0026388443652594685,-0.0059712817825647545
2016-05-04,0.00393858107088885,0.004286598965921842,0.003462013451603546,0.00043570164185452963
2016-05-05,0.002714891206718327,0.0027864338274917132,0.0024860760518661566,0.00024314812946978396
2016-05-06,0.00452456945734504,0.00450618165881539,0.005274325640476545,0.006236315896985788
2016-05-09,-0.002024201357141607,-0.0017339262204688279,-0.00163992188706358,0.005327105336572793
2016-05-10,0.0009759028239392876,0.000790818784092275,0.002178288551767361,0.0071021187076799625
2016-05-11,-0.0017829925841791603,-0.0017377150264224536,-0.0027951354926590223,-0.01227206441968203
2016-05-12,-0.002198122877378372,-0.002260693006462904,-0.002431783108457418,-0.0016406141090438107
2016-05-13,0.0017763672344600604,0.0019728509181939457,0.0012244486239794215,-0.004797029954478629
2016-05-16,0.00014671591778410908,0.00011931561887745031,0.0017311198850916661,0.00953859593707571
2016-05-17,-0.0040590576021023225,-0.004161330289925616,-0.005280028705326047,-0.01391431568102013
2016-05-18,-0.015027189644740816,-0.01498083494879613,-0.013813963451526686,-0.0034776921987733807
2016-05-19,-0.0023941517471430434,-0.0025297827961307346,-0.003149859840442885,-0.0068828516129552765
2016-05-20,0.0022933849795335184,0.0022899590580687905,0.003327556348874784,0.010815859639562274
2016-05-23,-0.00014698310294102758,-8.316853663494213e-05,-0.0002784614507898012,-0.00048711211494867693
2016-05-24,-0.0029747918527197026,-0.0029706755833080324,-0.0008034772657582679,0.015475602565625883
2016-05-25,-0.0017737085981458195,-0.0019961986138272887,-0.0012314324071665964,0.003533185199200559
2016-05-26,0.0013915688082997597,0.0014162855436125076,0.00139861994382797,0.001631180306761157
2016-05-27,-0.0013622445293562824,-0.0014780081839427352,-0.0007665436916799143,0.006024202415718594
2016-05-31,0.0019982923040813504,0.001940709295837943,0.0020127643036327316,0.0018220909074265668
2016-06-01,0.0013920237018810121,0.0014373959026444658,0.0014616414883006981,0.002718719738849154
2016-06-02,0.004095072352036117,0.004835382146575676,0.00463839439846833,0.005192573502516095
2016-06-03,0.006847089016077219,0.009071692457859852,0.005000063231038131,-0.0005752630732058872
2016-06-06,-0.003412743773442718,-0.005562207662662497,-0.003707863650615039,0.0012732993207819252
2016-06-07,0.0017060936308915704,0.003134508397646321,0.001934792086382462,0.002176260828460492
2016-06-08,0.005525630933940957,0.004211755212319822,0.004161658659653383,0.005193163460194948
2016-06-09,0.0026734107042688205,0.0032079274062722374,0.002271075620478633,-0.0010979300092859045
2016-06-10,-0.002955235286236855,0.0012129858878342412,-0.003008326733252354,-0.00840780416537838
2016-06-13,-0.000360202834973311,0.0018499175578459218,-0.0009021434247217901,-0.00524658255155195
2016-06-14,-0.0008946895726494429,-0.00130496989872858,-0.0010275776439456943,-0.0017152090116268183
2016-06-15,0.0038740215421410318,0.005280686939353617,0.0034372619856244506,0.002573447211366006
2016-06-16,0.002986032591968455,0.003616487398860596,0.004144418395998944,0.0030391694467886963
2016-06-17,-0.004591441838633619,-0.0036724293466341225,-0.006213534958797324,-0.005912126885595146
2016-06-20,-0.0014971714038847133,-0.004200693306594347,-0.001329745919296709,0.004499873876233493
2016-06-21,-0.0012144857025873027,-0.001008137690312527,0.00048442598708607187,0.0010609837392488394
2016-06-22,-0.00063881993991333,0.00081432802034058,-0.0004902751256776815,-0.0021911246501915443
2016-06-23,0.0017093994565305388,-0.003446285580981237,0.0018863786681143746,0.010382057496653736
2016-06-24,-0.002060788355197318,0.010010740447446626,-0.005582894403589789,-0.023736644063847196
2016-06-27,0.0022874227259437542,0.010716367106108212,0.002612008285848728,-0.013096213352366833
2016-06-28,0.01244905921424579,0.00744643083518533,0.01350521116310771,0.017743082601058856
2016-06-29,0.007059088010247068,7.915524964926615e-05,0.0062378060209331895,0.015001131190331581
2016-06-30,0.008187668321215015,0.005233202075406364,0.00790893837700402,0.012531322694521169
2016-07-01,0.00982936014031843,0.00939260218971522,0.009133132606991903,0.006130085492184069
2016-07-05,0.007413835982208183,0.009888299827957034,0.0100951792870529,0.0037652926362155754
2016-07-06,0.0006759946340905181,0.0011192701518733276,0.0009587042160180175,0.00236382759625449
2016-07-07,-0.004506601840340884,-0.004224630580031534,-0.00437266316915131,-0.0020148719015714908
2016-07-08,0.011029723224474281,0.009425777243357993,0.009061730975936863,0.014035072391072526
2016-07-11,-0.0024987871727878553,-0.00371255985901765,-0.00398246949353509,0.002241330983969338
2016-07-12,-0.008523638605910813,-0.010494612244336479,-0.01052233526968354,-0.0021130099771982007
2016-07-13,0.007785753324348151,0.008344684870688264,0.008213331660682308,0.004075982040573257
2016-07-14,-0.007904562847354576,-0.009593189466147727,-0.009767512460837055,-0.004885834054557708
2016-07-15,-0.0038571246398020937,-0.004013833450228034,-0.004016184944650869,-0.002684715396709189
2016-07-18,0.0018868072163363097,0.0009902002989110455,0.0009633805844124891,0.002669925157633118
2016-07-19,0.002527344065658081,0.003733556637885128,0.003822959365746551,0.0015600377154682385
2016-07-20,-0.005393758627797463,-0.00593128381838679,-0.006103828542685949,0.002551935008881437
2016-07-21,0.005464774693907662,0.0058854865038742345,0.005995187940516261,3.986331894694247e-05
2016-07-22,0.0016469029884907099,0.0008620941923990174,0.0008386013498755313,0.005148179455966406
2016-07-25,-0.0038621057134288574,-0.002918058324227904,-0.002941552287560317,-0.0008950001736336817
2016-07-26,0.001055741336649106,0.00017212988492857433,0.0003319242166611848,-0.0001722084398149414
2016-07-27,0.0065670637159815715,0.006646858775773694,0.006660920923698069,0.003763631482919615
2016-07-28,0.0013923072170221415,0.001267507115178558,0.0014178235100359537,0.0030229311625639636
2016-07-29,0.009941697982863958,0.009778454366627802,0.009795975672177906,0.007163142562228374
2016-08-01,-0.002609046945097693,-0.0026090302959267944,0.0014007115937685261,-0.0009329401073992909
2016-08-02,-0.006006431550719173,-0.006006428599828294,-0.012285685952137308,-0.011556739161833399
2016-08-03,-0.002867526835355029,-0.002867510108990946,0.0017409452629877683,0.0002329002327157087
2016-08-04,0.0019633044114403474,0.001963303710134884,0.0006590593569394689,0.001979186239763685
2016-08-05,-0.00868564758301067,-0.008685598239915516,0.006368439583421634,0.0014023198971926639
2016-08-08,0.0009031595901971936,0.0009031625591832198,0.00023862948035588443,0.0007135761635859162
2016-08-09,0.006387054037664126,0.006387039667020321,0.0036215481986694074,0.005376096653249021
2016-08-10,0.002521281714610038,0.0025212615554898207,-0.002870099136080253,-0.0006582557686199254
2016-08-11,-0.008484175343785308,-0.008484133863616346,-0.00157346010370193,-0.004311923501943225
2016-08-12,0.003615507023893595,0.0036154899133094202,0.002610708608913189,0.004098574703656783
2016-08-15,-0.0023969688349002173,-0.002396932716696854,0.003009180031338191,-0.000855934586854922
2016-08-16,-0.0030940858247502584,-0.003094091030477164,-0.00794880833849705,-0.006861282174000073
2016-08-17,0.0033578096460965333,0.003357794426272546,0.0014681917636356373,0.0032558509435232363
2016-08-18,0.0010340941041129894,0.0010341042564748647,0.0013400485912690035,0.00018124167289467104
2016-08-19,-0.006437735992320989,-0.006437729559538573,-0.0025196616025142224,-0.003566706571961192
2016-08-22,0.004052255243485275,0.004052229486502574,0.003383895102554947,0.004615386222851179
2016-08-23,0.0005560213464145568,0.000556023822118629,0.0029062530774896494,0.001724651477489104
2016-08-24,-0.005419472001630365,-0.005419478632202252,-0.005930746398765704,-0.004773928377011697
2016-08-25,-0.00014292499246136009,-0.000142922628281005,0.0010709662358280333,-7.789488476394165e-05
2016-08-26,-0.005453041888882276,-0.005453035821050157,-0.003717103237604711,-0.004475583437253718
2016-08-29,0.008133407718116105,0.008133393096146324,0.006268209047756901,0.007902257012425543
2016-08-30,-0.0048737650389658075,-0.004873760387156489,-0.0013750449068658714,-0.0025172013057239697
2016-08-31,9.298154577403646e-05,9.296136719105121e-05,-0.001556357892139589,-0.0001404584877701176
2016-09-01,0.0015818699110840893,0.001073042501207399,0.0007708782233153468,0.00043518682085446356
2016-09-02,0.004850712571315248,0.003546319147130238,0.0021540554489068373,0.002097394263374977
2016-09-06,0.011708897697929727,0.01019376030580225,0.00805875924989062,0.006464364961764994
2016-09-07,0.0002412769554595302,0.0006147297277877722,0.0014172279707715745,0.0023849522067478607
2016-09-08,-0.009284704823946745,-0.009607314908901533,-0.009717359364349221,-0.009386560868605516
2016-09-09,-0.022167473488947348,-0.021314638052800393,-0.025030654460389285,-0.027496317466227018
2016-09-12,0.004011589051206194,0.005124407091805401,0.008964530824357757,0.010484581902732602
2016-09-13,-0.015446058669458723,-0.0138239240711962,-0.014284783026093924,-0.015540854498963872
2016-09-14,0.0027392203624218648,0.0029109685266873,0.003181191559532478,0.002855829950843152
2016-09-15,-0.0003719194085389981,-0.0005334921611023231,0.0038580403768830713,0.005694002062698105
2016-09-16,0.0011433569222103251,0.0017756719997962637,0.0021748268736459515,0.0022746046054853675
2016-09-19,0.003157043633418738,0.0019279630116079956,0.0006424563893431835,0.0010992609957666832
2016-09-20,0.0009365206287341393,0.0010705546373208157,0.0012558259285182457,0.0007361707914125345
2016-09-21,0.013454891257357141,0.011640472541250321,0.010688530659907255,0.010678702044429535
2016-09-22,0.009167813912687695,0.009250113442647253,0.010369854216117453,0.0115705379081832
2016-09-23,-0.00046430202053181896,0.00018288512092329854,-0.0012188049130843488,-0.0019895434518812692
2016-09-26,0.0009226594416708874,0.0015475084412045197,3.089589365163712e-05,-0.000883814366833661
2016-09-27,-0.0017353302794566813,-0.0021760137601363654,0.0012593714730140659,0.0023942470081484892
2016-09-28,0.0017675798348446602,0.0010323780289270626,0.0020016594025622186,0.0030853510079801904
2016-09-29,-0.0053361985895901375,-0.004321657362639681,-0.0055329249990035655,-0.006873818157085702
2016-09-30,-0.005336010282027391,-0.005018257524716819,-0.002842551602934385,-0.0014026592952576954
2016-10-03,0.00119450304653011,-0.006102453942552269,-0.007126533630713753,-0.007336650926568615
2016-10-04,-0.017527458270006808,-0.01607086567031363,-0.01612648180709593,-0.008545091306460459
2016-10-05,0.0030712325686661243,-0.004032998158396445,-0.005946816612567522,-0.00580707449886888
2016-10-06,-0.004018236681969889,-0.0027447910756045533,-0.0033813574516152415,-0.0018188517035336639
2016-10-07,-0.0012076289380625104,-0.0014158543304206212,-0.0008995391956692987,-0.001765145827789583
2016-10-10,0.0036660565801792436,0.005901880047492906,0.004224077662433464,0.0031889120431416226
2016-10-11,-0.009714660327505857,-0.011013982888340986,-0.008929607659796925,-0.00968365725553478
2016-10-12,-0.0005145041729995741,0.0034783211254208798,0.0037641336976758665,0.0034012787378572633
2016-10-13,-0.0001502383789057516,0.001120301187735686,0.0023845629083569615,0.0015817962898389789
2016-10-14,-0.005323553762984116,-0.002482751409531111,-0.0040468906536002104,-0.005579778728015536
2016-10-17,0.0025250233903307624,0.0005262379503449044,0.0012730757967756353,0.001629246300149352
2016-10-18,0.008318407830279177,0.008199768385698846,0.006760040508489554,0.006128056684759002
2016-10-19,0.004461057610053566,0.0029514691386335512,0.0024207868721814302,0.0012890205021294056
2016-10-20,-0.0023839186748468954,-0.0022433607779570627,-0.0018464277973086025,-0.0010156925092475928
2016-10-21,0.0009875346662075132,0.00020841780919802035,0.0003853387911323101,0.00041269783893702506
2016-10-24,-0.0006338165032559634,0.00404365597633349,0.003182964263418159,0.0036191817263174077
2016-10-25,0.002917076354037907,0.0008789224367519445,0.0010366855062008034,-0.001447209080034
2016-10-26,-0.007537836456482542,-0.008692066106218976,-0.00831009442341383,-0.00897565184442572
2016-10-27,-0.004695523334131812,-0.009539764980352179,-0.009773387020359497,-0.013642922169162375
2016-10-28,-0.0011212814352477155,-0.00016523553861981773,1.7410877664120868e-05,-0.0021180756626083316
2016-10-31,0.0031150090507742305,0.006060190187567196,0.006104698689510983,0.006841277239434434
2016-11-01,-0.0017047629608944424,-0.0026338578612236214,-0.00811698219308666,-0.00998870011045049
2016-11-02,-0.006286968052854415,-0.001516121688418071,-0.004744557066586011,-0.006759130407554514
2016-11-03,-0.0008403882238003662,-0.0022996603740879046,-0.007034119431567713,-0.008052725196565599
2016-11-04,-0.003128362880253578,0.0006403559712009992,0.004086907064987048,0.004658051386207856
2016-11-07,0.010813897202302126,0.004652282995553342,0.00802782221004766,0.012274035368699076
2016-11-08,0.0008660737227189315,-1.2067732712340159e-05,0.001896002479340874,0.0025750613684120383
2016-11-09,-0.003298755362399762,-0.024207846908853865,-0.015951615712467195,-0.012807422882305292
2016-11-10,-0.011820632050467845,-0.019097146446011088,-0.01579001713944143,-0.0127017055734133
2016-11-11,-0.012275085885910484,-0.013430458286076976,-0.001964302164896851,0.002546075048099306
2016-11-14,-0.0025856623372580234,-0.004133397903134047,0.0014335358519573377,0.0036845917094975892
2016-11-15,0.014038940775352065,0.009295064947341997,0.004014857652021022,0.0034546277847307305
2016-11-16,-0.006053340310150934,-0.0009644195815644611,0.0033237871829993617,0.003614992406728007
2016-11-17,0.00041305253057882037,-0.006542243394026629,-0.005803485346133734,-0.004703024873924325
2016-11-18,-0.001256891857413984,-0.004589522809744334,-0.0019885944095670853,-0.0005809251153700143
2016-11-21,0.01098438609573539,0.004509951570866286,0.0033256440859553925,0.0034178554223359605
2016-11-22,0.00582981511891267,0.006102883020656266,0.006039136897792018,0.006985726796196632
2016-11-23,-0.00715247451236533,-0.010749672677170636,-0.005631484267748308,-0.0030243829044661703
2016-11-25,-0.0012169314397375071,0.0007830438990170274,0.0025761805871152782,0.0034706921731923884
2016-11-28,0.002708425528500071,0.007032960956245689,0.0039691223830541165,0.001614526786118047
2016-11-29,-0.005391468877006039,0.0012395872730896255,0.004696760824420767,0.005109742235784977
2016-11-30,0.0021960599133423082,-0.009521517440886713,-0.013264904289649437,-0.012414511392963913
2016-12-01,-0.002302378445971479,-0.004609597504346052,-0.011605986900897057,-0.013240502083267259
2016-12-02,0.0026816555764682514,0.003370074777603776,0.0038867196165043756,0.005734413263701596
2016-12-05,0.009854472638729912,0.005150415814018277,0.009917537601225988,0.005938986148803074
2016-12-06,0.00316213850221858,0.004992112022581428,0.005891997308264623,0.0035116978971554006
2016-12-07,0.0060980060363342815,0.007181972721026496,0.013130812080249016,0.0133272338160849
2016-12-08,0.006279276450192974,0.004433801101682794,0.0069133894270560605,0.0006356918606054024
2016-12-09,0.003963669811618127,-0.002942973673375357,0.0022299495875116614,-0.001507126631197996
2016-12-12,-0.003262845969740069,-0.0031051085048090688,-0.0026342093493866097,0.00013327523504510675
2016-12-13,0.005682218239640917,0.00086287933820572,0.0038853531918385856,0.004717143802424145
2016-12-14,-0.01020269530054279,-0.013373691201847126,-0.011564452416462392,-0.011781500165966836
2016-12-15,0.0025015001249021813,-0.0015554697493478649,0.001026768190491465,0.000978211733020025
2016-12-16,-0.0007672935323608354,0.0012594995745970816,0.0027550145329600334,0.0025101207205192586
2016-12-19,0.000784501372797206,0.0035478656988583404,0.006909375516516309,0.008342175550530639
2016-12-20,0.00538727540670795,0.0010948841511994349,0.004315211115816181,0.001184610345174275
2016-12-21,-0.004325426421161672,-0.001684919855274488,-0.006413733973407583,-0.004103533559433023
2016-12-22,-0.005008696841900837,-0.0038521857542350864,-0.003928293376876456,-0.0027470174818610854
2016-12-23,0.0029630364928219036,0.0036863682524128044,0.0027324813099784957,0.002124530071966911
2016-12-27,0.00796338799697648,0.0032567855027284156,0.0033430171022189943,0.0016610720527430406
2016-12-28,-0.004462279267720594,-0.0019052292172116578,-0.006852211578679594,-0.002980984014381463
2016-12-29,0.0018639066330222726,0.006266807762541211,0.003953578101013371,0.004453025092878217
2016-12-30,-0.004374597491991516,-0.003607047351247789,-0.0002896431857265041,0.0007787814291373708
2017-01-03,3.461978811873319e-05,0.0002083492508154659,0.005584172064545207,0.005446676268330925
2017-01-04,0.009469277849570003,0.009558315070196275,0.011402767972897458,0.008836515313738814
2017-01-05,-0.0018206650515328385,-0.0011489303762358398,0.0007647033769114131,0.006203329179344203
2017-01-06,-0.0006717251057220541,-0.0020659369804762605,0.0006468587810659442,-0.00045523294639951835
2017-01-09,-0.006256790407097399,-0.006381690037040948,-0.0028858980554451446,3.097744652262912e-05
2017-01-10,0.001778994556107041,0.002092773925275033,0.000917494142909883,-0.0011277082132360025
2017-01-11,0.00425623192834452,0.004898871302898722,-0.00017418608144204037,0.00014667455751966567
2017-01-12,0.0020013142553166638,0.0025694128761023292,-0.0014643848068671879,-0.0003660998412376325
2017-01-13,0.0020533046907690554,0.001738474433615554,0.002288864554241638,-0.00011163295304773752
2017-01-17,-0.004871448524609224,-0.004154299995739546,-0.001603282886587968,0.00320580248304755
2017-01-18,-0.0011841301794279795,-0.0020281852216081793,0.0008165734429229593,-0.002399657387338757
2017-01-19,-0.004411026009596038,-0.004596147297232887,-0.0063372833693125016,-0.006077645000270573
2017-01-20,0.0057948222450545876,0.005784126200744283,0.004187330208306968,0.0027562156672859927
2017-01-23,-0.0011683730326093437,-3.227477507269759e-05,0.0025202239650366372,0.005354186789862304
2017-01-24,0.0062291307158254434,0.005839789574372301,0.005998742372159259,0.0015660401869370152
2017-01-25,0.003011763911453008,0.0024984239043871885,0.002622180484223,-0.0017711358171434417
2017-01-26,9.228834183854022e-05,-0.0005954454713728081,-0.0011311129719934344,0.0003439208768391274
2017-01-27,-0.0030224593092248756,-0.0030946525664822017,-0.003020038144935467,-0.0016107567566857506
2017-01-30,-0.007295006903295946,-0.006747299266529226,-0.008863716144959193,-0.006675384911625722
2017-01-31,0.0033150246370767327,0.004082038785381115,0.0043594215609849786,0.004351316724205367
2017-02-01,0.00426240071014353,0.005185329694644877,-0.0020149643440556223,-0.0023303558017189643
2017-02-02,-0.0008602182805598795,-0.0005895120427326762,0.0031136356087508193,0.002516115862402887
2017-02-03,0.005839356088187294,0.005870556948958134,0.007335683206637156,0.007043321234398476
2017-02-06,-0.0028748369534790153,-0.004023522893552336,-0.0010548092829181014,-0.001801713537284525
2017-02-07,-0.0011912582311210194,-0.0020611822325103707,-0.0014847844147833726,-0.0005458445707645364
2017-02-08,0.0006325013674970541,0.0017238802374983197,0.002955325980373339,0.00369368914067065
2017-02-09,0.006324492956906885,0.007283021428332181,0.005274276887151907,0.004882277938675471
2017-02-10,0.004799981003616542,0.007407271313307739,0.0056626305630656125,0.0053403803782520205
2017-02-13,0.0014830699915352997,-0.0005718029220326267,0.0019058522523235123,0.002271426601346073
2017-02-14,0.002350680511061268,0.002487163729219373,0.0005416304316589657,-0.00029234756233964705
2017-02-15,0.003819890812397476,0.0047536363537439685,0.00300593633806027,0.0021010578993456716
2017-02-16,-0.0019368967153423709,-0.0031783781514467205,0.0013739464453306062,0.0013839030839550405
2017-02-17,0.0011504330716174088,0.0001215586840129413,0.0013412653046495462,0.0022735892403103995
2017-02-21,0.004579284990396429,0.004543605611000073,0.007721123283790753,0.007487116966668016
2017-02-22,-0.0017222195910328434,-0.0024253507134952054,-0.002065967797401093,-0.0020353367510098077
2017-02-23,-0.0022618120689451076,-0.0019281407222781267,-0.00047582366713199006,-0.0010501171719306652
2017-02-24,0.00034025728277314215,-0.0013927203334894677,0.002411427553586712,0.002882878103922056
2017-02-27,0.0033131713424419673,0.0022133150031704864,0.004385792756889344,0.00428019335000586
2017-02-28,-0.005286864507308872,-0.005363777157506793,-0.007518065130285624,-0.007239388771241567
2017-03-01,0.013788775644315823,0.013130968483931318,0.007452577087309095,0.0061706272811720775
2017-03-02,-0.01055272184157138,-0.0116997278875937,-0.00782640107977296,-0.006931060451395797
2017-03-03,0.0026753619338809077,0.002978676393215538,-0.000894577537570743,-0.0005762500976433834
2017-03-06,-0.0028807505857664536,-0.002810237108523621,-0.004744027500054505,-0.004550978576369495
2017-03-07,-0.0028014045791658056,-0.002967148849085252,-0.0047216463289395235,-0.004200088638330803
2017-03-08,-0.004934151478388092,-0.007392565557410405,-0.007599835437192438,-0.007523047945479108
2017-03-09,-0.0036036757071405538,-0.004237201509524846,-0.0059962087551805295,-0.006266824346597908
2017-03-10,0.005908070499324487,0.003654872407229144,0.0018507626319184585,0.0020119059569612963
2017-03-13,0.005472740929382335,0.004244020048453083,0.0019444081449347128,0.0013236033354936307
2017-03-14,-0.004173797773884757,-0.004164408541972956,-0.0027831455117909992,-0.0017540809448886843
2017-03-15,0.015706513899185526,0.014052032480960873,0.014470479084047,0.013785013557947649
2017-03-16,0.0017323581980515138,0.001391698592209229,5.2686500064362684e-05,-0.0009024981696204059
2017-03-17,0.0005955033958580773,0.0012349289946575186,0.0026813382818305625,0.003108712743023071
2017-03-20,0.0022725486323827825,0.0015843994493123705,-0.0007251797271146153,-0.0008516340961942537
2017-03-21,-0.01703450105352643,-0.016478945992805315,-0.012980483598455501,-0.013497239752162247
2017-03-22,0.0037868997687458355,0.003113018551858437,0.0022078945355240636,0.0023344750858961274
2017-03-23,0.0010989567719168127,0.0007125293668995152,0.0029750054635591205,0.0030599971262284024
2017-03-24,0.0019401275424593303,0.0019859874192813994,0.0006797726154860105,0.0008654660675570586
2017-03-27,0.00010731511056065602,0.00017112920187451798,-0.0010594739345611225,-0.001216304652419054
2017-03-28,0.005556726247432751,0.00582487093821578,0.004904672180475391,0.004799082384185275
2017-03-29,0.0030962742739818225,0.004327528849112287,0.0042892460955307465,0.004652785197516048
2017-03-30,0.0016565482016394528,0.0021966034115196583,0.002407502268402196,0.002508672918560837
2017-03-31,-0.0018746613746408111,-0.0010438222832759136,0.0022848987053139405,0.0023582270699738224
2017-04-03,-0.001814350289224668,-0.004404360068352878,-0.002335300677452998,-0.0014648394814289955
2017-04-04,0.0002426157608657398,0.003132577588385177,0.00045224204283081967,-0.0004191935694081772
2017-04-05,-0.006061959430994379,-0.0041795218693725005,-0.00512446150682645,-0.0038824290436194277
2017-04-06,0.002435387832787376,0.0037712796390010485,0.0026634846637324443,0.0043937183809611025
2017-04-07,-0.0008888142409235915,0.00040494540201958644,-0.0003711936614030689,-0.0002642659931630678
2017-04-10,-0.0005546624476928388,0.003092969740139088,0.0005839523181858503,0.0031096933664840117
2017-04-11,0.0008713337949280137,0.0014652399142583755,0.0017563927539642485,0.004109134692806208
2017-04-12,-0.003909202025229584,-0.0050955535321094364,-0.003979432486988362,-0.005270165760165492
2017-04-13,-0.006066663729749238,-0.0034319379655921778,-0.004590555801218728,-0.004490086669898428
2017-04-17,0.009766419081332809,0.00479352016118394,0.007518329840035471,0.00933030358201322
2017-04-18,-0.004634311765251994,-0.0019337945192786604,-0.0014456272745107025,0.001727085013258244
2017-04-19,-0.0007269618732486597,-0.003961056326530635,-0.00015850881249326464,0.0005557016334542097
2017-04-20,0.010839543391842746,0.005741975927239171,0.008560520377390461,0.005979823945690056
2017-04-21,-0.0006795422834439366,-0.0037749564316512654,-0.0006412610602893099,-0.0018330540762720442
2017-04-24,0.014169259094149761,0.007105145155524891,0.009286267324009874,0.0035523827597315873
2017-04-25,0.008427507316397846,0.006875448051537783,0.00552603626817672,0.005128084226104777
2017-04-26,-0.00028269016307869653,-0.0006548894297731169,0.0009585562557338467,-0.0005667502856538466
2017-04-27,0.0014352636157632112,0.00011911958882603632,0.001370601856434537,0.0008961232201009385
2017-04-28,-0.0031519995278423097,-0.004281452255825339,-0.003103146726943409,-0.006390888220349487
2017-05-01,0.006255491543012123,0.006168875846292991,0.003304575286493261,0.005339474467616518
2017-05-02,0.0013232246526243632,0.0011734734873075905,0.00017914306456961126,-0.0010123650233157867
2017-05-03,-0.004262386067438492,-0.004719495728664119,-0.007141885389440636,-0.00675401459406141
2017-05-04,0.0006404372608144848,-0.004186426188700582,-0.0045224541951892515,-0.0022583128072787765
2017-05-05,0.007077871068036015,0.005683200471885525,0.0048807434605887805,0.005948486799283966
2017-05-08,-0.0025879852153619072,-0.0005579615441699887,-0.0011471185071024433,-0.003253339974620399
2017-05-09,0.0020249928441602705,0.004654225297156963,0.001729140154238389,-0.0007067195836956878
2017-05-10,0.003358156674798688,0.004462471935552229,0.0031591842602522384,0.00428147492985018
2017-05-11,-0.002669356814456838,-0.0016582540097174136,-0.001046904914734109,-0.0038284757174731404
2017-05-12,0.0011134018685459368,0.0002966746995325469,0.00044637572454355086,-0.001369454252252084
2017-05-15,0.006018834774260116,0.006570699278865311,0.005643394436374226,0.003900672364066193
2017-05-16,0.0031696535285272035,0.0017954477592447835,0.0025179928135036283,-0.00029259295512202443
2017-05-17,-0.021050636603128742,-0.021273259669479346,-0.01450051469879625,-0.013041836825853605
2017-05-18,0.00186162396059516,-0.0011522316097344763,-0.0010058835789893501,0.005487267205585582
2017-05-19,0.008702319332885624,0.00929351628653119,0.007510110344389135,0.004557831398738647
2017-05-22,0.005004854132471056,0.00515147682500824,0.0056759681673382075,0.005446871896821261
2017-05-23,0.001461571047948479,0.001567920127450755,8.962706783750743e-06,0.0008695194338903725
2017-05-24,0.002270833544149256,0.0029103267829783497,0.0031434329104059367,0.004573655883367735
2017-05-25,0.0034179199605395244,0.004120873555686914,0.0033330419007114244,0.0028188520306868135
2017-05-26,0.0001920857343163565,0.0015832558119271585,0.003088352916320357,-0.0015468386832312418
2017-05-30,-0.0031064368520761334,-0.0035803257682565826,-0.0037636494096498626,-0.003493943508798669
2017-05-31,-0.0011612699338860452,-0.002737260529743773,-0.0008274231076482299,1.8572391719403863e-05
2017-06-01,0.007598326370967376,0.010154985895746349,0.005894275404451907,0.00853562006418637
2017-06-02,0.008884262062166682,0.007983862946154531,0.0078022028048193495,0.009640072068475202
2017-06-05,-0.002695420703202745,-0.0028387533916061644,-0.0007480978110498079,-0.0038439299713392047
2017-06-06,-0.001994591569281021,-0.0016132281022999066,0.0022343604724464738,-0.00237197175185115
2017-06-07,0.0010001600652972428,0.0011274030564597797,-0.0006739233764094307,0.0030825397980234494
2017-06-08,0.0029403852285803857,0.0060344917215110275,0.001520347775297998,0.0034305278596444984
2017-06-09,-0.010399597326947844,-0.00861215940505276,-0.012010195283888334,-0.004005359407850259
2017-06-12,-0.0044870313492977,-0.00405782976884954,-0.003803976430900766,0.000562333621307774
2017-06-13,0.006709779814085162,0.006184244681265052,0.004692783834641384,0.004653875732056336
2017-06-14,-0.002192454582561463,-0.0032244468565840877,-0.0036104699037333267,-0.001108060741380605
2017-06-15,-0.008054896763851167,-0.006999816392195333,-0.006194996261080867,-0.0014959624841287625
2017-06-16,0.001511681060303182,-0.0006877094839255007,-0.00099003251525705,-0.00262548527779075
2017-06-19,0.009962183254894633,0.010632496409942982,0.006454566943671488,0.007134646029793449
2017-06-20,-0.009092488487930036,-0.009507713065577092,-0.0073110705805064105,-0.005197644168217783
2017-06-21,0.0030103837916856126,0.002755592064846745,0.004242318991293564,0.001822133879461798
2017-06-22,0.00178265737631397,0.002573506500577012,0.002841275953781798,0.0015581878395227004
2017-06-23,0.004153284411885511,0.004989654909212359,0.004701197109189043,0.004138659734876447
2017-06-26,0.0021169883840946794,0.002020489859384589,-0.0010773677175413248,0.0014747371502214863
2017-06-27,-0.009875085565914586,-0.01160228477579633,-0.008688496261492519,-0.011836992507049086
2017-06-28,0.010794928506663987,0.012108158482148482,0.008401085585633086,0.009299658694770042
2017-06-29,-0.012571385940050714,-0.011779322246185895,-0.011071774775140153,-0.011240534961476187
2017-06-30,0.001520834776306414,0.0010863779201319335,0.0005760439345092177,-0.0005897452464362346
2017-07-03,-0.000436515874941182,-0.000345901523657168,-0.0011708173842220478,0.002850515677477506
2017-07-05,0.001682857017901646,0.0016580704417926823,0.0010081582819607422,-0.002336278441049751
2017-07-06,-0.009161841825466376,-0.009259614618666766,-0.00935057994540592,-0.013081558628875124
2017-07-07,0.006387648855285592,0.0064107933548746745,0.003447238346261555,0.007239514854610056
2017-07-10,0.0023457988347495022,0.002436275734542557,0.003140651814233318,-0.0019399432271639135
2017-07-11,0.003234396768237125,0.0033102517768398574,0.004146685578924081,0.0015617388738901085
2017-07-12,0.010198909158002778,0.010345545029523926,0.01113295570737755,0.010256345572260142
2017-07-13,0.002275726828491088,0.0023018879028608237,0.0017788221674967508,0.0007609223534900671
2017-07-14,0.006225066743905864,0.0062974113723140105,0.007504234614853667,0.005872288007009769
2017-07-17,-0.00020236546531174755,-0.0002364955789591383,0.00033635523449521766,0.0035413181025904026
2017-07-18,0.0017957451595851815,0.0018228507670420308,0.002857912721543808,0.0014515099383195403
2017-07-19,0.006889503225308581,0.006940155793936247,0.006552382183463414,0.007047484854442713
2017-07-20,0.0017084476156760601,0.0016413553100616519,0.00040164784379999904,-0.0004955129972956857
2017-07-21,-0.002722695830813415,-0.002681361474984843,0.0001440025571249188,-0.0012777991075534774
2017-07-24,0.0012813661399092185,0.0013546826286663994,0.0022824963722348625,0.0008318144527761922
2017-07-25,0.0021206653043608728,0.0020707522549724285,0.0008074696238978988,0.0010581597604995346
2017-07-26,0.0019858842612555327,0.0020126908001567062,0.003110780932725219,0.0015510922494766744
2017-07-27,-0.005008459602557796,-0.005049863762525187,-0.004905548092219153,-0.0039270623211274365
2017-07-28,-0.0007819458608132247,-0.0008013714963800155,0.00046223799519518044,-0.0012760703918024252
2017-07-31,-0.0014799983738802251,-0.0014922944777717182,-0.0013202861697749918,-0.0017099111283893325
2017-08-01,0.003080988689771886,0.0034308342763793446,0.0024408473011636703,0.003318585476834571
2017-08-02,-0.0022148936691479657,0.0001286469068362848,-0.0021598825444541056,-0.005137645425338847
2017-08-03,-0.0031480930633664512,-0.0027161721833258413,-0.003980625277342885,-0.002238374608010331
2017-08-04,0.002896915302061874,0.0025282583442006704,0.003170675314293181,0.0021603933333098945
2017-08-07,0.00355197645229439,0.00424559832778619,0.004432222146277187,0.002183111034138877
2017-08-08,-0.002737091847486613,-0.002364502774588326,-0.001863457988026958,-0.0032490349099233893
2017-08-09,-0.004781306527611243,-0.004462065219362119,-0.00599308216089384,-0.0034481656847837384
2017-08-10,-0.019016142143703514,-0.01961383463753906,-0.019953287664734285,-0.013188441015906714
2017-08-11,0.002628513207188841,0.002578583498643494,0.003442795211976862,0.0009118114596816337
2017-08-14,0.011782538410829357,0.01063927970347214,0.012099263103607245,0.012905797711195866
2017-08-15,-0.002268077624373075,-0.0004943166739198357,-0.0019253195928877638,-0.0035800835201687162
2017-08-16,0.0036119293311930797,0.005377118832373898,0.003961428403536319,0.0021649989768071547
2017-08-17,-0.01634231812571538,-0.015160796422370643,-0.01623484112550172,-0.012732061180426003
2017-08-18,0.0017512245071084568,0.0031618679151579785,0.0025291016884733024,-0.0032932258376242645
2017-08-21,-9.334049784601334e-05,0.000559395356497042,0.0005644843518791316,0.0028744761878810197
2017-08-22,0.010731487436562798,0.010460332522837243,0.011616267955915253,0.006568453580995704
2017-08-23,-0.0007867331606511882,0.0002367739323711689,-0.0001182244273965289,0.0022062002990184534
2017-08-24,-2.8750070339643338e-05,-0.00030785060345005065,0.000979551278769974,-0.0012584246296772931
2017-08-25,0.00260398145638072,0.0032077971296930546,0.0023265301526937763,0.0020493477819855605
2017-08-28,0.0016532805084878738,0.00028527926285151377,0.001139421346021226,-0.00015238652509832904
2017-08-29,-2.5493696133356544e-05,-0.0005480630272163521,0.00046863695538466865,0.0012427383309632396
2017-08-30,0.0053530001105702,0.004229003634223563,0.006018973198374869,0.007111011913412581
2017-08-31,0.008294916604284394,0.00697126954285532,0.007109447310666931,0.008184391891057718
2017-09-01,0.0023922516860693135,0.0027669113393083452,0.0036286468627381076,0.0015560459859427648
2017-09-05,-0.007515839934810797,-0.009587144519736494,-0.010165113701282091,-0.004806427260458135
2017-09-06,0.004202806971735403,0.004921149604278194,0.0041055906172851285,0.0017087022291476807
2017-09-07,0.006415199902470755,0.005123320081641074,0.0029783308723199974,0.0028948733935190377
2017-09-08,-0.0046704872290362475,-0.004466528778988441,-0.004337995684264104,-0.0023303033139301394
2017-09-11,0.008427290722224524,0.010866899699535748,0.011394144283272331,0.008160680879340547
2017-09-12,0.0016092582901477259,0.001927400192511968,0.0025327194863247944,-0.001506947705608419
2017-09-13,-0.0035511260887029156,-0.0025037860772991697,-0.0008260154427046669,0.00012695836587895245
2017-09-14,2.626192858231166e-06,-0.0005268168418829538,-0.0010635572248952712,0.0008607655123544286
2017-09-15,0.002583061357317359,0.0034913634451449326,0.004132820002492005,0.0028602186577078225
2017-09-18,0.00012445729652058664,0.0017376158144751612,0.0028353821639168354,-0.0005422343725704029
2017-09-19,0.002788598399560691,0.0025795503683845866,0.001640467241508164,-0.001709763533101312
2017-09-20,-0.0037595035868147456,-0.0026363005368856907,-0.0015565527952323313,-0.0007102780493634639
2017-09-21,-0.003212054938039134,-0.002555956340983973,-0.0023546404382025743,-0.002776059402111285
2017-09-22,-0.0006192779533909734,-0.0006512054611573256,-0.0004181731218735084,-0.0008472457224844596
2017-09-25,-0.008914067441513547,-0.009822235747428817,-0.008404563147987135,-0.00037233947060057334
2017-09-26,-0.00180763025693129,-0.0003730538120076666,0.0007049710261389551,0.0020575896138031154
2017-09-27,0.0009033652198811945,0.003802348730390134,0.0075689201983677136,0.004360164633339814
2017-09-28,0.0006769440842247245,0.0007529329118898232,0.0007518292587059991,0.002433199773539239
2017-09-29,0.006861362645654633,0.007613600733312358,0.006911951450791632,0.0037106351424624102
2017-10-02,-0.0005940277288961339,0.003870963489911851,0.003932148192783127,0.0033769065592255264
2017-10-03,0.006449335250711469,0.0063925462481874175,0.006387282095420703,0.001253760742012707
2017-10-04,-6.472270304833695e-05,-0.00091915947098503,-0.0009251746643350668,0.0008529670513323604
2017-10-05,0.004467030565383171,0.005925337516654725,0.005940878352439291,0.004682456170646273
2017-10-06,-0.0008438917418181222,-0.0015867236006808804,-0.001589892180727363,-0.001306968222513659
2017-10-09,0.00036266872553561544,-0.0017324713154573145,-0.0017530536308567914,-0.0006240599984043023
2017-10-10,0.006295281068725429,0.005027956308537417,0.004997183085769104,0.002308720446826432
2017-10-11,0.0033190130806051957,0.002303076832438021,0.002288247614855867,0.0019219779576961748
2017-10-12,-0.0008553278012753974,-0.0009845495773527215,-0.0009839329826749543,0.0014941489722053677
2017-10-13,0.006199381903670467,0.0038934922515588715,0.003860964322875633,0.002153467297277646
2017-10-16,-6.349386344313346e-05,0.0005064032487646194,0.0005057047358156873,-0.0007856573551689246
2017-10-17,-0.0026210562485236583,-0.0022831621729682396,-0.00228454590623452,-0.0001248341657841216
2017-10-18,0.0008377184716990525,0.002060064879678619,0.002068824836591155,0.00026632226416494913
2017-10-19,-0.003636407618845426,-0.004373404195268856,-0.004373286195244271,-0.0024907021211872035
2017-10-20,0.0008894964691011383,0.003145062884066302,0.003172646146615649,-0.00029628577432848477
2017-10-23,-0.0048490440149382774,-0.006788203384991073,-0.006812929466777144,-0.005359271965236436
2017-10-24,0.0005987239912309444,0.0012891224993113487,0.001291404446871844,-0.0011658523421660535
2017-10-25,-0.0029412826397673124,-0.003622236352117318,-0.003626535293286387,-0.003879432834888851
2017-10-26,-0.0038714830319262986,-0.0023857839797883527,-0.0023754716126139397,-0.00320109122982829
2017-10-27,0.014259866975491947,0.015378076224123337,0.015399631920612436,0.012986109673622605
2017-10-30,-0.00032710626663521133,-0.004084359437767348,-0.0041442556309079105,-0.0020993600426540623
2017-10-31,0.004816537574399415,0.00647158031180005,0.006485126960296852,0.0034270565804336646
2017-11-01,0.0010955351773499012,-0.00043203884251031925,-0.0004320392443487627,-0.0004291013589875715
2017-11-02,0.0010156634969793992,0.0010065490787267263,0.0010065480925285618,0.003016613194286543
2017-11-03,0.0008000995331147974,0.0009802743624787568,0.0009802766924328326,0.002165753743181747
2017-11-06,0.0049284371961377995,0.004870739563933853,0.00487074437420747,0.0034632371496482518
2017-11-07,-0.004057332618331593,-0.005706182986993566,-0.005706181957977284,-0.0012613048084689957
2017-11-08,0.0037530874384282876,0.0033645964264808165,0.0033645913176444282,0.002909894643241131
2017-11-09,-0.005503199455800799,-0.005064753219147085,-0.005064749022101038,-0.0029734825510478397
2017-11-10,-0.002205677481744442,-0.0018085988406992886,-0.0018085984611683518,-0.0013912673652330594
2017-11-13,-0.0015057000407895486,-0.0006139207239006924,-0.0006139156268313606,0.0016279103794884316
2017-11-14,-0.003595438681105711,-0.003996168135711219,-0.003996171694873278,-0.001937087812025682
2017-11-15,-0.004810973096923948,-0.004647002274526933,-0.0046469968910528795,-0.004572379876312789
2017-11-16,0.013952694181182505,0.015288356120426947,0.015288353440877185,0.01015248691134403
2017-11-17,-0.0002886194478582885,0.0013546876217188912,0.0013546973048511237,-0.0004934239674266795
2017-11-20,0.002684508524596138,0.003704203878850558,0.0037042003086407123,0.0013135804461004569
2017-11-21,0.01057515865274257,0.011155714949068625,0.011155712131988174,0.009024730654067756
2017-11-22,0.0018082710410890388,0.0009974545199441982,0.0009974541060884942,-0.00015047656032682018
2017-11-24,0.0029614760037212674,0.0014070559292260895,0.0014070455969408598,0.0018554648901011658
2017-11-27,-0.006631914273078205,-0.006047195851905727,-0.006047192427175449,-0.0027455772529441907
2017-11-28,0.006292958118411285,0.008298498369760397,0.008298494612433819,0.005022761146292622
2017-11-29,-0.010842063279566064,-0.00937842154415623,-0.009378421675682317,-0.005208489765905335
2017-11-30,-0.0002849016991743463,-0.00011969845730092267,-0.00011970254849794693,0.00324380564415633
2017-12-01,-0.004576161600431823,-0.004576136795860493,-0.004597393891189925,-0.0010947188736440848
2017-12-04,-0.004314064845486726,-0.004314065515872079,-0.004343102795381879,-0.006035710678425449
2017-12-05,-0.0016433177004122309,-0.0016433057578924344,-0.003206216807923596,-0.004655893161922022
2017-12-06,-0.003773013605947241,-0.0037730034998955404,-0.0043105901536567995,-0.0001588861294523176
2017-12-07,0.003355865483573821,0.003355840960172852,0.004234297232473328,0.003302537489038195
2017-12-08,0.006516279147838372,0.006516274262902934,0.005636164720506076,0.0032687644584353448
2017-12-11,0.004562575248082118,0.004562569896288791,0.003967850324585252,0.0021853025910052843
2017-12-12,-0.002343233456158364,-0.0023432246733896666,-0.0032213685114706415,-4.1390362267361585e-05
2017-12-13,0.005927755296281585,0.005927746555982456,0.006350533948227624,0.003642143453050357
2017-12-14,-0.005178635880677613,-0.005178608975374213,-0.006284164607361329,-0.0036219922696644462
2017-12-15,0.005397671074503386,0.005397650164524139,0.008306303960180426,0.009556970826723356
2017-12-18,0.010805817566070111,0.01080578643884962,0.011139592496350157,0.008308396103067313
2017-12-19,-0.005253855626749967,-0.005253854823655569,-0.00610141262379953,-0.010827246806146681
2017-12-20,-0.0002497761897947443,-0.0002497882147451761,0.0004860022282693036,-0.0036720819874037215
2017-12-21,0.0035169098699831844,0.003516898995990298,0.0036749022583649326,0.0010679594401091467
2017-12-22,0.0027844690354601885,0.002784477644548544,0.0019048305002677393,0.0011408302107024009
2017-12-26,-0.0019052644422599021,-0.0019052505190930008,-0.0017306993166523652,4.669097771586818e-05
2017-12-27,0.0012717453804968705,0.0012717573160094073,0.0007050169720499123,0.0017383093864858131
2017-12-28,0.0029877786679432545,0.002987775178993107,0.003657527919328581,0.0028639887727358437
2017-12-29,-0.0010620710729022248,-0.0010620508289933682,-0.0028565955034129467,-0.004070260424723402
2018-01-02,0.014087592361162417,0.014356264847096012,0.014497513908944288,0.009490424578051724
2018-01-03,0.007333494191882988,0.006965849990407796,0.006581343027486078,0.005522240340542794
2018-01-04,0.005564311362559843,0.005810901000324523,0.0039047276503772414,0.003724436720501666
2018-01-05,0.007474600680928141,0.007163892201458885,0.006777028567001615,0.004958912609560593
2018-01-08,0.0012393807286085136,0.0010683806804054224,0.0016047847540987985,0.0014948837392210613
2018-01-09,-0.00027373239081882717,-0.0006010854831633031,-0.0007658163265064318,-0.002125223027097341
2018-01-10,-0.0031644378619590015,-0.0029368640646559195,-0.002751902668896229,-0.0016844967727684497
2018-01-11,0.007693084441661883,0.006303232928106646,0.009745351826618828,0.009534362062531289
2018-01-12,0.008508496719438664,0.009301152458299888,0.0073402421945475,0.006307753002696101
2018-01-16,-0.0035712848782790633,-0.0021288090931166105,-0.005935284731251569,-0.004602239304324247
2018-01-17,0.009691449052374677,0.007933753283288245,0.010552316712311901,0.00789736194760858
2018-01-18,-0.000636446181465716,-0.00017324830381869997,-0.0017630072879009637,-0.0033922552998347432
2018-01-19,0.0063834940945942074,0.005512588045340125,0.007903281511796374,0.005854479996379346
2018-01-22,0.0070088930839661695,0.006654941787231954,0.007055489754203419,0.006354780997049717
2018-01-23,0.005185861006208457,0.005363414040082594,0.005181356524898161,0.004994415014824802
2018-01-24,0.00048702420878487965,0.0023236070910946935,-0.0010986721875408578,-0.0035489520810656344
2018-01-25,-0.001406126920956713,-0.0021114029467751436,-0.0005560543550961888,0.0003556843028636359
2018-01-26,0.011756816275564458,0.011476581483507109,0.010703993689197633,0.007902151892090975
2018-01-29,-0.00932209199502771,-0.009320399151319119,-0.008616003303070633,-0.006990409122937918
2018-01-30,-0.010015880755185894,-0.009490010628289426,-0.010268409161742455,-0.008757945484054813
2018-01-31,0.0029266442349309535,0.004118587788969051,0.0021536662058016486,0.0009167665240265494
2018-02-01,-0.004759301481990724,-0.0054400636895308154,-0.0054400564915649185,-0.005230726760957202
2018-02-02,-0.02136955225485784,-0.02167367348184584,-0.02167366496064239,-0.021423489459193465
2018-02-05,-0.03586013735648672,-0.03876037027785937,-0.03876034531083467,-0.03812692323095621
2018-02-06,0.02302952977117321,0.024820335349746377,0.024820301948142047,0.023152967444484675
2018-02-07,-0.017645109130160458,-0.016409224327183697,-0.016409193036997883,-0.013898958801731259
2018-02-08,-0.03190967141275333,-0.033818370771599056,-0.033818363790149575,-0.034393266317732284
2018-02-09,0.0097817366267927,0.012162343512242197,0.012162340599020981,0.013033591119870399
2018-02-12,0.01525377009657539,0.015580867594681445,0.015580849551717643,0.01440940506700985
2018-02-13,0.003119131675900415,0.0031502738887895622,0.0031502824921303945,0.004086850118556044
2018-02-14,0.019983605195600086,0.020244332288095208,0.020244324615125764,0.020229772022189483
2018-02-15,0.013779124358956582,0.014689051814325923,0.014689054195953913,0.015494594065287817
2018-02-16,-0.0007739301760313463,-0.0006019018802246065,-0.0006019016669023255,-0.0007238375033674355
2018-02-20,-0.006030303999414316,-0.007153769401504976,-0.007153760430931284,-0.00688074202378904
2018-02-21,-0.002660723141658813,-0.0024351535352357023,-0.0024351422977325486,-0.0013004631496481439
2018-02-22,0.002628076952643842,0.001566794374873446,0.0015667832300405805,0.00024340716384067197
2018-02-23,0.014507809374792074,0.01515372051911641,0.015153726190532459,0.01608504227266777
2018-02-26,0.010104966675606824,0.010227100383505367,0.010227091228035876,0.009661912459206404
2018-02-27,-0.01790405182269693,-0.018339920180518245,-0.018339910752565663,-0.01811404716308805
2018-02-28,-0.010141641189752592,-0.01064655842884498,-0.010646568043398896,-0.011867306301510627
2018-03-01,-0.005184226133328154,-0.010764082981375319,-0.010764032770712983,-0.006525629216058797
2018-03-02,0.005606501565494383,0.007039408003628042,0.0070394265872722375,0.009486244418662323
2018-03-05,0.0064585433727422726,0.006253538854188117,0.006253549837322202,0.0059033372041767136
2018-03-06,0.006225710655133857,0.006912217970082062,0.00691222024958018,0.008558986408429418
2018-03-07,-0.0013319082760652854,0.001798811823771407,0.0017988192708440652,0.002131304255977152
2018-03-08,-0.0002970463637315867,0.002150316910626843,0.002150298284430485,0.0005565128416261041
2018-03-09,0.01673906320932952,0.015751296489199366,0.015751304051197308,0.01471822947475367
2018-03-12,0.0019538794517878293,0.0028328316374865437,0.002832827564505905,0.0025616072456613134
2018-03-13,-0.008157600421526436,-0.009245988034258681,-0.009245972548834226,-0.006704719726815615
2018-03-14,-4.014945250756978e-05,0.000684396140375346,0.0006843762782899032,-0.0013163169080169094
2018-03-15,-0.0020346949162149104,-0.0020239637733849465,-0.002023970124517733,-0.0038139687266195797
2018-03-16,8.534722954919733e-05,-0.001212989699058808,-0.0012129654696030972,-0.0001391141843696494
2018-03-19,-0.012578295538964156,-0.013021691684950624,-0.013021687830654514,-0.010778899318485066
2018-03-20,0.006286059052237742,0.004246786749534396,0.0042467831890421704,0.0019524950715673044
2018-03-21,0.00645231289798979,0.0015158286275324965,0.001515853186794776,0.005318327700829351
2018-03-22,-0.021897737971165475,-0.02516692288640723,-0.02516689206733655,-0.020911462072449483
2018-03-23,-0.01346058710883571,-0.01945632922257744,-0.019456315606815325,-0.015230556901004694
2018-03-26,0.0232352416701832,0.02844548749844889,0.028445450421123147,0.0247507396968595
2018-03-27,-0.01833583999798755,-0.019310689676908622,-0.019310694750133573,-0.02017040639273358
2018-03-28,-0.006241826718734602,-0.003251174009430352,-0.003251188049310865,-0.007478984292842774
2018-03-29,0.015459842774927214,0.015523142347732307,0.015523128328334627,0.012443070018076305
2018-04-02,-0.018031634731761684,-0.019549115436420954,-0.022433053204087474,-0.01657606084019047
2018-04-03,0.007859396967932145,0.008808213183084663,0.011047293013674296,0.007757480438077246
2018-04-04,0.004071823716005683,0.005481788947536782,0.00874059430106419,0.008882792420393993
2018-04-05,0.0037778793251929395,0.004926057114938636,0.005558140469866235,0.0034971030133715128
2018-04-06,-0.015781679293193827,-0.0160670613747857,-0.019621885878466458,-0.0159309843054866
2018-04-09,0.006465588428458797,0.006144630179407367,0.0038157645034862303,0.0034105529965955395
2018-04-10,0.01833941333520056,0.017402669405648247,0.01896290578544087,0.016276399702959115
2018-04-11,0.0012683872510429461,-0.0019966895897069346,-0.0015207367542277098,0.000718582949107527
2018-04-12,0.0016654640163653962,0.004234178987459609,0.005830484667806765,0.0030044146429869046
2018-04-13,-0.004072967611177313,-0.004195652922042426,-0.0058354273944239456,-0.003444758407055884
2018-04-16,0.0019987453016159615,0.002784429427366721,0.0053581668457084045,0.0055918733720755195
2018-04-17,0.007651840944896111,0.008499377533708857,0.010611569922552114,0.010303092464972912
2018-04-18,0.008890973043421006,0.006604733685619405,0.004588256317507423,0.0031182101043795525
2018-04-19,-0.006041541552158097,-0.006032501413364854,-0.00686202775335621,-0.006303192732978821
2018-04-20,-0.009717026656340957,-0.009816212947486642,-0.010451587027733095,-0.010278020020698341
2018-04-23,-0.0039455314001798514,-0.0036072625667387197,-0.0037338720084195936,-0.004403216776453138
2018-04-24,-0.009140478774915714,-0.009505497246155355,-0.009842563844275676,-0.00783142066654888
2018-04-25,-0.001937162405575612,-0.002291671035599434,-0.0025778471762428748,-0.002902522735910756
2018-04-26,0.01209993732429984,0.012662715374601462,0.01254526229155936,0.009492108467421007
2018-04-27,0.002121193454733612,0.0022764157584311473,0.001782102191436815,0.0017994127949649023
2018-04-30,-0.003686703937955975,-0.004801275529944216,-0.007099739971417005,-0.0076756792424718554
2018-05-01,0.0026986391545330544,-0.00010268200002761261,0.003310298972535637,0.002620823303591512
2018-05-02,-0.0014323224096275042,-0.004189074763297062,-0.0017601773457916069,-0.001889784287933414
2018-05-03,7.5782286461515804e-06,0.0015174965903767914,-0.0010867708948387317,-0.0007967785672666488
2018-05-04,0.01194037613845307,0.009457944975987545,0.010979432519694791,0.010721826649560938
2018-05-07,0.004284606599300232,0.0005928436290087966,0.004337497713056932,0.004262391390878736
2018-05-08,0.002594874212491073,0.0022454766617699563,0.0019353871597980483,0.0020257593257782865
2018-05-09,0.007786463592958909,0.0067981595594213485,0.005785842570185207,0.004930156732399899
2018-05-10,0.00831121644596122,0.01152206737573064,0.009126419460070036,0.009423325809989795
2018-05-11,-0.0017038608037941516,-0.002358325332823666,0.0008119850048787283,-3.1059805024110736e-05
2018-05-14,0.0016775030313827374,0.0032566680566941276,2.3907619979662986e-05,-0.001099738801931005
2018-05-15,-0.004997709079296106,-0.009907143701450167,-0.007858904819545593,-0.009757693437810465
2018-05-16,0.008281464419749167,0.008306667519589753,0.007401639946672018,0.0070584399257957176
2018-05-17,-0.0009693505829502104,-0.005247163745230484,-0.0012873285399645506,-0.0017353894691589735
2018-05-18,-0.0018348466326849422,-0.004266542256778684,-0.003216839472285115,-0.0025272947875395347
2018-05-21,0.006588892152283668,0.006452226175220441,0.006161278879144727,0.005071807403862703
2018-05-22,-0.0018913189999257645,0.000846253398616588,-0.0024699233814117465,-0.002266493792276761
2018-05-23,0.004517991790359915,0.0029405431783129077,-0.00014358994951530867,0.0023101956573837214
2018-05-24,-0.002470592669320539,-0.003967453273273349,-0.001506768584205736,0.0006664092164749629
2018-05-25,-0.0042538197589777,-0.0035459556339594053,-0.0014941284345728217,-0.000676707772756885
2018-05-29,-0.006890185524407194,-0.013170656508369396,-0.01024663766833467,-0.006468712486310644
2018-05-30,0.01156252144430654,0.009921742937101682,0.012080471358954714,0.009352492279201145
2018-05-31,-0.003462454820056038,-0.001784796013986719,-0.004366304480493234,-0.003495618279062558
2018-06-01,0.0055497613743191055,0.00608593333792104,0.01216302799123987,0.008679467765995779
2018-06-04,0.0010848200317924257,0.0017992160388393295,0.00718360191184528,0.005865732105794249
2018-06-05,0.003138921029789409,0.002526402557969906,-0.001229069774446657,0.0017133533696019733
2018-06-06,0.005836399374881453,0.006444951234009593,0.009692399815410655,0.00614856031778215
2018-06-07,-0.0034599505594892677,-0.00442170388102188,-0.009263243557245374,-0.0060728138586751985
2018-06-08,0.0008664533300456318,0.0005588233837546486,7.804024963598672e-05,0.0005255501834105465
2018-06-11,0.0017297283546624494,0.001090662341734015,0.002875742447706295,0.001141336650469792
2018-06-12,0.0021419373790296722,0.0025179153425765577,-0.0006485397544396044,0.002523920770073348
2018-06-13,0.0001207850789952775,-0.0006920468350656255,-0.001997440907833179,-0.003202699255144502
2018-06-14,0.001072612167043778,0.0006099810470720012,0.0009061524318100118,0.004698007793894232
2018-06-15,-0.00875774214823674,-0.009035737473151275,-0.004921478132028098,-0.0035550366026889106
2018-06-18,0.003130468475443796,0.002628760511248144,-0.005493349385453086,-0.001260648038970752
2018-06-19,-0.004850630223184599,-0.005035864751937743,-0.006911365209508184,-0.0025902519342391787
2018-06-20,0.004276548969994022,0.0046352392432470295,0.004457900288675023,0.0047398188737313805
2018-06-21,-0.008388083346288962,-0.009083841068010547,-0.00989172516210947,-0.007469390100069436
2018-06-22,0.005363173231965858,0.005340077523666911,0.005282067441993334,0.0008150758367046954
2018-06-25,-0.016485962582330344,-0.016442847774506143,-0.01658106215626946,-0.014362166791322947
2018-06-26,0.006109321287812819,0.005537501453119872,0.0011682775906175257,0.0021424288608366915
2018-06-27,-0.008274628654377916,-0.009257052026697384,-0.014272645791982681,-0.012199940372036528
2018-06-28,0.003704017759966792,0.004177655120162404,0.006568387654199134,0.005325985948550899
2018-06-29,0.004592773865356637,0.005536365286195674,0.006903250595059885,0.003476553407654618
2018-07-02,-0.0027509843364552527,-0.003190894640380539,-0.001886738491666863,0.002238931134235761
2018-07-03,-0.0018697198783236787,-0.002552887358628594,-0.001891358077054142,0.0004651524481248585
2018-07-05,0.010066288422639198,0.008621509739880311,0.007173308434756613,0.010932789434231656
2018-07-06,0.009115212131006658,0.009960265455560596,0.01146947672532949,0.009248582718074256
2018-07-09,0.00533976999598995,0.007931548811773985,0.011372306289627985,0.0018414346206303974
2018-07-10,-0.0016212019796404816,-0.002053906578921323,-0.0013337161049114593,-0.0005582978772944474
2018-07-11,-0.014840436436594086,-0.016463815977360484,-0.012659921703295513,-0.004932904735217626
2018-07-12,0.008524231212845734,0.009585089007849825,0.011870817984563046,0.007685168783403664
2018-07-13,-0.00041615628824718826,-4.470612397064005e-05,0.0006635993698698237,-0.00131962720842806
2018-07-16,-0.0087596040679125,-0.00877204012216397,-0.003122492840931616,-0.003918335537088098
2018-07-17,0.0028561865468465504,0.0042499156583093185,0.005188435005285265,0.0010941591917244693
2018-07-18,0.0025292237672916757,0.0028583127271061826,-0.00039599956229112925,-0.0014214136219143955
2018-07-19,0.0014423113257818875,-0.0009622601401732979,-0.0044609376237185715,0.004565913064728676
2018-07-20,-0.00011522135895646659,0.002280225608677965,0.004616130117584653,-0.005106581271965292
2018-07-23,0.002182236974071319,0.0017322244534114957,-0.0008115770729803124,-0.00046743550665091213
2018-07-24,-0.0008833646423080213,0.0010888728476218326,0.0051677403820839215,-0.0030122625292009824
2018-07-25,0.010122034960297703,0.010951929582729615,0.011401664881836047,0.007721111068273532
2018-07-26,-0.002600810437863645,-0.004043936699929705,-0.007995193489755066,-0.002233310845467524
2018-07-27,-0.011923748606904436,-0.01049581055778607,-0.005708703155589036,-0.012658975064976943
2018-07-30,-0.004362404016779674,-0.004581087945440107,-0.005834122330925045,-0.006299165916485138
2018-07-31,0.0052928778384469044,0.004155631043926454,0.005940699691262418,0.010917424091488192
2018-08-01,-0.0026998512166585566,-0.003915762162471687,-0.001475831902323053,-0.001757585724066934
2018-08-02,0.007636688665879303,0.007379942642041005,0.002974872361604011,0.002825279678978643
2018-08-03,0.002012444020257186,0.0009883535256591494,0.0008282745977086609,0.002254676152499202
2018-08-06,0.0038347331872212267,0.003541430838749782,0.001396482048225328,0.0010874666338900705
2018-08-07,0.0038982631228120556,0.004860391602414482,0.005180109966856956,0.003935021042373506
2018-08-08,-0.004122232752528695,-0.003630430050390956,-0.00030398671123891755,0.00020627968325535124
2018-08-09,-0.0005902642888725521,-0.0009316776061049247,-0.0005836954735400745,-0.00018246776960522564
2018-08-10,-0.0038963814289691948,-0.005128684816831088,-0.0112529004453104,-0.0071067319805423424
2018-08-13,-0.0038674875699170287,-0.004031353851050407,-0.004809943969813791,-0.007892348450857959
2018-08-14,0.005873162075934423,0.005367878510184155,0.005418920502969208,0.006254198817147095
2018-08-15,-0.013202498788962975,-0.015414695151556097,-0.01464313684536241,-0.015301266051303006
2018-08-16,0.006928064853508592,0.006819123858137902,0.00650146633932486,0.004960188821519884
2018-08-17,0.0035343098100456753,0.0032008275539309287,0.004181694149792513,0.00527755224173465
2018-08-20,0.0011773833318710091,0.0016483135773369486,0.002647720721080305,0.0023348151307963634
2018-08-21,0.004477472533714752,0.005698064882578233,0.007665886012482906,0.007074306507026602
2018-08-22,0.005608117331939786,0.006557439256075331,0.0038556863397511453,0.0034837025508167993
2018-08-23,-0.002120689624115129,-0.002580154312015497,-0.005095636130590986,-0.006022817649117521
2018-08-24,0.007296597963483423,0.00728842666699328,0.008025783529305181,0.011190123190129794
2018-08-27,0.0041812072229820444,0.005877708186336925,0.008935183255944678,0.006534872937815706
2018-08-28,0.0008502126958549926,-0.0005851353705568027,9.118721956810516e-05,-0.0009770225644147932
2018-08-29,0.007671176697332487,0.008190245308666296,0.0065780044199141505,0.006281261652393378
2018-08-30,-0.0019320524835507353,-0.002239662626012796,-0.006226835922990937,-0.006388822776473803
2018-08-31,0.0022747493114733197,0.0010850641343234707,-0.0003393738909853555,0.00232093560349699
2018-09-04,-0.0055367703253754565,-0.005536778901735686,-0.005736888541269454,-0.00845169164649979
2018-09-05,-0.005312633470073744,-0.005312626292223723,-0.007760960179137192,-0.005395767526224979
2018-09-06,-0.006163457452192478,-0.006163457631529365,-0.005783485731621506,-0.003834851776871292
2018-09-07,-0.00169829499030559,-0.0016983014149902279,-0.003960435301861935,-0.004782773211604399
2018-09-10,0.0028759904148643396,0.0028759929956033224,0.003572122587136572,0.0010493424007821054
2018-09-11,0.005754543200120451,0.005754546212083491,0.0033046736247046666,0.0030436366213570883
2018-09-12,0.0005155851342544627,0.0005155834303541965,0.0001640828138355026,-0.0007191407853764205
2018-09-13,0.0005097268428069137,0.0005097258072902614,0.004947752288366912,0.0064860566354621825
2018-09-14,-0.00215209736674537,-0.0021521050940021373,0.0002705042019492637,-0.0013425726775670736
2018-09-17,-0.007530870041246998,-0.007530867687320342,-0.007302999559426883,-0.008042557039226121
2018-09-18,0.006052074077905408,0.006052071382328582,0.006952824444083291,0.0039041989573883867
2018-09-19,-0.0005874691593250493,-0.0005874783744218486,-0.00015600735213105606,-0.0022001466311673537
2018-09-20,0.007031837712154504,0.0070318434657006676,0.010013459292398632,0.010059046599597663
2018-09-21,-0.00242567918655034,-0.002425679631279965,-0.0028347732235411635,-0.002484430176595284
2018-09-24,0.002389115340157684,0.0023891033208403604,-0.0009005098415831007,-0.00637645736718387
2018-09-25,0.0015558079615172157,0.0015558085543366657,0.0024430691107508824,0.0014767963768620431
2018-09-26,-0.005076662643619159,-0.005076677731929214,-0.002348246284359475,-0.005116210520315558
2018-09-27,0.004392473672842759,0.004392478475327926,0.002231251650059793,0.0044608301042781285
2018-09-28,0.005238089702788878,0.005238106507438399,-0.0011471156625159236,0.0031743355128575758
2018-10-01,0.0026277124005551953,0.0024559845375371958,0.0024560031226161486,-0.0025063995957676903
2018-10-02,-0.0030213285511911663,-0.0034543584035660263,-0.003454402793865402,-0.005689802128602539
2018-10-03,0.005458213091850881,0.005547661533773734,0.005547721112622741,0.0011967616086007084
2018-10-04,-0.01357954756898228,-0.01437601888516972,-0.014376058964493415,-0.014064362946307737
2018-10-05,-0.007479334314986623,-0.0076345280380748564,-0.007634562817993957,-0.008060432033902764
2018-10-08,-0.0035032134273965316,-0.003762244236794627,-0.0037623162174155885,-0.0028987682053248807
2018-10-09,0.0020935629210902147,0.0016836532792155114,0.0016836116876371317,-0.00022180684589284748
2018-10-10,-0.028402604101082626,-0.029810636666671053,-0.029810748207306576,-0.027435415862359997
2018-10-11,-0.013862605374091458,-0.01534012340312278,-0.015340194318189854,-0.01046064832886578
2018-10-12,0.011305100536773369,0.011135329023859325,0.011135326086626634,0.013482324768156192
2018-10-15,-0.0019176102278937826,-0.0020820438089548155,-0.002082069723758213,-0.004021321431694518
2018-10-16,0.019105271280452873,0.0204755175977181,0.02047559558310302,0.02144597766154384
2018-10-17,-0.004031777220561129,-0.00440376226138541,-0.004403771070814862,-0.0032194560536346465
2018-10-18,-0.01636023628972302,-0.01755199997760734,-0.01755211000999941,-0.016967183773742244
2018-10-19,-0.0016926622864397388,-0.0011835977209419632,-0.0011835945402142425,-0.0021340372975119835
2018-10-22,0.00128276080807698,0.0007963642586398186,0.0007963527225214647,0.0023566491054510396
2018-10-23,-0.010468034776087246,-0.011319249383127844,-0.011319336380430258,-0.005395632541341966
2018-10-24,-0.027591393002834332,-0.02992780816381946,-0.029928078086533718,-0.03035353255854361
2018-10-25,0.018292023108490457,0.019351245197878703,0.019351320512125153,0.019795437228334628
2018-10-26,-0.009194752997200807,-0.009424719418139434,-0.00942471296557502,-0.013651784213607512
2018-10-29,-0.011009650847270205,-0.011191355819996187,-0.011191392290520415,-0.010208706683749028
2018-10-30,0.009878048923081459,0.010848273863430478,0.010848342747708135,0.014248795454722844
2018-10-31,0.00363873130926707,0.004380561197282723,0.004380666273483092,0.008981260891299607
2018-11-01,0.0060429091442787365,0.009225520278399891,0.009359802999521244,0.01571225566527672
2018-11-02,-0.007566260787675744,-0.00521460553835813,-0.0044116594464816,-0.0032392172147980205
2018-11-05,0.0039050467154939685,0.0003302856959134208,-0.001087909845427558,-0.00047266227570010434
2018-11-06,0.004153417050269388,0.003008626964590477,0.002791290127614732,0.0043598022170973725
2018-11-07,0.014489788223676872,0.015259774795844642,0.014781944067712858,0.018337956262888182
2018-11-08,-0.0030304634971478625,-0.004438173699123043,-0.004891011559785161,-0.005974090747569981
2018-11-09,-0.007875732354931775,-0.013885846750703918,-0.014455792648258399,-0.01413716628245596
2018-11-12,-0.01057527729461536,-0.015549281574331173,-0.016548249802896615,-0.018239829358104368
2018-11-13,-0.0032962564240672223,-0.009051884828566748,-0.009011855654377857,-0.00014315918364312096
2018-11-14,-0.002725753449171791,-0.002088690400866817,-0.0019832029091127884,-0.004441169746309483
2018-11-15,0.00293913150712287,0.008279692915372743,0.009000900526595317,0.011602487896887663
2018-11-16,0.001901173200871325,0.002608137346424227,0.0013068389834620454,-0.0010256225659929926
2018-11-19,-0.010271625611696526,-0.015688541229530884,-0.0162379005881985,-0.018059222929544934
2018-11-20,-0.012425582902004895,-0.021297368969639734,-0.020839547743149195,-0.014228454236375972
2018-11-21,0.004897368169648399,0.009055430846576925,0.009636455001783789,0.009798397639650859
2018-11-23,-0.007346907257515564,-0.011409724365716975,-0.011782260798257435,-0.005295040143788743
2018-11-26,0.009368925351419193,0.012389108772774328,0.012859011392459195,0.013440645509219112
2018-11-27,0.001751056719041656,-0.0022169484947574944,-0.0027495043462800756,-0.0009591055568324297
2018-11-28,0.014504737724968318,0.016980477496600244,0.017023321196011635,0.021870219240236317
2018-11-29,-0.00017738295493668503,0.00020452815704671633,0.00010859656601312178,-0.002535803738371571
2018-11-30,0.00395681062019297,0.0033186229847462635,0.0021271392191008066,0.003024475925760014
2018-12-03,0.009941563278595232,0.010415055138263886,0.015516744668057383,0.013210259556200346
2018-12-04,-0.028258561282030675,-0.029340799954358492,-0.025567990176746755,-0.026346425141624743
2018-12-06,0.009147649690232646,0.008545162246642755,0.0014506747264900117,-9.186890898697472e-06
2018-12-07,-0.020022822353503698,-0.020508235551459433,-0.014216233823919667,-0.017561910458182367
2018-12-10,0.00038883932161553795,0.00040293571314886596,-0.0031557549365380825,-0.00028502061908141203
2018-12-11,0.0005744933402443591,0.0010081679897072976,0.002476679154207137,0.0016520260208101197
2018-12-12,0.0006020842638399493,0.0012000790283507136,0.0029967630721245897,0.008691248030144438
2018-12-13,-0.0023633932477188546,-0.0021819544118284583,0.00029560025476420894,-0.00471331758746131
2018-12-14,-0.012550938533285604,-0.013126290331430243,-0.016720220362720827,-0.015106731444226133
2018-12-17,-0.024485910969177824,-0.025427727500475023,-0.02074054622665787,-0.013394266301334591
2018-12-18,0.004852782812322483,0.004425101868586298,-0.00374182201904731,0.0031938682611354573
2018-12-19,-0.016557287850192177,-0.017808649074407212,-0.013507836518447787,-0.017783898420538843
2018-12-20,-0.013926816478176904,-0.014673792819005925,-0.01359604358242729,-0.004395822674090151
2018-12-21,-0.021171319787422028,-0.021754681169876548,-0.021097644452154937,-0.01925854294759414
2018-12-24,-0.023693564840714713,-0.024693250894953913,-0.02014015709090118,-0.012235078722286675
2018-12-26,0.042712891051362493,0.044869158988456476,0.04316683463541036,0.03573478748362493
2018-12-27,0.002623624357770958,0.0023094433930508146,-0.0004570428376785205,0.003987617490111734
2018-12-28,0.002217375136819734,0.0018232796155275845,-0.0014433247075311092,0.003226855360741222
2018-12-31,0.006060596221904213,0.005758948854730069,0.005977543210415974,0.0044929752194536625
2019-01-02,-0.003993584095628126,0.0034852486604375634,0.0027585629548454423,0.0027852854558696473
2019-01-03,0.007939975968288108,-0.0030960826582767833,-0.0034657505651256013,-0.014306782432870997
2019-01-04,-0.0024450001909070763,0.006131463382554094,0.013347624847389406,0.023895084377177994
2019-01-07,0.0012378285589487313,0.0021997641179670106,0.006536600986340338,0.007263463131405086
2019-01-08,0.004879058118767739,0.0009051151733765273,0.004646392170193954,0.004735989624690974
2019-01-09,-0.00034782137177107367,0.0027905790662485046,0.010170183065750642,0.01038967031981639
2019-01-10,0.0017411399698227695,-0.001804907890679236,-0.002329968022560117,0.0017218104681777434
2019-01-11,0.003102131531865952,0.001141151290283553,-0.0011650891430013562,-0.0019412175914840957
2019-01-14,-0.0025560354260814283,-0.003702079909258528,-0.004854621694230579,-0.005460054746239989
2019-01-15,0.0015427627248386006,0.004302141664471794,0.007346774763956503,0.008287459614127551
2019-01-16,0.002429767370975426,0.0003913964865339968,0.0025721032592057897,0.005267348015874096
2019-01-17,0.0011758322405041985,0.0017609492766077494,0.0021925653397005243,0.004259989735850395
2019-01-18,-0.0013277658368892641,-0.0004490759543688697,0.0028849203942248667,0.0028521842875599574
2019-01-22,0.002336514599416574,-0.0025771495951374852,-0.006386448833253947,-0.011700803629093808
2019-01-23,2.2265392647413208e-05,-2.0173819670588177e-05,-0.00046082927046523636,0.002586753449707945
2019-01-24,0.004208484513992328,0.00471007713237604,0.0029069494217047022,0.004929154453366499
2019-01-25,0.0016956997224041612,0.002917711656826332,0.009042226774261834,0.013211614501505944
2019-01-28,0.0027161842536654285,-0.0035676595688088585,-0.0068067418652069155,-0.006245196502492672
2019-01-29,0.004966744452641627,0.00011355838640566942,0.002286666530641139,-0.0009493098001017056
2019-01-30,0.0033458084679412253,0.00867217602326364,0.011405395172519915,0.016810698137496593
2019-01-31,0.00778411327327433,0.00849800838280643,0.003956506599399173,0.008015860517311596
2019-02-01,-0.005382183927977311,-0.004826632004529715,-0.0020294705444113487,-0.003560294691368827
2019-02-04,0.004861435385982827,0.00554406588720465,0.009614137384136408,0.007502521128753195
2019-02-05,0.005355687151367923,0.00525225203530503,0.004250255276604011,0.007382375785684136
2019-02-06,-0.002579123419874382,-0.002722563072525181,-0.0031083391258100567,-0.005902739474873495
2019-02-07,9.290107656699935e-05,-0.0009088822676779339,-0.004972743386630836,-0.009383205688071643
2019-02-08,0.001417432442385381,0.000966922320655358,0.0010383822762338743,-0.0004926544009406981
2019-02-11,-0.0003157940555099746,0.00012376893616871637,0.002457013234838143,0.0008423530200388121
2019-02-12,0.0018944416439109196,0.002632063187289222,0.0068877763344587116,0.010953913773400315
2019-02-13,0.0006233834107519186,0.0008610686561681695,0.0031737874913513784,-0.0014127592715785385
2019-02-14,0.0033123242398222326,0.0027543000413914453,0.002270959765985234,0.002068949336116105
2019-02-15,0.00315398856890992,0.0033150240996918283,0.00992116039648527,0.006153128499657679
2019-02-19,0.001293903603564431,0.001074869404828059,0.0015999115223864285,0.004984499426495208
2019-02-20,-0.00226487294461037,-0.0018966676739758217,-0.00019061860985703617,0.0029414046080427315
2019-02-21,-0.0025966063924269087,-0.00179608847544599,-0.0016445498114878155,-0.003789133276423552
2019-02-22,0.005480363156826732,0.005083475380801548,0.006844089084259113,0.008460470612677625
2019-02-25,-0.00202331494937078,-0.0016453941301896868,-0.0026839040771593947,0.004449057774150859
2019-02-26,0.0007731124755162623,0.0004064642271058375,-0.0022378359645908986,-0.002630277910522812
2019-02-27,-0.0038794635809666117,-0.002711311573024464,-0.000764044576481658,-0.0028832128201178035
2019-02-28,-0.0010198371828475641,-0.000737675298042283,-0.0011832184245217621,-0.0060844494470903366
2019-03-01,0.001672225379164246,0.004227174703371464,0.002815874473934516,0.0048941034314367
2019-03-04,0.0012665700208844672,-0.001449813029070867,-0.0009811348027739452,-0.0021834098779932062
2019-03-05,0.0009613591034271014,-0.000399412742536174,0.0001527461849035315,0.00198201222750626
2019-03-06,-0.0033013771986982595,-0.009134147092131136,-0.00953597544170387,-0.009597667759858753
2019-03-07,-0.004200299652451321,-0.007022493693077563,-0.007204998714196948,-0.012004974742236234
2019-03-08,-0.00048189426454390964,-0.0003759788979097803,-0.0002751357337613007,-0.002800253955307846
2019-03-11,0.011550260346995942,0.016211217548509484,0.016009007770775716,0.01734231750653318
2019-03-12,0.003827475258048718,0.0033545956898570622,0.003812215080259729,0.0037348690111613674
2019-03-13,0.004496579949946214,0.005182347222136333,0.005542768392693045,0.004217264411642024
2019-03-14,-0.00040733933120889467,-0.0013439267293001165,-0.0017117338247397943,-0.0035744926928612856
2019-03-15,0.0024377581645557127,0.002732946304597227,0.002639606397739256,0.008014222982491347
2019-03-18,-0.001027865618940807,0.0010943899666664523,0.001631887613725732,0.00617533904752862
2019-03-19,0.00020291986564304208,-0.0013686977415550536,-0.001176999663725085,-0.00023331696070727644
2019-03-20,0.004096159899993892,3.749928277750069e-05,0.0003544082590413477,-0.000259289761622305
2019-03-21,0.00991659318636445,0.013944847556344502,0.013472944195149291,0.0088075091235577
2019-03-22,-0.009106015664375262,-0.020041732495778834,-0.0205525701549508,-0.026873112095531462
2019-03-25,-3.948757336434186e-05,0.0010999420424654533,0.0015113317978559149,0.0016035264447763287
2019-03-26,0.004444780366233523,0.007193774692899553,0.007136492208969665,0.005688059334921172
2019-03-27,-0.0022885364145151608,-0.003884566557491835,-0.0045157450781845975,-0.006532574309680078
2019-03-28,0.004204336358425169,0.006477324412581584,0.005966120091860949,0.005333893182618835
2019-03-29,0.002601571558703543,0.0031743496812713834,0.00298220835087523,0.006473683003600773
2019-04-01,0.0012646821696583742,-0.0004839815519361386,0.005654004471952949,0.00877461119025939
2019-04-02,0.0038346165002840975,0.003845158541331786,0.0026534721287632323,0.00022303258259248474
2019-04-03,-0.00011873097154052464,-0.0011845971329507814,0.0020690732702508033,0.0040305452264992395
2019-04-04,0.00017064733994140663,0.000406073952402348,0.0011577838839708769,0.002382898910543216
2019-04-05,0.004259935526532031,0.004222206998047456,0.006587548807881979,0.005654013697560948
2019-04-08,-0.001694733619617197,-0.002032019581459842,-0.0017602088098637666,0.00012226608542933065
2019-04-09,-0.0016841390677453693,-0.0017559368389832926,-0.005983539475231729,-0.005129027784225379
2019-04-10,0.006080724125388724,0.00553811974165364,0.008692561221502096,0.007512380032132151
2019-04-11,-0.0018058826422657258,-0.0025291210005141903,-0.001885705191584202,-0.0016773333750129706
2019-04-12,0.0018466017733944344,0.0007478884674026399,0.0031112474083657827,0.003529819382950422
2019-04-15,-0.0017111801432627698,-0.0007957073983772364,-0.002202481742398427,-0.001622301508797575
2019-04-16,-0.007206675856044667,-0.0076836084440832795,-0.005667551647823488,0.0022306651022419278
2019-04-17,-0.001697337357592984,-0.0018065566884181066,-0.004388689112952653,-0.00217920613606582
2019-04-18,0.003459510462190093,0.004299728403716787,0.0023224720350059373,-0.0003998401357848331
2019-04-22,-0.0034106786388723256,-0.004063341184392124,-0.00372035524197153,-0.0010258765867973499
2019-04-23,0.009243576927276342,0.008773916494677035,0.012524324968319792,0.009596052284580934
2019-04-24,0.00308508529314995,0.0035696372012920348,0.0030088808970221608,-0.0017059763301933708
2019-04-25,0.0002953711913711709,0.00020108338017123462,-0.0020400763306362216,-0.0012709593884461519
2019-04-26,0.0040337111353517,0.003911263741785181,0.005885882397901221,0.00420938872455182
2019-04-29,-0.004171809132207227,-0.004315761794621425,-0.0015530310128728142,0.0020792218460394776
2019-04-30,0.0011755879571895172,0.002085620348307394,-0.0003461476876785528,-0.003746576937287286
2019-05-01,-0.0008917640442610903,-0.0011474429910055676,-0.0038943019723216145,-0.005530082967944788
2019-05-02,-0.00220494216379542,-0.0020071742583210837,0.0004750383558376975,0.0005305566006702911
2019-05-03,0.008184616784462174,0.008935938699078542,0.013325557340503632,0.01246574731597454
2019-05-06,-0.0018923891860351133,-0.002345029083250425,-0.0024122296497032067,-0.0033911718848518525
2019-05-07,-0.010254953910508824,-0.011893454401566283,-0.017804354064454384,-0.015541335399072854
2019-05-08,-0.0019731534395754607,-0.0020446277759580537,-0.0025032924234841187,-0.0022596462622335913
2019-05-09,4.095126803448342e-05,-0.0007178106991265949,-0.0020867039370615972,-0.004708791688536454
2019-05-10,0.0034461031501473146,0.004040806962636514,0.004689917937867367,0.0026433483243599636
2019-05-13,-0.009164440672277294,-0.011461040808311873,-0.021195755345601534,-0.02599957506485666
2019-05-14,0.004260612112215557,0.005050133241725033,0.008400240098413612,0.009126424612335834
2019-05-15,0.00750401879892748,0.0071943219019700725,0.007340027851456354,0.0056967328280893344
2019-05-16,0.003464038019692266,0.004038558823338944,0.00638547631380601,0.005324001856940224
2019-05-17,-0.0034963633910646383,-0.003655110489508918,-0.007860981386303593,-0.009128704709619247
2019-05-20,-0.010141650544777678,-0.01019837189993324,-0.011574539138290619,-0.007862920630766778
2019-05-21,0.005444235392045194,0.006264643201313715,0.010044592499099019,0.009374135411475764
2019-05-22,0.0005846400169326558,1.5899848001000283e-05,-0.00287796764786627,-0.0040878959426032145
2019-05-23,-0.001860732660578188,-0.003750111712670806,-0.010580148016143605,-0.013524440294657358
2019-05-24,0.000896574113742844,0.001258946086175868,0.0034426902838677813,0.0023438509253032123
2019-05-28,-0.002711986476091761,-0.003985004977810702,-0.00657277737762564,-0.0034671794134193907
2019-05-29,-0.0065285771788697764,-0.006602663649113539,-0.00923461899310171,-0.005164731507003202
2019-05-30,0.004177544116909319,0.004454489116328553,0.001898254183799035,0.0016079303410182783
2019-05-31,-0.0008206998685525855,-0.0030776364701187815,-0.00797222711557836,-0.010809762627907246
2019-06-03,0.00802163869709017,0.004483171363934987,-0.003392422276996647,-0.004165857976219093
2019-06-04,-0.0048704508536950835,-0.005829342253458137,0.003317080583206032,0.019439601911427445
2019-06-05,0.0011566552936588218,0.004500425610876756,0.006796307502688885,0.002190935154625019
2019-06-06,0.002085149041757497,0.001679397151649012,0.003909191545625964,0.002284896901186798
2019-06-07,0.005845354434024831,0.0053435662769924066,0.00990048373660003,0.00946847827610477
2019-06-10,-0.007618507852628882,-0.0056460398375246836,-0.0007988397763064392,0.006754174505361393
2019-06-11,9.521645759966342e-05,0.0010861872242029726,0.001404905415404664,0.001062135777271047
2019-06-12,0.0028971684932967974,0.0021625022977540074,-0.0002351392333708892,-0.0031558637771818485
2019-06-13,0.004037714767388024,0.003308802294906491,0.0043348334654568985,0.005476395129975477
2019-06-14,0.0009356186790121044,0.0011830456247899708,-0.00028025471250525333,-0.005210936458186138
2019-06-17,0.001349632983120366,0.0037300627940830447,0.005524183703370443,0.00381802628736447
2019-06-18,0.003499481564745739,0.002446939217544219,0.00575724779676016,0.012345089287871123
2019-06-19,0.0036108636598358914,0.003511587176061929,0.003454240790780121,0.0044469776588037056
2019-06-20,0.0093424482219414,0.003342362995653206,0.0052615390511362384,0.007181554551639701
2019-06-21,-0.003941230535472888,-0.009114568110758291,-0.008378400179679382,-0.004322076388143934
2019-06-24,0.007389808476943754,0.0024976900689643922,0.0015626842685322715,-0.0038047311559836604
2019-06-25,0.0004973141073996644,-0.003342867303689363,-0.008503588620083337,-0.009279649695581885
2019-06-26,-0.007891941772905487,-0.009342472341649102,-0.0069274318453698795,0.0015014475756503856
2019-06-27,0.004010490006255224,0.007462896128033658,0.007423581295273282,0.008307801790282753
2019-06-28,0.001090589399095527,0.0012244784277820663,0.0012616390937238656,0.0040014222782921395
2019-07-01,-0.00646025510824204,-0.005613249812074897,0.0012732792813886238,0.006168099283727295
2019-07-02,0.014215293744693663,0.013219699410025966,0.01085777228278097,0.0003696172156305293
2019-07-03,0.0064841862208410836,0.0056042198384726035,0.008139305288572188,0.00649324550552042
2019-07-05,-0.009271755411422607,-0.008380197604437157,-0.00677212901650747,-0.002101956701822033
2019-07-08,-0.0005881708224052985,-0.0011345772278270555,-0.0012684030551427209,-0.006461088343407907
2019-07-09,0.0017284715257984932,0.0013833411731841165,0.0027400475418883543,0.0008556796985966587
2019-07-10,0.005039811506565524,0.006594868217456716,0.004644571610228982,0.0047596892656133725
2019-07-11,-0.011028867961949646,-0.009539193437439602,-0.008967775376615975,-0.002149983463947683
2019-07-12,0.0019180959516418405,0.001882669187202328,0.002299977058400143,0.004624206789731109
2019-07-15,0.0016636931141515601,0.0008531735207610238,0.0024541135252731648,-0.0002963029182408136
2019-07-16,-0.004347641768508398,-0.004173976032367714,-0.003989160072345033,-0.0028565120498509626
2019-07-17,0.007698107971611767,0.006595246247403013,0.002400519342678299,-0.0041475076009142966
2019-07-18,0.0044925451436922895,0.004946286368925145,0.0017774495295678936,0.002151153175643396
2019-07-19,-0.010170233664942735,-0.010006983018488177,-0.009269307935975614,-0.004837590492422767
2019-07-22,0.0005573804300953739,0.0007918848509092719,0.0026674992564394333,0.003019065986834925
2019-07-23,0.00012360479902190816,0.0013277412848072274,0.0031613503093641366,0.005507759931767966
2019-07-24,0.0033484270328272333,0.0030433155636093493,0.004154719558803139,0.007382711563345593
2019-07-25,-0.005640633357860778,-0.005326867619808204,-0.006749338814366986,-0.008691283393572495
2019-07-26,0.0027060312920947414,0.0025071802014722277,0.005327786992623953,0.007477876547310191
2019-07-29,0.0028402895611532716,0.0026506937691465576,0.0005431730668691715,-0.0029377405039134026
2019-07-30,0.004107230502552246,0.0035560751561715363,0.0021754946243325844,-0.0001592227846246136
2019-07-31,-0.0026097630652892256,-0.004040672767609699,-0.004224344831225067,-0.00820619085296628
2019-08-01,0.012667618624758709,0.01266819927475913,0.005600887984215735,-0.008095605112638352
2019-08-02,0.001607491201754979,0.0016081830653855262,1.3402868914954487e-05,-0.00937914064618465
2019-08-05,-6.381157698524158e-05,-6.220543838210299e-05,-0.010461745568661002,-0.026890745344150212
2019-08-06,0.00955978093921897,0.009559423431973654,0.0100816044734896,0.010364891837360835
2019-08-07,0.008118531674169602,0.008118287157781064,0.004642069226066571,0.0020731640295134687
2019-08-08,0.009598581157093894,0.009597731646666047,0.01244991517025591,0.015588152929980182
2019-08-09,-0.002896422188167028,-0.002896132641023366,-0.003933336935260882,-0.008200860310035698
2019-08-12,0.007224407438577985,0.007225181339443053,0.0026529579890459997,-0.009717176186160633
2019-08-13,-0.00019417531336397598,-0.0001951815940292139,0.005622173243441674,0.012553812943006667
2019-08-14,0.0012603839131525715,0.0012618305540625628,-0.006102120865749456,-0.023431011517677583
2019-08-15,0.008205312098541782,0.008205577461998612,0.006615093300345819,4.110249851509521e-05
2019-08-16,0.0003727053825991688,0.00037206648338413713,0.005240108299395212,0.013937449774898573
2019-08-19,-0.0040376480674573076,-0.00403849461664048,0.002176874586365303,0.009154224015590153
2019-08-20,0.0025438756444772425,0.0025444680392045158,-0.0009021723886673986,-0.003928948093658665
2019-08-21,-0.0008108685984346281,-0.0008111900947681193,0.0016500371185880602,0.0074659604369274185
2019-08-22,-0.0017015251083230684,-0.0017015374476043355,-0.0018071467056921665,-0.002566033016594479
2019-08-23,0.0034357978832453193,0.003437360966544977,-0.008097852290131909,-0.021789580150225307
2019-08-26,0.002654644007851267,0.002653980828182418,0.005537158084272291,0.009937440511118414
2019-08-27,0.006429521534835299,0.00642984361384546,0.0035673183928193776,-0.005038176770167191
2019-08-28,0.000886543134607139,0.0008863863334108895,0.00248227533647791,0.005523856487774862
2019-08-29,0.0005723954452717351,0.0005716259222067656,0.005587092067816558,0.011497414315930031
2019-08-30,-0.0007003355927252057,-0.000700237284981595,-0.000382758447100905,-0.0006057006389961923
2019-09-03,0.005276693934046437,0.005276793717109195,0.00037396420737763943,-0.004265995462340778
2019-09-04,0.0037198992278136282,0.0037199443178734066,0.007478422786460594,0.009728877229091238
2019-09-05,-0.015550808108739283,-0.015550830442324505,-0.0028406393558862734,0.00769226235627616
2019-09-06,0.0008840930392068128,0.0008840835282597324,0.0028734286047406546,-0.00038319119599733507
2019-09-09,-0.009133026681701356,-0.009133014132611963,-0.008134379027665898,0.0007050832454123124
2019-09-10,-0.011382569617065692,-0.011382594614149295,-0.010059641383091664,-0.0013893730456926228
2019-09-11,0.0011567573781552645,0.001156767475605735,0.002530369973461092,0.00929490770876779
2019-09-12,-0.0012214445518437373,-0.001221391947446392,0.0007423226340509928,0.002580522689100413
2019-09-13,-0.012654722225511155,-0.012654744526754316,-0.0115834203723776,-0.005206807673364809
2019-09-16,0.008716420664846822,0.008716457136720633,0.0056073292192071016,0.003123618065565721
2019-09-17,0.004069347640310356,0.004069418079810725,0.006567760676436996,0.004396019577319105
2019-09-18,-0.00021464778658969347,-0.00021469406372765754,0.00036787506747444333,-0.0027151481032254197
2019-09-19,0.003329577883183811,0.0033295871380818755,0.0027499919488148577,0.0004147179860193139
2019-09-20,0.009575851345223292,0.009575807170912828,0.001478459287160246,-0.0028844662664873903
2019-09-23,0.0015637270912953578,0.0015637462483960316,0.00047970692792366097,0.00030025466556277516
2019-09-24,0.005924747331305079,0.005924715023320948,-0.0007187854106600813,-0.008378756196453403
2019-09-25,-0.011451842948014788,-0.011451792842354813,-0.0010025140642579242,0.006074102359286958
2019-09-26,0.003324358379395322,0.0033244147166394743,0.003558649706468996,-0.0013594598389812997
2019-09-27,-0.0012917452810730934,-0.0012917870563460884,-0.004628107402461628,-0.007694491520917759
2019-09-30,-0.002758378959432442,-0.0027583972081190217,0.004437012045143032,0.00400495906278295
2019-10-01,-0.004260069171297906,-0.00017125479135438631,-0.004260016156749128,-0.01126970053328631
2019-10-02,-0.00573131812712672,0.002929102613323443,-0.005731276186764033,-0.009168577058165293
2019-10-03,0.009324924876892331,0.007391551087995795,0.00932489960582281,0.008027439576522298
2019-10-04,0.008856541368037672,0.004438859088847848,0.008856514612111835,0.009822674733237195
2019-10-07,-0.0045410486368423035,-0.006193514615417866,-0.004541045948461671,-0.0026771235719137325
2019-10-08,-0.0053490541782398975,0.0017680120488248645,-0.005349019594493744,-0.011059091411941132
2019-10-09,0.001855363184035474,-0.0007983311609336317,0.001855334493990935,0.0047257719895337745
2019-10-10,-0.0022485594000497314,-0.0071907801624788185,-0.0022485967304526414,0.003214397001143999
2019-10-11,-0.0001595723402553309,-0.005685200086367712,-0.00015963848840226002,0.008529847220918402
2019-10-14,0.0026082590595422864,0.0038394356251384367,0.002608279956790504,-0.0006342238089202644
2019-10-15,0.00030760288902328893,-0.005598594874435831,0.00030755390329643896,0.007190563277436942
2019-10-16,-0.00023646618284903817,0.0022267108379333393,-0.00023647346427019554,-0.00026383717186416635
2019-10-17,0.002169159861197343,0.0018038357355031707,0.0021691411707563846,0.0062097270583536595
2019-10-18,-0.00045447945873610985,0.002108513639603151,-0.0004544514262133762,-0.0020229046187646505
2019-10-21,0.0024606980546047538,-0.0016309383624373704,0.002460659503749806,0.007413788102335935
2019-10-22,-0.0013432484265260359,0.0019256133884680573,-0.0013432323639060734,-0.002615678829519943
2019-10-23,0.0015984457531069724,0.0017259641720509052,0.0015984295291685475,0.0018514011553750391
2019-10-24,0.0017800937494842517,0.000996374462118081,0.00178008039671791,0.001654033115435589
2019-10-25,-0.0018018644856006572,-0.0034982484825041293,-0.0018018932544591967,0.0011307674200050446
2019-10-28,-0.0018847303946282052,-0.007424298023978372,-0.001884757288662955,0.003255812815749096
2019-10-29,-0.00055895737181972,0.0009323804429652766,-0.0005589630111618746,0.0005185496386013297
2019-10-30,0.007283415459857165,0.007476712743613773,0.007283403109951772,0.0026752380473536556
2019-10-31,0.004250798215563276,0.007113319525971958,0.004250814557445122,-0.0012437102066188929
2019-11-01,0.0018289901805734596,0.00019502823786139242,0.0018358842442838359,0.008022770571333918
2019-11-04,-0.004480753978459363,-0.006292953860509343,-0.004663741560047463,0.0009007394382874445
2019-11-05,-0.009922118403268483,-0.013268066691663093,-0.008879409545914421,-0.005244117777983394
2019-11-06,0.002222211377249985,0.003529795946459532,0.0023559430351729207,-0.0014523198671957478
2019-11-07,-0.00897401018753835,-0.012749119186881932,-0.008202175597323565,-0.0020192072472973127
2019-11-08,-0.0014240231627897875,-0.0034951876007102965,-0.0009226330529426432,0.0010349345259954045
2019-11-11,0.00021616047628269435,4.125878894380391e-06,0.0004881567173820484,-0.0003348046752414331
2019-11-12,0.00024601525909341023,0.00020870112835714012,7.148216879627483e-05,-0.0010404766080539102
2019-11-13,0.005169668787069899,0.0059204448274339785,0.005007783335507755,0.00172364601350603
2019-11-14,0.005610754451814239,0.0066102034297014795,0.005713484880474746,0.002421460609458261
2019-11-15,0.0032532883753969397,0.00127860245739899,0.0035216461755268233,0.00562339350612211
2019-11-18,0.002534894763684843,0.0029704699947497495,0.002348619285676693,0.0010903661684269982
2019-11-19,0.003509175495234476,0.0033147256397814792,0.0036555118643897683,0.0024613973609281777
2019-11-20,0.0011942204696337696,0.0024949377540443908,0.001285201403101134,-0.002828586632502901
2019-11-21,-0.0073098752557832995,-0.007960067450605762,-0.006997596157484677,-0.006757981920987311
2019-11-22,-0.0007186422632539984,-0.0012243461988264259,-0.00025492209133688845,0.00021435102238927026
2019-11-25,0.0049028556578603645,0.0015761858653815886,0.005727187802636567,0.011399059720509133
2019-11-26,0.006792850779883321,0.007373849314973611,0.0065693633890772625,0.00504881855709903
2019-11-27,0.0021135881223123165,-0.00034416813743434456,0.0026357549605821734,0.005596260435141784
2019-11-29,-0.002767560116012897,-0.000614319311801352,-0.0035907042610223284,-0.005139742485424108
2019-12-02,-0.011667287769077118,-0.007657998464494204,-0.012050586258336566,-0.008997031107777326
2019-12-03,0.006829515417908621,0.0075856907181897125,0.006642762306782364,-0.0020972682367052507
2019-12-04,-0.0003771268008100551,-0.0020188024754247158,-0.00037331082959510443,0.006203371383296706
2019-12-05,-0.000646904954342086,-0.0008031411247167948,-0.0008139694487895652,0.0008665027370594027
2019-12-06,0.001171448778238885,-0.0014840006742114621,0.0021094529087661022,0.007018697457688304
2019-12-09,-0.00015809751304240408,-0.0008133369201215744,-0.0001446938606492397,-0.0026981268234970036
2019-12-10,-0.0016857951786982564,0.00062213380842036,-0.001969263103841252,-0.001395253019718449
2019-12-11,0.0015875018251802452,0.006404593598936939,0.001290632276681648,0.0019342448699159191
2019-12-12,-0.007113320817274965,-0.0042166976177256425,-0.0072209831822398155,0.002325100161576995
2019-12-13,0.00497248488542385,0.006452494740878775,0.005175278543265747,0.0028145719210087516
2019-12-16,0.0024657420561379215,6.721874179190437e-05,0.002247057597745396,0.009141571694910363
2019-12-17,-0.0030983483195083576,-0.00038442763677506005,-0.0031548348882323037,-0.0029189808988369106
2019-12-18,0.001429279570793531,-0.0022831287761150084,0.0013517729291066284,0.0042893187073346365
2019-12-19,0.005273081814652802,0.0032310697331133526,0.005112887868556303,0.00459586900314507
2019-12-20,0.003352555912718482,0.0018750641663438923,0.003220792098945814,0.0033240973252151892
2019-12-23,-0.0008455689814291321,0.0013248509353435184,-0.0011067593353084274,-0.00011227569272419802
2019-12-24,0.0027467520042597894,0.003944702042633142,0.001905339392904538,0.0003731884315549473
2019-12-26,0.005470060509691455,0.0059077976680973485,0.004864238301931439,0.0060854144514205484
2019-12-27,0.0009886240940451519,0.00011068201841022244,0.001164277243266628,0.0016998693761794373
2019-12-30,-0.002554396110729501,-0.002246858025125788,-0.0025858488213453402,-0.004548239905415514
2019-12-31,-3.430212601885455e-05,-0.0022173247429647706,-0.0006360769761859643,0.004237261106822621
2020-01-02,0.010812471337752094,0.002633153547315095,0.003900422121918896,0.014589175746648511
2020-01-03,0.006195766262670234,-0.0027440070312397926,0.003440500143997108,-0.008239966943920844
2020-01-06,0.003042106875444153,0.0032227735715965513,0.005103273595693996,0.0040516019081481
2020-01-07,-0.0005932805053562811,-0.00451340858156965,-0.0024634302901684244,-2.661022447737742e-05
2020-01-08,-0.002119564305135394,0.004166364199035205,0.0007832538520634891,0.003111201962241627
2020-01-09,0.0023772210565937402,0.002799199740271072,0.0011604350695894289,0.0038989566910954364
2020-01-10,0.003988443967405944,0.00024037667506160752,0.003614264378111802,0.0012437345285606597
2020-01-13,8.421305546767397e-05,0.009261914528758795,0.004602949037807347,0.007732526766886137
2020-01-14,0.00021914406550830912,-0.001143639825794341,-0.00244842370918593,-0.0028366815210302348
2020-01-15,0.004080200309248652,0.004398295588810804,0.00479926090223957,-0.0010778195055570281
2020-01-16,0.0015987035331214558,0.009434541574099922,0.004940572412265491,0.005316842065606933
2020-01-17,-0.0005416788525242184,0.0012303944509152026,0.0023081080699296017,0.004153237349391338
2020-01-21,0.0038254876937443573,-0.0003677813677681753,0.0035243050498471227,-0.009133221327702125
2020-01-22,0.0020029528960464524,-0.0012475351528266618,-0.00105900320845627,0.0037314048759242596
2020-01-23,0.0038709751740960393,0.0031530113496030226,0.004297203783979798,-0.002192487559066037
2020-01-24,0.0018250504679675047,-0.007459090861274347,-0.0016351093413769853,-0.004654821314202083
2020-01-27,0.0007094861201720966,-0.012528402561769663,-0.005402639559706527,-0.019436545787061266
2020-01-28,-0.00047317472826214165,0.008846964844347625,0.0030763480263890064,0.007279397164904757
2020-01-29,0.005369274842629337,-0.0021950403277532895,0.0013345084219288938,0.0030318561016325642
2020-01-30,0.0011914341925782753,0.0012225265514605379,0.0013709243931292452,-0.0035655898956846706
2020-01-31,-2.0731623914481696e-05,-0.015837894036943106,-0.006419315117171645,-0.013135278664729452
2020-02-03,0.0022622773944635257,0.0026710943169311486,0.0026710846096851125,0.004630276535895323
2020-02-04,-0.0013210609074637677,-4.685429706012834e-05,-4.6889423470345796e-05,0.00461347731483845
2020-02-05,-0.0019838347487210494,-0.0018594314427760347,-0.0018594528669087526,-0.0019792792725614626
2020-02-06,0.005512073654500652,0.005894010951597451,0.005894026013125703,0.005488119115719716
2020-02-07,0.003630975122397219,0.003225995445501647,0.003226017242439982,0.0026549990866689657
2020-02-10,0.00546511854966408,0.006347504801812578,0.006347516405123875,0.008072456784763486
2020-02-11,-0.00263800734953896,-0.0017376031678016338,-0.0017376108193789366,0.0004615404904903952
2020-02-12,0.001112836334757967,0.0017543640057703723,0.0017543564953765702,0.0031082349872942018
2020-02-13,0.00240592194777365,0.0030770653078598434,0.0030770897598712352,0.003143098910486995
2020-02-14,0.0036707327251629092,0.004460919899325753,0.0044609400312240165,0.005695452619164435
2020-02-18,0.0062061902103912,0.00590482605554535,0.005904851113182468,0.003120128483097836
2020-02-19,0.004467244328646913,0.0032570240160228934,0.0032570118914295025,-0.00060402495423078
2020-02-20,0.0011261361247336989,0.0019828850313593402,0.0019829109991168483,0.0035510489503099117
2020-02-21,0.0017446616029729413,0.0018389936141627603,0.0018390309497573224,-0.0005818149467823082
2020-02-24,-0.004379810484000987,-0.005760886241818896,-0.005760832279624154,-0.010289595607103777
2020-02-25,-0.011823877041714101,-0.014630918643881826,-0.014630943729840317,-0.016473060422827573
2020-02-26,0.0008969416408361882,0.00019046128547909696,0.00019045972008111596,-0.0028395715924290368
2020-02-27,-0.012241886021354967,-0.01703075252924582,-0.017030757377132496,-0.027712942897007035
2020-02-28,-0.002815003189109443,-0.0063531325442070675,-0.006353200145955014,-0.0038818455066392476
2020-03-02,0.014832327705886538,0.01483227632924986,-0.0009156899956911553,0.0148323577954604
2020-03-03,0.005606715334949338,0.0056067465142922695,0.018666760069660872,0.005606689069289793
2020-03-04,0.010000148331607766,0.010000108141062615,-0.0024508257980355567,0.010000175896468764
2020-03-05,0.004795656466654582,0.004795681289082642,0.014724075395926114,0.004795627165941155
2020-03-06,0.011363275955707559,0.011363300665208728,0.01883502264768576,0.011363247877049999
2020-03-09,-0.014641290651025799,-0.01464123123478443,0.002239075837934072,-0.014641345448082635
2020-03-10,-0.007624376553868115,-0.007624435812892386,-0.03029863941522755,-0.00762430382189031
2020-03-11,-0.028461403657163487,-0.028461384971339206,-0.022967907968659586,-0.028461423174781897
2020-03-12,-0.042386740951155986,-0.042386650553751584,-0.02437236682913051,-0.04238678099408316
2020-03-13,0.013808543198316871,0.013808484812316491,-0.003589500162786367,0.013808579202520823
2020-03-16,-0.02136270223780489,-0.02136257799051865,0.014370765711185212,-0.02136282520011415
2020-03-17,0.0027169455274602414,0.0027168357021007967,-0.030737253650866957,0.002717039162452029
2020-03-18,-0.03702820301843274,-0.0370282056203838,-0.039297471226495934,-0.037028230443186934
2020-03-19,-0.0006440349146726692,-0.0006440281207259435,-0.011998024012748083,-0.0006439639586980545
2020-03-20,0.01691330216080751,0.016913358757923155,0.03443130169254839,0.016913258023693506
2020-03-23,0.03322510908307645,0.03322509099725409,0.04897548211295764,0.03322498092289402
2020-03-24,0.034256101944139604,0.03425600827031537,0.014444893409818206,0.034256150544811084
2020-03-25,-0.0022226205788233333,-0.002222586260665191,0.009631635742961896,-0.0022226275616742826
2020-03-26,0.021202947764894942,0.021202904955875006,0.0058101137857338465,0.021203003521485794
2020-03-27,-0.004451975172852147,-0.00445192850135284,0.006199400585411642,-0.0044519941673033915
2020-03-30,0.01098057205425713,0.010980538857947766,0.0027340654409244852,0.010980578078016468
2020-03-31,-0.014881890989469786,-0.014881866044243732,-0.012800215463586798,-0.014881887293738497
