estimation_window_months,Formation Date,QQQ,IWM,EFA,EEM,IEF,TLT,LQD,HYG,GLD,DBC,VNQ
9,2010-04-12,0.2999929683201874,0.2999979127048453,5.682705712080734e-07,0.10000678692786796,1.7280487421533109e-07,1.5839006669280326e-07,2.3813806515885177e-07,5.103745067029606e-07,6.100630107597695e-07,2.746545302744573e-07,0.2999997993514743
9,2010-05-03,0.10000499554851543,0.2999947452188555,4.1950427481021503e-07,1.3919042221097958e-06,4.322938714909882e-07,4.0234619478463204e-07,5.765404845532714e-07,9.763044514056551e-07,0.29999588682644923,3.7435632104738617e-07,0.29999979915635966
9,2010-06-01,0.22669089597415235,0.17330883569608363,3.804073721920468e-09,1.37786710423887e-08,4.928697458677123e-08,5.174800260098228e-08,2.1197892285950343e-08,1.3777569910257817e-07,0.2999999936566854,6.290450154868146e-09,0.2999999907913151
9,2010-07-01,4.7936638897384515e-08,1.0158757723394874e-07,4.728108979388515e-08,6.818269529519364e-08,0.10000192790133887,0.2999963255905283,9.301136027808164e-07,6.275036058748053e-07,0.2999999375018865,7.002901126307467e-08,0.2999999163720252
9,2010-08-02,0.02457995694407315,0.2999996031138329,9.898767954317974e-08,2.7917535238455974e-06,9.081648563254942e-07,0.07537992132534443,8.582055021952555e-07,3.656258478032724e-05,0.29999928756586264,7.881558856583203e-08,0.2999999325389562
9,2010-09-01,1.8054761904055258e-07,8.840927716872301e-07,8.493294036457041e-08,2.1875399081569076e-07,0.10000324100632658,0.29999986447032007,0.2999939891367007,8.490097648265585e-07,6.905309537817999e-07,6.676718618008511e-08,0.29999993075142606
9,2010-10-01,5.48457625557134e-07,9.88273386552297e-07,1.9125527381997867e-07,8.881982484044302e-07,0.09999690616703374,0.2999994721051251,1.1064307585988073e-06,4.2847149312593314e-07,0.29999964672361246,1.1521655533519727e-07,0.2999997087008873
9,2010-11-01,0.2999991197316711,2.0952726645937672e-08,8.283982586681925e-09,0.10000094316774687,7.088242730501819e-09,8.153618577452917e-09,6.375312943354283e-09,7.766536652930689e-09,0.2999998777252403,7.614818593942374e-09,0.29999999314010306
9,2010-12-01,0.15363827103526684,0.24635615147926446,2.6131527101715444e-07,4.013479232487286e-06,5.117753567866886e-07,6.919989258606849e-07,3.6078342712341876e-07,3.767035284931307e-07,0.29999957695578394,2.787828755877929e-07,0.29999950569106754
9,2011-01-03,5.095571074906579e-07,0.25220233146944815,4.449754172093431e-08,1.4188591218334846e-07,9.746944018994124e-08,2.8455462933842847e-07,6.617515633413477e-08,1.0656100900554038e-07,0.2999999629786002,0.14779716152548664,0.29999929332566877
9,2011-02-01,0.299999722722544,1.3014730313679378e-07,1.2653006073280427e-06,2.0498887649958044e-07,5.6696842886115045e-08,4.141878363050985e-08,4.631016989364504e-08,8.735678787496006e-08,0.1116678811211658,0.2999998794032741,0.2883306845336449
9,2011-03-01,0.29999994043414857,0.07824887597443311,0.29999995276423336,1.5015530124893485e-07,1.4780384616525916e-08,1.2767098917416671e-08,2.245045700860042e-08,1.0081231358169994e-07,1.1051393815429143e-07,0.2999999791617118,0.021750840185979718
9,2011-04-01,0.2999997859908516,0.29999972087204757,3.0857534406833437e-06,0.09999620636453556,3.888346606278907e-08,3.269274023530213e-08,4.604012613014048e-08,1.1120917730297081e-07,1.0574473523901585e-07,0.29999986118002414,1.0052688556016743e-06
9,2011-05-02,0.09999997719810266,0.29999897720941027,7.782797042245479e-07,5.332201732048937e-07,7.351572226852782e-08,6.418785489059985e-08,8.829629973565109e-08,1.5242383679110284e-07,0.29999845606302494,0.2999996239442226,1.2756616485871505e-06
9,2011-06-01,0.299999589563204,0.29999981399084347,9.297460195694069e-07,4.0567709779413227e-07,7.197674642184389e-08,5.273054526632017e-08,8.208223300487944e-08,1.8809704732894258e-07,1.2816709890100234e-06,0.29999967015229206,0.09999791431298209
9,2011-07-01,0.11054376077462798,0.29999993421456866,3.682577130823079e-08,1.8016612961532026e-08,1.3063793386688631e-08,8.13976493163876e-09,1.4746586792369436e-08,3.2794369977539414e-08,4.15833559406034e-07,0.299999873720503,0.28945589186984155
9,2011-08-01,2.538471733866953e-07,0.20145189233859576,4.6272762277654333e-08,3.63053365406841e-08,2.9898099760630216e-08,2.816586920566035e-08,3.502713222712775e-08,4.90316737752589e-08,0.2999998297857909,0.29999988780617964,0.1985479115213866
9,2011-09-01,1.1200805641113619e-08,1.6323479700638222e-08,1.6305179707361383e-08,1.4664358134316059e-08,1.1159513755646188e-08,0.29999892031339304,1.5414220291323376e-08,1.599950159301874e-08,0.2999999864968507,0.29999997716846033,0.10000101495423712
9,2011-10-03,1.1958566945551797e-07,1.6573887818804814e-08,1.739295138704334e-08,9.904334196855764e-09,0.29999986922185967,0.2999999905856305,0.09999984844358781,7.551756782740829e-08,0.2999999260551477,5.211285266718196e-08,7.46065108889541e-08
9,2011-11-01,6.575207515089642e-08,1.331079132130099e-08,1.0937607058464822e-08,1.1123817749946852e-08,0.2999998387852735,0.29999998212626555,0.09999971837025128,1.703545055910684e-08,0.2999999773846378,1.3013957070379143e-08,3.521598731084583e-07
9,2011-12-01,4.0480815698527565e-08,2.5795186655265492e-08,1.6568587949443094e-08,2.163741514577116e-08,0.2999999453001344,0.2999999878503688,0.09999987675717316,3.925359863648773e-08,0.2999999818078217,2.5800094519645736e-08,3.8748803128654344e-08
9,2012-01-03,3.6114223065199515e-07,1.7914043612446667e-07,1.3431301589095141e-07,1.0270778972212769e-07,0.29999917283119343,0.299999878573135,0.09999940572627736,6.000683741827929e-07,0.29999906538033366,1.4305150961789235e-07,9.570657043695338e-07
9,2012-02-01,1.3153054086603285e-08,7.77902243976966e-09,4.984851633615488e-09,5.413976159611045e-09,0.2999999541025089,0.2999999943590057,0.10000000095844994,8.795909719058153e-09,0.2999999635481982,5.086737550791677e-09,4.181828577398307e-08
9,2012-03-01,0.29999648247248556,8.340582512551469e-07,3.933685429530178e-07,5.228845598126214e-07,0.10000138407037264,0.2999997303876199,1.205626566749074e-06,2.154828578949858e-06,0.29999536361100587,5.560248825863707e-07,1.3726671337852918e-06
9,2012-04-02,0.29999997846942206,9.711549897432456e-09,5.525430576313122e-09,5.349193557794804e-09,3.8735671968548106e-07,0.2999999906142261,2.121642830496481e-08,9.996873827303657e-09,0.29999994788066675,7.621045592727123e-09,0.09999963625844363
9,2012-05-01,0.2999999641656217,2.0468655584980112e-07,1.7831580353286294e-08,1.61832474742097e-08,0.09999978450091425,0.29999998142458906,1.853900543068122e-08,2.301474775268655e-08,3.057816514512917e-08,1.6244514429996022e-08,0.29999994283105863
9,2012-06-01,0.2999989558134609,0.09999624570158815,3.715156170209399e-07,3.6189124992804344e-07,1.7663464978654702e-06,0.2999995731841119,1.4934788608585765e-06,1.8001828345897926e-06,2.5452378362009216e-07,2.2739965693025995e-07,0.2999989499623383
9,2012-07-02,0.29999994080094794,0.2999999503672522,1.2550655269276535e-08,2.6484331609463403e-08,2.498957610288875e-08,6.41914456003973e-07,3.781773133233555e-08,0.09999935930693436,8.052197632458903e-09,7.986912980565442e-09,0.2999999897290043
9,2012-08-01,0.29999991280978416,0.09999938031328695,3.100987997712148e-08,2.9378167573191563e-08,1.5490525017171187e-07,0.29999995371372046,1.7710244281383848e-07,3.427494552848264e-07,1.583742463120496e-08,2.5324780141518254e-08,0.29999997685580776
9,2012-09-04,0.2999996303043903,0.2999979151725767,6.764895766368557e-07,3.5951155165016956e-07,8.375050571629242e-07,0.0763501536118533,0.023637145891332666,1.2796525521434999e-05,2.447481242556073e-07,4.974833420029015e-07,0.2999997427566741
9,2012-10-01,0.2999996036398615,0.20003194737373656,1.0791197637154769e-06,1.2336399505207957e-06,6.351881640828948e-07,9.156793249565625e-07,1.3371449580880352e-06,1.037063493570497e-06,0.19997440733456137,7.848370859769226e-07,0.29998701897909974
9,2012-11-01,0.2999960016696239,8.889316028855645e-07,4.451048728826687e-06,3.895321925051933e-07,7.132571065099981e-07,1.0266160248988378e-06,0.29999643373823015,0.10000678200489801,3.0673711145230597e-07,3.432340607622128e-07,0.29999266323042006
9,2012-12-03,7.066427246693801e-08,1.3302293887549148e-07,1.0291466186314457e-07,7.909882980097298e-09,1.8325913803788176e-07,0.29999990107113544,0.29999955488495994,0.1000001544430649,3.381852080818346e-08,7.897354402646639e-09,0.2999998501140702
9,2013-01-02,1.787134029846198e-08,8.116262070512516e-08,0.2999992387666592,2.680690705622648e-07,8.821757108661241e-08,0.29999985463967205,0.10000029021819802,0.2999991707556013,3.487250404413411e-08,1.1940348433882516e-08,9.434864142397588e-07
9,2013-02-01,7.821059772860291e-07,0.29999905006067135,0.29999933949365937,2.2236079502957723e-05,9.415921160801298e-07,1.1987666461617693e-06,1.6510788622745227e-06,0.12049322304524207,6.380877569097612e-07,6.708662867336081e-07,0.27948026882327903
9,2013-03-01,2.649619002375998e-07,0.29999960522302427,0.29999986109395893,0.29999229659133764,1.433439713287355e-07,1.0433240949118235e-07,3.377017002606034e-07,7.521007278932178e-06,1.2531750203095175e-07,2.551713449180199e-07,0.09999948525557191
9,2013-04-01,2.853397355115929e-07,0.29999998219563,0.299999976960907,0.055608210497767284,3.13271799812667e-08,1.88254943943518e-08,8.01089491090942e-08,0.04439144119889723,2.0014753272875318e-08,8.547489012896856e-08,0.299999868055796
9,2013-05-01,2.2300715044631613e-07,0.29999999070759037,0.29999999362909263,0.06609980581364387,1.5044404854042428e-08,1.0124481063744943e-08,2.3490749693558976e-08,0.0338999501036183,4.300190189662721e-09,6.309862406285614e-09,0.2999999774692162
9,2013-06-03,0.09999937249086231,0.2999999530548396,0.2999998901155708,2.732366564342603e-07,1.176666652770963e-07,5.9153279682139475e-08,1.6958209843053232e-07,5.948457239872626e-07,2.4409550164814503e-08,3.810799340402364e-08,0.2999995073367598
9,2013-07-01,0.09999780903182658,0.2999999675728434,0.29999988852786846,3.599726632641837e-08,8.487632888400352e-08,4.598730131687679e-08,7.397458482806256e-08,2.22840294228492e-06,9.22290217775608e-09,2.2872865708916852e-08,0.2999998335332699
9,2013-08-01,0.2999999735777971,0.2999999965414981,0.2999999647995493,5.990046594540518e-09,8.992551077111698e-09,5.3812493282661905e-09,7.955780204991093e-09,5.339706218428272e-08,2.2671822855862644e-09,5.8639926960144905e-09,0.09999997523329107
9,2013-09-03,0.29999979236865043,0.29999992411752685,0.2999990668284635,1.372753634110765e-07,2.706474651205477e-07,1.2984919706808836e-07,3.3987676619531957e-07,0.09999891271355929,7.201737953726875e-08,2.6236232490211935e-07,1.0919433038118473e-06
9,2013-10-01,0.29999999196891636,0.29999999630634727,0.2999999918509889,7.225748071072419e-09,2.055585837391423e-08,8.146343997277394e-09,1.908730656880829e-08,0.09999993911607614,3.0516154989097438e-09,9.14544756630202e-09,1.3545351183485396e-08
9,2013-11-01,0.29999998506277725,0.2999999789197822,0.29999996119642913,2.3194157676316196e-08,3.494124837474057e-08,2.4366181832077283e-08,3.821899366307486e-08,0.09999977552978834,8.126123299390288e-09,1.4558568524399727e-08,1.558859497562325e-07
9,2013-12-02,0.29999998635710967,0.29999997806324824,0.29999997179027865,3.938328412622403e-08,5.297124258353215e-08,2.5319370398837625e-08,6.941725672888153e-08,0.09999980345880202,9.812028473930819e-09,3.137780443030812e-08,3.2049574633624415e-08
9,2014-01-02,0.2999999881996958,0.29999997881058516,0.29999997917157123,1.5106190516826696e-08,3.0865215956171096e-08,1.8631907760527042e-08,6.244133678879894e-08,0.09999986980697059,8.010367232169807e-09,2.711941346230035e-08,2.183674531159431e-08
9,2014-02-03,0.29999999039333414,0.29999998944498424,0.2999997747181076,1.8644005509737836e-08,3.8318148247957083e-08,1.7581569838682876e-08,6.58412676756502e-08,0.1000000310295723,1.1831140067277372e-08,3.7519245638856914e-08,2.4678624727422592e-08
9,2014-03-03,0.29999999360051194,0.2999999849251135,0.2999999823659784,5.262967627535185e-09,1.1459587811282951e-08,1.005475674054967e-08,2.0310746810794973e-08,0.09999996236454302,7.899919558547866e-09,1.3739505009189558e-08,8.016369534231297e-09
9,2014-04-01,0.29999994078349024,0.29999989393276727,0.29999989028159724,2.1482435733663526e-07,8.999026882324235e-08,1.084696484731236e-07,1.855730658911936e-07,0.09999922431995116,1.5823819357160028e-07,1.4489644548128722e-07,1.486902146679039e-07
9,2014-05-01,0.2999999949223143,0.10600868291132502,0.29999999246444525,2.596618039401339e-08,9.036635419594972e-09,0.07792813918587223,1.292620398596625e-07,4.707455305105679e-08,4.637209304306691e-09,8.065909480178585e-09,0.21606296647351583
9,2014-06-02,0.2999999900159197,0.032081620496319616,0.29999998020023066,0.009507471637137874,1.548259733617675e-08,0.05841084999175146,4.316096289524466e-08,3.407024782126135e-08,3.74467726273214e-09,5.861902997965912e-09,0.2999999853382524
9,2014-07-01,0.2999999791535324,0.26008456007053116,2.7181308265442735e-07,5.726613272123558e-08,2.630417424547811e-08,0.13991488034866598,1.0149613918297604e-07,1.1219529804541558e-07,2.0347021518069243e-08,2.524295017228329e-08,0.29999996576247207
9,2014-08-01,0.2999999773515176,1.1510805414435223e-07,2.5903265422796505e-07,0.09999853439826349,6.170382431673727e-08,0.29999991626978956,1.0236809395110152e-06,9.38239894850832e-08,2.685327536914537e-08,3.153163959144115e-08,0.29999996024605263
9,2014-09-02,0.2999999704816878,3.992332823591011e-08,3.958647363410043e-08,0.09999983475419998,4.155165810470422e-08,0.2999999706241741,2.5531839739301594e-08,4.442841461500527e-08,3.295847175507006e-08,1.856946210163726e-08,0.2999999815902899
9,2014-10-01,0.2999999562303252,3.469052469755297e-08,4.8943156534969704e-08,9.70139152570708e-08,3.9160959576008955e-06,0.29999997058402145,0.0999957439338168,1.8000934231391311e-07,8.520492966000944e-08,1.637700492234332e-08,0.2999999509170055
9,2014-11-03,0.2999998542939882,1.8524880742645643e-07,1.1689014767772839e-07,0.10000094898458116,1.3500791678046876e-07,0.29999848920369954,1.6172025114361172e-07,1.157132206637101e-07,4.5298153259182466e-08,3.382915113117719e-08,0.299999913810083
9,2014-12-01,0.29999951595552615,9.058276889118035e-07,5.410756113988955e-07,0.09999542447964424,1.7264333448128566e-06,0.2999994177940862,1.9123997227583115e-06,7.605794313646295e-07,2.411599399765055e-07,1.4632957952140351e-07,0.2999994079654247
9,2015-01-02,0.29999935290580115,2.3843764352091957e-06,4.3639623192279957e-07,7.179609284100874e-07,0.09999432421867852,0.2999994769972299,2.469301096266476e-06,9.246807999623833e-07,4.059826371597288e-07,1.2882347540185206e-07,0.29999937835668605
9,2015-02-02,0.2999998019725697,6.403292057566182e-07,9.325206546644824e-08,1.4646639783155881e-07,0.09999810153692325,0.2999999038478839,1.1305789665374402e-06,2.0321263464703198e-07,2.30584631515194e-07,2.7333888472851367e-08,0.299999720884833
9,2015-03-02,0.29999998105503517,0.09999985895338766,1.7445471687585642e-08,2.0585817207863637e-08,6.856518580433784e-08,0.29999997243731247,5.6478196137482375e-08,2.7429056677202972e-08,1.6878871266084555e-08,3.0667723162853318e-09,0.29999997710489357
9,2015-04-01,0.2999993312050345,0.09999557942986231,2.991514659106211e-07,2.888339333535963e-07,2.7488470046244053e-06,0.2999995761368433,1.998512360029247e-06,5.016949819133088e-07,1.6672073018327008e-07,6.120638017601296e-08,0.2999994482614037
9,2015-05-01,0.2999996435441692,0.2999980992479315,1.6276158033157922e-07,1.3640581863314168e-07,3.847702575899852e-07,0.2999993149082235,2.2323663795797037e-07,1.8589230503806466e-07,4.167798935350008e-08,1.684779616279617e-08,0.10000179070729062
9,2015-06-01,0.2999998774276994,0.29999939392780217,1.7007582884596945e-07,3.736919972872664e-08,6.194101262736437e-07,0.10000233356536452,1.230203485933162e-07,1.1860518205861598e-07,3.4758167551720564e-08,9.0008414702032e-09,0.2999972828394393
9,2015-07-01,0.2999999654960754,0.29999998158727115,8.872548387751306e-08,4.3236099635310305e-08,3.6825127173218295e-08,0.09999975577392407,6.513240955254247e-08,6.689112685544666e-08,3.746751168230732e-08,8.117271901874992e-09,0.2999999507476988
9,2015-08-03,0.2999996867236424,0.29999824953227516,0.09999725610923803,1.294231840552904e-07,2.703433088340867e-06,0.29999454674177634,6.166978219471556e-07,4.745829765512453e-07,2.0178993395174917e-07,3.601504252160009e-08,6.09895102062004e-06
9,2015-09-01,0.10000451105457371,0.2999963531380249,5.768841652316047e-07,7.053296569557334e-08,0.29999743869235274,0.29999779152588046,8.458111144415824e-07,1.2456085279904622e-06,6.1492235812285e-07,5.646227018738143e-08,4.953677665113288e-07
9,2015-10-01,0.29999943626740455,2.6608649839521963e-08,9.426539061608563e-08,8.125026819897198e-09,0.2999999273903437,0.29999963607405206,0.10000069503696701,5.562776361406447e-08,3.314552485074622e-08,6.180173555859627e-09,8.127870327834632e-08
9,2015-11-02,0.29999995289317327,0.2999997759517803,0.29999966745075735,1.185117830192355e-07,1.8132575485865631e-06,1.1327078814259376e-07,4.437547256201731e-07,0.09999762902273582,8.328883044288651e-08,7.686430001720453e-08,3.2573357760097157e-07
9,2015-12-01,0.29999998679636286,0.29999947338378397,5.8235324525901e-08,9.668160769675178e-09,0.2999998521312658,7.215252560455111e-08,8.245577929394594e-08,3.583796070822173e-08,1.2775863969201292e-08,6.008002460355842e-09,0.10000041055497015
9,2016-01-04,0.2999999817523922,5.4387136614021674e-08,7.399734270618923e-08,1.3205382263994746e-08,0.2999999098551887,1.4154786120832097e-07,0.09999983345106317,6.567877362296088e-08,2.702037593818451e-08,1.0694428709961e-08,0.2999998884100549
9,2016-02-01,0.09999964414634502,1.0423646069304091e-08,9.645093277587779e-09,2.0227604784429266e-09,0.2999999260406825,0.29999993994425106,4.507698725963909e-07,2.2676780259465522e-08,4.540961292578682e-08,2.317505423405568e-09,0.29999994660345036
9,2016-03-01,4.8855583149002916e-08,1.092093211316377e-08,9.011182133492424e-09,4.232661881873223e-09,0.2999999371791241,0.29999996687064584,5.756865985446621e-07,2.9201568190931183e-08,0.29999994613166264,3.2800451049322565e-09,0.09999946862999617
9,2016-04-01,1.0248636896958808e-06,5.3802413058656056e-08,5.792936313206477e-08,4.765062575339425e-08,0.29999928141091403,0.2999998752815941,2.234205480444723e-06,9.273697415807366e-08,0.09999737659526609,2.008168625132159e-08,0.2999999354419934
9,2016-05-02,7.455447973278251e-08,4.664987131275806e-08,3.8752780194877954e-08,6.644370736682708e-08,8.897417672011939e-07,0.2999994270443842,0.09999977462398077,1.4976183362752268e-07,0.29999997152812724,4.7287706827902925e-08,0.2999995136113614
9,2016-06-01,0.2999870647204662,1.2105755393383871e-06,6.629059182519903e-07,9.758037528351674e-07,2.3215439782419742e-06,0.2999964352774337,3.5820703259298514e-06,1.0025411365661959e-06,0.10000666137957753,3.715365512630985e-07,0.29999971164532013
9,2016-07-01,2.1232601449109974e-07,2.058935349076023e-07,7.620942283946807e-08,0.09999934914270418,1.4985694453528438e-07,0.29999980181627206,9.798895315499118e-08,1.6100011509959246e-07,0.29999992080801635,8.333406895149095e-08,0.2999999416239534
9,2016-08-01,3.50560006855504e-08,6.734599357120817e-08,1.937579205172339e-08,2.9356364572119423e-08,6.549512917111127e-08,0.29999997503976744,0.09999979979399175,3.9833819799299176e-08,0.299999974652972,1.3245206686797238e-08,0.2999999808049622
9,2016-09-01,1.471158355642243e-07,2.2384422281746267e-07,8.929276056978017e-08,0.09999849931494613,2.4417411394317954e-07,0.2999998599259221,8.095670364210088e-07,6.899684096816149e-07,0.29999990915947206,1.1652969156459996e-07,0.29999941110758926
9,2016-10-03,8.933823650227152e-07,2.987743451460703e-06,5.314402761551272e-07,0.2999990289459282,7.692824298762509e-07,0.299997848462985,1.4891339512453277e-06,3.1544370197013127e-06,0.29999950182574353,0.09999061417204025,3.1811738094548854e-06
9,2016-11-01,1.5313003966150948e-06,0.1830696414213918,9.132356504327507e-08,0.2999997579497239,9.059803266746167e-08,1.908443006076536e-07,4.1575796792362034e-07,3.469572379777518e-06,0.2999992093315032,0.216925329482625,2.7241811350259323e-07
9,2016-12-01,0.29999883083235956,0.2999999618771431,1.0361967281217664e-07,0.10000071026158519,4.6843842119303626e-08,4.0007044091663334e-08,1.1492624669298486e-07,5.198354028467586e-07,3.9114144038980696e-08,0.29999944103690446,1.9164565507999793e-07
9,2017-01-03,0.09999868268300975,0.2999999164911885,4.040077771853595e-07,2.601169894950437e-07,1.7214585759360646e-07,1.1916383576955832e-07,4.726887259093645e-07,0.29999963357277526,1.1557879471691018e-07,0.2999998667191951,3.5683185067673336e-07
9,2017-02-01,0.29999999305297814,0.2999999941817036,1.2702027402039519e-08,1.4971053755869917e-07,5.935993366817436e-09,5.051204356216554e-09,8.689256608734346e-09,0.27483384662043625,4.6029018885317696e-09,0.12516596546168932,1.3991271695659792e-08
9,2017-03-01,0.2999995796619125,0.2999997950598664,4.4488672069978746e-07,0.29999913015844293,1.8659712733411977e-07,1.516861320118333e-07,3.521464241353165e-07,0.09999820339144287,5.828644895251407e-07,9.99222397967712e-07,5.743250437750249e-07
9,2017-04-03,0.299999765023926,0.2999993024499498,0.10000774095652538,0.2999917611074117,1.511639131271946e-07,9.084745386621214e-08,2.0217002945963432e-07,5.182746063935066e-07,1.271011710556353e-07,1.837144789262101e-07,1.5719053404614207e-07
9,2017-05-01,0.29999980087104555,0.2999989276844014,0.2618370169594182,0.13816262635788018,1.0437091076906507e-07,5.180346271268193e-08,1.4532437230329945e-07,7.865322474862396e-07,8.434049782312233e-08,3.9232235522405745e-07,6.343340830935853e-08
9,2017-06-01,0.2999998185179992,0.10000354409986782,0.29999901277325086,0.2999960897840335,1.6212474680374716e-07,1.0074959538070277e-07,1.9659643415012776e-07,5.571465908474443e-07,1.4813384002687556e-07,2.394563232024115e-07,1.3061731824289347e-07
9,2017-07-03,0.2999999813536512,0.29999997003122814,0.2999999347007451,0.10000003238091251,7.696237111233471e-09,4.2647619890959446e-09,1.4955884654996114e-08,3.184150375991169e-08,4.918185653016964e-09,7.304801031839333e-09,1.0552089040983146e-08
9,2017-08-01,0.29999997510790416,0.29999973454837436,0.24618042886708594,0.15381982727182883,3.791616951537913e-09,3.4360056668492165e-09,5.1948858043396545e-09,7.024279552650711e-09,4.009074966602203e-09,4.298236017177356e-09,6.450707743229638e-09
9,2017-09-01,0.2999991444882218,7.319069424885057e-07,0.29999893760764085,0.2999994690820234,6.660565800509993e-07,1.4119740230509e-06,9.015384945916476e-07,9.15192241388912e-07,0.09999636462463322,3.7990822934621307e-07,1.0776209698237544e-06
9,2017-10-02,0.29999998841275566,1.68836036229809e-08,0.29999998737782113,0.2999999933186669,1.0465338039378537e-08,2.376580024585348e-08,1.6088184461522373e-08,1.4944174711139085e-08,0.09999993338302877,5.374502001383331e-09,9.98612446647447e-09
9,2017-11-01,0.2999999843435992,0.09999974700557554,0.29999997657372846,0.29999998640424425,2.212067932977581e-08,1.4462885869503938e-07,4.275007132121685e-08,2.8075970069097963e-08,3.105143856675599e-08,1.760072421385756e-08,1.9445110339794756e-08
9,2017-12-01,0.2999997734433401,0.09999928880001542,0.29999966960190577,0.29999991328261677,1.332901968755693e-07,3.921146360548741e-07,2.5426493384806776e-07,1.6365201610012702e-07,1.3830082918227943e-07,1.549887663971672e-07,1.1826074330644881e-07
9,2018-01-02,0.2999996348346838,0.09999205968117991,0.2999995872051322,0.29999975163491704,2.8997891422183034e-07,4.1502483866852815e-06,7.457865924040954e-07,3.439875063226087e-07,5.561394547266368e-07,2.5203684557256557e-06,3.6013477716000886e-07
9,2018-02-01,0.2999995712548436,1.4195500084214178e-07,0.29999876628183386,0.29999978568882396,1.5568823402252344e-07,2.2436488988364542e-07,2.3184725085695187e-07,2.0626299573274563e-07,3.0607907695141645e-07,0.10000045160347094,1.5897357938569236e-07
9,2018-03-01,0.29999990997686876,0.09999893130910126,7.968567698052755e-07,0.2999998338738463,5.63209216188583e-08,6.993438078630457e-08,1.0101318783931309e-07,1.1088312715210689e-07,2.613314901597523e-07,0.2999999026212958,2.587901072581477e-08
9,2018-04-02,0.29999999156205903,0.02982147832294717,8.218163365423195e-08,0.29999999129147253,7.119046638358142e-09,9.577163320702725e-09,8.882678496731534e-09,8.582562886727308e-09,0.07017842523996484,0.29999999357482526,3.6656460019708124e-09
9,2018-05-01,0.2999999022386944,0.29999733926877487,3.569915786436336e-08,0.10000263330673205,1.391370685240189e-08,1.6399141121356196e-08,1.524897502247495e-08,2.0366376044774383e-08,3.2073635831811473e-08,0.29999998040768383,1.1077122072606369e-08
9,2018-06-01,0.29999983043860123,0.29999983071249653,0.09999593659515633,2.6260934445787603e-06,2.3778910266867463e-07,2.6513376366397233e-07,2.8592135327803506e-07,4.991385393019832e-07,3.315263374644386e-07,0.2999998420675855,3.1458361947182673e-07
9,2018-07-02,0.2999998428633836,0.29999966517671833,3.082615156833186e-07,9.408763737940608e-07,4.2877467725593367e-07,8.315614428206674e-07,3.60160694480051e-07,7.666109456170866e-07,4.4646995776754886e-07,0.2999996976090218,0.09999671163526885
9,2018-08-01,0.29999990823420764,0.299999848307331,1.0937628100368233e-06,3.408847124929866e-07,1.8704154096725158e-07,2.2050699246477495e-07,2.06650555617467e-07,4.4559472736247256e-07,1.6277378572466357e-07,0.29999970543711413,0.09999788080622257
9,2018-09-04,0.2999999393057005,0.29999987230310715,2.87266782248741e-07,1.4930902523340407e-07,1.7244677796490904e-07,1.4886174372587303e-07,1.5649764104714138e-07,1.0709901589323024e-06,8.687226742761271e-08,0.29999964874547996,0.09999846740131586
9,2018-10-01,0.29999998493670244,0.2999999720965036,5.6384097195674125e-08,2.582971665921506e-08,4.306363061398759e-08,2.972812603827261e-08,4.043069797160602e-08,0.09999984336576946,2.232040637594313e-08,0.29999995362511406,2.8219235504639477e-08
9,2018-11-01,0.2999993822425741,3.5724867479463364e-07,1.886938553116863e-08,1.0816990592576751e-08,1.3829586617622447e-06,1.5712480680541847e-07,2.1032520198116825e-07,0.2999980891469943,5.347322767518057e-08,0.10000089401625177,0.29999944377723065
9,2018-12-03,0.2999995451746672,0.2999993974183783,9.043531501659821e-08,4.94096309773022e-08,0.09999811910821936,4.6333045725192943e-07,2.8757459400874727e-07,1.9056729645242895e-06,8.674390932472314e-08,8.944464572623078e-08,0.2999999656872183
9,2019-01-02,6.726004249714001e-07,1.1138508482685714e-08,7.650239563352042e-09,5.338479924804166e-09,0.29999997444409043,0.2999999707034358,0.09999683626900818,2.4766602821120477e-06,6.262936714873349e-08,7.366026612494881e-09,0.2999999752001369
9,2019-02-01,0.29999718985903406,6.827187752426791e-07,2.662207293685825e-07,3.7222197007506923e-07,0.29995612568689145,0.1000327408663545,9.8152875702436e-06,2.0619677453626712e-06,8.474635620537885e-07,2.3298651667005567e-07,0.299999664720851
9,2019-03-01,0.29999944708821275,9.660451176502797e-08,5.8277267832654075e-08,6.075287056888545e-08,0.0999979743282871,3.0697852159054755e-07,2.310409770118052e-06,0.2999994935418768,2.607288892633661e-07,2.878791720898623e-08,0.299999962501875
9,2019-04-01,0.29998547674713555,4.75071652371981e-07,7.789693504755556e-07,1.5990081603551732e-06,5.054142032940205e-05,0.09992350294912192,0.2999953027777961,4.120339360662763e-05,2.2097541888004722e-06,2.4496026986344597e-07,0.2999986649483886
9,2019-05-01,0.2999996819252891,1.2070459937436693e-07,1.44389785554249e-07,2.2052243303365088e-07,0.29999726201985716,6.2210335338289986e-06,0.09999574414423075,2.932949907793307e-07,5.172150561008291e-07,8.543745705179096e-08,0.29999970931276726
9,2019-06-03,3.8013592195990754e-07,1.1814335836969954e-07,3.875682110939305e-07,4.645489673873194e-07,0.2999900355787596,0.29999704027588514,0.00012124575003946354,5.223749603413607e-07,0.2999912974941191,1.4870374966682322e-07,0.09989835942602801
9,2019-07-01,1.7323136117675138e-07,5.47225954013988e-08,1.169018752027245e-07,1.838211822715676e-07,9.705489824265456e-06,0.29999933056839007,0.09999123843151009,2.3410574115155096e-07,0.2999998019406424,3.2912537861448965e-08,0.29999912787434013
9,2019-08-01,0.10000018762317864,4.431697245894108e-08,4.8287009134189236e-08,8.882284551342686e-08,1.0934959762973038e-07,0.2999998809172899,7.864618914024033e-07,5.1201864533613175e-08,0.2999991151849985,5.274904710273801e-09,0.29999968255944753
9,2019-09-03,4.97650648658911e-07,8.930190997074075e-08,1.3389503788542747e-07,9.849770313288713e-08,6.320906619509012e-07,0.2999999127044225,0.29999956239915365,2.1455075137193587e-07,0.2999997266467507,8.399145741954311e-08,0.09999904827150273
9,2019-10-01,0.2999993725048979,2.5326602760070556e-06,2.793720067464699e-06,5.492930467289126e-07,8.619290240546138e-07,0.29999888264518326,0.09998870784519079,1.2193199968963422e-06,5.0232840314280405e-06,4.5107120620328744e-07,0.29999960572707934
9,2019-11-01,0.2999999447059443,2.2424561849127322e-08,5.1802892831009356e-08,7.1756952028487294e-09,3.954827097188669e-08,0.29999993020672155,1.2129443199916004e-07,2.130149160062155e-08,0.10000000001688734,6.140982656094575e-09,0.29999985538211954
9,2019-12-02,0.29999997922619787,7.441424152629793e-09,1.677370189370629e-08,4.589195769675248e-09,2.2190607270098733e-08,0.29999999347351236,8.502664201798561e-07,8.778742597853767e-09,0.09999916098718586,2.1806891836921028e-09,0.29999995409232283
9,2020-01-02,0.2999999889745033,3.9104826236205284e-08,5.037158715405382e-08,1.900618771053189e-08,1.631325461779147e-08,0.2999997990920879,0.09999990813667177,1.6957357889290232e-08,0.2999999844283063,7.89430119856008e-09,1.6972091600916686e-07
9,2020-02-03,0.29999889073400304,4.1351987180311013e-07,5.268437502476754e-07,2.705234113976202e-07,1.2092123806646092e-06,0.2999993441278691,0.09999719783809274,4.6645345100434927e-07,0.2999997480834856,1.6929602552665125e-07,1.7633676587804004e-06
9,2020-03-02,0.29999998027748537,5.92977087056615e-09,5.765252501106019e-09,6.3069339899851956e-09,1.8046067899309984e-08,0.2999999799999642,0.10000000654304224,6.786359262754433e-09,0.2999999808897705,2.9185589100171026e-09,6.536794346772346e-09
12,2010-04-12,0.29999824284622073,0.1000017130869324,1.3038067894387523e-07,0.29999951801286956,2.4995464702868746e-08,2.1018408641567548e-08,6.172665268406413e-08,1.667120755059978e-07,1.3009676232597765e-07,3.695659092278118e-08,0.2999999541673437
12,2010-05-03,0.2999936816586392,0.2999908500443858,2.139405572175811e-07,0.10001382426894943,8.233973438818735e-08,8.162104078027874e-08,1.7492722526739436e-07,3.585957973482893e-07,7.410470199744793e-07,1.2251558947289744e-07,0.299999869041061
12,2010-06-01,0.2999913325540587,0.2999796733380628,3.0518954073651354e-07,5.364802015363506e-07,6.20617222341625e-07,9.126488077864462e-07,1.154408449951438e-06,1.328034610053169e-06,0.10002427576183154,2.2712696081038938e-07,0.29999963384025374
12,2010-07-01,8.900156510015717e-07,0.29999865438598333,4.1240039038459776e-08,3.994399133094536e-07,1.4538170903165587e-07,0.09839245454269016,4.785859374734768e-07,0.001606978451744065,0.299999954828542,2.6402674499057794e-08,0.2999999767251161
12,2010-08-02,1.1319003060548125e-06,0.1381848254607069,1.5645504317501884e-08,0.1390620973403913,8.042523550690763e-08,0.06476941428385984,9.471235364899096e-08,0.05798236197896596,0.29999997426025715,1.0405108254254415e-08,0.2999999935873111
12,2010-09-01,4.1300249739538615e-07,3.660602079432785e-07,2.4764449312897507e-07,0.2999954219277322,4.975910377679203e-07,0.09999833999550503,5.376090448802513e-07,5.158369117804293e-06,0.29999921787293854,2.6725357396037777e-07,0.2999995326738513
12,2010-10-01,0.21749706078411876,5.2825274388748146e-08,1.6971638530072658e-08,0.18250210740329623,9.012625258878917e-08,5.130448856062189e-07,7.376832850410102e-08,9.3245435442441e-08,0.29999998066136524,3.1538857704607334e-08,0.299999979630547
12,2010-11-01,0.2999964259744215,0.10000564581561965,1.6052324052946477e-07,1.3472278239696639e-06,1.4211097604809468e-07,1.2774035126724618e-07,1.4512526192335328e-07,2.3977675225889717e-07,0.2999957703945003,1.1431835031887097e-07,0.29999988099270225
12,2010-12-01,0.09999959683306181,0.29999964330826123,2.759527551050652e-08,8.58042994109695e-08,3.168024229872021e-07,3.9458421883090595e-07,1.3708954986843707e-07,2.962161441386067e-07,0.299999543487651,3.1818621253216354e-08,0.2999999264604939
12,2011-01-03,0.05596079569510316,0.2999998755270154,3.604747665027374e-08,1.0532866453967778e-07,1.7364010978337862e-07,0.044038857055809136,1.1142981009039389e-07,1.1738311038577241e-07,0.29999996172614535,6.513509844058791e-08,0.2999999010316571
12,2011-02-01,0.29999920986398143,0.1459891309416787,2.3132799917523967e-07,3.7110458763935645e-07,2.352203059138883e-07,2.0943042636826634e-07,2.2589472963653835e-07,4.0049113189404516e-07,0.25399102649969907,1.9329260378318117e-05,0.2999996299650819
12,2011-03-01,0.29894004042250805,0.13075438578184642,2.3008102904847405e-08,1.9411207015896513e-08,1.2330331509292562e-08,1.3438814981691665e-08,1.3399041224465234e-08,2.015395098662544e-08,0.2703054191084591,8.890854593145726e-08,0.2999999640371919
12,2011-04-01,1.017878558370507e-06,0.29999616881854735,6.279399984571281e-07,1.3798396115339898e-06,2.6911900992751714e-07,3.155708370453319e-07,2.6908458334596126e-07,6.267484261201026e-07,0.29999290020286123,0.2999960843000355,0.10001034049753102
12,2011-05-02,2.2181101958482362e-07,0.09999959365038992,2.0813249559788638e-07,3.3682422933135374e-07,2.0179776429122416e-08,1.9882761909766576e-08,2.10401919134703e-08,3.549127131408344e-08,0.2999999307869384,0.2999999165003974,0.2999996957005283
12,2011-06-01,0.04736338824851167,4.843727356217105e-08,0.29999953238597965,6.813292027864309e-08,7.168858649248231e-09,7.113802007958167e-09,9.107492611411168e-09,1.775416012795781e-08,0.14123874121706587,0.2999999817924618,0.21139819864147374
12,2011-07-01,0.2999987699745838,0.2999918290916999,5.5261387220984904e-06,6.039842594968561e-07,1.1732408180354695e-07,9.86286857373593e-08,1.3281156463861183e-07,2.9196134649811084e-07,4.70222369793716e-07,0.29999871576628717,0.10000344409639915
12,2011-08-01,0.2999997258849157,0.09999583228029695,1.5297652919406125e-07,1.4295774157609264e-07,5.0440594534502934e-08,4.160633782850219e-08,5.415631394249592e-08,7.655904199107975e-08,0.2999999096230126,0.299999767824955,4.245690260655535e-06
12,2011-09-01,0.2999998312265057,0.09999921098011062,1.4454018280278916e-07,1.1984928501250557e-07,7.922518445799528e-08,6.555757739749281e-08,6.506125751925622e-08,9.534742836316973e-08,0.299999963569967,0.2999998367939305,5.878485706754612e-07
12,2011-10-03,0.29999783119648993,2.446642944296376e-07,1.3681678102693178e-07,8.253904015032815e-08,0.09999545519119876,0.2999997671764885,4.2121929502706444e-07,2.571089900840793e-07,0.2999998275760512,5.589279917169595e-06,3.872314537477353e-07
12,2011-11-01,0.10000426878022078,2.275563005492816e-07,7.963551336045678e-08,6.068341345279538e-08,2.0255515027607233e-07,0.29999988820116513,1.7866636452665485e-07,1.7424222568585677e-07,0.2999999250784613,1.9964283433163742e-07,0.2999947949583505
12,2011-12-01,2.3266277196626317e-07,2.6475724992764132e-08,1.7314492908530352e-08,1.1552719183385416e-08,1.0852122836639454e-08,0.2999999844839511,2.3774692064315778e-08,2.431768929932817e-08,0.29999998624948354,0.10000108846493475,0.29999859385141747
12,2012-01-03,3.249623211466086e-07,2.8350386964695177e-07,1.678082606897832e-07,1.2555861524795918e-07,0.2999984341383176,0.2999998558055799,2.663805625636379e-06,2.7933670410404955e-07,0.09999949192591359,2.6406666284887855e-07,0.2999981090881295
12,2012-02-01,6.727792831355491e-08,1.2041684921222468e-07,5.50941269210932e-08,6.877195899097517e-08,0.2999970527467698,0.29999995662066153,6.12271117277185e-08,1.1669086827204945e-07,0.2999999197146762,7.216485393401037e-08,0.1000025092741951
12,2012-03-01,0.10000163027024538,4.721512178242817e-08,2.099189934040652e-08,4.196341769378193e-08,0.2999980975164777,0.29999998032881053,3.1988560208921856e-08,6.870289715281074e-08,0.29999996559030057,3.020248500054993e-08,8.522978470219264e-08
12,2012-04-02,0.299999490449274,9.199003315202409e-08,4.4195253548273876e-08,2.9646770335332813e-08,8.47714461987824e-07,0.29999996922300065,2.932047125030502e-07,1.2798761395848347e-07,0.2999986719223739,3.64093231258882e-08,0.10000039725718302
12,2012-05-01,0.29999990550441563,1.2342324812337318e-08,6.386707218899251e-09,6.167358315435508e-09,0.29999919861832597,0.2999999942743429,2.0290000899757726e-08,2.4342971880253224e-08,3.0013598235423574e-08,6.1718221662097805e-09,0.10000079588813209
12,2012-06-01,0.29999948240610247,7.67635822562301e-09,3.4121490123146643e-09,3.4842350807100208e-09,0.2999999591382899,0.2999999971187089,0.10000044316965971,1.3666692874048852e-08,1.3703022060648516e-08,3.699289551852078e-09,7.252549242794789e-08
12,2012-07-02,0.10000479270787002,3.1098953844796976e-07,1.2954494916315865e-07,1.2118120705777952e-07,0.2999958893528562,0.2999998857270097,6.789644275342058e-07,6.502574866659581e-07,7.910746019112626e-07,1.3761450132627293e-07,0.2999966125855519
12,2012-08-01,0.29999997647859733,1.611328783578886e-08,4.8983564719979235e-09,4.2322089994259225e-09,0.09999955074777593,0.29999999643825376,4.4328708613566356e-07,3.243971018543862e-08,9.975159397089007e-09,4.684586619254494e-09,0.29999996070497753
12,2012-09-04,0.29999991594510256,0.2999994757681445,5.300000444201606e-08,3.609100904228962e-08,6.396402029956172e-08,0.1000003933991304,1.09557707815622e-07,1.256359091443448e-07,2.3683522797807964e-08,3.269953762825237e-08,0.2999997702559113
12,2012-10-01,0.29999903598539374,0.2999972621230235,6.909421803455319e-07,1.8278015536452652e-06,5.537541746640706e-07,9.05446908763458e-06,3.8335229703208916e-06,0.09998744432800287,5.373088469603544e-07,6.6652238564114e-07,0.2999990932423807
12,2012-11-01,0.29999990810116184,0.29999952540239155,1.3062670252870595e-08,8.498124393956007e-09,1.4793570413668492e-08,0.05982367690327413,0.04017681468972961,6.540311337839619e-08,5.540948435548428e-09,5.143899436585761e-09,0.29999996246111654
12,2012-12-03,0.2999998981069846,0.2999992530028723,0.0010722799005985155,9.67528552847179e-08,6.719147602675473e-08,1.0972983087063955e-07,0.09891490904448696,1.338609343603212e-05,2.946296646052837e-08,3.838392242334707e-08,0.29999993233057054
12,2013-01-02,0.29999966404766326,2.4647987886208e-07,0.09879066384538644,0.23042827234492974,6.391112108541769e-08,1.266364702266696e-07,0.07078091656459772,1.7303853865406376e-07,5.6168674645639807e-08,3.192770181762644e-08,0.29999978503503766
12,2013-02-01,3.549854874132883e-07,0.20822148058396356,0.2999997006230767,3.4558038449100266e-08,6.741337283866317e-08,1.2145611640027574e-07,8.842648564913971e-07,0.19177754158712082,1.787385118898626e-08,3.032292061923136e-08,0.2999997663311956
12,2013-03-01,1.4067368520357912e-06,0.29999848766007864,0.2337317637126671,5.120099100926552e-07,1.7371334433502557e-06,7.4631585427162e-06,3.589761615880001e-06,0.16625510060382073,3.465806249779543e-07,3.116446967649662e-07,0.29999928099774764
12,2013-04-01,1.759038038921091e-08,0.29999997260394384,0.283166850603118,1.3632382001150703e-08,3.675365368321741e-08,0.02136222167005855,5.666870792303309e-08,0.09547085250777125,8.804617259585534e-09,7.809323833586118e-09,0.29999996135604323
12,2013-05-01,8.140504824219813e-08,0.299999970598752,0.2999999615449021,4.0230767073970845e-08,4.110131959857486e-08,2.139964331651443e-07,1.3045317408590005e-07,0.09999958390505582,6.84031136805685e-09,8.624842179146296e-09,0.29999996129939444
12,2013-06-03,0.22025520467535356,0.29999984994089984,0.2999998262447567,1.9065017835702088e-07,8.754775677960244e-08,6.440578631916345e-08,1.3098625838212863e-07,3.485975709085321e-07,4.0016673565088275e-08,1.0246518635487594e-07,0.17974415446957934
12,2013-07-01,0.29999991928301567,0.2999999740865212,0.2999999246636839,4.8957354592218596e-08,5.885371449391154e-08,3.4270704659570164e-08,1.0989462287146366e-07,6.90490475433774e-07,1.0575682604287343e-08,4.346156945921582e-08,0.09999918546265514
12,2013-08-01,0.29999969248881414,0.2999999398067947,0.2999998694295967,1.4460593946439125e-07,1.4608778236441664e-07,7.304497394977263e-08,1.9408056363197137e-07,0.09999848521133273,4.6029490324918e-08,1.0222046429714625e-07,1.3069942476341968e-06
12,2013-09-03,0.2999999346738896,0.2999999954750646,0.2999999870293613,3.196347616817752e-09,1.261881439721386e-08,5.833813394976127e-09,2.0110732977433634e-08,0.1000000188169189,3.3400087537913918e-09,6.718479656463825e-09,1.2186568998075885e-08
12,2013-10-01,0.2999999739777742,0.29999998919354876,0.29999998193093813,2.6550768489638684e-08,2.6635716270509772e-08,1.3623977523928958e-08,2.702829651537361e-08,0.09999971403233894,5.518764871469366e-09,1.2034882997219016e-08,2.2947299321894582e-07
12,2013-11-01,0.29999998955579044,0.29999999471433214,0.29999998942695827,9.871568583549036e-09,8.865784468396017e-09,4.919235529231561e-09,8.139035014630347e-09,1.639466779958562e-07,2.223814809164179e-09,5.0949730678332265e-09,0.09999982324182961
12,2013-12-02,0.2999997441728851,0.2999998206542611,0.29999963523816714,7.219432924332199e-07,4.5373542856556313e-07,2.4449746885556725e-07,5.668925146810424e-07,0.09999688755347301,1.1903693471503146e-07,2.758393293399797e-07,1.5304362450575085e-06
12,2014-01-02,0.29999996427594333,0.2999999699521004,0.29999993198229097,3.441248650324842e-08,9.957127434003935e-08,5.1178870756113466e-08,1.7818888813988617e-07,0.09999967853440297,1.6545905341292717e-08,5.314439329643161e-08,2.22134439991121e-08
12,2014-02-03,0.2999999903588173,0.29999998714231174,0.29507791550479595,7.424030195319018e-09,3.8279190027098803e-08,3.5813739199214405e-08,7.724335589872519e-08,0.10492190096569888,5.078288872442061e-09,8.774230936645273e-09,3.341554108289633e-08
12,2014-03-03,0.2999999085897947,0.29999985115272676,0.2999997601639015,1.0863087786889894e-07,2.726013729319728e-07,2.1341835894600476e-07,5.02301477249434e-07,0.09999784764351041,8.526451819382307e-08,2.164727047014725e-07,1.2337607568657133e-06
12,2014-04-01,0.2999994490658407,0.2999989891593786,0.2999980751632488,4.771726286749447e-07,9.539633566125126e-07,1.0765758670217342e-06,1.6973202468195677e-06,0.09999728180645213,2.739632171967582e-07,6.686455451882022e-07,1.0571642183317007e-06
12,2014-05-01,0.29999998890195506,0.29999997844611065,0.29999993657761537,9.123448134729366e-09,1.39303085389863e-08,1.240883827960286e-08,1.523975992984101e-08,0.10000001145674185,7.332319553606567e-09,1.305573088561629e-08,1.3527171712002842e-08
12,2014-06-02,0.29999976382650934,0.2999984685558624,0.29999947311066055,3.840307513460736e-07,4.983720520345554e-07,1.1457307954022474e-06,1.5148062833651717e-06,0.09999491082655662,1.6720528277889953e-07,4.0702699074897544e-07,3.266508255551001e-06
12,2014-07-01,0.2999999848163914,0.29999996023599074,0.2999999675045573,1.8183205497667522e-07,4.263684012927756e-08,1.790368171369534e-07,5.044301266439647e-07,0.05123735918667254,1.752959885929318e-07,5.9154849840164566e-08,0.048761585869710806
12,2014-08-01,0.29999999195759963,2.6739863760840158e-08,0.29999967493805896,0.2166818502043519,1.7704658227411008e-08,0.14715558212460586,3.479757861034733e-08,2.1897134986735498e-08,8.547477437058502e-09,8.74299262025912e-09,0.036162782345677956
12,2014-09-02,0.29999995333372936,5.215981018184183e-07,3.0475066475770596e-07,0.28886961135480943,7.068109235865148e-08,0.11112944089292999,1.242846935078581e-07,8.86283572637086e-08,2.5316883848180932e-08,2.677335711186126e-08,0.29999983238538064
12,2014-10-01,0.29999998448120013,5.270125875149271e-08,2.7811633132442462e-08,4.959239346886622e-08,1.4672710894588707e-08,0.2999999238850449,0.09999972019122744,2.9333685283281727e-07,9.050835610632136e-09,8.691307396983878e-09,0.2999999155855354
12,2014-11-03,0.2999998643198512,0.09999798339190319,2.773361986079845e-07,3.1042300326988056e-07,5.652603261837391e-07,0.2999991921861765,1.2909700834446868e-06,5.573927652111291e-07,9.15469878655806e-08,8.42313059675051e-08,0.2999997829413987
12,2014-12-01,0.2999999756076884,6.095653953499463e-08,3.832008575916694e-08,3.999608455487809e-08,3.3340103729283465e-08,0.29999997045960264,0.09999981708319948,5.112700240438798e-08,2.1769483146162553e-08,1.0707430580174242e-08,0.2999999806327797
12,2015-01-02,0.29999995864219214,1.2366335817751358e-07,2.727363091889715e-08,3.4861651498289746e-08,0.09999974694083187,0.2999999664076817,5.4248559202156165e-08,5.946330804967671e-08,4.070300970043059e-08,9.031441067496856e-09,0.29999997876433565
12,2015-02-02,0.29999993479334003,8.443707976164344e-08,4.122575752128097e-08,8.291604750546156e-08,0.09999948436249732,0.29999997050215566,3.0154360021306396e-07,5.130315698097722e-08,6.314233872612257e-08,9.09389007637077e-09,0.29999997668013617
12,2015-03-02,0.2999999797568054,1.4014853800084003e-07,4.235396761831046e-08,2.2364913310849142e-07,7.497107801981434e-07,0.29999997993093147,0.09999882537584458,6.05651246930477e-08,1.4020498227238099e-08,4.921900942313724e-09,0.29999997956647584
12,2015-04-01,0.29999997793500177,0.09999948825817202,2.714184845973617e-08,3.299785061460339e-08,3.093206453885439e-07,0.29999997810021434,1.5290947440104295e-07,3.509848083537557e-08,1.4860733689931726e-08,4.9017866701585144e-09,0.2999999784757919
12,2015-05-01,0.2999996552795168,0.09999573150582158,6.575844416483079e-07,2.0761411545795437e-06,2.278554485126991e-06,0.2999990182959646,1.209078875287422e-06,7.109492468205012e-07,2.7221630688731405e-07,1.0058230421358912e-07,0.29999828981188237
12,2015-06-01,0.2999999883323423,0.2999998359762696,1.5412292385214752e-08,1.517613757955817e-08,4.454855005433338e-08,0.29999993349630655,2.188286157888558e-08,1.7316925913871673e-08,1.0015259668597591e-08,3.0251885718409244e-09,0.10000011481786594
12,2015-07-01,0.2999997731379545,0.29999654204313403,4.6425569192380414e-07,3.8061777037038224e-07,9.425574605941823e-06,0.2999959574758489,1.4156437853931327e-06,7.401456213189451e-07,2.0254860873873653e-07,7.039783641998298e-08,0.09999502815914253
12,2015-08-03,0.29999998869221506,0.29999992818469307,1.1618937217259346e-08,3.76178253234052e-09,2.6150563184375435e-08,0.10000009136612321,1.0767705948656375e-08,9.985581294922406e-09,3.33043573932255e-09,1.4719581666422639e-09,0.29999992467000464
12,2015-09-01,0.29999943184146743,0.09998875010618524,2.3046048192336188e-07,4.5914546698508776e-08,0.2999994570881522,0.29999926738992244,6.88977951782112e-07,3.7108069380031255e-07,1.2760859800509314e-07,3.4464374822361905e-08,1.159506762576156e-05
12,2015-10-01,0.10000361091413627,2.0184087000664428e-06,2.3585526185781725e-07,6.953330439546625e-08,0.29999529081109216,0.2999984889097918,9.852228259165875e-07,3.204890524901443e-07,2.3456875659670269e-07,5.0233011235759575e-08,0.2999986950540671
12,2015-11-02,0.29999993443446893,4.1388106503390937e-07,1.7054537693308507e-07,3.4089311593951876e-08,0.09999911438200426,0.2999998651961497,3.0489163179800505e-07,1.1238680217725764e-07,1.2388127657921036e-07,1.5030341900081098e-08,0.29999991128157116
12,2015-12-01,0.29999982129788505,0.2999991166503562,2.8152091985845e-07,5.202907619426147e-08,4.030271118440588e-06,0.09999672879031599,4.857500344191615e-07,1.6536345362156736e-07,9.438544665619021e-08,2.3661159734424235e-08,0.29999920028023386
12,2016-01-04,0.29999964827968206,2.1021783501561014e-06,0.10003192616724245,3.809031443040174e-07,0.2999647139533125,2.2982457947820894e-06,2.1440426678617912e-06,1.2476446131745884e-06,5.196705716629093e-07,1.7068828605269165e-07,0.2999948482263349
12,2016-02-01,0.29999992535284525,1.9192583172026556e-07,1.4502942702522927e-06,5.5099419785578616e-08,0.2999998656582884,0.299992845721482,0.10000439249712856,3.310547697729862e-07,9.328761584384669e-08,3.324318271716254e-08,8.158651656757273e-07
12,2016-03-01,2.8156010387293635e-06,4.52792138355373e-07,4.276631104375152e-07,2.2691468222202663e-07,0.2999989669102236,0.2999989727957947,0.0999939701669313,1.0801991940929169e-06,0.299998608854827,1.6253513774538096e-07,4.315566921765333e-06
12,2016-04-01,0.29999938007373644,6.594044830911519e-08,7.980521074007733e-08,4.53202067146765e-08,0.09999195206556637,1.0345194462241474e-05,1.6648976084283035e-07,1.3253710690172868e-07,0.2999987110566876,1.7302948094665676e-08,0.29999910421386583
12,2016-05-02,3.041257370423249e-07,1.557477327709602e-07,8.073986377351581e-08,3.49304714867638e-08,0.09998371166346107,0.2999996376584897,1.679230595220765e-05,2.192763205569341e-07,0.2999995940292641,2.8568466996391542e-08,0.29999944095424025
12,2016-06-01,8.944203319793837e-08,3.8356317256122436e-08,1.9368815160809063e-08,7.483867032572364e-09,0.2999964956114284,0.29999990547278627,0.10000328895946756,5.1139163151232546e-08,1.3386070795443657e-07,7.289010540904061e-09,0.29999996301640364
12,2016-07-01,2.0808552313862278e-07,6.906093822412805e-08,5.4806600351535125e-08,5.0841833978820245e-08,3.3190780298206143e-06,0.29999990417209804,0.09999646077052916,1.3830010232475083e-07,0.29999981068458237,3.730740140073973e-08,0.29999994689236126
12,2016-08-01,1.269654805838656e-06,6.296317715301743e-07,2.706235507468414e-07,7.061132881003092e-07,1.608671727388408e-06,0.29999943621267505,0.09999596490305503,7.488869274282112e-07,0.2999996056620164,2.3308590625880997e-07,0.29999952655427636
12,2016-09-01,0.09999909888704026,5.123151819536019e-07,2.1936262904248422e-07,3.4263340301589056e-06,3.3670745121806034e-07,0.2999982370025114,6.048805771898565e-07,3.27766629878713e-07,0.2999974061817279,1.3024065441105828e-07,0.2999997003215667
12,2016-10-03,0.29999984406847396,3.3687528925139805e-06,1.2465618079585665e-08,0.09999702533716355,1.096211698134904e-08,4.383387574428915e-08,2.1242931891030666e-08,3.225068932646655e-08,0.2999996806721608,6.159744115250767e-09,0.29999995425433296
12,2016-11-01,1.9007299607295365e-06,2.060444198442406e-06,5.05729975188128e-07,0.2999980529955462,1.3794121189426392e-06,0.2999980053031351,2.3366210246688806e-06,2.732779412032933e-06,0.2999987512101033,5.688555614602583e-07,0.09999370591896405
12,2016-12-01,9.451021499496666e-08,0.2999998984896996,2.768116227333899e-08,0.10000794609568597,4.233132547641779e-08,5.324384700001364e-08,7.447157761269052e-08,0.2999917169243381,0.29999966627231184,3.494150133001065e-07,1.3056482393040285e-07
12,2017-01-03,1.5178575238643263e-06,0.29999962204607405,4.300568142224017e-07,0.06837838791163411,5.548259059753841e-07,7.105953054454377e-07,1.7754265550833172e-06,0.2999986518617133,0.03161330089194157,0.29999934976202314,5.698764509140828e-06
12,2017-02-01,0.2999999599936106,0.299999991934527,9.716151025199757e-09,0.10000008674135619,5.409943857401707e-09,5.493172138253467e-09,1.1422941830647317e-08,5.390065682759808e-08,2.2243276310917103e-08,0.29999983494393173,1.8200432474850197e-08
12,2017-03-01,0.2999997546347728,0.2999999378786977,7.717388642060867e-08,0.23369191693864924,2.5525442790654058e-08,2.448676105438872e-08,5.038189051281455e-08,1.2043312833966934e-07,3.2539404395723715e-08,0.1663079270139253,1.3299344127932565e-07
12,2017-04-03,0.2999998946125378,0.29999993068393194,3.4963538390604624e-07,0.029102263404268247,3.852637025674107e-08,3.2704980919559734e-08,6.31127828526507e-08,0.07089815749714873,6.933754019896904e-08,0.2999991464706191,5.4014436097708774e-08
12,2017-05-01,0.2999998675523624,0.2999997528289413,3.837205341823296e-06,0.2999994229014553,2.2956981609283135e-07,2.187380495406833e-07,3.494556475551783e-07,0.09999544551038247,2.159715498372918e-07,2.453735641630665e-07,4.1489288950886995e-07
12,2017-06-01,0.2999999319408103,0.299997348829935,0.09999998879356993,0.29999973395701096,1.1521314389617452e-07,1.0645448358024855e-07,2.3335139839541197e-07,2.0305052949867356e-06,3.012783826038833e-07,8.619364380915399e-08,1.2348232660277722e-07
12,2017-07-03,0.2999999417956794,0.29999977706300973,0.28710177821821126,0.1128983130048067,2.192119126653165e-08,1.7509765355650133e-08,3.007547923112362e-08,6.319996807614613e-08,1.7674511042225354e-08,1.776559400677749e-08,2.1771783831279205e-08
12,2017-08-01,0.29999998442722586,0.10000013427018435,0.29999993350803544,0.2999998889853877,5.51620637882523e-09,3.4564724118963504e-09,8.34923897380892e-09,2.1016713397026706e-08,4.3413794389229514e-09,1.164405434843831e-08,4.485101615667723e-09
12,2017-09-01,0.2999999592081569,0.09999956041495081,0.29999981937917175,0.2999997944171643,6.728824952186407e-08,3.785384120367964e-08,9.902930005345407e-08,3.218957017520559e-07,8.907255307250283e-08,1.9746401809875e-07,5.3976892553847845e-08
12,2017-10-02,0.29999958311660135,0.2953499905097812,0.10466287483857764,0.2999869489559266,7.049415436048097e-08,5.901907175025367e-08,9.627381522915666e-08,1.3506419216782418e-07,6.971923978862207e-08,9.569319832074233e-08,7.631544151160911e-08
12,2017-11-01,0.29999996626099884,0.2999997888221355,0.10000041316917756,0.29999974854255573,8.019353091209602e-09,8.044002503324596e-09,1.2506583661872132e-08,1.6955538937995572e-08,8.815020423963513e-09,1.5972644415205008e-08,1.2891989328786741e-08
12,2017-12-01,0.2999997219852051,0.0999974363847789,0.29999923916761595,0.29999945169720366,3.4064365586280484e-07,7.106804475014649e-07,5.515816209886044e-07,5.484016727377056e-07,7.685861688900779e-07,4.7089507923783537e-07,7.599765510309659e-07
12,2018-01-02,0.29999970823630767,1.3550921809027234e-06,0.2999996789883766,0.29999983545343284,2.9588643948020334e-07,1.2972570124808197e-06,5.746291712107978e-07,4.054380074959449e-07,0.09999617291142616,3.3060789884867425e-07,3.4549974641903985e-07
12,2018-02-01,0.2999999877935826,0.0999998335798303,0.29999997530289396,0.29999998884188656,1.3847488571146843e-08,2.4054597083841584e-08,2.241718418830746e-08,1.8846638245123586e-08,9.522351775310099e-08,2.732138630991806e-08,1.2770994561893557e-08
12,2018-03-01,0.29999996989908184,0.09999939240297337,0.2999999316500801,0.2999999642109505,5.0203709873610393e-08,6.462012731678854e-08,7.408317225195456e-08,6.874951385137338e-08,3.1888605697138554e-07,1.425859600908828e-07,2.2708373988255492e-08
12,2018-04-02,0.2999999410247524,1.6652750378567223e-07,0.2999993865271772,0.29999995642548893,3.069145203952066e-08,7.145421400053087e-08,4.546468220843814e-08,3.582367363484481e-08,8.711332412001338e-08,0.10000026111899907,1.7828732576864633e-08
12,2018-05-01,0.2999991212374967,1.1376857281485785e-06,0.10000039045159222,0.2999986408785538,1.428772432747351e-07,2.38883414558334e-07,2.0832487748267422e-07,2.566296148726104e-07,3.4337369859591346e-07,0.2999994076355241,1.1202225623577149e-07
12,2018-06-01,0.29999870450539906,0.2999983844597149,2.5403365243138553e-06,0.09999809927199822,2.470409839475963e-07,4.6279746384542395e-07,3.6626930887357016e-07,5.569399685299219e-07,7.012943065321211e-07,0.29999939374936985,5.433349620244671e-07
12,2018-07-02,0.299999983397509,0.2999999703314297,3.309167770543546e-08,0.09999985514485152,2.4151784118431453e-08,2.9525730301014356e-08,2.450952465082816e-08,3.29981105580519e-08,3.197150472570433e-08,0.2999999742284814,4.064939634816507e-08
12,2018-08-01,0.29999998035545855,0.29999997531016526,0.09999973308651584,7.302214153157735e-08,3.288049388524316e-08,4.440025207524804e-08,4.0581636379714556e-08,7.018017088884385e-08,3.0230303199470847e-08,0.2999999403199821,7.963288045264003e-08
12,2018-09-04,0.29999996265478157,0.29999994424821225,1.1657208931161463e-07,1.1123035375946854e-07,8.222473818477398e-08,9.45775606004694e-08,1.0018242591465468e-07,2.1025518690555028e-07,4.443810383483068e-08,0.299999894612886,0.0999994390036617
12,2018-10-01,0.2999997449793244,0.2999988283355342,0.09999071492326661,1.5261686315813623e-06,9.72637634274314e-07,9.471492132649547e-07,1.1620283696267946e-06,2.9491096442623626e-06,5.903120871685448e-07,0.29999953261181805,3.03174447643654e-06
12,2018-11-01,0.29999996786426236,0.29999978360873814,4.652874825800354e-08,2.7918606865372706e-08,9.281886279711356e-08,5.266008167640972e-08,7.271612960146909e-08,1.2827920593387123e-06,7.213206333928746e-08,0.29999992654100155,0.09999867441944613
12,2018-12-03,0.29999992156346683,0.29999901433988824,1.8817136378560487e-07,1.9127195157791512e-07,5.955362355484062e-07,1.984541254707784e-07,2.7473420328873143e-07,0.09999994864976629,2.791093143013164e-07,2.3715787569217715e-07,0.299999151011809
12,2019-01-02,0.2999997797925436,6.453002982809171e-08,3.2948253956379954e-08,3.010402963906349e-08,0.2999996204518391,0.2999980356851991,2.1963436818739638e-07,1.527911656805731e-06,0.10000048267682488,5.270151405148571e-08,1.5356374072034932e-07
12,2019-02-01,0.2999926586147175,2.1021195203805874e-07,5.271776018548774e-08,5.2194409191636e-08,0.29999836070359553,2.366916100653651e-06,5.033244566814268e-07,0.1000055700095304,2.1211380808841087e-07,8.568851095690612e-08,0.29999992750515875
12,2019-03-01,0.2999997676099147,0.2999997209836796,5.555502777833737e-08,4.1212766333040416e-08,9.053421446051117e-07,7.593174528921261e-07,2.6492344551159913e-07,0.0999983188611663,1.081389806716691e-07,8.741261053238382e-08,0.2999999706428112
12,2019-04-01,0.2999999872127481,4.8130945264074494e-08,1.5431756017207508e-08,1.0626265910856061e-08,4.1677079121318745e-07,0.29999908016403426,1.5306428233271234e-07,0.10000026679604392,1.656070395158177e-08,1.4115531950624926e-08,0.2999999911268972
12,2019-05-01,0.2999999774669623,1.6266693620447454e-07,3.182655423789943e-08,2.962666702983294e-08,4.792964686265989e-07,2.284216356454702e-06,0.2999991067826567,0.09999790142906519,3.0528692422899274e-08,2.1304820105937077e-08,0.2999999748548208
12,2019-06-03,3.396644940925303e-07,6.568599226102831e-08,8.535447476065925e-08,6.484198727574992e-08,0.29999567014919354,0.2999991760278755,0.10000399672308484,6.386978827859074e-07,1.703353416856211e-07,4.034036633031435e-08,0.2999997521793068
12,2019-07-01,7.404118585923018e-06,1.7200305145493457e-07,3.288088277688282e-07,3.898380051964523e-07,8.333712627984074e-07,0.10000814773052098,0.29999609204144334,9.979976329745407e-07,0.2999923163790524,9.514053276753459e-08,0.2999932225710844
12,2019-08-01,0.0999560326250904,8.895861874966958e-08,9.321811361450515e-08,8.587928357705062e-08,2.902266375863616e-06,0.2999994732346193,4.1973004826319255e-05,5.026423652092959e-07,0.2999993145634546,4.6673866082745353e-08,0.29999948693338635
12,2019-09-03,3.709383434512546e-08,1.0602724506121372e-08,2.0864113439897056e-08,1.9403477079527138e-08,1.7143969723577177e-07,0.2999999370117412,0.29999236167826654,5.262584870013751e-08,0.2999999662186082,9.7262996213463e-09,0.10000741333538908
12,2019-10-01,7.269923815394845e-08,1.685048726386952e-08,3.692915672411217e-08,3.3582002981326914e-08,1.6188774008833559e-06,0.29999991481533494,0.09999862395284422,9.076054360284088e-08,0.2999998517992461,9.643900339673552e-09,0.29999973008984476
12,2019-11-01,0.09999922534941934,2.582680691849306e-08,6.103476382172752e-08,6.737778404192848e-08,1.0259630940192961e-07,0.29999992708761497,7.592740033923267e-07,3.3507067143107284e-08,0.2999998988673546,6.463859297824226e-09,0.299999892615017
12,2019-12-02,0.29999996511378246,1.1616421908098384e-08,2.0241766458712868e-08,8.928805141382102e-09,1.804853962734876e-08,0.2999999785679118,0.09999823272343218,1.2623131668672722e-08,0.29999993773676953,4.7568574555572476e-09,1.8096425817939238e-06
12,2020-01-02,0.2999998741294159,0.29999890427348624,0.07834944812735044,4.780419188675197e-07,1.5491133994160925e-07,8.836520705413929e-07,1.4234593046567186e-06,2.649221385786105e-07,0.021648661059705036,2.0266775394757205e-07,0.2999997047555159
12,2020-02-03,0.2999997292633381,4.467028367968586e-07,5.29960494941107e-07,2.3149666722478172e-07,5.231038680137765e-07,0.29999886976067586,1.788369795736669e-06,3.6526186777864994e-07,0.2999984797807412,1.569827337228271e-07,0.0999988793169808
12,2020-03-02,0.2999988572631759,3.721322453604275e-08,5.242565267889796e-08,4.938843071769087e-08,1.2836075831815403e-06,0.2999999690013829,0.1000000612658498,8.750877673830727e-08,0.29999940766193073,2.7134712531905846e-08,1.6752928050341328e-07
18,2010-04-12,0.29999940045040707,9.669579819176227e-07,1.2404627083468647e-06,0.299999871192556,1.832795574326788e-07,1.4953045349444475e-07,0.02597345556796517,0.2999990488859082,2.131829975024286e-06,9.585569650583995e-08,0.07402345598679091
18,2010-05-03,1.5740545348873385e-05,6.393327010683598e-07,3.6273026852534544e-07,0.2999994132534492,2.875372488009939e-07,2.860886154690882e-07,1.4403630668873708e-06,0.21214974140686366,0.2999993701370117,1.45095847967371e-07,0.18783257350957785
18,2010-06-01,4.0620723791414603e-07,4.342647364019808e-08,2.0446085166469632e-08,0.2999996224417958,2.3450140678752425e-08,2.0510376662675363e-08,5.936798222400031e-08,0.1094050308438868,0.2905949998934694,1.4377353782902998e-08,0.2999997590351981
18,2010-07-01,0.26213038297490415,5.411134744217721e-08,2.7662682209156624e-08,0.29999955962875696,3.3370969374924716e-08,2.1440531022734943e-08,6.18379282404116e-08,1.6355150743997564e-07,0.2999992515342086,2.319831750069625e-08,0.13787042068884695
18,2010-08-02,0.29999913939482525,5.2815964586498064e-06,8.159105108990183e-07,0.2999997884488678,3.160455645306223e-07,2.9403846803485996e-07,6.620699422855423e-07,0.09999118052946337,2.5783207852816616e-06,2.174772856748202e-07,0.2999997261678282
18,2010-09-01,0.19924280853839524,1.6760343259808306e-07,1.3056847238709093e-07,0.29999993280497034,5.744768763039225e-08,7.741073983989297e-08,1.4073433214950122e-07,0.20075654361765097,1.3608884845831116e-07,3.963892857992043e-08,0.2999999655465418
18,2010-10-01,0.29999812234420564,1.116336333798401e-07,1.0989187304097706e-07,0.29999987901650427,3.4600559505383526e-08,3.7694115658246085e-08,9.800652078496219e-08,0.10000111080389411,4.879234911633059e-07,3.326279351041606e-08,0.29999997482240887
18,2010-11-01,0.10000289746979225,2.0752467193220654e-06,1.3012298874312448e-06,0.2999897225474305,6.039481181126614e-07,6.762837603673261e-07,1.6035222693353534e-06,2.913888136932313e-06,0.2999982509285742,5.774519892278432e-07,0.29999937748332234
18,2010-12-01,0.2999999239811002,0.09999933725801306,2.3370639798599556e-08,1.0534454719854818e-07,5.270247270500508e-08,7.279039439053164e-08,1.23362786087294e-07,4.86632445635387e-07,0.2999998856172773,1.6436342270903403e-08,0.29999997250398136
18,2011-01-03,0.2999972424034007,0.10000251951418063,5.119668760609348e-08,2.0847128923622833e-07,3.642656972344595e-08,3.7786220652021216e-08,4.7930328772670626e-08,9.943847105097147e-08,0.2999997539234685,4.0672152723750515e-08,0.29999996223723036
18,2011-02-01,0.29999950987158613,0.09999975270067941,7.484942930423072e-08,1.6186154539800605e-07,1.0060051535044153e-07,7.701088430851876e-08,1.0969705354169525e-07,3.6009112786372903e-07,0.29999976281384777,1.1780460773103744e-07,0.2999999726987232
18,2011-03-01,0.2999991330981377,0.09999204051370666,2.229117571900643e-07,4.125743766824458e-07,2.4786209689661035e-07,1.7073199763862977e-07,3.261190453126672e-07,4.426748859043665e-06,0.2999992217714249,4.055337533738026e-06,0.2999997423310643
18,2011-04-01,0.10224794102546932,0.11740122138816593,3.8510481680839144e-08,8.863899302267058e-08,5.300612084649437e-08,3.9233616200495295e-08,5.778978589686377e-08,1.2845130323922567e-07,0.29999954656091776,0.1803514573705271,0.2999994280246191
18,2011-05-02,0.09999999529844601,0.29999825581397715,1.6149821023193838e-07,8.848244941827846e-08,2.0298202334255345e-07,1.8324448970366775e-07,2.5249161837623806e-07,5.418608605097077e-07,0.2999995410080536,9.72469330522508e-07,0.29999980485054106
18,2011-06-01,0.09999954849012838,0.29999876439395756,3.6306464689391234e-07,6.003847734184019e-07,6.036283944894039e-07,7.196948920343816e-07,6.485863211736953e-07,1.4935436119145344e-06,0.29999683074698635,8.278294847641797e-07,0.299999599636803
18,2011-07-01,0.07179070253964907,0.2999998739984629,5.299156118955906e-08,7.494609775894288e-08,1.1659235064754507e-06,0.02820789205257832,1.54683567303573e-07,1.1460765279869827e-07,0.2999999277029849,8.873871860412412e-08,0.29999995181522077
18,2011-08-01,0.29999754935944595,0.1000023418763982,1.7128277952274778e-08,4.999145367737728e-08,1.010743785473181e-08,1.0367785968878792e-08,1.0317250259013099e-08,1.4940138723414555e-08,0.2999999648129491,3.9418673342887026e-08,0.29999999168018915
18,2011-09-01,0.0999991840793124,1.558986314275247e-07,2.7184325204586043e-08,4.178910107106007e-08,4.721691093197458e-08,8.739227929101567e-07,3.120645357792204e-08,3.145070215602921e-08,0.299999975046427,0.29999969383230574,0.2999999383730375
18,2011-10-03,1.4608485593221827e-06,2.9525930419672327e-07,1.7209178148643946e-07,1.39810992510174e-07,0.29999940601341923,0.2999998431523603,1.5709690500347561e-06,4.7642407764645146e-07,0.29999983328015295,8.374909800628534e-07,0.09999596465932238
18,2011-11-01,0.10001615833721256,4.492040850575402e-07,4.3629135323336386e-07,4.281351000615597e-07,1.0270190530128745e-06,0.2999992626374535,3.827235816843555e-07,4.312719240508431e-07,0.2999995207509894,2.7578240097307264e-07,0.2999816278468464
18,2011-12-01,0.29990769153339375,1.1224271750584288e-06,6.427662012985243e-07,4.651039378508878e-07,6.152034349828252e-07,0.2999967750296475,3.9390074944861667e-07,5.436158689703245e-07,0.2999995834515559,0.1000908690973889,1.2978706462702189e-06
18,2012-01-03,0.29999960112260293,0.27851110406924096,9.063826671411132e-08,6.577316015859507e-08,1.1624618019861044e-07,0.12148732668601736,8.993314667394627e-08,1.3145567585798725e-07,1.1835950844708694e-06,5.289232738652026e-07,0.2999997615573508
18,2012-02-01,0.2999999029088745,0.09999845989479746,1.7829775693198558e-08,1.8719465392939706e-08,2.5534271171791522e-08,1.5483511740087064e-06,2.09766505814139e-08,2.545049935544461e-08,0.29999998420555496,7.808304493066504e-08,0.299999918045892
18,2012-03-01,0.29999976213989177,0.2999991051362135,3.6436394932987385e-07,3.8907442118691124e-07,2.0367626814785261e-07,3.070382635414608e-07,2.1303298739135826e-07,3.451586278779482e-07,0.2999987290279344,0.09998712786819866,1.3453483244373445e-05
18,2012-04-02,0.29999964778191457,0.21416801386250037,1.879166171472197e-07,1.456933391338947e-07,2.2521708743466453e-07,3.952315434205146e-07,2.3543189442653442e-07,2.87365400761321e-07,0.18583180123666126,7.944747468134691e-07,0.2999982657882945
18,2012-05-01,0.2999999205525516,3.1646830294624856e-06,1.713682608641376e-08,1.2926330444791488e-08,3.68957398823047e-08,0.2999997541949168,3.430128251462707e-08,4.292976683234505e-08,0.09999705714220904,5.5871676941032344e-08,0.29999990336567045
18,2012-06-01,0.2999999083662189,3.177301058518157e-07,3.536292228715642e-08,2.804291643988755e-08,0.09999792054467259,0.299999967643049,4.4353725615850243e-07,1.516981796032316e-07,1.2334604980881208e-06,5.493517692599579e-08,0.2999999386790042
18,2012-07-02,0.29999609675670885,1.0110140702249082e-06,4.969676335449192e-07,4.041689591661537e-07,0.10000082754408407,0.2999993388187451,1.1572543516691798e-06,1.0972852337534243e-06,1.1039735573067596e-06,5.041482389615216e-07,0.29999796206841745
18,2012-08-01,0.09962949163643084,1.293065963494673e-06,5.319917620691325e-07,5.353172232291939e-07,0.0003639271615330815,0.2999994279419789,1.3990764782033694e-05,1.8514968551110597e-06,0.29999132548634994,6.455002307224636e-07,0.29999697963689065
18,2012-09-04,0.10000252210856309,9.690474736130187e-08,4.6174578050983984e-08,4.435810266009302e-08,0.29999588180667824,0.299999959246376,4.225066343981448e-07,1.6233056430416046e-07,1.3858259249382776e-06,5.705444656522583e-08,0.2999994216833845
18,2012-10-01,0.2999987061282484,3.233432202106761e-07,1.78429451014324e-07,1.421097225262866e-07,9.547386823946898e-06,0.2999998337592056,3.148674621206566e-06,5.582905121184395e-07,0.29999824712604684,1.6333748537002768e-07,0.09998915141466279
18,2012-11-01,0.0999976762590924,6.886653076188784e-08,3.736380333043312e-08,3.0871717755241144e-08,0.2999998055463137,0.29999997103680126,0.2999997533468936,2.988392465231277e-07,3.614283945681838e-07,2.8350682797806547e-08,1.9680905234105656e-06
18,2012-12-03,0.2999990001136113,3.5694637705289315e-07,1.5516216179247878e-07,1.0765063824200586e-07,1.5288332348800055e-06,0.2999999262520292,0.10002445790760804,9.250129402048415e-07,1.31838876639779e-06,1.0741008390126807e-07,0.29997211632254905
18,2013-01-02,0.299999763209053,3.931770910978389e-08,1.960252520210584e-08,1.6155472872618977e-08,1.1230430340362212e-06,0.29999999106532754,0.0999989892077543,8.031978744697814e-08,1.1242709059649013e-07,1.3289949597977602e-08,0.2999998523622962
18,2013-02-01,0.10000760989223635,0.29999612331967623,5.087333077704152e-07,2.6060620543776886e-07,5.154579004494319e-07,0.29999895267778903,4.944886868952475e-07,3.7397464453934226e-07,3.2524256795810164e-07,1.1751936244674814e-07,0.2999947180876229
18,2013-03-01,0.2999998994383016,0.2999999620557505,7.768962842289195e-08,1.6930250851782787e-08,2.132235849733971e-08,0.09999971919314232,5.037058230462283e-08,2.9243746407155015e-07,5.293795047118393e-09,5.992566789165304e-09,0.29999994927615947
18,2013-04-01,0.29999978842495223,0.2999999163909711,0.01122752717495442,1.1730971723984315e-06,1.1567425293121263e-07,1.2573503168732074e-07,2.3309672503410368e-07,0.08877110647482395,5.180456966334307e-08,8.42576511928308e-08,0.2999998778688954
18,2013-05-01,0.2999996331036192,0.2999999305462931,0.05237542578761135,2.5193593722038224e-08,5.1642282358785174e-08,0.04762460924933383,9.540479666623824e-08,2.3570459412855211e-07,8.317842418026833e-09,1.1945266452866477e-08,0.29999997310476684
18,2013-06-03,0.29999987956180846,0.29999991655305297,0.0007493698620983536,6.401320996587651e-08,9.769239237840334e-08,1.0516105680718939e-07,3.303966555444984e-07,0.09925026599143406,2.1202171254200737e-08,3.456940693395777e-08,0.29999991499671336
18,2013-07-01,0.2999999441304893,0.29999996466612805,0.09999953063131506,2.4981550333593418e-08,5.6049020461598963e-08,5.3745928779070465e-08,1.5370472595303226e-07,2.663414184176946e-07,6.231221906432043e-09,1.4021670332161277e-08,0.2999999854965314
18,2013-08-01,0.2999998473121265,0.29999994196336494,0.18175998012594657,1.5411499422273587e-08,7.275805175206406e-08,6.358696872978705e-08,1.8252749277840392e-07,1.2083418752709696e-06,8.213271458398527e-09,1.8640515705484364e-08,0.21823866111888693
18,2013-09-03,0.2999994793334389,0.2999999108096831,0.14764828960372847,3.785700891255222e-08,2.8681726222779584e-07,2.5975328838031546e-07,5.562918990014919e-07,0.16226696082526257,3.5026793513843614e-08,5.8675268399330646e-08,0.09008412500636653
18,2013-10-01,0.29999994924078555,0.29999998191688865,0.29999993605025405,1.6799638221658237e-08,1.1598380968735032e-07,6.311516873184034e-07,1.4831345708006322e-07,0.09999912821252446,7.832422318551879e-09,1.1792413492448682e-08,7.270611919173577e-08
18,2013-11-01,0.2999979958949264,0.29999941972187527,0.2999983925771241,6.62251142998397e-07,1.7238895934594023e-06,1.6737075168096867e-06,3.704580266063517e-06,0.09999278490685658,2.453927322878204e-07,3.8386482452477325e-07,3.0132131417261943e-06
18,2013-12-02,0.29999994005890496,0.2999999599100155,0.2999999360687666,2.656016333496577e-07,6.562023718880796e-08,3.595389399579484e-08,1.2155269733709414e-07,0.09999936733128917,2.1347605192150708e-08,8.508485699546114e-08,2.014700997330926e-07
18,2014-01-02,0.2999999748839833,0.29999998233590747,0.29999997486325564,3.609952956342827e-08,3.923184002175105e-08,2.1422007360709285e-08,1.3005360629346664e-07,0.09999973637703727,9.699893500897883e-09,4.23836271793009e-08,5.264931237964584e-08
18,2014-02-03,0.29999924848065374,0.2999996449426935,0.2999992728604178,2.820030483095395e-07,8.780455190773852e-07,4.781806547397176e-07,1.515771407749419e-06,0.09999731622309406,2.064404785367359e-07,3.5944248704911374e-07,7.976095456295023e-07
18,2014-03-03,0.29999994765602506,0.2999999679240904,0.29999994536742147,5.226111264024473e-08,7.944492089151956e-08,4.836724383234393e-08,1.620191964845435e-07,0.09999927187755407,2.0501783060417796e-08,3.5990122608298775e-08,4.685905293088525e-07
18,2014-04-01,0.2999999452230227,0.2999999844723796,0.29999994857775847,2.355077984009422e-08,4.589829517800725e-08,3.4302050811177746e-08,9.478612198306185e-08,0.04211362520619259,5.82319578478003e-09,1.6673822306073695e-08,0.057886275486380846
18,2014-05-01,0.29999948643715113,0.2999995505136545,0.2999991542689243,2.649046133475509e-07,2.743517637331761e-07,2.5276899336337015e-07,3.562156090461885e-07,1.3509564512439336e-06,9.675422934728645e-08,2.0872620881127505e-07,0.09999900410240109
18,2014-06-02,0.29999957135960276,0.2999994659985223,0.2999987476591069,4.046707507766001e-07,3.8078975700420205e-07,3.8394090293884864e-07,5.752791999019136e-07,1.2861109000974384e-06,1.181050485757091e-07,2.3187832434684815e-07,0.09999883420788439
18,2014-07-01,0.2999999921005207,0.299999986388256,0.2999999719908178,1.0993540587503294e-08,1.655223268294244e-08,2.0045210491514124e-08,2.73478339385667e-08,7.181668028965962e-08,4.891853084383971e-09,1.0033668434526275e-08,0.09999988783938586
18,2014-08-01,0.2999997459933072,0.299998358968957,0.29961776681900315,3.494912221806671e-07,7.893794234016087e-07,2.421433378684788e-06,1.623997384206095e-06,1.618753482126803e-06,1.5341059843645357e-07,2.4482595288300737e-07,0.10037692692729065
18,2014-09-02,0.2999999100187255,0.2999997133635496,0.2999961546181962,1.4012058486919484e-07,1.9331910490741167e-07,2.0203349938807355e-07,2.545809691129277e-07,3.4653925373211765e-07,7.16240691810051e-08,1.0988742780775972e-07,0.10000290389461972
18,2014-10-01,0.29999993738311054,0.2999982760723804,0.29999729226975963,1.2564666709719038e-07,2.7848925289647075e-07,0.10000185186294218,8.439702291972479e-07,8.417145970460161e-07,5.0869381570849486e-08,6.895842952119817e-08,4.3276324989829633e-07
18,2014-11-03,0.29999994690978027,0.29999989032223595,0.09760011914191533,1.7281353214554427e-07,4.4739336103820415e-07,0.0023103381036044647,4.520261556487336e-06,8.52630589332066e-05,6.513388552882211e-08,7.424827068556055e-08,0.29999916261292503
18,2014-12-01,0.29999964750176084,0.2999932190024246,1.6984341438052164e-06,8.215837322664342e-07,1.2261898354645553e-06,0.10000561758227729,1.8869739833633636e-06,1.403959646977802e-06,3.395869017367929e-07,2.582576628802995e-07,0.2999938809276309
18,2015-01-02,0.29999989704794217,0.27703337400273903,1.830905563335945e-07,1.2932002287716577e-07,1.662353662380604e-07,0.12296771957584508,2.4905193188629085e-07,1.6011193125072814e-07,8.166345624651588e-08,3.720684543966459e-08,0.2999980026933636
18,2015-02-02,0.2999999787543112,5.674257780478989e-08,4.1315672747037636e-08,3.264883637619489e-08,1.3815001369475447e-07,0.29999998029495256,0.09999971627993545,4.7923691631761506e-08,2.2107414000830483e-08,5.017324880664011e-09,0.29999998076526957
18,2015-03-02,0.29999993664785735,0.10000066555777597,3.7827665764725125e-07,2.389273492349814e-07,1.8760700210390564e-07,0.29999837573411237,2.654807960291258e-07,1.6689282307652943e-07,4.206775414534958e-08,2.1817201928210802e-08,0.29999972099067
18,2015-04-01,0.29999995229363363,0.09999985501413533,4.796532562317123e-08,3.9432748857860204e-08,6.693434972474764e-08,0.2999999014430409,1.1008386488545982e-07,5.443569806151404e-08,1.8557367534836975e-08,8.886257742504079e-09,0.29999994495357774
18,2015-05-01,0.2999999369867771,0.09999950429986246,1.4590303981268514e-07,1.3989998730094208e-07,1.9891297437032777e-07,0.29999980397079606,3.131279998279343e-07,1.30008711966346e-07,3.659015229996955e-08,1.79856313958163e-08,0.29999977231406727
18,2015-06-01,0.29999944372298065,0.09999531621817803,1.1891886767296092e-06,7.710544675247221e-07,1.5654386192401276e-06,0.2999992174063429,1.5830076278344574e-06,1.1227521852669873e-06,4.728467806737161e-07,1.4567037795170877e-07,0.2999991726937633
18,2015-07-01,0.2999997644097936,0.09999830168836829,2.2586300953837655e-07,1.9377599860994757e-07,1.0896755694596305e-06,0.29999968534586746,5.538849652757102e-07,3.194587479636569e-07,1.6733698349912584e-07,2.6133878720921013e-08,0.29999967242681763
18,2015-08-03,0.29999993341955755,0.09999912171311237,6.260739936648803e-07,1.9868963895918138e-07,4.84608988973771e-07,0.29999920599997926,3.1757856015612806e-07,2.0659151989443503e-07,6.260218053056258e-08,2.140287596038937e-08,0.29999982131959263
18,2015-09-01,0.29999994830806165,1.5371810378026643e-07,4.8630676742256345e-08,3.162978730436698e-08,0.09999960345895006,0.29999994126674034,2.610600896618025e-07,7.899196042777828e-08,2.3470590420384242e-08,7.62424031955381e-09,0.2999999018407992
18,2015-10-01,0.29999996407754986,3.1420583861712594e-08,1.5358706431099223e-08,6.915590355341853e-09,0.09999990034868539,0.2999999611530942,1.1889964712199612e-07,2.5598484033712157e-08,1.0366264591811163e-08,1.7058876994230894e-09,0.29999996415550645
18,2015-11-02,0.2999999612624034,2.199300765454253e-06,8.864686045452023e-08,5.283473029631234e-08,0.09999749082929135,0.299999797455519,3.399268039215188e-07,1.3050983582171644e-07,5.4935232976578196e-08,1.5975182698890856e-08,0.29999986832337444
18,2015-12-01,0.2999998613713733,0.09999823904276244,2.9958830780597556e-07,1.6036651413836554e-07,3.2199898441956812e-06,0.2999981195873225,1.1377962317081324e-06,3.429132344892579e-07,1.7466743678406206e-07,5.2637888708453006e-08,0.29999839203908407
18,2016-01-04,0.2999999699806943,8.255741995449162e-08,2.9635413597771463e-08,1.1614298532559506e-08,0.099999663462475,0.29999997513837523,2.3706063736565268e-07,4.048035417587534e-08,1.4661298626434215e-08,4.4343517110629375e-09,0.2999999709746816
18,2016-02-01,0.29999787612862683,3.969241598691414e-07,2.030543404386978e-07,4.420316637974848e-08,0.10000352922995301,0.29999911469541574,6.866188565913422e-07,3.21809835798331e-07,2.03911800154799e-07,2.467200901939909e-08,0.2999975987518362
18,2016-03-01,0.10000012048423523,1.342307498093808e-08,8.028077810414082e-09,3.4029074391388475e-09,0.29999985708074667,0.2999999705092048,4.170654397170704e-08,1.3876869142882552e-08,2.1445951275051573e-08,1.884316199060933e-09,0.2999999481580726
18,2016-04-01,0.2999998287235973,6.352464282472181e-07,1.0542604648651045e-07,6.258895318482744e-08,0.09999847435898941,0.2999998304717257,6.511248292770683e-07,1.3555473063397343e-07,3.304046166940569e-07,1.4139101665735095e-08,0.29999993196098146
18,2016-05-02,0.0999979705360342,1.834339597592208e-07,1.1649092896529459e-07,4.466950037647838e-08,1.844495801598314e-06,0.29999971584164997,4.7350398042760625e-07,1.4772167886826536e-07,0.29999978502777386,1.537736829111928e-08,0.2999997029013238
18,2016-06-01,0.2999994666332499,5.463510629694867e-07,1.9314520579191082e-07,5.525136777161092e-08,0.09999808464302071,0.2999995021392984,1.0012295066015496e-06,3.1033205810480185e-07,1.2408023732094446e-06,2.837498462351556e-08,0.299999571097872
18,2016-07-01,1.5031932899174127e-06,1.7192231988890744e-07,1.4343482008978117e-07,8.269364200057761e-08,0.09999790284855468,0.29999968036938096,1.168744139554595e-06,2.4153693419604294e-07,0.29999929107422046,3.948249344749334e-08,0.2999997747002047
18,2016-08-01,0.29999995967304055,0.2999997571250919,4.9182073425692736e-08,3.567147630141302e-08,1.0239812305996854e-07,0.09999979516964559,1.0609471692768385e-07,6.073291330907819e-08,1.8727245725635106e-07,1.1729286613040682e-08,0.29999993495117505
18,2016-09-01,0.2999999517390879,1.0727933410637374e-07,2.5839865000467494e-08,2.4313633116894376e-08,2.2332842238145459e-07,0.29999991603527415,2.623535670179764e-07,6.768682008079912e-08,0.09999948680089216,4.989322973892224e-09,0.2999999296337813
18,2016-10-03,0.29999838195413353,1.5914701271233982e-06,7.63804331609356e-07,7.425879252724207e-07,2.27120379581039e-06,0.1000070130278366,2.603100747700495e-06,1.7222107024422192e-06,0.29999491780234583,3.6129449833533943e-07,0.29998963154355585
18,2016-11-01,0.29999541916145683,1.3849367218543915e-06,4.86010867528952e-07,4.453458369491098e-07,2.021692564200749e-06,0.2999931919547697,3.368963674915074e-06,1.4868296896081465e-06,0.1000095308208119,1.809231338317936e-07,0.29999248336047274
18,2016-12-01,0.29999912525437694,0.29999912470423507,3.816587694249079e-07,4.2686441453673664e-07,1.9531059379629784e-06,3.271996164637361e-06,0.09999167388930638,3.275998077715171e-06,1.255560601659652e-06,2.711546121778818e-07,0.29999923981350335
18,2017-01-03,0.29999914236974323,0.2999991447032137,4.4295281801654704e-07,3.8485071310862414e-07,1.098563375952804e-06,0.0999951672572442,1.887948802763216e-06,2.358190498259929e-06,6.611316961381544e-07,2.915764216849958e-07,0.2999994204554728
18,2017-02-01,0.29999976465923256,0.2999997330872274,3.480228070268692e-08,7.793382959651934e-08,5.4805902840953054e-08,6.567546322384489e-08,9.208471654108661e-08,6.99641702087464e-08,0.1000003873864338,6.204481002734365e-08,0.2999996575559329
18,2017-03-01,0.29999892748723966,0.28726019724157426,4.240559170419019e-07,1.3105668034706737e-06,7.067293185228472e-07,1.40521012884946e-06,1.9731699358686106e-06,1.678611422896208e-06,0.11273571037613045,4.170634786643368e-07,0.29999724948805034
18,2017-04-03,0.2999995126460959,0.2999990271104571,7.015289982951317e-07,0.11386758458195266,4.36764788472515e-07,5.844628785172858e-07,1.0152412147053002e-06,0.19581027939412082,0.09031490398428618,3.2516371300616683e-07,5.629121494532188e-06
18,2017-05-01,0.2999993188515446,0.29999935496371555,2.6891140772236464e-07,0.171901169028458,2.7193732849741526e-07,4.645769733106325e-07,7.041907145928733e-07,1.4130063066949756e-06,0.22809633097214987,6.951944981094256e-08,6.340419512385085e-07
18,2017-06-01,0.29999964518046185,0.10000064045415745,6.340567858911313e-07,0.2999997897367427,9.085684305642258e-08,1.511431976030155e-07,1.9202392034505473e-07,8.363404756343915e-07,0.299997573218739,1.0728252551333687e-07,3.397061508848973e-07
18,2017-07-03,0.19229563953140572,0.2999972888250308,8.248366526745865e-08,0.29999920142831416,5.780895155676952e-08,1.1610566519200439e-07,1.2348152768926252e-07,3.721325400283077e-07,0.20770699134672502,5.580271212280702e-08,7.105346228712208e-08
18,2017-08-01,0.2999997639494733,0.2999997185126334,0.04135786421561033,0.2999998115270181,1.5000927522953033e-07,1.854286086139765e-07,4.2747678507857183e-07,0.05863918702603331,1.7089992045929385e-06,6.819795950721204e-07,5.008757630339739e-07
18,2017-09-01,0.29999915562215207,0.29999931264903057,0.0999991954381445,0.2999996934167904,1.7668116277948442e-07,2.101530435638289e-07,3.5829515842733303e-07,6.397300939996022e-07,2.729909565496931e-07,5.457538794779507e-07,4.3926958763575506e-07
18,2017-10-02,0.2999995285622071,0.2999995786468271,0.09999973974177219,0.2999983618177559,7.313773940155363e-08,8.357854103020134e-08,1.678174182014326e-07,7.887907142669488e-07,1.4111800949704077e-07,1.4249202864330835e-06,1.1186872901366758e-07
18,2017-11-01,0.2999999648540034,0.29999993105592204,0.09999914005231039,0.2999998779856374,7.593181680356846e-08,1.0079556967296251e-07,1.5251258721768042e-07,3.835642697988491e-07,6.835688281277926e-08,1.8961521123190043e-07,1.152757892885737e-07
18,2017-12-01,0.2999998930757291,0.2999999139849789,0.09999915163833521,0.2999998595654868,7.89485332756153e-08,1.0029569615790248e-07,1.652300071475516e-07,3.2171383030604196e-07,1.6058126007203135e-07,2.0699586897308819e-07,1.479702740481557e-07
18,2018-01-02,0.299999985117458,0.2999999417200938,0.10000010583573983,0.2999998803440191,8.501150455849092e-09,7.859738427732972e-09,1.4508878340704763e-08,2.1358634292407703e-08,8.950080609313268e-09,1.5834232821452456e-08,9.969974386356299e-09
18,2018-02-01,0.29999991692790895,0.10000183577301229,0.2999977703444746,0.2999996680610756,4.765476444675779e-08,3.867705414870372e-08,7.988872421433085e-08,1.3474614307844512e-07,6.688990270488657e-08,4.0349105986866437e-07,3.7545880113383796e-08
18,2018-03-01,0.2999998658270072,0.10000181142001964,0.2999968583413494,0.2999989234114599,1.4717076215600412e-07,1.0922762739324721e-07,2.007165258681551e-07,3.4445886354247755e-07,2.1568460964118142e-07,1.4287117205376335e-06,9.503005484238289e-08
18,2018-04-02,0.2999999484959132,0.2700868537302902,0.12991306950081574,0.2999998397881764,2.576854048954666e-08,2.3361472204424342e-08,3.4455127127952774e-08,4.569045694747245e-08,3.4505409487035724e-08,1.0436460189755929e-07,2.033919643644925e-08
18,2018-05-01,0.2999999825399876,0.29999983212446807,0.2733001627142229,0.12669994040326657,4.877608612348495e-09,5.043625507618882e-09,6.431062266330729e-09,9.436830540173483e-09,7.961717648534958e-09,4.313825867703012e-08,5.328951529259418e-09
18,2018-06-01,0.29999994216003834,0.09999885955712898,0.29999895683726335,0.2999980219069824,9.385379295155423e-08,1.7365043634517097e-07,1.2125478911656755e-07,1.4724657288889022e-07,3.0577528764693e-07,3.26709671123906e-06,1.1066099669569182e-07
18,2018-07-02,0.2999999493507925,0.17016300313156096,0.22983867350470377,0.29999757636634095,7.303872910030255e-08,1.6271073128618439e-07,7.936152864309722e-08,8.73813713872998e-08,1.5322067961813883e-07,1.6966140215707406e-07,7.22721596806546e-08
18,2018-08-01,0.2999999869811137,0.299999782323351,0.2999991716238607,0.10000081340205107,2.092463991198633e-08,4.6902390116422294e-08,2.989934227279675e-08,3.1722413720433365e-08,2.2048642523278088e-08,6.718260457515265e-08,2.6989590344093308e-08
18,2018-09-04,0.2999998383381718,0.2999995772730143,0.29999752927046097,5.5256876545867785e-06,6.311654834895941e-07,0.043436887296940105,7.944191748231181e-07,8.330700735683139e-07,3.1009319406498737e-07,0.056557266898635106,8.064871973768812e-07
18,2018-10-01,0.2999999230488341,0.299999727260547,0.09999934190662427,3.2084119577444593e-07,1.762351804322693e-07,3.3447758788341566e-07,2.76938575481164e-07,4.028324976003383e-07,1.0178818357275715e-07,0.2999991616561985,2.3301457531277842e-07
18,2018-11-01,0.2999998407445731,0.29999960464406783,0.01797966087811278,5.5359893044274986e-06,5.774611648887858e-07,5.293408003755866e-07,8.266617633729817e-07,0.08200813809242923,4.942615352409624e-07,0.29999969176434726,5.1001619015414765e-06
18,2018-12-03,0.29999950392128816,0.29999904238962327,3.9013672280337305e-07,6.449298948245326e-07,4.028685810320123e-07,3.95745524983166e-07,4.030071352894287e-07,2.393499426956951e-07,3.941200809418774e-07,0.2999981424427556,0.10000044108845038
18,2019-01-02,0.2999999758876114,1.0682198189271247e-07,4.9317629788824634e-08,2.3410012518346558e-07,6.493069261568942e-07,0.09999920158612575,1.0407015130936437e-07,1.415433113562426e-07,0.2999996554488663,0.2999998064338668,7.548340402309578e-08
18,2019-02-01,0.2999998889399568,0.29999870631171704,2.66434762429317e-07,1.108810799420086e-06,4.2522444121609156e-07,6.074904581436913e-07,4.261590079834538e-07,7.560544301169132e-07,8.678953104169206e-07,0.09999785003424036,0.2999990966448762
18,2019-03-01,0.29999996074216445,0.29999994422640713,6.92817958313837e-08,6.839994437607203e-08,6.377111898201779e-08,5.8802757451658434e-08,6.752835042730469e-08,4.875083642083429e-08,6.277132285267722e-08,0.10000216003691885,0.29999749568838313
18,2019-04-01,0.2999997508588305,0.29999483894661894,8.074886939059038e-07,1.285029999899152e-06,2.0882990686349503e-06,0.09998346943909604,2.0583378702887813e-06,1.0233674586648057e-05,9.956684757309593e-07,5.454245937519864e-06,0.29999901801082185
18,2019-05-01,0.29999943269733165,0.2999963776354964,1.8533105151513682e-06,1.8859396642600521e-06,2.6925169694848096e-06,3.0321206180560374e-06,2.9558186420069696e-06,0.09998910191555022,1.8519981015175249e-06,2.63667911633548e-06,0.2999981793679948
18,2019-06-03,0.29999906674129345,8.904184843942318e-07,6.99165698014394e-07,6.501234945534487e-07,0.09999340191881026,0.2999955693704323,8.438009647579608e-06,1.5130948129479211e-06,9.94884269815232e-07,6.757747162743068e-07,0.2999981004983403
18,2019-07-01,0.29999942686012515,3.9733695729599095e-06,9.992122446536776e-07,7.032560450814373e-07,1.329215989764078e-05,0.2999923644545345,1.2478928870965712e-05,1.4687655951790875e-05,0.09996342772789349,7.595074232102684e-07,0.2999978868674406
18,2019-08-01,0.29999902793851296,1.3541001642055366e-06,3.237458215162702e-07,1.6978024577930447e-07,0.09999354255970894,0.2999985815943088,2.477700784190257e-06,3.2496040327410835e-06,1.5927392809851006e-06,3.3634987117975693e-07,0.2999993438872687
18,2019-09-03,0.2999998476553773,1.754433588195399e-08,1.2236120366147435e-08,7.204468050685343e-09,3.4980831446312893e-07,0.29999997347545604,0.0999994138476798,4.0560599656135434e-08,3.41686355023706e-07,8.724420443412918e-09,0.2999999872568731
18,2019-10-01,0.29999807430810005,1.1727646207845865e-06,8.301287241295652e-07,4.5995603070583107e-07,2.1342678852462853e-06,0.2999980367352848,0.09999412476001952,2.538823718352565e-06,2.882273813998363e-06,5.034182739084635e-07,0.2999992425635285
18,2019-11-01,0.29999884056879006,8.203789617900999e-07,5.820257097578539e-07,3.9503717167101805e-07,2.377094772929648e-06,0.2999982962849852,0.09999578970151336,1.2757966301674533e-06,1.929462201033245e-06,2.8742457402566244e-07,0.2999994062246901
18,2019-12-02,0.29999992656831337,3.199005068889679e-08,3.4280710251956205e-08,2.0052275031754985e-08,1.4309586474561744e-07,0.29999991000842696,0.0999997429616487,7.152643996024686e-08,1.623167119596778e-07,1.233933853740317e-08,0.2999999448602198
18,2020-01-02,0.2999999060985775,7.15114886886159e-08,1.0120234330304898e-07,1.1683391295366187e-07,1.3168223894041128e-07,8.598290031121591e-07,0.09999917830022532,1.5252340409808142e-07,0.29999962604079816,3.330825901505056e-08,0.2999998226697488
18,2020-02-03,0.29999975926278133,1.3380817390080816e-08,2.2799314474108215e-08,1.8017777371372935e-08,7.6725713522071e-08,0.29999982168780465,2.8747699463958545e-07,4.0186563140868955e-08,0.2999999095857076,3.3534991858919584e-09,0.10000004752302677
18,2020-03-02,6.731120950756628e-07,2.3616915202304305e-08,5.3831211550134e-08,6.893075299696908e-08,0.09999917089413345,0.29999992648418705,0.2999997498906954,1.5091890713673667e-07,0.2999998609755622,1.424796170581667e-08,3.0709757831918435e-07
36,2010-04-12,0.299999881659528,2.342898896600286e-08,1.8383881723306685e-08,0.29999997099575104,5.790062955734226e-07,1.197195927881385e-07,1.1942260167882176e-07,5.5940523897246915e-08,0.29999997835515396,2.5184657653501026e-08,0.0999992279030246
36,2010-05-03,5.402596743030602e-06,1.4167883882884545e-06,6.477697001067621e-07,0.29999833734714276,0.12759104653502917,1.919855720346136e-05,7.325600393127112e-06,3.163875090044476e-06,0.2999993802280516,1.7970313866653135e-06,0.2723722836708717
36,2010-06-01,1.0966928210456152e-06,6.579903083356607e-07,3.4251082314566784e-07,0.29999522021361896,0.10001866642593608,0.2999708179431238,2.5330982477056505e-06,1.1162488825639815e-06,0.29999974123462086,6.946295462798769e-07,9.113012071263467e-06
36,2010-07-01,2.8020285434073797e-08,1.7690161576512164e-08,1.0830937106177647e-08,0.10000041297995484,0.2999989937643889,0.29999985688420977,1.285019081190859e-07,5.314743490052285e-08,0.2999999928609896,2.140165498116782e-08,4.839180748210199e-07
36,2010-08-02,8.027402718548818e-08,6.469947389898993e-08,4.030047288625467e-08,0.291404864811076,8.588665526339605e-07,0.1085942152208052,3.329699336721678e-07,2.4437318190946945e-07,0.2999999399805733,6.30345195171831e-08,0.2999992954693838
36,2010-09-01,3.2047117561502515e-07,2.5054573898158776e-07,1.7415459744017974e-07,0.10000107823387443,6.06247702167084e-07,0.29999790129093984,6.447579606484414e-07,7.232853700875939e-07,0.29999987557685903,2.922919705619134e-07,0.29999813314381135
36,2010-10-01,1.371347288372971e-06,1.1199584069035755e-06,5.756871049639036e-07,0.10006780554934885,2.9463751665846765e-06,0.2999317757342143,3.1706534205367673e-06,2.394270685240961e-06,0.2999995766970408,8.392516060007229e-07,0.2999884244757175
36,2010-11-01,5.661496929898084e-07,5.312914062297315e-07,2.8971567107601204e-07,1.459610142006614e-06,0.2999891240647395,0.10000560045737877,3.081160900499108e-06,4.6793725991251315e-07,0.2999996105899969,3.6093440118474653e-07,0.2999989080884109
36,2010-12-01,5.439408820707361e-07,5.797987476379445e-07,1.4999325007150323e-07,0.2916626215152858,0.1083297205249458,2.505909392647846e-06,3.1088697316601876e-06,1.1391384073788547e-06,0.29999984446750716,2.0777516897155663e-07,0.29999957806668076
36,2011-01-03,4.139257745309191e-07,4.7385259063369134e-07,9.041534839610772e-08,0.2732323871963368,0.03729694521558716,2.200731326595205e-06,0.04698362659392291,0.04248414646416444,0.29999990461418174,1.0553653199897134e-07,0.299999705454235
36,2011-02-01,0.29999180992185653,1.5278817581889446e-06,2.9093357084986135e-07,0.0771068766849934,2.279310175697495e-06,1.3248502831597159e-06,3.423217107672395e-06,0.022893437059377474,0.29999950157450106,2.8429504422374994e-07,0.2999992442713319
36,2011-03-01,0.29999852676539657,0.08959467356124026,3.441971152402871e-07,2.4550240572855925e-06,1.24938994485278e-06,1.5067785618408542e-06,3.6365392385109384e-06,0.010398616858415031,0.29999931647486405,2.1919388135726308e-07,0.29999945521728494
36,2011-04-01,0.29999718768766426,2.619799879857886e-06,5.133344716840769e-08,0.07902978188653628,2.1136144003512219e-07,2.284596234493154e-07,1.128057600409463e-06,0.02097162681322678,0.29999992676960713,4.678725785143358e-08,0.29999719104371675
36,2011-05-02,2.8323621490562255e-07,0.2999992812231724,7.377631905512618e-09,0.011101539226245903,8.87118695956787e-08,1.2367335183536142e-07,0.08889852670674152,1.839277396157259e-07,0.2999999951819494,6.458885250618975e-09,0.29999996427619774
36,2011-06-01,4.054014676431404e-06,0.29980792233892933,4.985862262813534e-07,0.005990813492637421,3.3776660955432554e-06,1.8221994230887727e-05,0.09415489559794668,2.118316504741688e-05,0.2999995694620345,2.94666009452017e-07,0.2999991690161661
36,2011-07-01,0.08021420277939466,3.6327919522178774e-06,1.1262080026996613e-07,0.19609569055832896,6.39500033802561e-07,5.830436964832835e-07,5.365678921891832e-06,0.12368005628140412,0.2999998715353194,4.548721953325139e-08,0.2999997997229286
36,2011-08-01,1.4938778430696193e-06,3.620568352446902e-07,1.472623211408209e-07,0.27447903128695716,1.017595409656961e-06,1.7644683509155803e-06,0.125515145860998,1.5845630134611e-06,0.29999986131539885,7.775183601666198e-08,0.2999995139610366
36,2011-09-01,0.017428257500747266,5.702689286502488e-08,3.4649537281793783e-08,0.2999999120298872,1.482512101497061e-07,0.08257119681042312,2.8730666699721414e-07,1.530642587203298e-07,0.29999998500397224,1.86811008901497e-08,0.29999994967530336
36,2011-10-03,0.2999996398967121,2.1276342112655482e-08,1.500372941483215e-08,0.10000033423011655,2.6937787743581582e-08,1.1288662938631398e-07,1.1821966739487479e-07,3.956911281346595e-08,0.2999999854197372,7.888566255069636e-09,0.2999996986715991
36,2011-11-01,0.29999572624715587,3.301799229998975e-07,2.2575586514053188e-07,0.0911933066536346,4.6211628697013345e-07,0.008805246940879181,2.539955642824043e-06,5.307130595743339e-06,0.29999981524479646,1.6777990457348292e-07,0.2999968719953156
36,2011-12-01,0.29999982695700617,3.461404420738927e-08,1.2044799727824942e-08,0.092070286867942,1.6504853332291794e-08,3.6279837220941764e-08,4.527860356234946e-08,0.00792977572404497,0.29999997666271566,1.1486729240851647e-08,0.299999977579424
36,2012-01-03,0.2999982762894966,1.4968820516540894e-05,3.681666780356255e-07,0.09998580337222282,2.49563073832732e-07,2.626238784721599e-07,3.4091018907171447e-07,1.204343501770725e-06,0.2999984459248425,3.376047722624816e-07,0.2999997423808282
36,2012-02-01,0.29999983272559655,1.3798048540519558e-07,2.3774755417116714e-08,0.11389464684231132,1.9861870534418955e-08,2.863812390425558e-08,2.434404538880212e-08,4.1614753150765945e-08,0.28610525052036523,2.120877174818571e-08,0.2999999724889212
36,2012-03-01,0.2999999097694957,4.6146018540329445e-07,5.913205996492739e-08,0.15454034918479062,5.9516244717617755e-08,2.0269081830589078e-07,1.1557358016331213e-07,6.360984321368995e-07,0.24545819538974942,5.7573595497373574e-08,0.2999999536110482
36,2012-04-02,0.29999945807120915,0.11565127119727132,4.563830394692144e-07,1.223363976626256e-06,2.584086468103337e-07,3.5403174694955584e-07,5.264367413603907e-07,1.0319569103995982e-06,0.2843451942110504,3.918485220860897e-07,0.2999998340908853
36,2012-05-01,0.2999992809255897,0.10000684832704052,1.7886979117464067e-07,2.0170267932846896e-07,9.139105481268023e-08,1.261601075975294e-07,1.2658288474274487e-07,1.8793456533333034e-07,0.29999289685715086,1.634908816123316e-07,0.2999998977582543
36,2012-06-01,0.29999983427095434,0.21295226340308254,4.9476748166909344e-08,6.805717862441206e-08,8.761736418051967e-08,0.07845284938602275,1.1198243092585082e-07,1.479665983086952e-07,0.10859459504661077,4.675440753952521e-08,0.29999994603860186
36,2012-07-02,0.2999974481058651,0.1568471251627205,6.176646009721815e-07,8.648151420212832e-07,6.847075362196004e-07,1.6051007442860776e-06,7.741391533587255e-07,1.169578294382365e-06,0.24314969423117722,5.191131860714305e-07,0.2999994973815798
36,2012-08-01,0.2999999377325565,0.09999902935658643,1.723175773639637e-08,2.4980556668765776e-08,2.8289868640715155e-08,9.143917912205929e-07,3.1249802252374706e-08,4.33280573583032e-08,0.29999996131265944,2.1222505859765274e-08,0.2999999909038579
36,2012-09-04,0.2999995962090565,0.09999887052797027,1.3108438234940614e-07,1.7938422625591572e-07,1.8351589372539626e-07,6.195690185132704e-07,1.9849668301003487e-07,3.728084005614806e-07,0.2999996669008361,2.7564272840849063e-07,0.29999990586080433
36,2012-10-01,0.299999882878874,0.09999977007171068,2.550197600631077e-08,4.262364251413161e-08,5.255750614726228e-08,1.8552129889838213e-07,6.051865898943956e-08,8.461941351850775e-08,0.29999985645317057,8.429932341029924e-08,0.2999999549544252
36,2012-11-01,0.2999953509621924,0.1000033221839066,3.87842717039783e-07,4.996510531315247e-07,5.00897895471371e-07,1.5880997843467176e-06,5.938710177234895e-07,7.198021004622106e-07,0.2999969359972713,4.201103118649549e-07,0.29999968058174964
36,2012-12-03,0.29999979133345,0.2863371522749474,2.426839896692039e-08,2.5053155724516377e-08,4.367143988804502e-08,0.11366273840812699,4.7728133944715025e-08,6.014267168712804e-08,1.5076322315529735e-07,2.9101971147970342e-08,0.29999993725448104
36,2013-01-02,0.0002455621089113512,0.0997719273953441,2.1302371044232912e-07,2.2188598674123648e-07,2.6244827819497e-07,0.2999877744465552,2.6662831217540206e-07,2.758464607487703e-07,0.2999936997163595,1.8718630844068014e-07,0.2999996093137731
36,2013-02-01,0.29999459710873133,0.214154975369691,2.081207823995418e-07,2.0402288594009495e-07,3.229924184765217e-07,1.1273478872254683e-05,3.141029677358988e-07,3.4243999779769797e-07,0.18583796167283584,2.3409004841009377e-07,0.2999995666007689
36,2013-03-01,0.2999961741918701,0.29246116120179083,8.552631072572603e-08,7.484773003596756e-08,1.0838072421034727e-07,0.10754188379290398,1.1085000746878852e-07,1.292394490535455e-07,3.5023022145840813e-07,6.525061168974761e-08,0.2999998564883807
36,2013-04-01,0.29506043293447587,0.29999940344454684,2.0652297207886732e-07,1.5924902228536363e-07,2.742916112711309e-07,0.10493805620195418,2.621929867329447e-07,3.145390276002651e-07,1.2021366349574977e-06,1.888753291037249e-07,0.2999994996114391
36,2013-05-01,0.2999982034586794,0.10000201106384829,4.1596112812181153e-07,2.253668210533175e-07,3.284626554672478e-07,0.2999978685029865,3.2553797068458927e-07,3.889377067100151e-07,3.285384281960092e-07,1.6536782176165718e-07,0.2999997388019538
36,2013-06-03,0.2999999613743726,0.29999995013514236,8.563992665479218e-08,1.754355595181477e-08,3.394994258794423e-08,0.0999998298926216,4.1743629075368334e-08,8.206910915807734e-08,2.1271309924315983e-08,2.452940997831722e-08,0.2999999518509801
36,2013-07-01,0.29999922730113004,0.29999901903160925,0.008930942216239893,7.42759224461832e-07,1.6311199633351542e-06,0.09106205596626757,1.8806651716679495e-06,3.600453283030198e-06,6.268024911212625e-07,1.26886842503934e-06,0.2999990048161946
36,2013-08-01,0.2999999285930117,0.29999991481391525,0.012888928342940576,7.101244098102621e-08,2.1508517717428264e-07,0.08709596145905941,3.1656387869192545e-07,1.4376598050013e-05,2.2740114687655113e-07,1.922043451037933e-07,0.29999986792603417
36,2013-09-03,0.2999999292915221,0.29999991185437597,3.279799813923414e-07,6.146815162050519e-08,2.2810705852918089e-07,0.06307584537514768,2.98369113322521e-07,0.03692349557562065,2.520023979833877e-07,2.502472827656031e-07,0.2999993997293481
36,2013-10-01,0.29999987468108835,0.29999985428202425,0.014147582321327741,9.637493692135472e-08,4.802676314236902e-07,0.0784269153597801,5.678333883497125e-07,0.0074244854417864605,1.922277974001303e-07,2.1609029521344413e-07,0.2999997351199438
36,2013-11-01,0.29999987547593493,0.2999998745011056,0.01849626489448859,1.130607765908704e-07,2.702600356786681e-07,0.08150198705428173,3.6187502459785985e-07,1.3332540651975187e-06,1.2935818979585337e-07,1.412846915560828e-07,0.2999996489814058
36,2013-12-02,0.2999998278361993,0.2999997949872926,0.026573638719732718,1.3470644891218886e-07,3.547084482576082e-07,0.07342589612333326,4.864195594784824e-07,1.248666812058127e-06,1.2086248687313885e-07,1.478617266947102e-07,0.29999834910796
36,2014-01-02,0.29999999361488644,0.2999999912550399,0.002315378358703521,5.595477723449908e-09,1.6737749134340494e-08,0.09768461199226842,2.8029624729602962e-08,6.494261275288493e-08,4.595213923356653e-09,5.613456596818405e-09,0.29999989926496684
36,2014-02-03,0.2999999146109602,0.2999998766898264,1.282719238642981e-07,3.3367672762331875e-08,1.0286158631934487e-07,0.11658900912793946,1.3723456740212504e-07,1.6846968279088203e-07,3.879599526826128e-08,2.8374570205078078e-08,0.2834105621952754
36,2014-03-03,0.2999997821745926,0.2999994821678521,2.581812135448647e-07,9.332689292375209e-08,2.3085557670195757e-07,0.10714993593182093,2.5581080623693706e-07,2.1219529914123758e-07,1.006634682322294e-07,7.98548599983585e-08,0.2928495688376177
36,2014-04-01,0.29999996162858517,0.299999920602699,7.752102293353429e-08,1.5622979624471418e-08,3.977084578284788e-08,0.10715552932073356,5.2998659540182064e-08,6.291268850284106e-08,1.5664545458950094e-08,1.3189072028116165e-08,0.2928443107681684
36,2014-05-01,0.2999990636128015,0.29999398035658886,1.9407404594061686e-06,3.2801319139570067e-07,9.489654617408489e-07,0.11658845821643359,1.3891946980307077e-06,1.9553234030653054e-06,2.5283216108269183e-07,2.417418509437587e-07,0.2834114410029504
36,2014-06-02,0.29999962702572297,0.2999978474171259,1.0789969331159082e-06,2.2651690481575185e-07,6.042245587396803e-07,0.10001435641780504,9.195434886449455e-07,1.1956859354646015e-06,1.4920119710332742e-07,1.638450037626112e-07,0.2999838311253245
36,2014-07-01,0.29999909944701353,0.2999970159729945,1.2597696395817031e-06,4.950376120297287e-07,9.912538397270085e-07,0.10713480984047839,1.2835836241899702e-06,1.266374254112344e-06,4.4036110418772446e-07,4.311757565999039e-07,0.29286290718368313
36,2014-08-01,0.29999998961919067,0.29999994803375346,2.7841867069493752e-08,8.523890937579914e-09,1.668419497742038e-08,0.10000041949169544,2.573565826847044e-08,2.908291625429478e-08,4.636768478664319e-09,4.864855174784103e-09,0.2999995254852093
36,2014-09-02,0.2999997491840839,0.29999951007376996,0.03461756531484732,4.247791165241914e-07,5.785496066912847e-07,0.06537781637031527,1.506886139642041e-06,3.4376203308199154e-06,1.273200799614666e-07,1.6988949236526086e-07,0.29999911401221757
36,2014-10-01,0.29999982438587314,0.29999960968003986,0.0660409521388328,3.200490836925972e-07,3.8136686373846263e-07,9.379519488132269e-07,9.90880116458884e-07,0.033957392203722576,9.247263318665127e-08,1.304318326390941e-07,0.29999936843905295
36,2014-11-03,0.2999999795137121,0.29999996250687877,0.0564170466912444,2.4733065637667818e-08,6.688309835888666e-08,0.04358189201316994,1.6441942667396415e-07,8.895977439920259e-07,1.0299426789452597e-08,1.3478122144739965e-08,0.2999999498641114
36,2014-12-01,0.29999988211069706,0.29999972597551067,0.03464318844547306,1.7179206758412656e-07,4.0924458318210857e-07,0.06534893786714259,4.553536007785501e-06,3.253225983504379e-06,6.677391687962909e-08,7.31953324697243e-08,0.29999973783328526
36,2015-01-02,0.29999996616203733,0.2999999314014415,0.0347268990073771,5.499757742926472e-08,1.0951272301947782e-07,0.06527254475492328,3.4608706891905097e-07,2.2201446003039934e-07,2.49964545391919e-08,1.845061270347333e-08,0.2999998826153241
36,2015-02-02,0.29999996639796844,0.2999999392987265,0.04081586397274202,3.572584400838652e-08,6.271881146828779e-08,0.05918392753332672,1.1576653342612324e-07,1.140639902705093e-07,1.697061971038427e-08,1.250717812629934e-08,0.29999994504425936
36,2015-03-02,0.2999999346192433,0.2999998975037263,0.051554450822292576,6.678081308209531e-08,1.4438316414602913e-07,0.048445052430978186,2.4713891382467186e-07,2.835892335361558e-07,3.1743354522234566e-08,2.397488666248373e-08,0.299999867013394
36,2015-04-01,0.2999996219978075,0.2999996107603267,0.05082163677853772,3.602076142104793e-07,5.719461538065632e-07,0.04917659806602898,8.946348086764045e-07,1.0403408208854546e-06,1.3550306652218305e-07,1.0187974364665608e-07,0.2999994278850915
36,2015-05-01,0.29999980963921274,0.2999996412129204,0.07552584326646752,1.5964802438819764e-07,2.964330456726694e-07,0.04585612336643499,4.878220605846142e-07,4.73066328451988e-07,6.559874613143184e-08,5.1519737681522577e-08,0.2786170484270215
36,2015-06-01,0.29999995807982066,0.29999986919886906,0.29999905418710016,5.800488035983272e-08,6.885366458403806e-08,1.1987506541209403e-07,1.0679271064422453e-07,1.6051256476198754e-07,1.914908966543675e-08,1.5325808697038678e-08,0.10000057002042595
36,2015-07-01,0.29999991447502317,0.2999998339711193,0.29999975065371526,1.235949355326022e-07,2.5181502106002386e-07,2.4527347362365607e-06,5.658135450751058e-07,5.171174799573276e-07,4.642983347396727e-08,3.9878734842394665e-08,0.09999650351585623
36,2015-08-03,0.2999999381792962,0.2999998478090376,0.2999985891787337,7.18454619926513e-08,1.6104163053833973e-07,3.091004799863365e-07,1.8038736543552712e-07,2.0578727183120028e-07,3.1196922406035957e-08,2.215345063124477e-08,0.10000064332034966
36,2015-09-01,0.2999998510029317,0.29999974135797297,0.1815209010839161,9.370942948817112e-08,6.98495055767422e-07,0.04147381745737675,7.747437701825352e-07,7.10971934471645e-07,5.708301567442569e-08,3.637092859641328e-08,0.1770033177236684
36,2015-10-01,0.2999999723343575,0.2999999525540092,0.06323135458090977,2.3381863580380537e-08,1.8031736173912992e-07,0.0367682712400314,1.648124582020156e-07,1.2653921473280248e-07,1.2250433018057374e-08,8.69462111840914e-09,0.29999993329473973
36,2015-11-02,0.2999997560202817,0.2999993912784281,0.06265261921135848,2.9880473605114896e-07,1.657014557427762e-06,0.03734372018682054,1.4400286834450846e-06,1.5604413852868395e-06,1.8220660702816746e-07,1.2200735748661523e-07,0.2999992527997845
36,2015-12-01,0.2999999951530826,0.29999999126104965,0.05865168870445433,6.9236883151116935e-09,4.827430507264676e-08,0.04134818363794455,5.764745829454189e-08,3.5324467339390365e-08,3.750359349140835e-09,2.4452847838986737e-09,0.2999999868779057
36,2016-01-04,0.2999999652186636,0.2999999135869501,0.060858258316266116,4.203992083505795e-08,1.9484421315047516e-07,0.039141343018905116,1.9230040722964626e-07,1.343188736261968e-07,2.7194159438123328e-08,1.7796782647802997e-08,0.29999991136485826
36,2016-02-01,0.299999831324514,0.299997174762334,7.779060891201417e-07,1.697917134907584e-07,1.0238625191410523e-06,0.10000088160108012,8.119268540710688e-07,5.124785320609964e-07,1.2871556466502783e-07,7.158281191432032e-08,0.29999861604798755
36,2016-03-01,0.29999998427955693,0.10000380370698295,4.9355475361819206e-08,1.3156857650530655e-08,8.695834336976678e-08,0.29999626674687885,6.276475575880225e-08,4.019902878380623e-08,1.395981070688815e-08,5.89434108283623e-09,0.2999996729779685
36,2016-04-01,0.2999999937934351,0.299999810992708,2.1761578837855975e-08,8.121983145110329e-09,2.1573734061962895e-08,0.10000011928829655,2.3223061961554503e-08,1.4734250154136614e-08,5.5352484917660955e-09,2.592862014591061e-09,0.29999997838284176
36,2016-05-02,0.29999969417743955,0.29999925868354305,1.1949588632105135e-06,4.451159938404592e-07,1.192667865082077e-06,0.09999652118756727,1.3354955985712548e-06,9.790197696409205e-07,4.5090481066951514e-07,1.5513158190453013e-07,0.2999987726569672
36,2016-06-01,0.2999999865119815,0.29999849517226995,3.4449493084442754e-08,1.263130898118828e-08,3.7430158188568826e-08,0.10000139592499024,4.424815719548875e-08,2.8378682205023984e-08,1.2170497518370476e-08,4.855364666351512e-09,0.29999994822709664
36,2016-07-01,0.29999992841011053,0.09999954364363565,1.0349510797596567e-07,5.881495568894114e-08,2.0512874573862981e-07,0.29999969719479574,3.399190839822203e-07,1.0666685815450143e-07,1.0181243330039497e-07,1.6819860126161692e-08,0.299999898094413
36,2016-08-01,0.29999963731321816,0.09999727644278598,5.250654796276969e-07,4.077370900929062e-07,9.939731077877105e-07,0.2999995436784944,1.1741494866977676e-06,5.285913593644177e-07,4.064840511825926e-07,7.741192048191626e-08,0.29999942915300637
36,2016-09-01,0.2999999302954456,0.09999971762246014,7.990980468287196e-08,6.49150466490778e-08,1.330672930183051e-07,0.2999998313932437,2.018511896288774e-07,8.500890152565768e-08,3.7630473508010024e-08,1.1692413663958832e-08,0.2999999066137278
36,2016-10-03,0.29999972894069915,0.09999763790662425,3.1209421508947937e-07,2.5725040384611146e-07,7.942533669714437e-07,0.29999965833311515,1.1815271259665877e-06,5.443390552907899e-07,2.738770938830675e-07,5.7032321460605926e-08,0.29999955444597887
36,2016-11-01,0.299999983160697,0.09999981606222318,2.29701335893287e-08,2.1626379597061216e-08,9.059552139607079e-08,0.2999999724818193,4.1765196011701416e-08,5.084603644784165e-08,2.185435831245412e-08,5.030800207239301e-09,0.299999973606835
36,2016-12-01,0.2999996301652945,0.100002544250081,1.8080474615074382e-07,1.6152209416653529e-07,3.9219415090851334e-07,0.2999964924813257,5.805462821172644e-07,3.5090195608446496e-07,1.698908761261436e-07,5.0995667901998714e-08,0.2999994462475253
36,2017-01-03,0.2999982820604422,0.10000491987559536,5.907154676809278e-07,5.642634994967554e-07,1.1601557542584765e-06,0.29999257550637687,1.3608878511777393e-06,1.0311659012268996e-06,5.106643434298068e-07,1.7790605875747558e-07,0.29999882679870943
36,2017-02-01,0.2999994298982153,0.2999959201269943,1.2736421718959783e-06,1.826778880794157e-06,1.6128135310677284e-06,0.09999578614124108,2.1666511973280747e-06,1.9535527419680157e-06,7.99835670149761e-07,2.011336713825498e-07,0.2999990294256849
36,2017-03-01,0.29999998979684445,0.2999997934821056,1.803050465166817e-08,2.9681000198567078e-08,3.251878861388007e-08,0.10000007216076726,4.1667007939545605e-08,3.4358203836214336e-08,1.36029605949962e-08,2.8455668119983714e-09,0.29999997185625005
36,2017-04-03,0.29999917987811137,0.2999958086346523,1.387224702948755e-06,1.6370674456875251e-06,2.2625324265783694e-06,0.09999568903316079,2.532626417334708e-06,2.0872452313214274e-06,1.0236294035948434e-06,3.0542663020991944e-07,0.2999980867018179
36,2017-05-01,0.29999988375120684,0.29999945367605424,3.526238887391993e-07,4.7226052469147457e-07,5.39221464894388e-07,0.0999988100091426,5.923928049470641e-07,5.33946118615778e-07,2.3597428902838993e-07,5.454649291000988e-08,0.29999907159801253
36,2017-06-01,0.2999999880788158,0.29999994620327325,5.5859337918751666e-08,6.306644570618394e-08,6.581459618014857e-08,0.0999997341580579,8.133882198875267e-08,7.177843231885081e-08,3.7635322677705836e-08,6.506196203177051e-09,0.29999994956070003
36,2017-07-03,0.2999999337749853,0.299998906935941,1.395848180577768e-07,1.3541276875902432e-07,2.5525774357069987e-07,0.1000004529793464,4.438508495173493e-07,2.414483639498753e-07,6.103004197642856e-08,2.1857617141136325e-08,0.29999940786752444
36,2017-08-01,0.29999998366688513,0.29999996815547303,9.313946329190711e-08,8.621611833534081e-08,6.76399961942064e-08,0.09999960837201274,9.438529719486206e-08,1.0001791257195631e-07,3.4728904347861657e-08,8.091199177399115e-09,0.2999999555867381
36,2017-09-01,0.2999999856573269,0.29999997267367445,1.4685857967574665e-07,1.2562772322796793e-07,8.943251599470608e-08,0.0999994235702928,1.2335493877248248e-07,1.1344166547574791e-07,5.292914929949132e-08,7.786605359865538e-09,0.2999999586675282
36,2017-10-02,0.29999998263611394,0.29999997486189983,3.1655010707144207e-07,0.019644555710169025,5.682944948661976e-08,0.08035490518535682,1.1035823018061314e-07,8.942057651062975e-08,5.489520712414107e-08,7.733161651645416e-09,0.2999999458197283
36,2017-11-01,0.299999788101145,0.29999949487019245,0.06561224216286204,1.815735690069682e-05,6.878865270943195e-07,0.08190350265160823,1.4371244630804869e-06,1.0811091384220397e-06,1.1618213496584496e-06,1.1861053562975322e-07,0.25246232830527765
36,2017-12-01,0.299999894955703,0.2999998051121205,0.06622082727001069,6.335609690687107e-06,3.305165548972606e-07,0.07954407645153723,8.375801539710406e-07,7.388332940759461e-07,1.5603716777801817e-06,6.748148338062824e-08,0.2542255258177738
36,2018-01-02,0.29999993341504816,0.29999965844074145,0.18534293051130568,0.07903073399084042,2.3525073887087014e-07,0.13562233710010857,1.229260110190815e-06,4.3006053906480657e-07,1.890207409330939e-06,5.478794020121678e-08,5.669752180096118e-07
36,2018-02-01,0.299999960570533,0.2999997600633181,0.10924796978510333,0.29075075778055764,1.368812442724814e-07,1.8288243459255952e-07,4.311150890473517e-07,3.271652464728776e-07,3.316622524501564e-07,6.29242020703352e-08,7.917001889942129e-08
36,2018-03-01,0.29999997176295945,0.2999998093249902,4.0573113612959097e-07,0.1820393150820881,1.6762847529188292e-07,2.681990536037316e-07,5.322137304990127e-07,4.305628239458109e-07,0.21795899049054446,4.220396342455275e-08,6.680023500593932e-08
36,2018-04-02,0.2999999486472237,0.29999956881423395,4.332483746232807e-07,0.1778857167175246,2.0743079389971227e-07,3.9503019319566146e-07,6.535618953088368e-07,5.032270081384584e-07,0.2221123698522021,8.588476742448727e-08,1.1758578313154862e-07
36,2018-05-01,0.29999997115912275,0.29999991532104936,0.06824930830781513,0.1424831261624485,8.587861401854745e-08,1.721837871949096e-07,1.7241827904912482e-07,2.2243913414412158e-07,0.18926675500221535,5.2942641291982204e-08,2.1818489314842198e-07
36,2018-06-01,0.2999999859487505,0.2999999702150147,1.411601984447384e-07,0.18853628668234573,5.624184999638433e-08,0.09458260334783981,1.7571395827549846e-07,1.3977148786973206e-07,0.07050442985402826,4.517251121030497e-08,0.0463761658920153
36,2018-07-02,0.2999999082243252,0.29999972232425115,1.2093527569835043e-06,0.011504502491584866,2.9852053061715516e-07,0.08849336918042058,5.721194498671096e-07,7.508458133133105e-07,5.291248231495225e-07,2.2575043249231683e-07,0.2999989120656117
36,2018-08-01,0.29999997311448473,0.2999999247501752,1.2450376228802296e-07,0.17007875852684423,9.970766718866001e-08,2.506585929747628e-06,1.1999500390128047e-06,1.4140313924593137e-06,0.19495550422543453,1.433535197361612e-07,0.034960351250751
36,2018-09-04,0.29999990695792095,0.29999975567270537,6.656847162427611e-07,0.14731393337316492,3.673075336297452e-07,0.006865875183654337,1.051468526346604e-06,1.2109320588453083e-06,8.413149520541123e-07,5.131706189646789e-07,0.24581587893414836
36,2018-10-01,0.2999999282522129,0.299999842837735,1.8671697828024237e-06,0.12254689620680422,2.231041666628468e-07,6.411327212416762e-07,7.165721522989926e-07,0.27744666294419307,5.905065306342209e-07,8.573115965553583e-07,1.7739621047659018e-06
36,2018-11-01,0.2999994051177368,0.2999987053378436,3.3172312595619367e-06,0.09656003629184011,2.0777128615162666e-06,3.4678854481794812e-06,7.752079488081239e-06,0.29999134974555,0.0016180151843163822,0.0017869739489494896,2.8899464706418358e-05
36,2018-12-03,0.2999995760476991,0.29999875624347894,9.74571859484631e-07,0.16459813975319618,8.106720938579958e-07,1.0143580299933548e-06,1.1406956065792347e-06,1.6045579314242647e-05,0.2350474202002557,1.1839250065141785e-06,0.0003349379534594677
36,2019-01-02,0.2999999733803734,0.1147499624919204,1.8770084456632787e-08,0.28524990273828255,2.020940421022363e-08,5.017357897141519e-08,3.199376759810841e-08,2.6253418622021226e-07,0.29999972634071104,3.1009605156959395e-08,2.0358086166885002e-08
36,2019-02-01,0.29999970759514466,0.2999985127197855,6.195330927820442e-07,0.2999513571910219,4.856944829145108e-07,9.120795196553457e-07,1.825419327179566e-06,0.020789768512746207,0.07924883700765274,3.6371928977497157e-06,4.337054328849679e-06
36,2019-03-01,0.2999999919242122,0.29999998380879545,3.5667003126129336e-08,0.2999864503539925,1.1303141052001444e-08,1.3171503435261038e-08,2.8401171678224564e-08,0.05642050308420939,1.443794827692582e-08,0.043592806273856914,1.6157416603095922e-07
36,2019-04-01,0.2999999266772141,0.2999997764683923,5.336451187847254e-07,0.09249942149608857,1.4627125359666368e-07,2.2904334044588255e-07,2.9316952173865877e-07,0.29999165402220324,1.793659600622061e-07,0.007507429010693113,4.108302140528506e-07
36,2019-05-01,0.29999983468774566,0.2999991855193428,2.682324249577523e-06,0.09836906535289561,7.613004101680369e-07,1.6673020128644928e-06,2.051827782126425e-06,0.29999525690189355,4.931383344846303e-07,1.1332518312318555e-06,0.001627868393501842
36,2019-06-03,0.2999999677112187,0.2999844462279117,1.7234222265588771e-07,0.09954305216380144,1.3940229899691542e-07,0.0004729079751091518,5.823578471686965e-07,0.29999789923184705,2.1234109683078234e-07,6.072304723382133e-08,5.595235992271256e-07
36,2019-07-01,0.2999997933721309,0.29999854406169374,0.19063939844894665,2.3872867958572922e-05,7.084026538929587e-07,9.411053226983263e-07,2.144804330167749e-06,0.20933244050477845,9.152936807936812e-07,4.458676347432476e-07,7.952708693815293e-07
36,2019-08-01,0.2999998407333303,0.29999938772927254,0.023172774760638917,0.10465440987177535,4.798700009588133e-07,4.7548357464759275e-07,1.0579488544649102e-06,0.2721694265890453,4.919842047365835e-07,9.370478766689938e-07,7.179814260412256e-07
36,2019-09-03,0.2999999553412158,0.2999997742876866,0.025570090343036523,6.667201094666667e-06,2.4149464889021146e-07,0.07441347497508224,1.6249933097764324e-06,7.56591186213192e-06,1.7768927927946217e-06,1.7865859442675825e-07,0.29999864990067615
36,2019-10-01,0.29999998812149825,0.29999987323693295,0.031606247690346916,5.727584564405157e-08,5.3926148548052026e-08,0.06839310990343328,3.40761795818371e-07,3.503681865283938e-07,1.359979410161529e-07,2.7074192979551903e-08,0.299999815643678
36,2019-11-01,0.2999999772049077,0.29999983388872525,0.046356572422792834,1.1661912215641316e-07,6.970412694016638e-08,0.05364250386789346,1.9016622901863215e-07,1.3272014413984427e-07,8.010654322492142e-07,4.082752085231026e-08,0.29999976151310564
36,2019-12-02,0.2999999567366198,9.710911841136956e-07,0.2626098863769026,0.13738900664685344,8.249033353003082e-08,2.771670968106288e-07,1.303336395547613e-07,1.1202468875131732e-07,1.6493130642506965e-07,5.437747385641693e-08,0.29999935782390125
36,2020-01-02,0.2999999787894713,5.384950758668843e-07,0.20369325198273694,0.2999998772452472,4.962600018673974e-08,1.271867092740188e-07,8.86723933142376e-08,7.183025381767367e-08,0.19630557642082452,3.5767684154734376e-08,4.039836034223423e-07
36,2020-02-03,0.2999999835652955,2.891663054099229e-07,7.02993031025887e-08,7.019467149180553e-08,3.1746901208797815e-08,0.2999999220718193,4.633450620823423e-08,3.2337340350909335e-08,0.10000056901465454,1.827334211464906e-08,0.29999896699586087
36,2020-03-02,0.299999957704925,1.404220463923322e-07,1.6763155588457432e-07,2.943765136579267e-07,3.9379833686326924e-07,0.29999991678848775,0.0999988549044765,1.5965887838714813e-07,0.2999996699346093,4.253892925988753e-08,4.0224124109093855e-07
