estimation_window_months,,Estimation Window,Formation Date,Alpha,Maximum Weight Constraint,Estimated Distance,Realized Distance,Estimated Annualized Variance,Realized Annualized Variance,Maximum Weight,Largest Holding,Estimated Daily Return,Realized Daily Return,Number of Iterations,Estimated CVaR (Worst 5%),Realized CVaR (Worst 5%),Estimated CVaR (Worst 10%),Realized CVaR (Worst 10%),Estimated CVaR (Worst 15%),Realized CVaR (Worst 15%)
9,1,9M,2010-04-12,0.1,0.3,0.0012789799843942076,0.0010888287580238416,0.0448254523051562,0.054301980396578006,0.2999997993514743,VNQ,0.00244126399046605,0.0008691213493887947,3,0.02881793103059079,0.02639788798087247,0.022591089653327536,0.025812451628653893,0.018907690655161503,0.023016546866951242
9,3,9M,2010-05-03,0.1,0.3,0.000750581358582404,0.0,0.034432968550719874,0.09462558437809421,0.29999979915635966,VNQ,0.0017043858112720759,-0.0016468897149195818,3,0.02471878641237764,0.03633102805101603,0.020537873715089805,0.028905756841746878,0.01750547408745521,0.025284866512847042
9,5,9M,2010-06-01,0.1,0.3,0.0002737301871407506,0.0,0.03679863005789444,0.04461711773519461,0.2999999936566854,GLD,0.0012304604902527048,-0.0015232985432216564,6,0.024679010081709772,0.02749690472598177,0.020983986920963642,0.022338406493492974,0.018503659198845786,0.01967707075971764
9,7,9M,2010-07-01,0.1,0.3,0.0,0.0026590976503928256,0.010954725392813187,0.01310663864868103,0.2999999375018865,GLD,0.0007845599017668856,0.000565191236278733,1,0.011649462401924788,0.011851124519199781,0.010189306242198609,0.01089040071458606,0.009244828249260451,0.010296611218188832
9,9,9M,2010-08-02,0.1,0.3,0.0,0.0,0.03296629676495952,0.019837498918787395,0.2999999325389562,VNQ,0.001057445273417819,-0.00017566278217572625,4,0.022817285318931364,0.017287822673303973,0.018936393510971494,0.014176540687073675,0.016883834631539824,0.012580140746341447
9,11,9M,2010-09-01,0.1,0.3,0.0,0.0037544586862395465,0.0059194828952667065,0.006196257773727689,0.29999993075142606,VNQ,0.0008152446687653687,0.0003841855796255364,1,0.008229692687549913,0.008965983365924994,0.007430734772190221,0.00791949393444879,0.006606828112075983,0.006971880881994856
9,13,9M,2010-10-01,0.1,0.3,0.0,0.0012394294709949967,0.008677249179955507,0.01041229719788007,0.2999997087008873,VNQ,0.001015858815567991,0.0005675898275175359,1,0.011604266255221329,0.009765603845964487,0.010108144815743255,0.009327445305856844,0.00843792936814314,0.008842114783152737
9,15,9M,2010-11-01,0.1,0.3,0.0,0.0008481662863306927,0.03144143293065005,0.03168033371959875,0.29999999314010306,VNQ,0.0013285681237455167,-4.765139958050652e-05,1,0.024652784132104616,0.020480380574654275,0.01948676473382258,0.01990216401525932,0.01641459749386967,0.01697809546414761
9,17,9M,2010-12-01,0.1,0.3,0.0,0.0008730539291293772,0.03492076750583993,0.006421190596912568,0.29999957695578394,GLD,0.0010961743942772722,0.002156008664246141,3,0.024196403997865826,0.007668428933159069,0.02015764178375111,0.006266380840019563,0.017742312504246426,0.005432334763317818
9,19,9M,2011-01-03,0.1,0.3,0.0,0.0014116725704927061,0.03337216734004787,0.012876779547104684,0.2999999629786002,GLD,0.0010094854208303255,-0.0002396278321930166,3,0.02430018128251753,0.01852493196233823,0.020289663704056243,0.014231088339994081,0.017294538352338115,0.012725063028019611
9,21,9M,2011-02-01,0.1,0.3,0.0,0.0,0.03277403793076937,0.008859454722253614,0.2999998794032741,DBC,0.0008046472126088323,0.00221658103193207,4,0.026207692011356847,0.01088030756879853,0.02047412843002606,0.007686310356783906,0.01674301995829379,0.006492763874997362
9,23,9M,2011-03-01,0.1,0.3,0.00015901422709042445,0.00020839614347799643,0.0288046209413031,0.02933750191350965,0.2999999791617118,DBC,0.0014890504632985963,0.00012304502515272383,5,0.024374963255367726,0.02082884027606797,0.018367842698590254,0.019173620328263693,0.014752021388321374,0.01681691371690748
9,25,9M,2011-04-01,0.1,0.3,0.00030228364625915945,0.0006839270379295596,0.025585002079490878,0.013970462488751622,0.29999986118002414,DBC,0.0017631528572435399,0.0016591361006678725,2,0.02143049778710309,0.013999078498883056,0.01684025859351064,0.01270349520892446,0.013796895806615254,0.01193712170898597
9,27,9M,2011-05-02,0.1,0.3,7.183548761298537e-05,0.0022203153323907036,0.016881882525329656,0.03541342367984675,0.2999996239442226,DBC,0.001628239106839929,-0.0012288886704441963,2,0.01863001570857101,0.024658564524178687,0.01412662344010844,0.020817661101400393,0.011466610266303207,0.01835788756787
9,29,9M,2011-06-01,0.1,0.3,0.0004192569958624457,0.0007245853758970078,0.020957407544233107,0.027764598437456694,0.29999981399084347,IWM,0.00173059516137246,-0.0012820840533875359,2,0.019055944652692683,0.0217514904833706,0.015326698641249048,0.019519567212637128,0.012958330067263229,0.017719651365085354
9,31,9M,2011-07-01,0.1,0.3,0.0004977552035316168,0.0002195208427929968,0.021204094189473208,0.02491609550066582,0.29999993421456866,IWM,0.0010424271440596516,0.0005260550947096039,6,0.02073157703352261,0.021971834960408283,0.017247658162783924,0.018841772391798794,0.014498142618069722,0.0160362641350426
9,33,9M,2011-08-01,0.1,0.3,9.014012415050082e-05,0.0,0.017031824159874927,0.07123190702913908,0.29999988780617964,DBC,0.000930274847837339,0.0005160082278161156,4,0.01989642447274898,0.03537923829402079,0.016037079490602325,0.030921302238100485,0.013104575671936965,0.02509548423472864
9,35,9M,2011-09-01,0.1,0.3,0.0,0.0,0.010726720943992702,0.023228875936258223,0.2999999864968507,GLD,0.001030423984959084,-0.002530391188274235,1,0.014122000761959635,0.02277348521180999,0.01106311875807277,0.018384097174924643,0.009284483535952025,0.015982202239421747
9,37,9M,2011-10-03,0.1,0.3,0.0,0.004833937095648829,0.01321955530746007,0.016548514348452874,0.2999999905856305,TLT,0.0009452158054775907,0.0002690966243835887,1,0.016982904505302165,0.011175316698126232,0.012802943713539617,0.009605318908068825,0.010349841586723923,0.00878173298320573
9,39,9M,2011-11-01,0.1,0.3,0.0,0.0,0.014005967963612696,0.009189088992285856,0.29999998212626555,TLT,0.001120065382368142,0.0005039369689020397,1,0.01686715815037375,0.008778908385001307,0.012717396757952993,0.008536809661953481,0.010359489965399812,0.0077758839995258015
9,41,9M,2011-12-01,0.1,0.3,0.0,0.00118521021684595,0.01447333866037845,0.005762269701400039,0.2999999878503688,TLT,0.001042833923336672,-0.0006232127858263233,1,0.01686716670550653,0.007017133713898562,0.012702040787876494,0.006418819608703796,0.010664685113904076,0.005927110911874185
9,43,9M,2012-01-03,0.1,0.3,0.0,0.00044730670462081457,0.014751177521701126,0.004562230182120494,0.299999878573135,TLT,0.0009608775936720503,0.0018361357652068027,1,0.016867095142456625,0.006650376086526008,0.012927111663188412,0.004874774858291539,0.010548344687010085,0.004220274929351411
9,45,9M,2012-02-01,0.1,0.3,0.0,0.003022695716403777,0.014863807311272731,0.010084499490255644,0.2999999943590057,TLT,0.0009394088758463467,-0.0008828487213489568,1,0.016867169131045058,0.018837329542288412,0.012927164160519991,0.01689313710474277,0.010590679021769082,0.01263957135134538
9,47,9M,2012-03-01,0.1,0.3,0.0,0.0015969298294960972,0.010236580282563237,0.006213080543748233,0.2999997303876199,TLT,0.0008262158694575466,-0.00013235128309593418,1,0.013222962157548568,0.009816672128997044,0.010969728425222966,0.008360647188886716,0.009379408148638356,0.007511408915091215
9,49,9M,2012-04-02,0.1,0.3,0.0,0.0,0.012464182568370865,0.006931369241988017,0.2999999906142261,TLT,0.0009181543193277046,0.0006987584281790135,1,0.014177072380827178,0.011292093724554753,0.011894381682092359,0.008691059678398344,0.010330253428274037,0.006969636017526281
9,51,9M,2012-05-01,0.1,0.3,0.0,0.0,0.015762001742791833,0.006865532011942396,0.29999998142458906,TLT,0.0008914620059060342,-0.0002669216583882335,1,0.017021231711011442,0.00846947212037294,0.013368310521160344,0.00809635162178129,0.011124602321860355,0.007173343550395834
9,53,9M,2012-06-01,0.1,0.3,0.0,0.0006193840901818279,0.015165562775567652,0.014362836809851263,0.2999995731841119,TLT,0.0008300145280738338,0.0013574346056849384,1,0.015674926862325973,0.012914067836926049,0.013017338532275772,0.012344237752977905,0.011063035754666694,0.01038338766970214
9,55,9M,2012-07-02,0.1,0.3,0.00040767151415411866,0.0003041198467537698,0.04455260853401677,0.015269818049115173,0.2999999897290043,VNQ,0.0013221265614030532,0.0002933191508984682,3,0.026985523267905646,0.010353160817499055,0.022511253204387946,0.010182203521549757,0.01913325499195233,0.009617672207830504
9,57,9M,2012-08-01,0.1,0.3,0.0,0.0004330346764395039,0.010791428565553431,0.0032460883149958144,0.29999997685580776,VNQ,0.0007746256824869291,0.0006583966820372144,1,0.013556491294873334,0.005135997863911341,0.011044907920284225,0.00475357527847988,0.009275270138412714,0.004545075157280962
9,59,9M,2012-09-04,0.1,0.3,9.231239900281017e-09,0.0010499816780660046,0.017496122043042826,0.010345668261997934,0.2999997427566741,VNQ,0.0009314510606196928,0.0002938054184899712,4,0.017123889341768013,0.012150592178009494,0.013975164296890724,0.0097568208724251,0.011946963580112973,0.008472315646923016
9,61,9M,2012-10-01,0.1,0.3,6.281892939857814e-10,0.0005206793454803176,0.015141836905813293,0.007597508184911866,0.2999996036398615,QQQ,0.0008820066120847375,-0.0013731344703174606,3,0.015038325363406154,0.01267307951461951,0.012718655705714735,0.011604335979151193,0.010914955120564951,0.01002952158375136
9,63,9M,2012-11-01,0.1,0.3,6.86432788489337e-05,0.0002194369841283031,0.007328581484488177,0.006808829161093662,0.29999643373823015,LQD,0.00043267272837938924,9.345172679051484e-05,1,0.011732633188432933,0.008994871637080676,0.009439829948647872,0.008794420595943599,0.007959186120268233,0.007356439674409953
9,65,9M,2012-12-03,0.1,0.3,0.0,0.0002640773609287571,0.002787341563785525,0.0019130385029335088,0.29999990107113544,TLT,0.0004001874231206537,0.00020596368950496257,1,0.007444982251044891,0.004922366652022775,0.005878354456131335,0.004207356810657991,0.005048984517439218,0.003855257047170782
9,67,9M,2013-01-02,0.1,0.3,0.0,0.002336392148194144,0.0030348599142115203,0.001964582636411285,0.29999985463967205,TLT,0.0004640709426111708,6.24259200245897e-05,1,0.006517790632304661,0.005625058043023622,0.005370324191526882,0.004649443182683411,0.004653140291319888,0.003843483466860244
9,69,9M,2013-02-01,0.1,0.3,0.0,0.0004743244035721444,0.016591811978588587,0.016352208198583212,0.29999933949365937,EFA,0.0005706849752418978,0.0002269325142220719,4,0.017086369090640652,0.019485271222771817,0.014257956257573937,0.014961059738064022,0.012065054553759978,0.013364799843570868
9,71,9M,2013-03-01,0.1,0.3,0.00042988577654765915,0.0011031892993281067,0.02216764717451525,0.007953385224152646,0.29999986109395893,EFA,0.001051430329953409,0.0008871241202164438,2,0.01914592073127979,0.00887389302876549,0.01585011476573607,0.00879291699263443,0.013584240022106703,0.007831364471974807
9,73,9M,2013-04-01,0.1,0.3,4.299291402227751e-05,0.0001299272705891332,0.012084711749152896,0.02334765183134602,0.29999998219563,IWM,0.0008352303520549714,0.001637977808308159,3,0.013860304022919535,0.020321895580194003,0.011631669917784896,0.016178533968676856,0.00999658245268086,0.014053522731193412
9,75,9M,2013-05-01,0.1,0.3,1.1186717398761759e-05,0.001964309708244726,0.01258097576671562,0.015922167410807014,0.29999999362909263,EFA,0.001009068698762071,-0.0008789788004915672,4,0.015229872221796035,0.01521742430651558,0.012238704546973721,0.01447784625511254,0.010310005934400703,0.013916954324733801
9,77,9M,2013-06-03,0.1,0.3,0.00018877544698276175,0.0008496521901734588,0.0140031285893549,0.043603946177580816,0.2999999530548396,IWM,0.0008129766219822546,-0.0008555510651673436,2,0.016308860766890528,0.03379151688334379,0.013837450954887138,0.02669249963293944,0.011769098068799213,0.022565493831487548
9,79,9M,2013-07-01,0.1,0.3,0.0001859890856854801,0.0007737091781528486,0.016836111449786542,0.009540779030040988,0.2999999675728434,IWM,0.0006431752602775584,0.0021040814386384266,2,0.019198185538249566,0.007893995873147791,0.01585747395776511,0.006425904483573224,0.013550058702522613,0.0055148351773128094
9,81,9M,2013-08-01,0.1,0.3,0.0002529604516275778,0.0005109888806546733,0.016993225618568725,0.014927957939158907,0.2999999965414981,IWM,0.0010104963536414916,-0.0010524081165220209,2,0.018585643135118565,0.01687664796326137,0.015285881441168292,0.01497243808632654,0.012926713098413886,0.012983412950138551
9,83,9M,2013-09-03,0.1,0.3,0.00015354524695431588,0.0,0.014602928708861804,0.007981406816059298,0.29999992411752685,IWM,0.0007980974653545191,0.0028445833588048334,3,0.017604279937578602,0.004420222170819604,0.014407666117487967,0.004324942489866833,0.011897759486773294,0.003905629448390305
9,85,9M,2013-10-01,0.1,0.3,0.00017779291706690415,0.0005379599061002757,0.01439154108826281,0.014932187077825869,0.29999999630634727,IWM,0.000972722861072022,0.0015047934890512875,3,0.017604285959587546,0.011185766038370237,0.014407671744845803,0.010282065941710057,0.01176200276186514,0.009179625773340475
9,87,9M,2013-11-01,0.1,0.3,0.00017218042881214733,0.0003518172646604367,0.014963017543653126,0.009153234643876936,0.29999998506277725,QQQ,0.0009448536583865978,0.0012350883001871053,3,0.017604286613819155,0.01536854874060585,0.014621809557604526,0.010349746675585492,0.012246427430075391,0.00809174600468338
9,89,9M,2013-12-02,0.1,0.3,0.00015572836215198413,0.0003075577140067001,0.014019722255308651,0.009055798955218991,0.29999998635710967,QQQ,0.0010534399777196034,0.00104711020453928,2,0.01719225720701683,0.008984157170401842,0.013902967763628551,0.007283744305382047,0.011432185823981353,0.006321517387996625
9,91,9M,2014-01-02,0.1,0.3,0.00012994824090564521,0.00024254470132524433,0.01413005565155143,0.018923634623850192,0.2999999881996958,QQQ,0.0010815312769087862,-0.0013784452336253483,2,0.01719225703364386,0.016847848840906707,0.013657189968180269,0.014967511748894108,0.011401399404219092,0.013913698712735862
9,93,9M,2014-02-03,0.1,0.3,0.0001321133663595513,0.00011211673669821848,0.013537764537590232,0.01637376366138137,0.29999999039333414,QQQ,0.0007603850308800579,0.0026303538153144173,2,0.016598427651107254,0.02270441594148118,0.01372322681420736,0.015052611531130244,0.011373011152768583,0.010837003333523942
9,95,9M,2014-03-03,0.1,0.3,0.00012057075096585088,0.00125479197739256,0.014189229312836707,0.014629541171551928,0.29999999360051194,QQQ,0.0009690250727509852,-0.0005342787356668518,2,0.01754677995432875,0.011925142545606636,0.014107997424492659,0.011161805281998243,0.011525070605150754,0.010308657489982751
9,97,9M,2014-04-01,0.1,0.3,0.00017987832817788186,0.0009626200594341763,0.012504249727996495,0.022397226145039584,0.29999994078349024,QQQ,0.0010010618864144125,-0.0002810660800441307,3,0.015404713459503602,0.019530642031230547,0.012504162662068953,0.016876998629566896,0.010322625363004935,0.01512478302882535
9,99,9M,2014-05-01,0.1,0.3,3.916082964099902e-05,0.0,0.011573386845640736,0.004761970850734829,0.2999999949223143,QQQ,0.0006609944138784253,0.001264409280486292,9,0.014719094134819208,0.005839735617653456,0.012056923632341428,0.005186355301614994,0.01021864302463612,0.004619889318283344
9,101,9M,2014-06-02,0.1,0.3,3.521955830053554e-05,0.0003536469352900329,0.010830266305008518,0.0031399519695577,0.2999999900159197,QQQ,0.000972911573185327,0.0008259569877075028,6,0.013916034793618881,0.0035166834824339552,0.01114369818955543,0.0032067890741099836,0.00950162244832226,0.0030182774433005805
9,103,9M,2014-07-01,0.1,0.3,0.00010778059317391713,0.0,0.009939166439123409,0.007975144511313188,0.2999999791535324,QQQ,0.000804104694268879,-0.0004951058914218345,4,0.013876466429125411,0.012316392144144265,0.011230343072957083,0.00965204485552456,0.009420132584458113,0.00822850204298964
9,105,9M,2014-08-01,0.1,0.3,0.0,0.0,0.005333450523771663,0.002528869002403986,0.2999999773515176,QQQ,0.0006048775956162044,0.0019350747836187098,1,0.010935281458085484,0.004181824614534555,0.008840103320737229,0.003069454871703133,0.007347622777646898,0.002438280701337138
9,107,9M,2014-09-02,0.1,0.3,0.0,0.0010070024221568632,0.004787467127371888,0.00645024255169245,0.2999999815902899,VNQ,0.0008896647507926365,-0.0016519139361528853,1,0.010154058198892157,0.01062596284974821,0.007824146935203176,0.009175087823484373,0.006389862902493063,0.008333086560516885
9,109,9M,2014-10-01,0.1,0.3,0.0,0.0,0.0038593777632923115,0.006315724810694931,0.29999997058402145,TLT,0.0007117606171254483,0.0020358459905570067,1,0.008703704857345767,0.0053579889599263495,0.006879631747259947,0.004750176764302966,0.005895010255627355,0.004343294020352375
9,111,9M,2014-11-03,0.1,0.3,0.0,0.0003903428672048394,0.004878216971190599,0.003149485641151988,0.299999913810083,VNQ,0.0008390465557942182,0.0014127119282263648,1,0.00963218190402235,0.006007528083781284,0.007530502205299811,0.0052634231314692735,0.00630183345322564,0.004238663365143847
9,113,9M,2014-12-01,0.1,0.3,0.0,0.0,0.0046774492479429615,0.007799464904310765,0.29999951595552615,QQQ,0.0007940869748564115,0.0002447414127449113,1,0.009176822602360723,0.008905562692425094,0.0072753678594518496,0.008470905098047295,0.006107884431308877,0.008225449354545597
9,115,9M,2015-01-02,0.1,0.3,0.0,0.0,0.004048774374277123,0.0036272517225153862,0.2999994769972299,TLT,0.0008408924678944303,0.0023482132186978906,1,0.008296594008425947,0.007069834196671706,0.006615664011919187,0.004842876138953083,0.0056539058570927595,0.003997776870833374
9,117,9M,2015-02-02,0.1,0.3,0.0,0.0034761931397304536,0.003970189463611198,0.008524435104881533,0.2999999038478839,TLT,0.0009972177358030618,-0.0005775348683550191,1,0.008097362596067218,0.016968477219839635,0.006372214119609692,0.012083436841234328,0.005400605072789108,0.010200596455749762
9,119,9M,2015-03-02,0.1,0.3,0.0,0.00033344580160951176,0.005638099298600392,0.01919297900639812,0.29999998105503517,QQQ,0.000835366809800077,0.00019267003466339985,1,0.010012774281167956,0.01910557632706664,0.007975523930505917,0.015200789783202951,0.00668705219459891,0.012775081225862269
9,121,9M,2015-04-01,0.1,0.3,7.484692561481017e-06,0.0016547341473524529,0.007434449324935641,0.0064126783310691935,0.2999995761368433,TLT,0.0007616112162843759,-0.0011749080715692697,2,0.012386353938454626,0.011936253811311357,0.009545743839701469,0.010820423054210214,0.007922460345551307,0.009306145628971564
9,123,9M,2015-05-01,0.1,0.3,0.0,0.0003280850453115866,0.007752633224131346,0.009801472420484049,0.2999996435441692,QQQ,0.0006443142932614014,0.0003324643264536695,1,0.012174313781945617,0.011300746245812988,0.009888013950384576,0.010544844530202189,0.008404789215913788,0.009146941432787763
9,125,9M,2015-06-01,0.1,0.3,8.099037543715251e-06,0.00020157012019684627,0.013021070020287148,0.009242501979654715,0.2999998774276994,QQQ,0.0004421843000464225,-0.0010382820186296854,2,0.014879539395551922,0.010882805987170972,0.01246738898100406,0.008870293852375482,0.010891402998541702,0.007793148990064067
9,127,9M,2015-07-01,0.1,0.3,0.0,0.0,0.012861187929209827,0.007285218354285208,0.29999998158727115,IWM,0.0005345293952863931,0.0014571810943486954,1,0.014961834607618334,0.008507579018767027,0.012310751702805893,0.007755377853632745,0.010485662265077373,0.006792311420230164
9,129,9M,2015-08-03,0.1,0.3,0.0,0.0,0.0072394778101616975,0.026307817163824167,0.2999996867236424,QQQ,0.0004135785956437781,-0.0022944989584361966,1,0.011268412996769896,0.02239915639580462,0.009567770881836222,0.020027664935389863,0.008208337074401799,0.016985795029133152
9,131,9M,2015-09-01,0.1,0.3,0.0,0.0,0.005328664712416738,0.004785095875978294,0.29999779152588046,TLT,7.346403138889634e-05,-0.00026953919608140904,1,0.01051257626079204,0.008191978119098216,0.008538962004980895,0.007737252911991728,0.007416157073085073,0.006903241833525983
9,133,9M,2015-10-01,0.1,0.3,0.0,0.002370279887909955,0.005909385740522819,0.003364126531771224,0.2999999273903437,IEF,6.920553658763508e-05,0.0013771617602511162,1,0.010555637149195326,0.006197903739029171,0.008941681584991297,0.004963383289387849,0.007936573639746864,0.0041478314612322644
9,135,9M,2015-11-02,0.1,0.3,6.95069114157662e-05,0.0,0.021929245843790326,0.012286618744949813,0.29999995289317327,QQQ,0.00027248461573557486,0.0003630504455100346,1,0.02254984046934927,0.013233982553679963,0.01799340555568018,0.01204445966377564,0.014692485154015483,0.011438530779118944
9,137,9M,2015-12-01,0.1,0.3,0.0,0.00012173444370164668,0.01154441222853405,0.01539837065178312,0.29999998679636286,QQQ,9.663959909838117e-05,-0.0008510804442500748,1,0.016335301670832053,0.0131182584038638,0.012423903012741043,0.012221006950517288,0.010674634902030652,0.011169360885858577
9,139,9M,2016-01-04,0.1,0.3,1.8092018752927097e-06,0.0,0.009275951474265517,0.020666463288286332,0.2999999817523922,QQQ,6.69158104983923e-05,-0.0010687717170386453,1,0.013817261962438043,0.014513327394873182,0.011395416586761294,0.013921911442650611,0.009554337955876274,0.013671391796916588
9,141,9M,2016-02-01,0.1,0.3,0.0,0.0,0.0074919502155648505,0.00479797461027193,0.29999994660345036,VNQ,0.000127865488675459,0.0005929749724676332,1,0.013331472784986522,0.008430070824452858,0.01087696100688265,0.007229844124635216,0.009056221956875865,0.006639333196399321
9,143,9M,2016-03-01,0.1,0.3,0.0,0.0026366098948570997,0.007297689961647252,0.007596575173095968,0.29999996687064584,TLT,0.0003074679176817632,0.0003507453336544315,1,0.01103793091871773,0.00748210652576318,0.009568174321986938,0.007256636565657906,0.008203716643644077,0.006981910749338389
9,145,9M,2016-04-01,0.1,0.3,0.0,0.0004161865348123236,0.005895516815868408,0.003963961118728681,0.2999999354419934,VNQ,0.0005996809644508425,-0.00020906526449934195,1,0.011252680926828146,0.008833255984774323,0.00879631385330186,0.007622284650041478,0.007256799922496044,0.006396273510914604
9,147,9M,2016-05-02,0.1,0.3,0.0,0.0012898105197574963,0.007691201607538806,0.004314646968454208,0.29999997152812724,GLD,0.0005695404523457175,-0.0004633302260025145,1,0.012082580812109764,0.009543123623421568,0.009629824774555682,0.00735367969985428,0.008040667745365632,0.00611379771167647
9,149,9M,2016-06-01,0.1,0.3,0.0,0.0,0.008481184525089695,0.0045140742784614595,0.29999971164532013,VNQ,0.000584434766673403,0.0019621106133576698,1,0.012486143066022101,0.004002092806038169,0.010141109465046856,0.0036531402994377307,0.008651811014784265,0.0032550523133776277
9,151,9M,2016-07-01,0.1,0.3,0.0,0.0009410390928975152,0.007662024991788277,0.009223074165635683,0.2999999416239534,VNQ,0.0008836525148677539,0.001533536353746328,1,0.010845907541629448,0.008523638605910813,0.008785186515823313,0.008214100726632693,0.00736483306758466,0.0072739866936876165
9,153,9M,2016-08-01,0.1,0.3,0.0,0.0011936857740305886,0.008130715203207094,0.005424430566496928,0.2999999808049622,VNQ,0.0009046778202621347,-0.0010371281065249718,1,0.011282168832084502,0.008584911463397989,0.009090653467630641,0.007869186306372322,0.007709852562086608,0.0074034976174590355
9,155,9M,2016-09-01,0.1,0.3,0.0,0.00025333051654453063,0.007535241018626042,0.016928657494510262,0.29999990915947206,GLD,0.0009075184679191779,-0.00021231263724560035,1,0.009370880228939326,0.018806766079203036,0.008107168767174376,0.015632745660784274,0.0070807069805302715,0.01305860889298574
9,157,9M,2016-10-03,0.1,0.3,0.0,0.0008363125023648646,0.008681447536350933,0.008117347908561102,0.29999950182574353,GLD,0.0009511154058358362,-0.0011701312304448,1,0.010659447950038042,0.013621059298756334,0.008633573050152516,0.011593318351331738,0.007473638117614223,0.010025877204244832
9,159,9M,2016-11-01,0.1,0.3,0.00019649129931425743,0.0024669295876307284,0.01451033670282295,0.011990614732018129,0.2999997579497239,EEM,0.0009150038612665263,-0.0007219558982414442,6,0.016096084256303506,0.012047858968189164,0.012922993863793994,0.01041606414958122,0.011208075652309347,0.009383790125399518
9,161,9M,2016-12-01,0.1,0.3,0.0005421912176137608,0.00017253625443565336,0.016918526491963164,0.0066203113939984955,0.2999999618771431,IWM,0.0010473712915819266,0.0011656586671924397,3,0.01843991415812181,0.0076056960712218135,0.013714939665818793,0.006557890470054741,0.011468174534511854,0.006012067225538934
9,163,9M,2017-01-03,0.1,0.3,1.3951067981529154e-05,0.0005694186670075129,0.011032781405880886,0.004776749962689605,0.2999999164911885,IWM,0.0008704483274109945,0.0003667574198179315,2,0.01424274068635446,0.007295006903295946,0.010923823239402462,0.006775898655196672,0.009073619413475544,0.006141081945000856
9,165,9M,2017-02-01,0.1,0.3,3.6995954284739724e-05,0.0008363811820765888,0.010770534875471473,0.0027208837758549882,0.2999999941817036,IWM,0.0007837536822735086,0.0011979691463571153,8,0.014669826941108235,0.005286864507308872,0.011021935089981644,0.004080850730393944,0.009055598764765022,0.0034745045099109986
9,167,9M,2017-03-01,0.1,0.3,0.0006811425922538103,0.0005554826643998838,0.016736851627164543,0.011940955188401667,0.2999997950598664,IWM,0.0009292573829795985,0.0007625676806536445,2,0.01923305069384546,0.013793611447548905,0.014545076572057895,0.0108404581244953,0.011789812088631722,0.009173793036842664
9,169,9M,2017-04-03,0.1,0.3,0.0007065280769228393,0.0002001965486236382,0.012997716678080973,0.008390793420464837,0.299999765023926,QQQ,0.0009616974594669547,0.00102190379533619,2,0.015648395559302086,0.006066663729749238,0.012421654982311148,0.006064311580371809,0.010224996744633476,0.005587644975331871
9,171,9M,2017-05-01,0.1,0.3,0.0004739619372852164,0.00046964170126658834,0.010604470409006656,0.008965798549520686,0.29999980087104555,QQQ,0.0007727042741295807,0.0008661454746062047,6,0.013879123543039973,0.012656511335283617,0.010905629733901707,0.009473153174214455,0.009036655587425859,0.007772204084275051
9,173,9M,2017-06-01,0.1,0.3,0.0005417393701464697,0.0013035034883341833,0.011838204131269323,0.011917285706295546,0.2999998185179992,QQQ,0.0008418255296431583,2.8313764282161865e-05,2,0.01544096210206386,0.011485491633499278,0.011754321354545842,0.010948689610971049,0.009746075709443547,0.010484639330210795
9,175,9M,2017-07-03,0.1,0.3,0.0005207711073817627,0.0003137410945770861,0.008949168550230445,0.004649475084831911,0.2999999813536512,QQQ,0.0007483220645408925,0.0014169096539442536,2,0.012142904738259823,0.009161841825466376,0.00983593141727594,0.007085150714012086,0.008339451623685686,0.005630999086279196
9,177,9M,2017-08-01,0.1,0.3,0.0005201895981643729,0.00044435243527596703,0.008812982342284288,0.012511587181262645,0.29999997510790416,QQQ,0.0010449055531110397,0.0002825439821895402,6,0.011790492368014816,0.01767923013470945,0.009633157126684817,0.013379922265676712,0.008193747593237242,0.010821964965099146
9,179,9M,2017-09-01,0.1,0.3,0.00019684782887587624,0.0011332298359254072,0.007063786770537003,0.0052921328046478975,0.2999994690820234,EEM,0.00114294101299651,0.00014686176697127447,2,0.012096897169184315,0.008914067441513547,0.009266540018270595,0.008214953688162172,0.007459919051205826,0.00703346486845353
9,181,9M,2017-10-02,0.1,0.3,0.0002225368551571473,0.0005114043512618794,0.00651167221390008,0.004957355196884588,0.2999999933186669,EEM,0.0011148043072279653,0.0012648732007925698,3,0.011266728470912115,0.0043602635234322885,0.008739077496090068,0.004118978221903334,0.0070632570854095265,0.0038245543263693287
9,183,9M,2017-11-01,0.1,0.3,0.00041421740949991784,0.0012276898607543043,0.007820855470122255,0.008232306992017845,0.29999998640424425,EEM,0.0010228844976743847,0.0004829556804466687,2,0.01278155035803453,0.008736988776322134,0.00983607217711986,0.007659059002815023,0.007906432821131716,0.006947037526342254
9,185,9M,2017-12-01,0.1,0.3,0.00046831866948786327,0.00048130053977052866,0.008283403931851788,0.005216512748099921,0.29999991328261677,EEM,0.0009415221971964954,0.0008413736174706029,2,0.012907029927098019,0.005253855626749967,0.009942496454700137,0.005216245753713791,0.008254522801507652,0.005002884369286468
9,187,9M,2018-01-02,0.1,0.3,0.0005289723924825145,0.00026232572854723,0.007779971457126901,0.010444086678565246,0.29999975163491704,EEM,0.0009023063196567664,0.0031881495932844445,2,0.012580934014831319,0.009668986375106802,0.009585522524114931,0.007636419209497557,0.007844436027531078,0.0065184238726129174
9,189,9M,2018-02-01,0.1,0.3,0.00047743336439545953,0.0005450376738845436,0.007355063293419763,0.07375063274806413,0.29999978568882396,EEM,0.0011383569333629682,-0.001940351117776945,2,0.011793205889858228,0.03586013735648672,0.009064936500312119,0.033884904384620024,0.007539135149465961,0.029713120341365962
9,191,9M,2018-03-01,0.1,0.3,0.00039591686510802564,0.0,0.012233745641101608,0.03212250111557085,0.29999990997686876,QQQ,0.00085958131357566,-5.035290569935368e-05,2,0.01753904788641049,0.020116788984576514,0.01297198871333041,0.017898055025996243,0.0105140887799945,0.01656811515423822
9,193,9M,2018-04-02,0.1,0.3,5.772033370542813e-05,0.00023347508416646928,0.013407691874438375,0.02022437127232401,0.29999999357482526,DBC,0.000864579791992427,0.00018361508313837957,6,0.018704852508064234,0.016906657012477753,0.013946760636596073,0.014510113560432155,0.011296225763822667,0.013167704864053045
9,195,9M,2018-05-01,0.1,0.3,0.0,0.0,0.014923645690337712,0.0074526448720156685,0.29999998040768383,DBC,0.0006739812021562003,0.0018338939058811633,1,0.020102007671710966,0.005943947301851649,0.015252478521920278,0.005380571454227,0.012159485100184072,0.00490104229568426
9,197,9M,2018-06-01,0.1,0.3,0.0,0.0006176324871861377,0.013205913030341717,0.00928727695128603,0.2999998420675855,DBC,0.0008606386771833561,-7.139408584803334e-05,1,0.018690763736747808,0.012621852365283542,0.0137084687608667,0.011210596025618682,0.011186555664316238,0.010476604182808491
9,199,9M,2018-07-02,0.1,0.3,0.0,0.0015304265144166235,0.013101203084550067,0.011522733611903528,0.2999998428633836,QQQ,0.0007138060100040342,0.000348891482153912,1,0.0187247630898093,0.01338209252174926,0.014041371269794156,0.011841263037137006,0.011260932156689484,0.009971548282047674
9,201,9M,2018-08-01,0.1,0.3,0.0,0.0002493582903758536,0.013944062362465603,0.006416699105230747,0.29999990823420764,QQQ,0.0006142124919726805,0.0015140488987276264,1,0.018871953916279906,0.008662365770745835,0.01470083401392309,0.007073704323486955,0.01219638345673207,0.006272150135094474
9,203,9M,2018-09-04,0.1,0.3,0.0,0.0007364869711167755,0.014117276603699956,0.005263212990034356,0.2999999393057005,QQQ,0.0006856198665359892,-8.878451369556307e-06,1,0.018871945340611478,0.007530870041246998,0.014966193850228486,0.006847163746719738,0.012168070372178765,0.0064103659396049775
9,205,9M,2018-10-01,0.1,0.3,0.0,0.00039469861514249485,0.01323973489841218,0.03827179222318992,0.29999998493670244,QQQ,0.0006447867088381326,-0.003410144635047932,1,0.018355837318911772,0.02799699855195848,0.014407862594560573,0.024118077797879996,0.011827463938818795,0.02155420969193286
9,207,9M,2018-11-01,0.1,0.3,0.0,0.000817475630385301,0.011305302756134167,0.015173787264220666,0.29999944377723065,VNQ,8.921636314231134e-05,0.00012472009015334614,1,0.016510203693338412,0.011500430098310126,0.013473188066246191,0.01109082860277226,0.011272813200012787,0.010287054540812138
9,209,9M,2018-12-03,0.1,0.3,0.0,0.0,0.015801552688323103,0.07208752274455064,0.2999999656872183,VNQ,0.00034189882507837263,-0.004416248203553415,1,0.01828994197899602,0.028258561282030675,0.01544363826218994,0.02637223612560425,0.012691754489829996,0.025479345697307736
9,211,9M,2019-01-02,0.1,0.3,0.0,0.0018106580337998307,0.004038682758306148,0.002431740542593591,0.2999999752001369,VNQ,0.00012878791855544896,0.0019263859161294118,1,0.008454649846179687,0.003274809760854777,0.007417322195014668,0.0029982065708722104,0.0065434135614389575,0.002580596387376474
9,213,9M,2019-02-01,0.1,0.3,0.0,0.001261326982012631,0.00901192433179053,0.002460866907484584,0.299999664720851,VNQ,0.0004285927140620908,0.0004314619316853498,1,0.013406703061481933,0.005382183927977311,0.010980417704842935,0.0046308237544719615,0.009274406446413497,0.003952751300456944
9,215,9M,2019-03-01,0.1,0.3,0.0,0.0,0.011882440585514633,0.005188802410021257,0.299999962501875,VNQ,0.0003342761934249897,0.001467893987632765,1,0.015829353305976273,0.006653157658413291,0.012823387048528201,0.005535897505174948,0.010709136637888599,0.004724057232510001
9,217,9M,2019-04-01,0.1,0.3,0.0,0.001189533795121673,0.009993714600295751,0.0035812694830171924,0.2999986649483886,VNQ,0.00042547955340642424,0.0007261372844085264,1,0.013995740037853008,0.005689242494125947,0.011452739119672864,0.004929721209041406,0.009657956606848286,0.004148761567347487
9,219,9M,2019-05-01,0.1,0.3,0.0,0.0,0.009073303898246265,0.006914491497170663,0.29999970931276726,VNQ,0.00043932949536127714,-0.0006335599892399338,1,0.013661390489954364,0.01019830222764325,0.011137913151015784,0.009853681709187932,0.009327941946826342,0.009022405576608392
9,221,9M,2019-06-03,0.1,0.3,0.0,0.0018133219458572707,0.0033822545178471487,0.00565183215126207,0.29999704027588514,TLT,0.0004821631562811714,0.0015771506634231567,1,0.007380870068426669,0.007891941772905487,0.006238206973426019,0.007755224812767185,0.005313273571040373,0.006793633493076485
9,223,9M,2019-07-01,0.1,0.3,0.0,0.0006201335368642286,0.004581134688412837,0.009728813955419876,0.2999998019406424,GLD,0.0007565334885068062,0.0003093567107327393,1,0.008362621956958121,0.010599550813446192,0.007144839708048815,0.010156952346104996,0.006380896934419961,0.009232778036639258
9,225,9M,2019-08-01,0.1,0.3,0.0,0.0,0.005424088935831385,0.005277773817345501,0.2999998809172899,TLT,0.0008713592536110897,0.0029424001652136,1,0.009365229285785153,0.003467035127812168,0.007816483946692545,0.002878531787982468,0.006790892191663283,0.002361615990595508
9,227,9M,2019-09-03,0.1,0.3,0.0,0.0018839334370328552,0.004777607272591262,0.013637321848950215,0.2999999127044225,TLT,0.0011484791991361674,-0.0009058856122594529,1,0.007977793397154827,0.015550808108739283,0.006734381112906411,0.01410276516712522,0.005680678184596448,0.013219124427421743
9,229,9M,2019-10-01,0.1,0.3,0.0,0.0003771406968026813,0.0059199396656785955,0.0042312122833796165,0.29999960572707934,VNQ,0.0011295208088632253,0.0006054754042336157,1,0.009484078201652207,0.005540186152683309,0.008200290943415484,0.00520714031406964,0.00688918126891007,0.004970372528376707
9,231,9M,2019-11-01,0.1,0.3,0.0,0.0015856357413851514,0.00560452057615642,0.005754780309575917,0.2999999447059443,QQQ,0.0008586567042929041,0.00019988454144917694,1,0.009317929758089715,0.009922118403268483,0.008052263849973087,0.009448064295403416,0.006873563741870425,0.008735334615530043
9,233,9M,2019-12-02,0.1,0.3,0.0,0.0009894304108543249,0.005830807278811405,0.0045956767475549476,0.29999999347351236,TLT,0.0008631931830588881,0.0003859951570533335,1,0.009583733594421554,0.009390304293176041,0.008515964166895882,0.007292985635286814,0.007251780250415769,0.006108338254147486
9,235,9M,2020-01-02,0.1,0.3,0.0,0.0,0.004838532600323567,0.0021578191324402598,0.2999999889745033,QQQ,0.00076053357610544,0.002259261992154943,1,0.008586906769557565,0.0013564224052458375,0.007347565863741367,0.0010848412210052978,0.006269376814385293,0.0009319245978195088
9,237,9M,2020-02-03,0.1,0.3,0.0,0.0,0.004911321723372196,0.006887568602856319,0.2999997480834856,GLD,0.00099132485523111,6.829631023145608e-05,1,0.008586901499029362,0.012241886021354967,0.007257839169153466,0.012032881531534534,0.006124462512187824,0.009481857849023351
9,239,9M,2020-03-02,0.1,0.3,0.0,0.0,0.005263167699923061,0.10544222630600578,0.2999999808897705,GLD,0.0009626716325520022,0.0002725639455677081,1,0.009511383398197893,0.039707471984794365,0.0079520934264906,0.03595878254225074,0.006574732748338411,0.03230976246613928
12,0,12M,2010-04-12,0.1,0.3,0.0017062051757085897,0.0014899173129223663,0.06996799140885415,0.05399452396467276,0.2999999541673437,VNQ,0.0020970769536328682,6.97250304941624e-05,3,0.03744758964770188,0.02897372208728919,0.029419655906102,0.02537224802298437,0.02461690389881095,0.023781114247616007
12,1,12M,2010-05-03,0.1,0.3,0.0014751950161955843,0.002284002346265049,0.05844945771545866,0.17771912262048759,0.299999869041061,VNQ,0.0019040298610141081,-0.0032843273036871714,3,0.033492443346860606,0.04668987823597592,0.02663803996356305,0.04218426169474168,0.022433124788047955,0.03807222267383544
12,2,12M,2010-06-01,0.1,0.3,0.000972380771220627,0.0008362206548722054,0.050103268089389065,0.0750135066897205,0.29999963384025374,VNQ,0.0014241880670030672,-0.0023759552172824146,2,0.03134693157495174,0.03693284477418443,0.025452153613995308,0.0303681863050157,0.021541415013951324,0.026906147711701425
12,3,12M,2010-07-01,0.1,0.3,8.756188950992394e-10,0.001893216570515428,0.033145195735701224,0.04395654903907392,0.2999999767251161,VNQ,0.001274564774746361,0.0015952817970864071,4,0.024084436902133816,0.019467204023691648,0.019281004483593316,0.017801155729096737,0.016907668159305576,0.016356183835819542
12,4,12M,2010-08-02,0.1,0.3,8.339453520106455e-11,0.0,0.03363797741439705,0.015414196797258684,0.2999999935873111,VNQ,0.0011408448062849032,0.00016657863647230248,11,0.024464591317254758,0.01471585896740375,0.019641103439300218,0.011994561113250065,0.017076626402898684,0.010615676371585293
12,5,12M,2010-09-01,0.1,0.3,0.0,0.0013120349124646907,0.03270215115465422,0.012234604419827348,0.2999995326738513,VNQ,0.0010177196689527149,0.002826609353400395,1,0.023901073594130316,0.007672119534506693,0.01959775483912252,0.006730945167821644,0.01692942072677803,0.005676307103245503
12,6,12M,2010-10-01,0.1,0.3,1.1349753081812963e-10,0.0005772793441696767,0.03609069806833398,0.01712715540564574,0.29999998066136524,GLD,0.0009895616496508456,0.002125253177776912,4,0.02594809031830992,0.01424998720773854,0.02085467533169595,0.010875010192677706,0.017959994465666294,0.008971883240186345
12,7,12M,2010-11-01,0.1,0.3,0.0,0.0007827999811993425,0.031069320497407637,0.030609087979336137,0.29999988099270225,VNQ,0.0012309052083353542,0.00025087005837890207,1,0.02312323821657544,0.020170276606718576,0.019056673737808644,0.01944459987933987,0.016617900564628658,0.016295007829685997
12,8,12M,2010-12-01,0.1,0.3,0.00021428365680116815,0.000867259778570527,0.034675188910019056,0.0065973412118915135,0.2999999264604939,VNQ,0.000982401193107502,0.002231646207090821,3,0.024517922548117722,0.0077503877484532465,0.020431836683246243,0.006227639114683802,0.01786770406978359,0.005386080958662559
12,9,12M,2011-01-03,0.1,0.3,1.1898520189956852e-09,0.0016707670679239495,0.029870775422185646,0.011822789111046582,0.29999996172614535,GLD,0.0010450959428942713,-0.0004987223296242627,3,0.023098929827973833,0.01724577614050237,0.019016066371791436,0.014285295326693793,0.016565202014853942,0.012768724870656098
12,10,12M,2011-02-01,0.1,0.3,0.00011255033080834198,0.0,0.030396577929904856,0.009968128499155902,0.2999996299650819,VNQ,0.001187932899454998,0.002450532996439314,6,0.024218817166984694,0.013386660994693739,0.01935621243970776,0.009313404724720808,0.01656094268840527,0.006776261789541192
12,11,12M,2011-03-01,0.1,0.3,1.6505969074182003e-10,0.0,0.027417092784430247,0.016460171001870885,0.2999999640371919,VNQ,0.0011855235506270454,0.00011600514736206878,7,0.022516456011508677,0.0144037370881075,0.01825308785019466,0.013611228750411224,0.01557393398176757,0.013133921180172361
12,12,12M,2011-04-01,0.1,0.3,0.0,0.00032069810291715593,0.024563079179723515,0.01068363617245446,0.29999616881854735,IWM,0.0010471998351939613,0.0026643751395446945,1,0.02243578373473544,0.012396949148841752,0.01781895754459024,0.01134085459717337,0.015063828291519702,0.009515595475569946
12,13,12M,2011-05-02,0.1,0.3,0.0,0.0015153851213392817,0.023768310729177934,0.03024154121324455,0.2999999307869384,GLD,0.0010542784346073654,-0.0008093883959172834,1,0.022296937146371692,0.023396031596547764,0.017427529290010183,0.019632979827747313,0.01471715808417959,0.01696849923014832
12,14,12M,2011-06-01,0.1,0.3,0.00010118050877522137,0.0005016466923695485,0.024294554389420332,0.02640535770705087,0.2999999817924618,DBC,0.001189212015853985,-0.0012098279352585342,9,0.023261158961719583,0.019731116644657157,0.01721808211131215,0.018940793371756734,0.014284360924829261,0.01802087114114306
12,15,12M,2011-07-01,0.1,0.3,0.00043400182667596536,0.0001607153261198018,0.025140695072801027,0.02554037017701595,0.2999987699745838,QQQ,0.0012630732054583484,0.0005357556357470664,4,0.021453437782814538,0.021549168899637813,0.017098194233176548,0.018702327007247575,0.014704758327782423,0.01608832726891737
12,16,12M,2011-08-01,0.1,0.3,5.800260710026e-05,0.0,0.015866553908817534,0.05407441172552948,0.2999999096230126,GLD,0.0011410607201283959,0.000672313088366824,2,0.018601944606465866,0.03042863910191948,0.01439509943514981,0.0276558911710994,0.012070093631163473,0.023088692384329826
12,17,12M,2011-09-01,0.1,0.3,0.0,0.0017209988875399804,0.019156045208271362,0.03690038433387734,0.299999963569967,GLD,0.0012565729207484374,-0.004981555663059437,1,0.021477540977005608,0.02779469372942687,0.01614357703969923,0.025351025859018068,0.013294093306857581,0.023395172471100213
12,18,12M,2011-10-03,0.1,0.3,0.0,0.00337324927302363,0.007738688318271673,0.0093827883002937,0.2999998275760512,GLD,0.0006570061995744645,0.001729784447008781,1,0.012786503774715356,0.00857612507340868,0.009847727177042392,0.008106730221593939,0.008263206070333873,0.007165754321245669
12,19,12M,2011-11-01,0.1,0.3,0.0,9.011721977585097e-06,0.011491629653138585,0.02290967245704046,0.2999999250784613,GLD,0.000759174482541314,-2.572651815938219e-05,1,0.014583623929820464,0.014305655425443209,0.011855552405672636,0.013924406358378843,0.010114386105130001,0.012750700006517528
12,20,12M,2011-12-01,0.1,0.3,0.0,0.0010641078662331806,0.011666759046632526,0.009430611019934003,0.29999998624948354,GLD,0.0007700196118186984,-0.0005021104352135616,1,0.014091965891371273,0.010802001597229991,0.011699872252505312,0.009493024284991393,0.01018596405761002,0.008804959932898532
12,21,12M,2012-01-03,0.1,0.3,0.0,0.0007072390125200494,0.006992503269451014,0.005367821386249735,0.2999998558055799,TLT,0.000742698835532839,0.0015762034573075696,1,0.010371772027258926,0.009132928782314052,0.008297538054819576,0.007061435545456459,0.00719455564130699,0.005642548228058761
12,22,12M,2012-02-01,0.1,0.3,0.0,0.0031585409727494292,0.00952117862635144,0.00900233758322533,0.29999995662066153,TLT,0.0009953990414689328,-0.0010186939776946052,1,0.013068741076331686,0.01933911686947629,0.009971419550799233,0.016374486562739182,0.008433678873995492,0.012420796124936273
12,23,12M,2012-03-01,0.1,0.3,0.0,0.0021945943152412405,0.009951832572792012,0.007244993530512936,0.29999998032881053,TLT,0.0008246120417710919,-0.0007300157688410816,1,0.014225189319508546,0.013148097495631814,0.010715026439583898,0.010518296835220861,0.009049403824112245,0.009182942354541925
12,24,12M,2012-04-02,0.1,0.3,0.0,0.0,0.010354804221667676,0.006931350426660238,0.29999996922300065,TLT,0.000810141180234512,0.0006987604524999158,1,0.013298785628013225,0.011292079867194648,0.010907856376905613,0.00869104336769274,0.009493631580863247,0.00696961860589549
12,25,12M,2012-05-01,0.1,0.3,0.0,0.0,0.006104278565503322,0.0035457465854724876,0.2999999942743429,TLT,0.000743881915363354,0.0003969916585315435,1,0.009913575822916779,0.005011795171113194,0.007955367004011976,0.004717317463220261,0.006945831141400748,0.004445378806416085
12,26,12M,2012-06-01,0.1,0.3,0.0,0.001676560585033609,0.005520315183188592,0.002407563153117507,0.2999999971187089,TLT,0.0007204455902348524,0.00030025811083315333,1,0.009316279903513774,0.004533302988979615,0.007443728733842141,0.003990069923672919,0.0065758329109252035,0.0036359642547252897
12,27,12M,2012-07-02,0.1,0.3,0.0,0.0,0.007490399049303617,0.0019218783184011866,0.2999998857270097,TLT,0.000815646590942837,0.0010869922106208987,1,0.01120843976891452,0.003341705987538842,0.008763282767753119,0.003090235004721848,0.0075358524305241086,0.002621966088728377
12,28,12M,2012-08-01,0.1,0.3,0.0,0.000591911643799542,0.013260037740078553,0.0030527007061909193,0.29999999643825376,TLT,0.0008211655614329067,0.0004995197146771749,1,0.015592348911451734,0.005241829072882252,0.012088027242692924,0.004888752785486954,0.010279665157443482,0.004643693125755341
12,29,12M,2012-09-04,0.1,0.3,7.192133427369354e-06,0.0010944962103003365,0.03344710487215877,0.009932145400370063,0.29999991594510256,QQQ,0.0009566939705436612,0.0002492908862556366,2,0.024793078201044226,0.011963788118455526,0.020217913385328044,0.009633819809114864,0.01709335353130382,0.008364241763548452
12,30,12M,2012-10-01,0.1,0.3,0.0003378063302848745,0.00030117989637960287,0.0360913110600368,0.00784879139198121,0.2999990932423807,VNQ,0.0011541665892625275,-0.0011536350212167498,3,0.025248715431507227,0.012968423028054489,0.020073906662635012,0.011238459650728413,0.01712092036214077,0.009782624677344722
12,31,12M,2012-11-01,0.1,0.3,5.9017392271980273e-05,2.3654991343664833e-05,0.02246742357581862,0.015396612060405096,0.29999996246111654,VNQ,0.000553423494684122,0.0002892337195751535,5,0.02113474866879298,0.014551446066275536,0.016354668428689136,0.013589144693133414,0.013907423933906848,0.011702968313268976
12,32,12M,2012-12-03,0.1,0.3,0.0,0.0,0.017429908055739428,0.010040462042096038,0.29999993233057054,VNQ,0.0006631819068395709,0.001024746404994611,4,0.01747115237798669,0.006777379571224593,0.014551941492524418,0.006762278587529782,0.012377635948247683,0.00652588206141835
12,33,12M,2013-01-02,0.1,0.3,6.731383794189453e-05,0.0013801312159097898,0.017204579970007603,0.006732287122912009,0.29999978503503766,VNQ,0.0006992298463190408,0.0010186868523089422,8,0.016899215484543872,0.0046451934277811895,0.014423526723201843,0.004419030954671458,0.012077315745852149,0.0042439954693273664
12,34,12M,2013-02-01,0.1,0.3,5.940589221042729e-05,0.0004781408898207988,0.015424579374824035,0.014030159757612707,0.2999997663311956,VNQ,0.0005853871051923295,0.0002231160279734204,4,0.016505750480602432,0.01806866819133409,0.01354031758928406,0.013739444217384605,0.011675449171850826,0.012136929052691245
12,35,12M,2013-03-01,0.1,0.3,9.757705759993844e-06,0.0005314852216785765,0.01599290677745149,0.004354804531703644,0.29999928099774764,VNQ,0.0005364723882230596,0.001344575142817387,4,0.017308313932547028,0.005954194482309805,0.014277729426819237,0.005901326555446985,0.012181927975065517,0.005174874910494694
12,36,12M,2013-04-01,0.1,0.3,2.4364353248073993e-07,1.5608795276516967e-05,0.015642654942789512,0.020092188857417086,0.29999997260394384,IWM,0.0005583699801681544,0.0016596365956845847,5,0.016965188586675697,0.018902011025067847,0.014068501960134282,0.014921317213039824,0.012049215026351267,0.012841647864055115
12,37,12M,2013-05-01,0.1,0.3,8.868770764866032e-06,0.0018927582539107497,0.016184639512872665,0.014864657653531975,0.299999970598752,IWM,0.0007038540403400641,-0.0008104039143880998,2,0.017813937762300426,0.014895975683952713,0.014499555461523228,0.014072322779484878,0.012189662149082781,0.013464922045727025
12,38,12M,2013-06-03,0.1,0.3,0.00029031083977563293,0.0006372294816932534,0.017630884917819434,0.038715184341894165,0.29999984994089984,IWM,0.0010701305163667127,-0.0008919020455077295,7,0.017423559343610985,0.03165261073302848,0.014573657004384842,0.024448677527516394,0.012353667485916889,0.02126004984504065
12,39,12M,2013-07-01,0.1,0.3,0.00036562119218177787,0.0003023675473353614,0.017643898098236407,0.007720872434911776,0.2999999740865212,IWM,0.0006800172238481826,0.002574230898899315,2,0.018050387198599735,0.0050668021453759175,0.015104790212780515,0.004364548100888102,0.01299763745484925,0.0037816770276478803
12,40,12M,2013-08-01,0.1,0.3,0.00021423570854753196,0.0003910677314886116,0.014981847810141224,0.014068700926174144,0.2999999398067947,IWM,0.0008925170812581575,-0.0007859034335659043,3,0.016900685179325237,0.01629822636454255,0.014075451531855594,0.014334142047633952,0.011801879479088733,0.012437414290732373
12,41,12M,2013-09-03,0.1,0.3,0.00019282965388228452,0.0,0.01524842109606319,0.00798140160744906,0.2999999954750646,IWM,0.000678235815387866,0.002844585647894079,2,0.01742389144807786,0.0044202071742835206,0.014562696828471479,0.004324933732744559,0.012318715266875639,0.003905621969475273
12,42,12M,2013-10-01,0.1,0.3,0.00010521499000918071,0.0005379602484097386,0.014583263561175069,0.014932191578074778,0.29999998919354876,IWM,0.0008166497786920764,0.0015047936580800277,3,0.017423893557096618,0.011185766072699395,0.014473957718736434,0.010282067175064857,0.01197226400620774,0.00917962692846985
12,43,12M,2013-11-01,0.1,0.3,0.00021813906054096157,0.000556360330427715,0.01631241348814965,0.0100836159621848,0.29999999471433214,IWM,0.0010402133493575003,0.0009447431361102501,2,0.017974221945220747,0.016676106865663103,0.014544337894385567,0.011169598883311718,0.012264494476576451,0.009094490186413026
12,44,12M,2013-12-02,0.1,0.3,0.00011757249217397739,0.0003075617253308774,0.013621684861167663,0.009055826534122078,0.2999998206542611,IWM,0.0010607405470311139,0.0010471081627724476,3,0.01674182051256439,0.008984189943500644,0.013262395877863773,0.007283764349444982,0.01103917831944772,0.0063215307774423446
12,45,12M,2014-01-02,0.1,0.3,0.00017225955219009586,0.00024254415776361112,0.013451820872179793,0.018923630061759646,0.2999999699521004,IWM,0.0010483062507523535,-0.0013784449265876707,2,0.01674180923050259,0.01684784650021285,0.01339422436310303,0.014967509482851022,0.011115302971686503,0.013913696912586374
12,46,12M,2014-02-03,0.1,0.3,0.000164232872876646,0.0001070558659565274,0.014180882251972747,0.016243562911640773,0.2999999903588173,QQQ,0.0007494119383578101,0.0026206608249789405,5,0.017400523796178125,0.022618575146649184,0.014178552113106804,0.014999457470597853,0.012083691361726996,0.010804951152159898
12,47,12M,2014-03-03,0.1,0.3,0.00014743446008358245,0.0012547905500423966,0.014187183301403604,0.014629531010380005,0.2999999085897947,QQQ,0.0009688131868492618,-0.0005342780568482711,3,0.017687602780407038,0.011925129841671362,0.013966311908630655,0.01116179900478322,0.011749556291414302,0.010308657690133975
12,48,12M,2014-04-01,0.1,0.3,0.00020511853906442267,0.0009626101199416443,0.014816692180749165,0.022397070204269957,0.2999994490658407,QQQ,0.0008160575912444822,-0.00028106225845916455,2,0.017741934766070597,0.019530571033186662,0.01423212773361614,0.01687694224601059,0.012142961269239992,0.015124730723968798
12,49,12M,2014-05-01,0.1,0.3,0.00023369044289932956,0.0005832792636440384,0.014607231485511712,0.009120349547164468,0.29999998890195506,QQQ,0.0006985936577700095,0.0010479896393318813,2,0.017573614943461532,0.00847625033218186,0.01423102588267577,0.007967544517475146,0.01220600372637733,0.0074227468920167895
12,50,12M,2014-06-02,0.1,0.3,0.00023277147647400576,6.490409307333307e-07,0.01437366802307725,0.003787764631818669,0.29999976382650934,QQQ,0.0007452665435140389,0.0013455688156267364,3,0.017546096662208927,0.004989238854886972,0.013960823927040646,0.004332757234576203,0.011897054250389259,0.0036571750985433496
12,51,12M,2014-07-01,0.1,0.3,0.0002752504883596122,0.000781713830984002,0.012777940077212058,0.013926671916255408,0.2999999848163914,QQQ,0.0009323131897723378,-0.0010744745167880646,7,0.01609350412951745,0.016047816033513716,0.012721193471462647,0.014115029337040771,0.010700697066877561,0.012655346162292332
12,52,12M,2014-08-01,0.1,0.3,7.309526447660253e-10,0.00045270089221881304,0.010071611408411684,0.004167672962500027,0.29999999195759963,QQQ,0.0006629274121835709,0.0014033659895034062,10,0.01424042912729395,0.006194873619082075,0.011560355358139686,0.005075572857165253,0.009770109621741484,0.004397422364696978
12,53,12M,2014-09-02,0.1,0.3,8.31597446747023e-05,0.0016087154358532928,0.010218118195492721,0.01030690572817262,0.29999995333372936,QQQ,0.0009317779317393148,-0.0021812644560607153,5,0.013850730350631531,0.013798678529327162,0.011286537836386813,0.01233392635648404,0.009434614484729755,0.01124909110413024
12,54,12M,2014-10-01,0.1,0.3,9.889617581564439e-05,0.0,0.004765845419890338,0.006315736042869413,0.29999998448120013,QQQ,0.0006304303090276964,0.002035845531493012,1,0.009727164016571465,0.005358000652601943,0.007634518446929421,0.0047501835630382105,0.006574304073169819,0.004343296083559247
12,55,12M,2014-11-03,0.1,0.3,0.0,0.0003216352851961262,0.005768564596966369,0.002782244880580714,0.2999998643198512,QQQ,0.0006974019390122062,0.0014968080897677573,1,0.010668902867396475,0.007024408375898457,0.008381588467128883,0.00494150329633582,0.007185340804981265,0.0038089419449440637
12,56,12M,2014-12-01,0.1,0.3,0.0,0.0,0.004189567993213397,0.006207198770200277,0.2999999806327797,VNQ,0.0008517538184281758,0.00042246990741904406,1,0.008726672857195495,0.00805439238707924,0.006803114723142859,0.00782853078426146,0.005874282304064941,0.007430749615496368
12,57,12M,2015-01-02,0.1,0.3,0.0,0.0,0.004118534369833293,0.003627251311345746,0.29999997876433565,VNQ,0.0008728277171627787,0.002348226090331879,1,0.00856052514100175,0.00706983349210442,0.006798731945250579,0.004842897967317191,0.005891798354821433,0.003997762924533383
12,58,12M,2015-02-02,0.1,0.3,0.0,0.0034761962549841024,0.004010885895326645,0.008524444954381608,0.29999997668013617,VNQ,0.0009491400490071969,-0.0005775379836086676,1,0.008430277815975978,0.016968486942245738,0.006654301317164056,0.012083445448649845,0.005746885684292672,0.010200605195419444
12,59,12M,2015-03-02,0.1,0.3,0.0,0.0002306800619763494,0.0044574910238327865,0.017545914452770386,0.29999997993093147,TLT,0.0007771892546446413,0.00011897801606433828,1,0.0092422574594365,0.017975153191101854,0.007266142127395056,0.014612025604436038,0.006210357719784176,0.012208097827643925
12,60,12M,2015-04-01,0.1,0.3,9.583541877688594e-07,0.0016547403053404457,0.006659492008176583,0.006412727424243819,0.2999999784757919,VNQ,0.0008078353889317933,-0.001174914229557263,2,0.011609078658865948,0.011936315368184708,0.00883753772071499,0.010820466858732586,0.007443787357177145,0.009306169842275221
12,61,12M,2015-05-01,0.1,0.3,5.613434195975654e-06,0.0007842353039657747,0.006657639831607035,0.013713831576235467,0.2999996552795168,QQQ,0.0006622417969339594,8.727980078747969e-05,2,0.012024985883329549,0.013098589604288002,0.009056502980736432,0.013004320206497822,0.007604037415806696,0.011145964318258273
12,62,12M,2015-06-01,0.1,0.3,0.0,6.612132994136474e-05,0.007397169604280296,0.005213091816017063,0.2999999883323423,QQQ,0.0005607504332233628,-0.0009749522884893841,1,0.012163772119789768,0.006877394285330772,0.009581158220395798,0.006406645318515207,0.008151568878877231,0.006041779626527475
12,63,12M,2015-07-01,0.1,0.3,0.0,0.0,0.007557624492784607,0.005113621353251488,0.2999997731379545,QQQ,0.00037265582065234827,0.0013554914653784319,1,0.012163664740235431,0.0070999001548733625,0.009669062197840297,0.006558517138104463,0.008315144377195029,0.005716593895496833
12,64,12M,2015-08-03,0.1,0.3,0.0,0.0,0.011532936575546849,0.04768798473381401,0.29999998869221506,QQQ,0.0005462068982370394,-0.002769040321661537,1,0.014335305596762823,0.029609250081256845,0.011674077574990087,0.025436600382938542,0.010124333939332635,0.022400834257798867
12,65,12M,2015-09-01,0.1,0.3,0.0,0.0,0.005239748490731432,0.005095963675029886,0.2999994570881522,IEF,0.00019827440181777425,5.956384864597243e-06,1,0.010391875678832992,0.007984180154520478,0.008526207525698815,0.007268897021361032,0.007409723745582703,0.0065752477699785985
12,66,12M,2015-10-01,0.1,0.3,0.0,0.00261297647493749,0.007517749814192691,0.002947290119397551,0.2999986950540671,VNQ,0.00033576285391888414,0.0011344651732235792,1,0.01325893451384656,0.005771525622947677,0.01059396416707508,0.005013915124366244,0.008950401290173746,0.004309140560216035
12,67,12M,2015-11-02,0.1,0.3,0.0,0.000330368327928203,0.00895568886328742,0.008823974042055649,0.29999993443446893,QQQ,0.0003358988580436758,-0.00012034726414425167,1,0.01478812700559249,0.014193698637661411,0.011387599671744176,0.012190675842727525,0.00966617477717133,0.010530905033581464
12,68,12M,2015-12-01,0.1,0.3,0.0,0.0,0.017008072576219047,0.024073934412164065,0.29999982129788505,QQQ,0.00023276951271193838,-0.0006247370408847531,1,0.01889501634447249,0.015425809560576223,0.014855017023413008,0.014468012951499092,0.01265713646758869,0.013640403509157874
12,69,12M,2016-01-04,0.1,0.3,0.0,0.0,0.01107572074110481,0.027833763418066298,0.29999964827968206,QQQ,0.00017631845185777392,-0.0013606579476021757,1,0.015332808246375808,0.01667082186624942,0.012290363597010396,0.015849560547284525,0.010478649972115858,0.015132319562573987
12,70,12M,2016-02-01,0.1,0.3,1.2199836923021401e-05,0.0,0.005746780491611963,0.00401415018782102,0.29999992535284525,QQQ,4.510441414398169e-06,0.0005400343502422926,1,0.010707438328023143,0.009702628419351489,0.008891667173438707,0.007233925076605692,0.007833183424129002,0.006323376620627967
12,71,12M,2016-03-01,0.1,0.3,0.0,0.0029329225810528874,0.008243219748065495,0.007941682401920114,0.2999989727957947,TLT,0.00014259398098520048,5.443264745864779e-05,1,0.011879949039293363,0.009567209676606868,0.010146121310200241,0.009004447311248682,0.00898138806156222,0.008153729022738192
12,72,12M,2016-04-01,0.1,0.3,0.0,0.00026946520785608996,0.011460465026598358,0.002901396980962905,0.29999938007373644,QQQ,0.00021094725661338,-6.234393754310967e-05,1,0.014462779471561708,0.006467861160877398,0.012052508516968439,0.006051524671211243,0.010480005969141537,0.005627181905481117
12,73,12M,2016-05-02,0.1,0.3,0.0,0.0012699542160403247,0.00762086280459002,0.004404583149069426,0.2999996376584897,TLT,0.00033002653962779295,-0.00044347392228534814,1,0.012428402985276886,0.009571082619360873,0.009929622161729835,0.007370946940676593,0.008580413079198657,0.006160655904540129
12,74,12M,2016-06-01,0.1,0.3,0.0,0.0,0.00585911707995661,0.0052700821454465365,0.29999996301640364,VNQ,0.0003209066069079363,0.002407465434337991,1,0.012087780787347359,0.004881450484628422,0.009293554206185736,0.0044784434386303225,0.007917698090257034,0.004220403974218051
12,75,12M,2016-07-01,0.1,0.3,0.0,0.0011971291202587677,0.007409185625841087,0.010552743813885624,0.29999994689236126,VNQ,0.0007061922876145547,0.001330937715839689,1,0.01178440540750553,0.010494612244336479,0.009157184055287381,0.010043900855242103,0.0077038927915150015,0.008673028509623664
12,76,12M,2016-08-01,0.1,0.3,0.0,0.00119367857118875,0.007915419950362435,0.005424397837423057,0.2999996056620164,GLD,0.0007735379921170674,-0.001037125566253771,1,0.011995433735471371,0.008584866051765932,0.009302733908218855,0.007869153887690146,0.007852151010503948,0.007403472565724682
12,77,12M,2016-09-01,0.1,0.3,0.0,0.0002745666086987099,0.0070128876540797545,0.014751778957411442,0.2999997003215667,VNQ,0.0007245439154888561,-0.00023354872939978223,1,0.009999122362423776,0.017569281061998294,0.00821949607909428,0.014915292344299376,0.007246661915863471,0.012441033639403735
12,78,12M,2016-10-03,0.1,0.3,0.0,0.0011522583553693153,0.011610543621121022,0.009482121042329334,0.29999995425433296,VNQ,0.0006496773950676949,-0.0014826171730062013,1,0.014149172971567918,0.013542424279327309,0.011433055146118094,0.012208204513002266,0.009930674805122094,0.011329169911306444
12,79,12M,2016-11-01,0.1,0.3,0.0,0.004861249997481644,0.008723071190630911,0.018237635558849545,0.2999987512101033,GLD,0.0004247558936047834,-0.003116276308092355,1,0.012221012804288231,0.02165249667743248,0.009626330255868622,0.01891181721364731,0.008292317701335521,0.016871281079528143
12,80,12M,2016-12-01,0.1,0.3,0.0,0.0005650210469585124,0.009433782521943407,0.00586355882388936,0.2999998984896996,IWM,0.00042762167937668126,0.0004032020907505377,1,0.013188015512328967,0.008991644353096588,0.01059568704685379,0.007278491486809421,0.00924724164710508,0.006360630452919013
12,81,12M,2017-01-03,0.1,0.3,0.0,0.0005193422810568747,0.014541684574934172,0.004782579884935118,0.29999962204607405,IWM,0.0006739321880922892,0.0004212856667998838,3,0.01628552946227378,0.006747299266529226,0.013504217882557668,0.0065644946517850866,0.011575408605712156,0.005908378866934354
12,82,12M,2017-02-01,0.1,0.3,0.0004593206235725565,0.0010757767975244862,0.016599225759334094,0.0038770056926574295,0.299999991934527,IWM,0.0009556260275051085,0.001055523780781251,3,0.018569423627182606,0.005363777157506793,0.014116074753460587,0.004693650025529565,0.01176744414501358,0.004188559400835283
12,83,12M,2017-03-01,0.1,0.3,0.0006576438008539238,0.0007185758488474214,0.016433214123659494,0.011451603104604743,0.2999999378786977,IWM,0.0010804532446893234,0.0004264872547190723,7,0.018295232449676676,0.014089336940199508,0.013590442273743657,0.011857079812603139,0.011397984001309008,0.009952110236833567
12,84,12M,2017-04-03,0.1,0.3,0.0002925280237754363,0.0002788370509526957,0.01168313441384566,0.004416642009297707,0.29999993068393194,IWM,0.000775599440928569,0.00025182625103310985,6,0.015159547625270005,0.0050955535321094364,0.011395265839493577,0.004749956800231157,0.009496264117174035,0.0045937886187625504
12,85,12M,2017-05-01,0.1,0.3,0.0006290549476576199,0.0006473660775796169,0.015615663231970393,0.00970982358837938,0.2999998675523624,QQQ,0.0008739415235074103,0.0007076010507706484,3,0.01821787350713362,0.012996377699071733,0.013747799974430723,0.010059727195614683,0.011443820080830742,0.008439876838775158
12,86,12M,2017-06-01,0.1,0.3,0.0007238902393194096,0.0012722928387315354,0.016646818732634537,0.012836376119828236,0.2999999319408103,QQQ,0.0009160118153397612,0.00030581822542310143,2,0.01989271385660966,0.011690803510991114,0.014377953561958886,0.010963106695853105,0.011690953554161308,0.01037536987315302
12,87,12M,2017-07-03,0.1,0.3,0.000520517286399221,0.00032021931141696085,0.010490934249930615,0.004738560108345954,0.2999999417956794,QQQ,0.0008828587041157775,0.0014367910117319583,7,0.014132042153193847,0.009259614618666766,0.010931282969175636,0.007154739190595977,0.009214398174302736,0.005663613285392266
12,88,12M,2017-08-01,0.1,0.3,0.0005680467211992674,0.0002710569855477391,0.010682799323855428,0.011718174344045927,0.29999998442722586,QQQ,0.0008156285190139914,0.0005379320714959428,3,0.014406955967697293,0.01738731552995485,0.011139381880082115,0.013078898759757275,0.009330149428747136,0.010488217115649415
12,89,12M,2017-09-01,0.1,0.3,0.0005522894569018016,0.0010320808450696361,0.01126427012795928,0.006577870770545401,0.2999999592081569,QQQ,0.00082703475890558,0.0006230032402250897,2,0.01552114058474881,0.009822235747428817,0.01196561106359915,0.009704690133582656,0.009919324902180915,0.007958636348717917
12,90,12M,2017-10-02,0.1,0.3,0.0006526958697556022,0.000717001196244779,0.010137408208170218,0.006119827060974281,0.29999958311660135,QQQ,0.000815226080672814,0.0012501649639843383,7,0.014183015034334813,0.0055808037901299646,0.011144955476801721,0.005081989006009092,0.009330760735538393,0.004717050842536149
12,91,12M,2017-11-01,0.1,0.3,0.0006184595544098644,0.0011059821265250978,0.009678165651598965,0.008776869737777727,0.29999996626099884,QQQ,0.0010114781251625365,0.0006959119020839941,2,0.013551007558749698,0.007712808698030978,0.010553080854965593,0.007043933461018508,0.00876851998970501,0.006549138400550653
12,92,12M,2017-12-01,0.1,0.3,0.00044468770096100564,0.0004812952989680639,0.007959448581552715,0.005216485170579302,0.2999997219852051,QQQ,0.001045278506057395,0.0008413743904745303,2,0.012634239948579602,0.005253854823655569,0.009592578734177192,0.005216231899514891,0.007993184074313531,0.0050028668649634254
12,93,12M,2018-01-02,0.1,0.3,0.000273313689910491,0.00015627265141259796,0.006215149355797833,0.009638281863800042,0.29999983545343284,EEM,0.0010529575488382186,0.003218634664498796,3,0.010778963389636975,0.009405204889804272,0.00795166082906609,0.007249091281421487,0.006683982604715191,0.005969020734345269
12,94,12M,2018-02-01,0.1,0.3,0.00045949883483039234,0.0007951420833623019,0.007874008042440667,0.08156436870356801,0.29999998884188656,EEM,0.0011439249284762468,-0.001983378223630071,2,0.01215350698340219,0.03876037027785937,0.009216657030855134,0.03628937052472921,0.007713097198859239,0.03141747151043475
12,95,12M,2018-03-01,0.1,0.3,0.0004668482655433353,2.906887487266112e-05,0.013649012949413217,0.04080096244298383,0.29999996989908184,QQQ,0.0009002663178413921,-0.0004904651864641053,2,0.01839320953078616,0.022311626054492335,0.013418000241847756,0.021311313928631097,0.010760218183742256,0.01923890836771098
12,96,12M,2018-04-02,0.1,0.3,0.00032058365213200133,0.00027904190706151515,0.014482207457676591,0.021492134364331977,0.29999995642548893,EEM,0.0007567019736015978,9.344140645512679e-05,5,0.01962001560843169,0.01780808840560333,0.01466071419046428,0.015144129919564433,0.011507385426381706,0.013734471751212163
12,97,12M,2018-05-01,0.1,0.3,0.00020235096563072687,0.00041639210798026516,0.014001762911514087,0.010397668417199179,0.2999994076355241,DBC,0.0007216637214690175,0.000696286219483365,2,0.01881518299636897,0.011538900104909782,0.01407886842487907,0.009441654651683349,0.011684650102073493,0.008147876552957184
12,98,12M,2018-06-01,0.1,0.3,0.0,0.0007633491282060011,0.012803178483200887,0.010038996149000988,0.29999939374936985,DBC,0.0007996094733778868,-0.00021331473280349856,1,0.01821131272132846,0.012849949900601763,0.013193422554817123,0.011594580289738025,0.010895638555239704,0.010954869585591337
12,99,12M,2018-07-02,0.1,0.3,0.0,0.001452501247386639,0.012983058653367194,0.012770079490431706,0.299999983397509,QQQ,0.0007777631304591484,0.0004882942281948976,1,0.018605987504677637,0.013479813267573276,0.013669475562333734,0.01191055555243684,0.011241833459115053,0.010078188650687657
12,100,12M,2018-08-01,0.1,0.3,0.0,0.00048347207841619366,0.012468621350190426,0.007944777918470466,0.29999998035545855,QQQ,0.0006876431778059343,0.0013063328085407666,1,0.018268268762147412,0.010271689984193592,0.013608705755476744,0.00819157793981253,0.01118432367494661,0.00712262399547732
12,101,12M,2018-09-04,0.1,0.3,0.0,0.0007364884926379085,0.011533605490797837,0.005263219485612285,0.29999996265478157,QQQ,0.0007885581683592332,-8.879610954138674e-06,1,0.017494356103467543,0.007530867687320342,0.012939144695397836,0.006847162659424854,0.010518706885299945,0.006410368073528464
12,102,12M,2018-10-01,0.1,0.3,0.0,0.0006718649612194733,0.012399263164042025,0.04316541597177931,0.2999997449793244,QQQ,0.0007028880816559057,-0.003686428508610258,1,0.018076292253582645,0.029869222415245256,0.013353277976681495,0.025763481602699284,0.011074894583650843,0.02315764205280516
12,103,12M,2018-11-01,0.1,0.3,3.514178492985964e-05,0.0019031890346960303,0.015140946762220268,0.02923914436121895,0.29999996786426236,QQQ,0.00027887920293495844,-0.0009609933141573832,1,0.020270556519130463,0.01849295509958531,0.015733926025764067,0.017511730591167264,0.013064353345964308,0.016605259631051427
12,104,12M,2018-12-03,0.1,0.3,7.639794617369036e-05,0.0,0.017660249074523866,0.07790605638828697,0.29999992156346683,QQQ,0.0002052724610233916,-0.004671476256385816,1,0.020676022500129957,0.029340799954358492,0.016464553086542367,0.027384263727416758,0.013542691157789897,0.026487259449929145
12,105,12M,2019-01-02,0.1,0.3,0.0,0.0021750338878359712,0.005040570643042513,0.003266790169879311,0.2999997797925436,QQQ,2.209553082696315e-05,0.001562010062093265,1,0.009702195359783557,0.0036348697390336934,0.008226869421324515,0.0034552740454480563,0.007344898722464292,0.0032357429328704135
12,106,12M,2019-02-01,0.1,0.3,0.0,0.001125996298898044,0.011071088376037156,0.0021775187436302522,0.29999992750515875,VNQ,0.00021996464004278883,0.0005667926147999362,1,0.015368008525349221,0.004826632004529715,0.0124992114517583,0.003774597538527448,0.010891206452873154,0.003420168883359787
12,107,12M,2019-03-01,0.1,0.3,0.0,0.0001499086138978768,0.02155945539551412,0.01466633306075094,0.2999999706428112,VNQ,0.00041289937261899793,0.0009385542916488876,1,0.02173247031414372,0.014587939793954986,0.017823012624533344,0.012066124426995844,0.014887785400429334,0.010020734959619842
12,108,12M,2019-04-01,0.1,0.3,0.0,0.0013942393816706224,0.009074999566357758,0.003773888252627282,0.2999999911268972,VNQ,0.0005137082248528765,0.0005214316978595771,1,0.013323175833444511,0.005999685119352352,0.010690238832786832,0.0053542371410322765,0.009195026047315003,0.004647958105902755
12,109,12M,2019-05-01,0.1,0.3,0.0,0.0,0.009278361558074696,0.008614586559938934,0.2999999774669623,QQQ,0.0005643345212841611,-0.000983260969823983,1,0.014013533153467343,0.011677247604939078,0.0109827797178253,0.011184289036603798,0.00907245083698382,0.010038882689731233
12,110,12M,2019-06-03,0.1,0.3,0.0,0.0026560813689729505,0.0036322773029784736,0.005747869946191918,0.2999997521793068,VNQ,0.0004590039831719904,0.000734391240307477,1,0.007803134781208908,0.009342472341649102,0.006864569689488873,0.009228520226203697,0.005929173541461468,0.008095460901955178
12,111,12M,2019-07-01,0.1,0.3,0.0,0.0005778415383168624,0.0038504755520024935,0.008587648409761815,0.29999609204144334,LQD,0.00048414097401633236,0.0003063944213406626,1,0.0073402115199928735,0.00977308822796389,0.006278184646219193,0.009308791353454979,0.005606669799588186,0.008384905968109958
12,112,12M,2019-08-01,0.1,0.3,0.0,0.0,0.005199605745130967,0.005277937263758086,0.29999948693338635,VNQ,0.0005391786471974328,0.002942507590973618,1,0.009178868274733831,0.003467313628831923,0.007731687384998803,0.0028787215684227267,0.006828158560654028,0.0023618387000090752
12,113,12M,2019-09-03,0.1,0.3,0.0,0.0018839234388285803,0.0043724914156275585,0.013637358786520757,0.2999999662186082,GLD,0.0007995564685468604,-0.0009058756140551732,1,0.007821802343786375,0.015550830442324505,0.0065880384976141695,0.01410278748453941,0.005567207860051418,0.013219122603811211
12,114,12M,2019-10-01,0.1,0.3,0.0,0.0006136932813645621,0.006015366986449814,0.0051520211899017,0.29999991481533494,TLT,0.0008195807932172719,0.00036892281967173835,1,0.010642470140438962,0.007307539093228595,0.008500665633538466,0.006936197600625019,0.007415245781006093,0.0066234482220606915
12,115,12M,2019-11-01,0.1,0.3,0.0,0.002309078181004072,0.005854879592510569,0.008303939752028365,0.29999992708761497,TLT,0.0009091890388231024,-0.0005235578981697418,1,0.010063326610071697,0.013268066691663093,0.00823504090905316,0.013008592939272513,0.007093299751515729,0.01132575110971693
12,116,12M,2019-12-02,0.1,0.3,0.0,0.000737302629122698,0.005008646632846722,0.0037492267890072775,0.2999999785679118,TLT,0.0008262584590164161,0.0006381229387849594,1,0.008549048377409925,0.005937348041109923,0.007332646195061302,0.004719274952778285,0.006274151222495606,0.0041011707208651604
12,117,12M,2020-01-02,0.1,0.3,2.7848262548806502e-05,0.0,0.01397621202333027,0.01041729909908792,0.2999998741294159,QQQ,0.001082047622576022,0.00012251032734935294,3,0.0169497765244263,0.014183148299356385,0.01295988269874264,0.011941795819995707,0.010937033377882308,0.010084699010389192
12,118,12M,2020-02-03,0.1,0.3,0.0,0.0,0.0047098319229245,0.010633537883353111,0.2999997292633381,QQQ,0.0008950584131312253,-0.00035865442818016697,1,0.008559401392302601,0.01703075252924582,0.007180035432450597,0.015830835586563823,0.006213434780881145,0.01267160123911157
12,119,12M,2020-03-02,0.1,0.3,0.0,0.0,0.004607489436004262,0.10544189446015528,0.2999999690013829,TLT,0.0008916473389652636,0.00027256546281686497,1,0.009006436084863104,0.03970742808706769,0.007236759940460872,0.03595874704849153,0.006136957249883978,0.03230970478399831
18,0,18M,2010-04-12,0.1,0.3,5.03364450468724e-09,0.00012605769666917607,0.1269179377339657,0.02560813210464681,0.299999871192556,EEM,0.0016145780279415514,-0.00026968483944810165,5,0.0504758880312314,0.023230494314888193,0.03949276777770302,0.019830518881066603,0.032287879299556656,0.016796439005595822
18,1,18M,2010-05-03,0.1,0.3,1.1763800845769612e-08,0.0,0.09261833677090534,0.07207092137811212,0.2999994132534492,EEM,0.0015390198014951135,-0.0017925393382264483,4,0.041914051932892785,0.03289569235203784,0.033443490237992236,0.027670691164816207,0.028119149645694865,0.02390956295535282
18,2,18M,2010-06-01,0.1,0.3,0.000977463375814106,0.0,0.10230051889898757,0.039320245212312636,0.2999997590351981,VNQ,0.0016367864014327127,-0.0004107342345389793,8,0.04214338564830217,0.023941070291019655,0.034904585861075754,0.02026042073638309,0.029679603061266026,0.018084043934184155
18,3,18M,2010-07-01,0.1,0.3,1.636402406808568e-09,0.0009109723635326687,0.06038664561430545,0.03299626149041652,0.29999955962875696,EEM,0.0012058805604366536,0.002313316523138889,4,0.032482321594195604,0.018112895621628138,0.027513227844831557,0.01556868650145457,0.023742336210448797,0.01314314442328092
18,4,18M,2010-08-02,0.1,0.3,0.001417518485152207,0.0,0.10023615808275818,0.03071162359783523,0.2999997884488678,EEM,0.0017008318881985578,-0.0013143770501688613,3,0.04216109214307412,0.020619902264876325,0.03537935849708767,0.017473002258125304,0.029341417968574573,0.0156640736737287
18,5,18M,2010-09-01,0.1,0.3,0.0010573010038781652,0.0003879274087791344,0.08546606683532473,0.02458472692356039,0.2999999655465418,VNQ,0.001862592284292272,0.003800064547624164,8,0.03850410155987095,0.010266738054884155,0.03198652923794757,0.008732657170104925,0.026351426639840612,0.00785056303684906
18,6,18M,2010-10-01,0.1,0.3,0.0010686634881278334,0.0003340190675970244,0.06882677498682867,0.013206672206518347,0.29999997482240887,VNQ,0.0018279107369675517,0.0020942834575089614,4,0.03632992848147613,0.011211528633728512,0.02897093603245073,0.008953976061313405,0.023945871211772992,0.007303690702532623
18,7,18M,2010-11-01,0.1,0.3,0.0005214724539990868,0.001348823576270218,0.045776226260587784,0.03805809677780183,0.29999937748332234,VNQ,0.0014656188598678411,-0.0002966206207294125,3,0.028794076778531085,0.02218962033980855,0.023547099310659535,0.021567019575670587,0.01987236409204762,0.019017957349729425
18,8,18M,2010-12-01,0.1,0.3,0.000209743032019562,0.0010100216593620197,0.0345879124150924,0.006003626197017977,0.29999997250398136,VNQ,0.0012419427052129768,0.0019496361904316236,4,0.025727198744286073,0.007444651627130122,0.020990724297825267,0.006371923343782483,0.017819366007125408,0.005558420831373954
18,9,18M,2011-01-03,0.1,0.3,0.00021754888692038753,0.001235023753587968,0.03182827310349556,0.010473858395404927,0.29999996223723036,VNQ,0.0014436173326636272,-5.768308508077259e-05,3,0.023944344668766913,0.014509367880979411,0.01970533883567282,0.012009318120274658,0.01676812331545106,0.011100029778469607
18,10,18M,2011-02-01,0.1,0.3,0.00020741453929097988,0.0,0.0303205082047359,0.008689111358804489,0.2999999726987232,VNQ,0.0011951111040816634,0.002458803695297043,3,0.023762965542004907,0.011906881340757325,0.019522956731617067,0.007971399924070739,0.016647763506447942,0.006082016247030804
18,11,18M,2011-03-01,0.1,0.3,0.00011037777153782716,0.0,0.028571259108277576,0.015270898404580912,0.2999997423310643,VNQ,0.001191046723298627,0.00010163500654667238,3,0.023014331190908954,0.01405362748188502,0.018983009754449953,0.013476221773600907,0.016152737136054147,0.012754867441552086
18,12,18M,2011-04-01,0.1,0.3,1.5693576056741154e-09,0.0,0.02681275345705589,0.007513133509880991,0.29999954656091776,GLD,0.0010358184558469227,0.002859270322454095,7,0.022763147269572348,0.00861143733254878,0.018416388824980756,0.007628054217969976,0.015576266199503443,0.006631268616733257
18,13,18M,2011-05-02,0.1,0.3,0.0002681563936379229,0.0006233777498539346,0.02859600221715592,0.016784198043833007,0.29999980485054106,VNQ,0.0012654760833877149,-0.00032980059954074967,2,0.02263791743172443,0.01147468236099174,0.018689060545613322,0.011155189090605783,0.01591640424147517,0.010877950982326617
18,14,18M,2011-06-01,0.1,0.3,0.0002077315613301725,0.00044777440467676927,0.027133834517345218,0.020117684409520487,0.299999599636803,VNQ,0.0010498541838253946,-0.0011544495613205457,3,0.022329391983546967,0.018211088212839628,0.0182733188363918,0.015862230836906358,0.015626150360364813,0.014304290064754588
18,15,18M,2011-07-01,0.1,0.3,1.1201260973446592e-09,0.0,0.025199755302659266,0.014721801972489854,0.29999995181522077,VNQ,0.0008959822224384657,0.00110563497746876,3,0.021527090834731904,0.02032395574968609,0.01773085013491175,0.015057767203720977,0.015161725477296665,0.012712111222409493
18,16,18M,2011-08-01,0.1,0.3,0.0,0.0,0.022906460006022193,0.1109776738993438,0.29999999168018915,VNQ,0.0010602907022875428,0.00012812987165887447,1,0.021315852225388125,0.03953596314887241,0.017071748922639806,0.035726733854516336,0.014449136892962962,0.030162092140881294
18,17,18M,2011-09-01,0.1,0.3,0.0,0.0023452934565138042,0.0230189813483297,0.042467999315049146,0.299999975046427,GLD,0.0009629935905195726,-0.00560585023203328,1,0.022536650646351394,0.027367414730575135,0.017602242655678176,0.02671680936692786,0.014580866228445325,0.025093350923321697
18,18,18M,2011-10-03,0.1,0.3,0.0,0.004280183897656133,0.009434011436271714,0.01148286317126686,0.2999998431523603,TLT,0.0008213464722897213,0.0008228498223762827,1,0.013964005396326534,0.008294905761586858,0.011028196727265585,0.0075708929956924765,0.009248299393053886,0.006975102105297891
18,19,18M,2011-11-01,0.1,0.3,0.0,9.00560297820846e-06,0.011469808672898789,0.02290960907874784,0.2999995207509894,GLD,0.0007969668393972099,-2.5720399160014474e-05,1,0.014078237641691754,0.014305552035740816,0.01167625564803338,0.013924354346972432,0.010056578564333788,0.012750638228648985
18,20,18M,2011-12-01,0.1,0.3,0.0,0.0018348321207029873,0.009096131810901034,0.008805893440292024,0.2999995834515559,GLD,0.0008047192446006578,-0.0012728346896833604,1,0.01326065843066481,0.011175374143317141,0.01063879870040818,0.010325512477638415,0.008935986609970059,0.009595374635986
18,21,18M,2012-01-03,0.1,0.3,0.0,8.290810800556975e-05,0.041478813986194935,0.00545182850063416,0.2999997615573508,VNQ,0.0008411800495906454,0.0031117842829512373,3,0.028815374393038957,0.006831315046975547,0.022915567537744385,0.004774938923282266,0.019173229952866876,0.003457609120741998
18,22,18M,2012-02-01,0.1,0.3,0.0,0.0016493246630097519,0.02984197781562145,0.011043092710984847,0.29999998420555496,GLD,0.0008911515836279195,0.0004905223320450704,1,0.024589245872987737,0.01997291486238314,0.019977143443421167,0.01389642075719666,0.016763110998084668,0.010414513925317401
18,23,18M,2012-03-01,0.1,0.3,0.0,0.000977615236416183,0.029071300861589197,0.015617852868696703,0.29999976213989177,QQQ,0.0009911795834091426,0.0007884539059737208,1,0.024158334417581112,0.011518959661271139,0.02005598853170526,0.010039600496227229,0.016917862212650642,0.009083940734581757
18,24,18M,2012-04-02,0.1,0.3,0.0,5.219006665404483e-05,0.03702023143145071,0.02057936151598645,0.29999964778191457,QQQ,0.000814141214252798,0.00011555453069627027,3,0.028130360589797582,0.01430673672820273,0.022320089824772266,0.014110151539410806,0.018966716267683616,0.012983365512808043
18,25,18M,2012-05-01,0.1,0.3,0.0,0.0,0.01283338091782405,0.006475625038056944,0.2999999205525516,QQQ,0.0007106738341781028,-0.0006887211853174861,1,0.015565847608039056,0.007492943242563308,0.012255116737632432,0.007100485171877301,0.01041234699994641,0.0066519034549661375
18,26,18M,2012-06-01,0.1,0.3,0.0,0.0008858212235953872,0.011415375858533899,0.008746028294573355,0.299999967643049,TLT,0.000690739927244265,0.0010909974722713783,1,0.014348135732266894,0.010352752656942701,0.011263406076126095,0.009347454390250544,0.009619374425003612,0.007692620353114176
18,27,18M,2012-07-02,0.1,0.3,0.0,0.0,0.011482904800375603,0.002584806762344925,0.2999993388187451,TLT,0.0007179275786500573,0.0010585672156283629,1,0.014413710788404968,0.004741499418143523,0.01137907515540758,0.003655724810538056,0.00964763200545167,0.0030694612464950547
18,28,18M,2012-08-01,0.1,0.3,0.0,0.0003949730022318118,0.009651784855836558,0.00498737600263954,0.2999994279419789,TLT,0.0007665431496222625,0.0006964583562449098,1,0.013495841613022167,0.006460067694566627,0.010597901408038714,0.006246585279423313,0.0088886219736869,0.005522497805243566
18,29,18M,2012-09-04,0.1,0.3,0.0,0.0020264157902059182,0.006028261154972731,0.0023506875471462287,0.299999959246376,TLT,0.0007368636651576523,-0.0006826286936499429,1,0.010115166530964725,0.008231485009361437,0.007974176252386889,0.006265217341275848,0.006807493235752613,0.005387129571256387
18,30,18M,2012-10-01,0.1,0.3,0.0,0.00043158136650889127,0.008686725668483839,0.003198888519205565,0.2999998337592056,TLT,0.0007181775217706265,-0.0012840364913460378,1,0.01247456339734464,0.0073576493464903355,0.01001657074301873,0.007263289635718743,0.008462262811772295,0.00685276296422538
18,31,18M,2012-11-01,0.1,0.3,0.0,3.6845205520486674e-05,0.006250843961120055,0.0019046444750165652,0.29999997103680126,TLT,0.0005859037585978239,0.0002760435053983314,1,0.010340642482389455,0.0053046021990062545,0.008284301874607719,0.004521537058203732,0.007196747062641054,0.0038055508570852643
18,32,18M,2012-12-03,0.1,0.3,0.0,0.00035904324711433233,0.011255012918093743,0.0025885635959963047,0.2999999262520292,TLT,0.0005826500733119645,0.00011099780331939376,1,0.014727490868152551,0.005250236255488086,0.011402220230793259,0.0049292222571916304,0.009497279523796446,0.004687645210104021
18,33,18M,2013-01-02,0.1,0.3,0.0,0.0020016550713923657,0.011067371655748193,0.0026834964127394243,0.29999999106532754,TLT,0.0005763497195682675,0.00039716299682636245,1,0.0146973763993051,0.00546023683774939,0.011254299866529394,0.005082977007053928,0.00930481593385044,0.004190671779935813
18,34,18M,2013-02-01,0.1,0.3,0.0,0.00010562749129997516,0.019029597827684763,0.004908373162527902,0.29999895267778903,TLT,0.0005760295455854417,0.0005956294264942415,1,0.019950388626672273,0.008142751417259538,0.015038536406608785,0.00790211391331161,0.01227946077850528,0.006759239365416275
18,35,18M,2013-03-01,0.1,0.3,7.56079654701744e-05,0.0003795105918500347,0.025928142890592247,0.003616622156790393,0.2999999620557505,IWM,0.0006822859632581482,0.0015484691643425125,3,0.022921558165483667,0.005971480372759943,0.0180263186331182,0.0045876717250356806,0.015188666500761672,0.00393273256469167
18,36,18M,2013-04-01,0.1,0.3,0.00017548762378323882,7.471906639825322e-05,0.028085270426966714,0.02195062489805159,0.2999999163909711,IWM,0.0010021156605674146,0.0013465968387554696,4,0.022756192707225776,0.01942722564282421,0.018030685284965126,0.015801011096266002,0.015096125495521664,0.013459210195735429
18,37,18M,2013-05-01,0.1,0.3,6.452107776071941e-05,0.0011156855083903922,0.021445352257305417,0.01270738477178163,0.29999997310476684,VNQ,0.000741025109479048,-1.9772784073872797e-05,4,0.02072675730242515,0.013398637767486676,0.016322569639533862,0.01256023826773203,0.013712123767645171,0.012054296269956667
18,38,18M,2013-06-03,0.1,0.3,5.298138887065498e-05,0.00043765786810699876,0.016510086264488223,0.03510422251469678,0.29999991655305297,IWM,0.0007990803116504403,-0.0007917739272012859,4,0.01754411462145662,0.02853995759134953,0.01431432359537777,0.023130502056274455,0.012177745840646114,0.019188277779954143
18,39,18M,2013-07-01,0.1,0.3,0.0002971051806538029,0.0005676376025021726,0.018766270283502938,0.008225924549691725,0.2999999854965314,VNQ,0.0007271280211647216,0.002187912003355571,2,0.019304193246039065,0.006671715831538248,0.015597161636831832,0.005642677972827624,0.013347837179123205,0.004965389724256752
18,40,18M,2013-08-01,0.1,0.3,0.00041398844639815337,0.0006028317943682273,0.01928960066197223,0.014605691492257784,0.29999994196336494,IWM,0.0006747568401120223,-0.001332550219481563,7,0.019411505797219227,0.0167458303072373,0.01584012572203681,0.014731634474737867,0.013517613756932141,0.012982425155087907
18,41,18M,2013-09-03,0.1,0.3,9.746915426192158e-05,0.0,0.016250659483084448,0.007283575229746293,0.2999999108096831,IWM,0.0004912551363456413,0.002449053685295067,8,0.017763910295952385,0.004858883420759215,0.01473276985285102,0.004436408224345122,0.012611866284576482,0.00399408405666064
18,42,18M,2013-10-01,0.1,0.3,0.00028889803975468966,0.0005379601442799488,0.018494039202491302,0.014932183413862054,0.29999998191688865,IWM,0.000596723818704718,0.0015047930841553434,3,0.018727187457176914,0.011185762273091123,0.015597309302937188,0.010282063893492623,0.013406096494930058,0.00917962450655372
18,43,18M,2013-11-01,0.1,0.3,0.00024092503214274193,0.00035182212698759677,0.01766552140999097,0.00915317303091298,0.29999941972187527,IWM,0.0007154940998386531,0.001235069894045845,3,0.01841263287836504,0.015368507494409066,0.0151240135732315,0.010349696707309307,0.012938498308471151,0.00809173668639133
18,44,18M,2013-12-02,0.1,0.3,0.0001998001016370152,0.0003075585154848296,0.016223588688466347,0.009055805547791226,0.2999999599100155,IWM,0.0010667280960327233,0.0010471099636054338,3,0.01725881828514477,0.00898416355780215,0.01418095973485188,0.007283748482703506,0.01194784440166514,0.0063215203611088604
18,45,18M,2014-01-02,0.1,0.3,0.00018670936521465687,0.0002425447216721677,0.01437385198419396,0.01892363478449613,0.29999998233590747,IWM,0.0009147592071092335,-0.0013784452061636298,3,0.0163546484533623,0.016847848690702705,0.0134906037040257,0.014967511556230925,0.0113503298329887,0.01391369879626627
18,46,18M,2014-02-03,0.1,0.3,0.00014128954225021062,0.00011211417461895706,0.014118611159839423,0.016373704150314736,0.2999996449426935,IWM,0.0008721635968684595,0.0026303512425848515,2,0.016627066762120977,0.022704367953440198,0.013632480117110999,0.015052582238183756,0.011446325480620105,0.010836987107021953
18,47,18M,2014-03-03,0.1,0.3,0.00014534609953158022,0.0012547917620815445,0.014399747905444607,0.014629541928053949,0.2999999679240904,IWM,0.0008796329618148272,-0.0005342784510553171,3,0.017149362799218484,0.01192514027590735,0.013953760530242805,0.011161804869019845,0.011785925585848686,0.01030865907774673
18,48,18M,2014-04-01,0.1,0.3,0.00021683766546766263,0.0009373611499800634,0.015080165812946422,0.022886538236735907,0.2999999844723796,IWM,0.0007946392153297724,-0.00020275589281560846,5,0.017669379582156104,0.019692514181089263,0.014395122544938509,0.017053452672645103,0.012069979394264015,0.015283425206760185
18,49,18M,2014-05-01,0.1,0.3,0.0003045629316429908,0.0005810608811379352,0.01624755350615756,0.009624458919874204,0.2999995505136545,IWM,0.0008445347504162033,0.0011051152640218424,2,0.01846769492259662,0.008755395498736624,0.014940396267817157,0.008157751401211673,0.012568241252859384,0.007555116698109383
18,50,18M,2014-06-02,0.1,0.3,0.00033139916011130184,4.0258357780598056e-05,0.015501716684061594,0.004269556704004976,0.29999957135960276,QQQ,0.0008675454359999728,0.0013720912204125254,2,0.018130582209230566,0.0050064598780565055,0.014445531393750348,0.004437089897082609,0.01211925742995317,0.0037620085661764805
18,51,18M,2014-07-01,0.1,0.3,0.0003689581287274627,0.0007634015482231383,0.0150769736512773,0.014178279281376473,0.2999999921005207,QQQ,0.0008717831170017058,-0.0010147561320853224,2,0.018130623113541643,0.016171315938579178,0.014445564954711995,0.014150769422610824,0.012069591631089697,0.01263492193670148
18,52,18M,2014-08-01,0.1,0.3,0.0004027773093981065,0.00029954236814401514,0.015340228353994574,0.0058079903766105325,0.2999997459933072,QQQ,0.0007006767710811418,0.0015565245135782048,7,0.018454296665174782,0.006351116793499615,0.014826504209143004,0.0058257592912991365,0.012521078381703285,0.005176920200706588
18,53,18M,2014-09-02,0.1,0.3,0.00037999056917159936,0.0011930575504471592,0.014592479269055476,0.010182684589612955,0.2999999100187255,QQQ,0.0007733145230221273,-0.0018120251409317913,2,0.01797955686708833,0.012663155133713275,0.014248917208067514,0.011175313934453965,0.011963494133356473,0.010260546068522992
18,54,18M,2014-10-01,0.1,0.3,0.0001780075820009856,6.915249364934138e-05,0.012182320450118116,0.027984221347322674,0.29999993738311054,QQQ,0.0005843182426866473,0.0013379287766471875,4,0.016474857231308846,0.018039165452149085,0.013059797893741903,0.016337818667777757,0.011122314883597077,0.014920125129843309
18,55,18M,2014-11-03,0.1,0.3,0.0003044805238740615,0.0007411960381228876,0.014545454685803748,0.0038627111077464368,0.29999994690978027,QQQ,0.0006357661578756697,0.001055563642838057,6,0.017158539323047534,0.007552927065955968,0.014017574757905785,0.005320102139382533,0.011838312869847408,0.004364426757309736
18,56,18M,2014-12-01,0.1,0.3,0.00011859457836320766,0.0,0.011818790522352893,0.01589586152676951,0.29999964750176084,QQQ,0.000683819360114173,0.0005329969153411693,3,0.015551624225458437,0.01044297130432447,0.012364943862752342,0.010209354938030062,0.01044123793420176,0.010007758348427123
18,57,18M,2015-01-02,0.1,0.3,4.3142347334879094e-07,0.0,0.010265545259940115,0.013184642521942227,0.29999989704794217,QQQ,0.0007394177876583599,0.0008560203341022633,3,0.013633728731501558,0.01241222235576739,0.011153353989132536,0.010610262733329686,0.009494018060927452,0.009137656698722673
18,58,18M,2015-02-02,0.1,0.3,0.0,0.0034199811136350466,0.005357970826062315,0.00843128352809466,0.29999998076526957,VNQ,0.0007851962928559328,-0.0005213228422596149,1,0.009597436904845791,0.01689535995642227,0.007821048817783612,0.011928922314567008,0.006658818317338022,0.010079954894635545
18,59,18M,2015-03-02,0.1,0.3,0.0,0.0003334451830015688,0.006330847629272134,0.019192971380406525,0.29999993664785735,QQQ,0.0008514846407477485,0.00019266924671456465,1,0.010546572398634532,0.019105569522379268,0.008447635618612028,0.01520077903398903,0.007203055500780015,0.012775075435237463
18,60,18M,2015-04-01,0.1,0.3,0.0,0.0016547403778904568,0.006908498240267389,0.0064127303680121305,0.29999995229363363,QQQ,0.0007696564906535733,-0.0011749143021072734,1,0.0117465910338668,0.011936319634625749,0.009184415617212519,0.01082046921624223,0.007746132494878712,0.009306170455057992
18,61,18M,2015-05-01,0.1,0.3,0.0,0.0007842327712444192,0.006604149014820656,0.013713873870859157,0.2999999369867771,QQQ,0.0006138594694256432,8.728811539622061e-05,1,0.011929763828317447,0.01309864254094368,0.009333407352249991,0.013004338150390975,0.00785507890426291,0.01114596516198455
18,62,18M,2015-06-01,0.1,0.3,0.0,0.0005706399068666039,0.006944632005802066,0.006438633076666649,0.29999944372298065,QQQ,0.0006435933296628102,-0.0014794708654146246,1,0.012331274280444851,0.007475408975057565,0.009505221581975063,0.007312180677414403,0.007951084302633516,0.007067171442228765
18,63,18M,2015-07-01,0.1,0.3,0.0,0.0,0.006952182767436213,0.00429508214103606,0.2999997644097936,QQQ,0.0005398870201128203,0.0019650815414437,1,0.011963574088548493,0.006233733065249127,0.009417362433961816,0.005000691588486299,0.007966471726996683,0.004305668221027397
18,64,18M,2015-08-03,0.1,0.3,0.0,0.0,0.006785703652668559,0.03060583495045518,0.29999993341955755,QQQ,0.0005922441731593167,-0.0022253060116277255,1,0.011772166037893656,0.024267545310995148,0.00923462376937057,0.021167880469400435,0.00781757127848947,0.019185789251449325
18,65,18M,2015-09-01,0.1,0.3,0.0,0.0,0.006974807236559991,0.008907512079432793,0.29999994830806165,QQQ,0.00038268848067754936,0.0005368355589039275,1,0.013204576844944632,0.009988337572945727,0.01010043688745339,0.008694527905308636,0.008335259608413132,0.007853762530386017
18,66,18M,2015-10-01,0.1,0.3,0.0,0.001566569578378866,0.00722296903037975,0.004112537391830691,0.29999996415550645,VNQ,0.00042464102017919877,0.002180872069782202,1,0.013305579511717583,0.005056235451944174,0.010161290604474288,0.004594985027837052,0.008390768891281895,0.0038552029616995783
18,67,18M,2015-11-02,0.1,0.3,0.0,0.0003303647766630738,0.007225580523128487,0.008823994406874381,0.2999999612624034,QQQ,0.0004928742902727108,-0.00012034371287911773,1,0.01327903599921878,0.014193671805793395,0.010091122766045369,0.012190671087321159,0.008301859775200853,0.010530908137030559
18,68,18M,2015-12-01,0.1,0.3,0.0,1.1965392452716776e-05,0.008961855661592365,0.01608063798033239,0.2999998613713733,QQQ,0.00042928854797327217,-0.00018628312865198268,1,0.014682165623247624,0.014374820862062123,0.01105605370627971,0.012563352849884225,0.009192811960136273,0.011339287645360739
18,69,18M,2016-01-04,0.1,0.3,0.0,0.0,0.00818885582539416,0.01840651562020851,0.29999997513837523,TLT,0.00039866653003271747,-0.0005553074038370772,1,0.0142116698844683,0.014484771427169018,0.010894113632017036,0.013880930021844257,0.009045900611208732,0.013021229632963318
18,70,18M,2016-02-01,0.1,0.3,0.0,0.0,0.008896250775650639,0.009995868744992507,0.29999911469541574,TLT,0.0003470792814628056,0.00030719263692495166,1,0.014730371077791977,0.01563086617452276,0.011310243229299627,0.010873125889404416,0.009445464928965445,0.009237003378674327
18,71,18M,2016-03-01,0.1,0.3,0.0,0.0013188508185220556,0.00696730242325743,0.004322105014770555,0.2999999705092048,TLT,0.000267307513393215,0.0016685044099894776,1,0.013032394854382772,0.0045618951224989995,0.010253316289723308,0.004223662257988847,0.008617169744233724,0.003883277117313478
18,72,18M,2016-04-01,0.1,0.3,0.0,0.0010965688581489191,0.009329175202750435,0.0029598604745747353,0.29999993196098146,VNQ,0.0004651576028235922,-0.0008894475878359377,1,0.014802461007755384,0.007959706917582923,0.011346305677455,0.006509939897791834,0.009507414008620657,0.005708708596266509
18,73,18M,2016-05-02,0.1,0.3,0.0,0.001058383746135148,0.0086179593310069,0.004139423830237177,0.29999978502777386,GLD,0.0003177305856219954,-0.0002319034523801701,1,0.013701792219932013,0.009546996078426366,0.01072403360380204,0.007414617332431872,0.00917229514941188,0.0062597468724886595
18,74,18M,2016-06-01,0.1,0.3,0.0,0.0,0.009266485102138908,0.005173569468300616,0.299999571097872,VNQ,0.0002719262660500559,0.0017009869321883066,1,0.014802446520097651,0.005898214681193557,0.011476274987147376,0.005168097671000717,0.0097334236353552,0.004628154936563627
18,75,18M,2016-07-01,0.1,0.3,0.0,0.0012330864298595355,0.008854483934152425,0.010622174960732514,0.2999997747002047,VNQ,0.00038113033089540166,0.0012791153070850904,1,0.013798378984495195,0.01052233526968354,0.010776047842853333,0.010144923865260298,0.009038515217101363,0.008797892091068849
18,76,18M,2016-08-01,0.1,0.3,5.89376345561804e-06,0.0005180471516398967,0.018942164176216674,0.004847663142066058,0.29999995967304055,QQQ,0.0003471961928282368,-0.00016044267971210413,1,0.02013079873546472,0.010117247145317178,0.016161998001347804,0.008721746896466686,0.013606191510307258,0.007470585981751193
18,77,18M,2016-09-01,0.1,0.3,0.0,0.0001266833019387889,0.008991727140848697,0.017346243657787603,0.2999999517390879,QQQ,0.00032768128123358386,-8.566542263985877e-05,1,0.014081734306055093,0.019657718743241605,0.010997494900055268,0.016344265616944145,0.009203236320506111,0.013641430462459001
18,78,18M,2016-10-03,0.1,0.3,0.0,0.0012744837607773733,0.009613832708179861,0.008873918241051154,0.29999838195413353,QQQ,0.00031955595246415405,-0.001658731460871501,1,0.014036250731732411,0.012949934413727713,0.011181536159208355,0.011609825495750783,0.009534162456569526,0.010784892727666546
18,79,18M,2016-11-01,0.1,0.3,0.0,0.0035021310608870787,0.009051632980024609,0.013002259419692373,0.29999541916145683,QQQ,0.0002816823297852055,-0.001757157371497788,1,0.014482582120559888,0.015870816425954313,0.011325390303851412,0.015002179047186022,0.009520816913997514,0.01328087983366118
18,80,18M,2016-12-01,0.1,0.3,0.0,0.0006862288096448991,0.019842263874987345,0.010589504622450615,0.29999923981350335,VNQ,0.00025678504508220066,0.001314413042867094,1,0.020679024112312764,0.011585219658679724,0.01654806445793113,0.01000755029867968,0.014089675218922989,0.009109096217361657
18,81,18M,2017-01-03,0.1,0.3,0.0,0.0002647356911794307,0.019077705886429354,0.005080861163200163,0.2999994204554728,VNQ,0.0003710122426675641,0.0008314715232331205,1,0.020227506631108436,0.008863716144959193,0.016177755396743515,0.007600499757135847,0.0138044683341114,0.006073679219735721
18,82,18M,2017-02-01,0.1,0.3,0.0,0.0004707646942960118,0.019209010979995483,0.003451458945767677,0.29999976465923256,QQQ,0.0003679658622108908,0.0017060058934575124,1,0.020034398976196455,0.007518065130285624,0.016179741070359983,0.004792016463843358,0.013944124956810163,0.0038663324239141135
18,83,18M,2017-03-01,0.1,0.3,3.586885734098346e-06,0.000583859012520046,0.016232196997417583,0.008308992086429384,0.29999892748723966,QQQ,0.0005953443471799585,-4.911894853205553e-05,4,0.01779024179554969,0.01040344233911423,0.014713018940768754,0.0094689067051403,0.012647226350197016,0.008600732217650356
18,84,18M,2017-04-03,0.1,0.3,2.4842512985671483e-05,0.0,0.014392435785090175,0.004563130790553489,0.2999995126460959,QQQ,0.0005948833303887698,0.0008908892469667358,9,0.01743889054178015,0.00512446150682645,0.013659028024356723,0.0048575086540225895,0.011622242990848132,0.004564816598344513
18,85,18M,2017-05-01,0.1,0.3,7.438995448284802e-10,0.00037875783908342814,0.013239760790961112,0.006001274616518349,0.29999935496371555,IWM,0.0005210127641384776,0.0004847538338619256,4,0.01655364793292364,0.010821200044118443,0.01330834801406741,0.00872161809447538,0.01129660403421547,0.007482125923269
18,86,18M,2017-06-01,0.1,0.3,0.0,0.0010473652940407659,0.012111147489431859,0.00898056875639904,0.2999997897367427,EEM,0.0005949927652741616,-0.00030999736851203106,1,0.01562999723500812,0.011540985029514244,0.01263278544590376,0.01059015544017367,0.010673629873614962,0.009770384225256855
18,87,18M,2017-07-03,0.1,0.3,0.00028803869365494187,0.00023048859731404078,0.014043568580376206,0.0046787009084862715,0.29999920142831416,EEM,0.0006645599483741348,0.0016183400191983038,8,0.01732992251062463,0.00935057994540592,0.01355557325043732,0.0071280640188125365,0.011422459981405435,0.005192138069133355
18,88,18M,2017-08-01,0.1,0.3,0.0007199399341119104,0.0004575826900784503,0.017256973921714647,0.01336543172050549,0.2999998115270181,EEM,0.0009424519418840595,0.000437866301643283,6,0.01929344069233561,0.018094064395118,0.014795211305422341,0.014060403650376615,0.012293081126778791,0.011540459057118183
18,89,18M,2017-09-01,0.1,0.3,0.0007720098285932655,0.0008082639460556312,0.016704869824615286,0.0065213968641840495,0.2999996934167904,EEM,0.0009934944278979817,0.0010029580953709988,2,0.018720912799789484,0.010165113701282091,0.014420787125104485,0.009284838424634612,0.011889059536994954,0.0076358908445111106
18,90,18M,2017-10-02,0.1,0.3,0.0007585439201668177,0.0007218848617752181,0.015433137089159813,0.006144248270847,0.2999995786468271,IWM,0.0008159520883118336,0.0012482256885131364,2,0.018733991263815686,0.005593107831010708,0.014241657024070504,0.005110157097643109,0.011721946709438661,0.004739251646553928
18,91,18M,2017-11-01,0.1,0.3,0.0007283640323496037,0.0011059819369159882,0.01467499417835116,0.008776865438755785,0.2999999648540034,QQQ,0.0008914370357685976,0.0006959118299488092,2,0.018294464566608243,0.007712807051428883,0.013779541464634969,0.00704393202027835,0.011248517611686352,0.006549136270734022
18,92,18M,2017-12-01,0.1,0.3,0.0007185754589243832,0.0008045248417395609,0.014000307446810302,0.0064752703213695655,0.2999999139849789,IWM,0.0009058437697753425,0.0006705739174877161,2,0.017918105907916915,0.006284164607361329,0.013286505366728821,0.00619278861558043,0.010756519918791509,0.005660990374116927
18,93,18M,2018-01-02,0.1,0.3,0.0006807150549796737,0.0004283623581475633,0.01077549530489376,0.011074534048080578,0.299999985117458,QQQ,0.0009152920478825774,0.0029640926812037225,2,0.014718122305406195,0.009442206232406544,0.011277188704805131,0.00827323239868822,0.009312391700274448,0.006892899966240222
18,94,18M,2018-02-01,0.1,0.3,0.0005542316851602765,0.0007951376316547021,0.009737372143476322,0.08156427627974291,0.29999991692790895,QQQ,0.0009329721246436022,-0.0019833764595273947,3,0.013822120596125009,0.03876034531083467,0.010621415722153318,0.03628935455049212,0.008781478434000756,0.03141745802054221
18,95,18M,2018-03-01,0.1,0.3,0.0005748977522931009,2.9067000510382777e-05,0.01357061483417337,0.04080089762186311,0.2999998658270072,QQQ,0.0008171039384207912,-0.0004904610461515174,3,0.017992890806797526,0.022311603837075936,0.013366692563521007,0.021311300808095148,0.010739109557566786,0.01923889756373499
18,96,18M,2018-04-02,0.1,0.3,0.0005872128207164294,0.0005046175967199085,0.014805448101408217,0.027835453408229228,0.2999999484959132,QQQ,0.0007466106127131518,-5.420003345463534e-05,6,0.019004030682531294,0.021027469541276968,0.014020332006323112,0.017502175370095675,0.011328395352359931,0.015587272488640676
18,97,18M,2018-05-01,0.1,0.3,0.0003617732897349662,0.0,0.013734078336405327,0.00829133513966197,0.2999999825399876,QQQ,0.0007882366566154098,0.0012053085288186998,7,0.018498372197191863,0.009052771243940131,0.013518754688400636,0.007490615656124498,0.010945344400030737,0.006422171610164653
18,98,18M,2018-06-01,0.1,0.3,0.00035323659998064876,0.001758235941934058,0.014334894676432675,0.015166087650605868,0.29999994216003834,QQQ,0.0008201997640925851,-0.0006633843530058474,3,0.0191359963340484,0.01542685397412607,0.01433899621386439,0.013581811036787204,0.011395291626306881,0.012502169166901746
18,99,18M,2018-07-02,0.1,0.3,0.00042422038473433066,0.0010148811965544529,0.014825479168944094,0.012407504421751453,0.2999999493507925,QQQ,0.0007493306918283405,0.0013696865918609768,7,0.019620453962754983,0.010327557596525289,0.014712235966066219,0.008829745841325207,0.011769325655359856,0.008049485169891166
18,100,18M,2018-08-01,0.1,0.3,0.00029987523808736646,0.0008047150994667253,0.01342032907529734,0.009285563188152417,0.2999999869811137,QQQ,0.0007074956436316122,0.0008499969640161778,3,0.01880454980223344,0.012948018645336404,0.013790491455354542,0.010707624404554583,0.011165065348711322,0.009304627336063683
18,101,18M,2018-09-04,0.1,0.3,5.0575714184103535e-05,0.0008013399807186834,0.010934679566665889,0.005855881704456314,0.2999998383381718,QQQ,0.0006528370538662528,-0.00021219377179800924,8,0.01714801165480715,0.007760960179137192,0.01256194131889931,0.007531979869282038,0.01010862021216002,0.0069491484900618605
18,102,18M,2018-10-01,0.1,0.3,0.00012481890956493602,0.0006718956629700318,0.010411491412308476,0.043165864931576495,0.2999999230488341,QQQ,0.0006607573266887748,-0.003686452545159454,2,0.01637627397124493,0.029869413146920147,0.012016240259235804,0.025763645434613236,0.009827937099101909,0.02315778265550739
18,103,18M,2018-11-01,0.1,0.3,2.3959441788859448e-05,0.0021328431139648538,0.011693906253908275,0.029940990825455153,0.2999998407445731,QQQ,0.00041497031642621934,-0.0011906473934262115,3,0.01770354051597459,0.018693898773022903,0.01342662089751273,0.01787523271141477,0.010983721980410761,0.017020372695625677
18,104,18M,2018-12-03,0.1,0.3,9.536865894325258e-05,0.0,0.013259846594982264,0.06452303208405931,0.29999950392128816,QQQ,0.00033180510492363875,-0.004342304053331666,1,0.019010228520314573,0.025567990176746755,0.014684227639942884,0.023332817314450846,0.011993778119658273,0.022468726951853188
18,105,18M,2019-01-02,0.1,0.3,2.5729138494114123e-05,0.0010425666696296867,0.007816903049017648,0.008135163423696839,0.2999999758876114,QQQ,0.00017957078678671625,0.0026944772802995464,1,0.013001173197187094,0.006596595349230431,0.010710436008733322,0.00601593746423048,0.009120579143548791,0.00537839073945426
18,106,18M,2019-02-01,0.1,0.3,4.869868485096046e-05,0.0001536969007617829,0.018774051695929578,0.004739715723321477,0.2999998889399568,QQQ,0.00030950851848595686,0.001539092012936198,1,0.021696925753407592,0.004972743386630836,0.0172790322250307,0.004040541256220446,0.013893934914488393,0.003588328863200095
18,107,18M,2019-03-01,0.1,0.3,5.548479429818426e-05,0.00019572811780026178,0.01862040203131044,0.014791396850584995,0.29999996074216445,QQQ,0.00038373587420466716,0.0008606341620832183,1,0.021696939517669298,0.015044272798327336,0.016962257760559922,0.01243118143695054,0.013734675863459807,0.010452322347259055
18,108,18M,2019-04-01,0.1,0.3,5.4567121893583925e-05,0.0009821972020769886,0.017514506445458752,0.0059312993562197075,0.2999997508588305,QQQ,0.0003792918498989043,0.00114854596371064,1,0.020716665447717407,0.005825545561527609,0.016389867906094795,0.005346593412002623,0.013301928693258613,0.00494003386949485
18,109,18M,2019-05-01,0.1,0.3,6.300828613824139e-05,0.0,0.01910059325229336,0.020052064227109204,0.29999943269733165,QQQ,0.00041698826245788076,-0.00229855010013117,1,0.021753919637547733,0.01950005470502796,0.01710345108683825,0.016858216182782177,0.013839860675732377,0.015288699141122535
18,110,18M,2019-06-03,0.1,0.3,0.0,0.0018208805290680745,0.008674668731081763,0.006726889504862192,0.29999906674129345,QQQ,0.0003041649283880112,0.001569592080212351,1,0.013624355924655926,0.008503588620083337,0.011107709071101143,0.00844099439988136,0.009568767694839438,0.007936473548377532
18,111,18M,2019-07-01,0.1,0.3,0.0,0.00017540250651473278,0.008857500399995515,0.00705419904578514,0.29999942686012515,QQQ,0.0003794383059651285,0.0006080272803196441,1,0.013410493408086288,0.009118541656295795,0.010897078597047275,0.008336404109699687,0.009404622810110291,0.007939637785866512
18,112,18M,2019-08-01,0.1,0.3,0.0,0.0,0.008717303792581172,0.007902419464277095,0.2999993438872687,VNQ,0.0004105062400155403,0.0019196288609203305,1,0.013502792615935233,0.009279798929396454,0.011039569291143242,0.008220572908180788,0.009458844963225735,0.007148763914950812
18,113,18M,2019-09-03,0.1,0.3,0.0,0.0009641575213574418,0.008111809308356605,0.006908328922517028,0.2999999872568731,VNQ,0.0006261235617777578,1.3890303415961883e-05,1,0.012318238503952144,0.0115834203723776,0.01013211295793677,0.01082153087773463,0.00874920879158379,0.009925813594378387
18,114,18M,2019-10-01,0.1,0.3,0.0,0.00037714884339260304,0.007936587106279876,0.004231187670322867,0.2999992425635285,VNQ,0.0005935307754059115,0.0006054672576436921,1,0.01219064074099517,0.005540147890628889,0.01010373176260295,0.005207113909906482,0.008738929990734275,0.004970339471617144
18,115,18M,2019-11-01,0.1,0.3,0.0,0.0014002784330075287,0.007520514361187056,0.0054432091048856,0.2999994062246901,VNQ,0.0006347716151239639,0.0003852418498268008,1,0.011882921553957478,0.008879409545914421,0.009787638798498248,0.008540792571618994,0.008382097479364296,0.008026393766907555
18,116,18M,2019-12-02,0.1,0.3,0.0,0.0011359891506015135,0.007466524093059729,0.004639180492460612,0.2999999448602198,VNQ,0.0005576746606659654,0.00023943641730614403,1,0.011699532553380793,0.009635784720288192,0.009740817050768647,0.007475468109602895,0.008426792195251909,0.006253063287538507
18,117,18M,2020-01-02,0.1,0.3,5.1378668889240364e-06,0.0,0.007998843039929236,0.0029328227504958906,0.2999999060985775,QQQ,0.0005656030501534422,0.0013727813348964294,1,0.012057080794513652,0.005910977338439085,0.00989876101339105,0.004761794989015532,0.008444121970062137,0.004183452169058132
18,118,18M,2020-02-03,0.1,0.3,0.0,0.0,0.00559629219115337,0.010633572192384496,0.2999999095857076,GLD,0.0006669891060933956,-0.0003586521795734877,1,0.009373367166010898,0.017030757377132496,0.007968492230582104,0.015830850553486406,0.007071555296945704,0.012671633750975943
18,119,18M,2020-03-02,0.1,0.3,0.0,0.0,0.005477037203363214,0.11936072240253845,0.29999992648418705,TLT,0.0006573991835068331,0.0005288499049781654,1,0.009818723772576731,0.03501736243868145,0.007889756534472598,0.03344445476419681,0.00673888649254093,0.031176432780430238
36,0,36M,2010-04-12,0.1,0.3,0.0,0.0,0.08674850889394467,0.022567587649121663,0.29999997835515396,GLD,0.0005784744770046807,-0.0001606774180952426,1,0.041892459596975413,0.021028074160469073,0.03270258269236859,0.018159473207186236,0.02756622758119924,0.015367859386103778
36,1,36M,2010-05-03,0.1,0.3,0.0,0.0,0.08918881379795922,0.06883293625704255,0.2999993802280516,GLD,0.0005636432796819018,-0.0013092211845075947,3,0.04178266504611906,0.0296657137901134,0.03302638609392828,0.025498499234715536,0.027816892054825425,0.021820091358360993
36,2,36M,2010-06-01,0.1,0.3,0.0,0.0,0.02817095432297638,0.006676292949888129,0.29999974123462086,GLD,0.0005490595121855979,0.0011211441998662868,1,0.02258115431822245,0.008003339739851671,0.017733886873320736,0.007433490115807249,0.015076835812708519,0.006329711764156822
36,3,36M,2010-07-01,0.1,0.3,0.0,0.003436439464298228,0.011710531884156548,0.005906936713711241,0.2999999928609896,GLD,0.0005812231277876342,-0.00021215057762666797,1,0.013803112475344118,0.009846097931310114,0.011379680646199937,0.008379246761237476,0.009723755380273428,0.007221630339206638
36,4,36M,2010-08-02,0.1,0.3,1.858820809375087e-06,0.0,0.09591106112896179,0.012708715759982185,0.2999999399805733,GLD,0.0006204931442865584,0.0006078545632545076,4,0.0428933497139063,0.01205110141362906,0.034042190771703756,0.00998547512755072,0.028835912267100625,0.008817393958691537
36,5,36M,2010-09-01,0.1,0.3,0.0,0.0026145179969260315,0.04708014755661489,0.00729081282359348,0.29999987557685903,GLD,0.000609490754245536,0.001524126268939051,1,0.030202008665774785,0.009290431775413624,0.023833676066686266,0.007317684412073893,0.01992283131295194,0.0062438409878581335
36,6,36M,2010-10-01,0.1,0.3,0.0,0.0013724794527601235,0.04685775901775657,0.012944247005658889,0.2999995766970408,GLD,0.0005778464791285294,0.0007156954406766286,1,0.030205233063522286,0.011974664298746489,0.02383632848522355,0.010686877984985488,0.019937922896550216,0.00971623920340817
36,7,36M,2010-11-01,0.1,0.3,0.0,0.0002900139835006718,0.03283730684392061,0.01934310968906417,0.2999996105899969,GLD,0.0005463414204805046,-0.00010779674201064884,1,0.025141869313007353,0.018068339831797075,0.019764791013082997,0.01593248907272101,0.016499973846696058,0.014166784305334114
36,8,36M,2010-12-01,0.1,0.3,5.459258186148869e-06,0.0014284908908549377,0.0946302602208695,0.009107054404247682,0.29999984446750716,GLD,0.0005847276334128756,0.0017329896774526926,4,0.04346838255421512,0.011130168456884072,0.03420532600504663,0.010130457905254358,0.028707094785200653,0.008438681637456575
36,9,36M,2011-01-03,0.1,0.3,4.562932409944015e-06,0.0021293718800501713,0.09289700012404083,0.007718274402701407,0.29999990461418174,GLD,0.0006257506763979806,-0.0009573271417504835,13,0.04347998983390807,0.011219219428494949,0.03407822678588274,0.010193751514868257,0.028415673028865572,0.009501991367482936
36,10,36M,2011-02-01,0.1,0.3,1.052823591312265e-05,0.0,0.08552699688732081,0.008067295195510674,0.29999950157450106,GLD,0.0006027152047867564,0.002189321699183949,5,0.042131387978846115,0.011991791945707273,0.03342267783969285,0.0073637801133447246,0.02770419257880337,0.005698406311656101
36,11,36M,2011-03-01,0.1,0.3,1.3703854454090274e-05,0.0,0.08278883772157919,0.014919138712183795,0.29999945521728494,VNQ,0.0006698238221531063,8.983756625434451e-05,4,0.04161964751556605,0.01392741801054528,0.0329906111470139,0.013379112935197363,0.0273527886654827,0.012633903008910213
36,12,36M,2011-04-01,0.1,0.3,1.0692873601054857e-05,0.0,0.08390945221495895,0.006275587796281528,0.29999992676960713,GLD,0.0006592614434750545,0.0027039349714742013,5,0.04221829970087837,0.006300996389739317,0.03320016645120966,0.005673569023812764,0.027410304459074223,0.005073963692683729
36,13,36M,2011-05-02,0.1,0.3,1.4429077350603021e-05,0.00029967259392675756,0.08094486727928145,0.01428843612816751,0.2999999951819494,GLD,0.0006798057355952151,-0.00023600513558694804,5,0.041595675210682505,0.010788626440092479,0.03265726138529237,0.01050834090612436,0.027052872389734438,0.010208550071845178
36,14,36M,2011-06-01,0.1,0.3,1.3621672329865245e-05,0.0003832480575593801,0.0798395452093041,0.015824120799233583,0.2999995694620345,GLD,0.0006551631189931013,-0.0011044314296256989,5,0.04132405625394047,0.01629108550315824,0.0324314181395055,0.014172836039264216,0.026838131442357742,0.012896884783267826
36,15,36M,2011-07-01,0.1,0.3,6.5627652986228455e-06,0.0,0.08648887064252152,0.010092115974073116,0.2999998715353194,GLD,0.000685101862804864,0.0014805917776675866,9,0.04305175196135419,0.016016989222931013,0.03358217802237438,0.01335247685458138,0.02759496626084077,0.010602573467805543
36,16,36M,2011-08-01,0.1,0.3,2.609563466173771e-06,0.0,0.08805349724207379,0.08463897235315816,0.29999986131539885,GLD,0.0007328038213310992,4.119996756396429e-05,4,0.04329628478179901,0.03560115127328927,0.03333485932868805,0.030560052910631436,0.027425938215041447,0.025511696438471614
36,17,36M,2011-09-01,0.1,0.3,5.995347129515465e-06,0.0021497822020038818,0.09416516806403527,0.04930921669000641,0.29999998500397224,GLD,0.000788935602559096,-0.005410338977523347,4,0.04457699356144329,0.030981013615543146,0.03459903704648826,0.029039716889330536,0.02848538371479371,0.02699871842071587
36,18,36M,2011-10-03,0.1,0.3,1.2837561084169375e-05,0.0001560734220211156,0.08550297768445833,0.06837559278231407,0.2999999854197372,GLD,0.0007566930327407283,0.005075285712565049,2,0.04242044531958011,0.017331178382940883,0.033320938062552784,0.016874803659103987,0.027519577748211302,0.01636063668841832
36,19,36M,2011-11-01,0.1,0.3,2.4338660766542237e-05,0.0005819437443717532,0.07256384415208447,0.07966438422744689,0.29999981524479646,GLD,0.0010920264412614938,-0.0005986585405535559,5,0.03851716142746715,0.02775628056210537,0.030216492421736452,0.026004464112824737,0.024929361599435432,0.02438944088955149
36,20,36M,2011-12-01,0.1,0.3,2.504869710089324e-05,0.0016636614775230978,0.06166987772209892,0.03466893966371773,0.299999977579424,VNQ,0.001151051690429847,-0.001101664046503467,4,0.03500561583507927,0.02070977970741185,0.02789831859212515,0.019192485308497778,0.023246309168524038,0.018091996019215087
36,21,36M,2012-01-03,0.1,0.3,0.0,0.0,0.0515705814546358,0.011096813921417347,0.2999997423808282,VNQ,0.000961300465153712,0.004322634506897337,1,0.03199196863925763,0.005091452584730941,0.02600601932570188,0.004251974159030952,0.021897698632346637,0.0038034596085790803
36,22,36M,2012-02-01,0.1,0.3,0.0,0.001463695870814111,0.048271838621056884,0.01011774464734866,0.2999999724889212,VNQ,0.0011459923907140442,0.0006761511242407118,4,0.03054451008016419,0.01781822988010563,0.024735649024347606,0.013355580592991733,0.020821157020193055,0.010206681395052382
36,23,36M,2012-03-01,0.1,0.3,0.00019857562064046382,0.00042555187624550295,0.04932576206363936,0.0135737388807795,0.2999999536110482,VNQ,0.001282217027156122,0.0010390266701546594,10,0.030684127680976444,0.01227381699416202,0.024646120611391785,0.010469790624757362,0.020698981426740166,0.00943422654889692
36,24,36M,2012-04-02,0.1,0.3,1.3584597396629206e-09,0.0,0.03839003524889203,0.01702538865580968,0.2999998340908853,VNQ,0.0012114309700958915,0.00018435056057449043,4,0.027274012771763563,0.013991295099578744,0.02186254785121373,0.01245412530882585,0.018466932126083652,0.011820865049420837
36,25,36M,2012-05-01,0.1,0.3,0.0,9.278544756165241e-07,0.0335388677871584,0.011650418500318107,0.2999998977582543,VNQ,0.0010425714801437736,-0.0027676460515514856,1,0.02561984393610267,0.01167263776123982,0.02064289609926707,0.011335855446584981,0.01748860961745571,0.010953455516770346
36,26,36M,2012-06-01,0.1,0.3,0.0,5.995996788973543e-05,0.0347925035245582,0.031013950996836983,0.29999994603860186,VNQ,0.0008881245925776486,0.001933277868892915,9,0.02674995447689335,0.01778221831440244,0.021116010925988526,0.017071929354132334,0.017767895747916186,0.014977214564019192
36,27,36M,2012-07-02,0.1,0.3,0.0,0.0001527047819452551,0.03435417007462596,0.012772525480841481,0.2999994973815798,VNQ,0.0009424765695122053,0.0004447342157069853,4,0.02604239429243394,0.010112835284801159,0.02089596841060638,0.009357191492389736,0.017813249869582576,0.008789328382212589
36,28,36M,2012-08-01,0.1,0.3,0.0,0.0,0.029811490785020312,0.005427782525060971,0.2999999909038579,VNQ,0.0008725117664927909,0.001458059139631411,1,0.024163337429026127,0.00568865339030611,0.019526224337348054,0.004634515907555582,0.01660096035689733,0.004075278698832509
36,29,36M,2012-09-04,0.1,0.3,0.0,0.0005834102854956513,0.028608756532272094,0.012568300509020847,0.29999990586080433,VNQ,0.0008625247762301805,0.0007662914907903479,1,0.02367130315230628,0.010568290543119094,0.01912007925031744,0.009630143119469102,0.016212066238594666,0.008305533716731166
36,30,36M,2012-10-01,0.1,0.3,0.0,0.0005592764340381952,0.02807084937504184,0.007103265905853559,0.2999999549544252,VNQ,0.0007885069715421251,-0.0014117315588753417,1,0.023622959837733278,0.012590630576227339,0.01897196851406671,0.011364501615491527,0.016074909361718757,0.009774651577907759
36,31,36M,2012-11-01,0.1,0.3,0.0,0.00016463149499093208,0.026933496205870218,0.012315661477711123,0.29999968058174964,VNQ,0.0007712294674578907,0.00014825721592788083,1,0.023107242631492303,0.010713789454867173,0.018551687625349013,0.010155273216077176,0.01572996413790943,0.009365657472517906
36,32,36M,2012-12-03,0.1,0.3,4.426984264159653e-07,0.0,0.03354234765082805,0.008442508855946166,0.29999993725448104,VNQ,0.0006632891590729598,0.0008740877040914639,4,0.026512618422390815,0.006418056835145735,0.02078368411600498,0.006329079517612765,0.017397035124946243,0.0061150889821619476
36,33,36M,2013-01-02,0.1,0.3,0.0,0.002102422729323577,0.01035347433417948,0.0024763138344980934,0.2999996093137731,VNQ,0.0006501797847324022,0.0002963953388951583,1,0.014033816114143881,0.005683310764086294,0.01127396263503009,0.0048249009058500825,0.009562511675385868,0.004201156344358878
36,34,36M,2013-02-01,0.1,0.3,0.0,0.000816220102864534,0.03220082667963348,0.011871931907385674,0.2999995666007689,VNQ,0.0007471855549898908,-0.00011496318507031498,3,0.025864306128702483,0.015184340801753187,0.020344379740353975,0.013827073271401704,0.017114647221462092,0.011844981293617123
36,35,36M,2013-03-01,0.1,0.3,1.402053142192306e-06,0.0003927573813646279,0.03309252888741955,0.003515464772963508,0.2999998564883807,VNQ,0.000698872428484197,0.0015297509721239086,4,0.026489700996306806,0.005832620268161491,0.020612855890002356,0.004468882844894712,0.017127742076866983,0.003825841646335096
36,36,36M,2013-04-01,0.1,0.3,1.994288917657114e-06,0.0,0.03339014630230649,0.018352280111369395,0.2999994996114391,VNQ,0.0006455051865953822,0.0014521963990701658,4,0.02666609875533766,0.017946938399619944,0.020750803832992805,0.014466225292791906,0.017324529079045307,0.012333216583535677
36,37,36M,2013-05-01,0.1,0.3,0.0,0.00218076442633903,0.014775605709985798,0.006574339877859072,0.2999997388019538,VNQ,0.0006267220829206416,-0.0010984100868163804,1,0.01709627289462698,0.01236518200774378,0.01320343831675475,0.010548921623473593,0.01107817025995564,0.009247055373186736
36,38,36M,2013-06-03,0.1,0.3,2.697589757565469e-05,0.0004301267170733307,0.030180586330744403,0.033580849304953364,0.2999999613743726,QQQ,0.0006825295324358259,-0.0008699482516315834,4,0.025566127207184416,0.02917904422531444,0.01967994587283532,0.02321797598256898,0.01640053776020402,0.01946409194514781
36,39,36M,2013-07-01,0.1,0.3,5.769899911638784e-05,0.0006220024971169986,0.030100361545087956,0.007357880793228765,0.29999922730113004,QQQ,0.0007304904344932394,0.0018808699608430007,5,0.025279255634628305,0.0070873624316306946,0.01948766034086907,0.005880016476107492,0.016292900276306806,0.005185294615519011
36,40,36M,2013-08-01,0.1,0.3,6.594949724278432e-05,0.0005404468924296683,0.029131221324429007,0.013988641512687337,0.2999999285930117,QQQ,0.0006906180506714839,-0.001500472205700429,5,0.025141387729924733,0.01558928562349891,0.019342390478807748,0.013528587980804528,0.016078398105913376,0.012403656481197766
36,41,36M,2013-09-03,0.1,0.3,9.701537583445621e-05,0.0,0.0290193299635982,0.009745055308395907,0.2999999292915221,QQQ,0.0006454091076604291,0.002233002666263542,6,0.025204355144610818,0.006732262340471448,0.019397070756955553,0.005595029771372462,0.016183183456740916,0.005070656899247089
36,42,36M,2013-10-01,0.1,0.3,6.729808170789255e-05,0.000779476602851473,0.028415693295625818,0.01784350852367799,0.29999987468108835,QQQ,0.0006400064470608505,0.0016403674792226475,5,0.02505922803336662,0.013003351426364596,0.01931824753718939,0.011155854326572382,0.016075958831407108,0.009699847693246319
36,43,36M,2013-11-01,0.1,0.3,8.353518543162408e-05,0.001254770572940959,0.02855842549832046,0.008787091424244506,0.29999987547593493,QQQ,0.0006322553224125037,0.0002213758331290804,6,0.02505555351848243,0.014027939156784634,0.019365291326310975,0.010392671777433332,0.016065516003738955,0.009067310052779443
36,44,36M,2013-12-02,0.1,0.3,0.00012645258905708695,0.0005370869373113214,0.02872667283845427,0.010408292961170192,0.2999998278361993,QQQ,0.0006184875334910778,0.0007003481818514082,6,0.025226870143021097,0.011887460692361174,0.019413983577441216,0.01005698461835715,0.01614415114013012,0.008347069182345677
36,45,36M,2014-01-02,0.1,0.3,9.932767502362355e-05,0.0,0.026735860316872546,0.015025681221538415,0.29999999361488644,QQQ,0.0005864763371557094,0.0002378284210326236,6,0.024255508019370337,0.0135176779104705,0.018686456796258067,0.012367166219241743,0.015544011767245748,0.011374002341749073
36,46,36M,2014-02-03,0.1,0.3,1.1216188724204323e-05,3.944663219837205e-05,0.025121605001852284,0.011080655282726715,0.2999999146109602,QQQ,0.000558842504686958,0.0023351759139116097,4,0.023395885278230204,0.019357668287547786,0.01799983096546313,0.012571961094274354,0.01499390350428746,0.009946056755673366
36,47,36M,2014-03-03,0.1,0.3,2.4677364733185353e-05,0.0008518692258722288,0.025731762553897173,0.010510229829973383,0.2999997821745926,QQQ,0.000605698588993087,-0.00036082557126659805,4,0.023762577696751764,0.011015097522308333,0.018208442755465792,0.009889510586068769,0.01513620144136114,0.009216963603479376
36,48,36M,2014-04-01,0.1,0.3,5.660808787268101e-05,0.0004276377314227399,0.025490930403310675,0.016578926562120032,0.29999996162858517,QQQ,0.00056426159427896,1.8507602260074308e-05,4,0.02376236191167974,0.01642570576207962,0.018103550567175407,0.014635596660004616,0.015042971452975864,0.013114446977449883
36,49,36M,2014-05-01,0.1,0.3,6.737106503041518e-05,0.00021046963386411616,0.02489769031846545,0.007624631342206134,0.2999990636128015,QQQ,0.0005160786673594792,0.0012502543814448337,4,0.023469107735293492,0.007793440349895254,0.017989693519046102,0.00688177424642149,0.014980863163233122,0.006062919233696832
36,50,36M,2014-06-02,0.1,0.3,9.186442085036203e-05,9.288798986995125e-05,0.02587718760645446,0.004438104710322289,0.29999962702572297,QQQ,0.000584537991100192,0.0013405291463976195,6,0.02396521843244729,0.0035493973597434,0.018299712229916824,0.003119145303848212,0.015182071851438201,0.0029003408373950434
36,51,36M,2014-07-01,0.1,0.3,6.407300389305037e-05,0.00014235978955581992,0.02492325319169223,0.009075887371152672,0.29999909944701353,QQQ,0.0006221606940515831,-0.0006175576712396587,4,0.023664956777536588,0.013166363101430049,0.017917900700494302,0.010509735519163526,0.01481996170182264,0.009046708308615682
36,52,36M,2014-08-01,0.1,0.3,0.0001037379491011757,0.0,0.024962734867204697,0.0042830243763691475,0.29999998961919067,QQQ,0.0005967186511944559,0.0020364602695531857,6,0.023759824079555174,0.004556600912315535,0.017929867597587856,0.003847048812783513,0.014734523917234071,0.003233215102845621
36,53,36M,2014-09-02,0.1,0.3,0.00011350751611436186,0.0014175360908566872,0.020819031568865155,0.01006771433053021,0.2999997491840839,QQQ,0.0007308108948444348,-0.0019658197726722774,6,0.021171608612933532,0.013554548371989373,0.016445720725438158,0.012182112482023714,0.01371394324508904,0.011146520862012026
36,54,36M,2014-10-01,0.1,0.3,0.0003290306470449117,0.0,0.022031755058610818,0.025139843277199942,0.29999982438587314,QQQ,0.0007831434469067197,0.0024862478869954966,5,0.02092472416928855,0.013938881066762852,0.016519040803789964,0.01333438375542933,0.013820451383902215,0.01238708841602636
36,55,36M,2014-11-03,0.1,0.3,0.00014780772964214598,0.0006370347300980071,0.017258175373159296,0.0036615958101107408,0.2999999795137121,QQQ,0.0007006920697655779,0.001117659639574741,7,0.018441114869808976,0.007692695836798718,0.014722277456433133,0.0050605918582486455,0.012432112009633924,0.004169799716194131
36,56,36M,2014-12-01,0.1,0.3,6.320803157264503e-05,0.0,0.013874729670080068,0.01722662395224213,0.29999988211069706,QQQ,0.0007274999650168886,0.0004182703915510065,6,0.016473867358629796,0.011040636991916741,0.013269075522227813,0.010701578798778111,0.01126556252258517,0.010351997006390383
36,57,36M,2015-01-02,0.1,0.3,4.8029847337551466e-05,0.0,0.013392444523573346,0.016944646720376075,0.29999996616203733,QQQ,0.0007157525467086745,0.0005584332361950157,5,0.016145711785973783,0.01448752258107261,0.013017558168519653,0.011722765288506718,0.01109660301747283,0.010495555919127505
36,58,36M,2015-02-02,0.1,0.3,2.5442974677155478e-05,0.001502497986096715,0.013806949243646222,0.00956550185556758,0.29999996639796844,QQQ,0.0006289762108471053,0.0013961602852787195,5,0.01636159856459883,0.012421908374613181,0.01321658621131925,0.009081998424142642,0.01131538457139751,0.007813953282531875
36,59,36M,2015-03-02,0.1,0.3,3.4519583272211996e-05,0.00035916078879498134,0.014156594041196076,0.021998415910995134,0.2999999346192433,QQQ,0.0006425524327652311,0.00019162622375385973,5,0.01660771395327985,0.019388441186106803,0.013466201548382394,0.016167993517029047,0.01150373727832295,0.013995523232425304
36,60,36M,2015-04-01,0.1,0.3,1.3538349785582882e-05,0.0014007530493098282,0.0143684033742029,0.010474083268421397,0.2999996219978075,QQQ,0.0006067687695665476,-0.0009209269735266449,4,0.016923626431632845,0.014311182984266573,0.013672042349394765,0.013209079367687936,0.011680822625457507,0.011748997259194833
36,61,36M,2015-05-01,0.1,0.3,6.348721202146211e-05,0.00035652480425833397,0.01415608406074784,0.014387422608257596,0.29999980963921274,QQQ,0.0005777201346080584,0.0006135087711521298,8,0.01688521286039963,0.01595514556613476,0.013696715621664093,0.012483648441756288,0.011672273076672613,0.010797007539606907
36,62,36M,2015-06-01,0.1,0.3,0.0003067103092811445,0.00034085211557826744,0.016570853620773273,0.01670491782239262,0.29999995807982066,QQQ,0.0007168647069520116,-0.0008454408755926016,2,0.01797810588557028,0.017064940603919793,0.01476628626903073,0.013776441734875203,0.012593270352749505,0.011791846086750516
36,63,36M,2015-07-01,0.1,0.3,0.00029820748269747876,0.00038578340576613706,0.01551619612739753,0.016213505831081398,0.29999991447502317,QQQ,0.0006198728069630362,0.0010300889528123956,2,0.01747726257479501,0.013907870485502558,0.014346524437183227,0.011606632363876797,0.012242906246506946,0.010321101468857513
36,64,36M,2015-08-03,0.1,0.3,0.0002797207162236657,0.00036815631088264744,0.015275971914663374,0.05626307871742689,0.2999999381792962,QQQ,0.0006647690766161172,-0.0032225004177949177,2,0.017479027503133588,0.03181131705574912,0.014291622859410576,0.029169985310769045,0.01214066860560652,0.024463313410705623
36,65,36M,2015-09-01,0.1,0.3,6.11222002801998e-05,0.0,0.014424410655941834,0.041247994606292776,0.2999998510029317,QQQ,0.0004971903290505692,-0.0010403501256121492,6,0.017444601664355807,0.024838991690335092,0.013971514910643532,0.021561823660120813,0.011848652580909084,0.01939914894939677
36,66,36M,2015-10-01,0.1,0.3,2.5415560299175965e-05,0.000562200710638598,0.015028564747133651,0.01665398602445007,0.2999999723343575,QQQ,0.00046596034097898335,0.0032090206064351407,3,0.018013227547913246,0.008146270549662354,0.014373884483512525,0.007206256491511899,0.012174392785757566,0.006710421257463827
36,67,36M,2015-11-02,0.1,0.3,3.094769934370786e-05,0.00026133043199351794,0.015266110541128258,0.01604377894981395,0.2999997560202817,QQQ,0.0005796291503567767,0.00048394540124894217,4,0.017904538543383534,0.012708626271107144,0.014254515682715326,0.012245702004493032,0.012060727794902136,0.011941509075441328
36,68,36M,2015-12-01,0.1,0.3,2.7682110811561543e-05,0.0,0.015078406834925055,0.026931749535066427,0.2999999951530826,QQQ,0.00059363417495379,-0.0006794729695817358,4,0.01765799762358199,0.015430426606100486,0.014080859120598813,0.015024754406453211,0.0119433917865478,0.014218242522730452
36,69,36M,2016-01-04,0.1,0.3,3.751760552129363e-05,0.0006987766701047823,0.015480269324188438,0.05772032326041475,0.2999999652186636,QQQ,0.0005190546516532143,-0.0030218049473946275,4,0.017913531153423867,0.024841465409551254,0.01441693459883323,0.02464401689984567,0.012327780241168613,0.02236854313558323
36,70,36M,2016-02-01,0.1,0.3,2.806388557964612e-05,0.000257811779054622,0.014749061948012088,0.02973126249639612,0.299999831324514,QQQ,0.0004277874801739757,-8.835845625483401e-05,1,0.017733445776369722,0.024206250075649895,0.014203683163683893,0.020074336617676672,0.012112474837238683,0.017992963186524363
36,71,36M,2016-03-01,0.1,0.3,2.536641898414488e-05,0.0003416399572980129,0.009444536400369645,0.008704289063855534,0.29999998427955693,QQQ,0.000412909416643178,0.0026457152712135224,1,0.01465279263413922,0.004365648358215027,0.011306547538599984,0.004108649572625577,0.009498804151273818,0.003717291089082211
36,72,36M,2016-04-01,0.1,0.3,6.348715129778082e-06,0.0007743191979427758,0.01562878527797734,0.007747818391335398,0.2999999937934351,QQQ,0.0004680223068464012,-0.0005671979276297956,1,0.018103192112245512,0.008216457975968865,0.014481674685716655,0.007895044609128841,0.012317045639570699,0.007715417122997098
36,73,36M,2016-05-02,0.1,0.3,4.2087097125324824e-05,0.0003570513072878025,0.015319588970484587,0.014265598197231107,0.29999969417743955,QQQ,0.00042458926999139107,0.0013283859253356398,1,0.01783221527804521,0.013093190050351079,0.014241049254270166,0.011023077237885813,0.012115924294754542,0.009760128374055547
36,74,36M,2016-06-01,0.1,0.3,0.0,0.0,0.015431456909126477,0.021193769830026254,0.2999999865119815,QQQ,0.0004515233815914647,0.0009730085156343331,1,0.01778288159619637,0.018416428708107016,0.014236140098481363,0.01508022052719747,0.012093220063281084,0.01278819711679689
36,75,36M,2016-07-01,0.1,0.3,0.0,0.0,0.009052086634184553,0.004361813150967498,0.29999992841011053,QQQ,0.0005241503405389508,0.002288279853069607,1,0.013670686998320743,0.004885834054557708,0.010687948501533427,0.0037852747256334482,0.009052828512596842,0.0032278531428216995
36,76,36M,2016-08-01,0.1,0.3,0.0,0.0005449026601157741,0.008980764137721803,0.004684390509857432,0.29999963731321816,QQQ,0.0005568756636874216,-0.00040203509329512864,1,0.013655882308609172,0.009209010667916736,0.01063370020644241,0.0077306499042817224,0.008981388844906502,0.0069168832875247215
36,77,36M,2016-09-01,0.1,0.3,0.0,0.00024124323019966763,0.0087729092648303,0.020313757245215395,0.2999999302954456,QQQ,0.0005825737361503611,-6.278007497298003e-05,1,0.013523895754945656,0.021518585982595446,0.010513102032149597,0.017474577611265467,0.008842105907327777,0.014824387747720526
36,78,36M,2016-10-03,0.1,0.3,0.0,0.0012076410724099888,0.009073289697763703,0.007781023126435988,0.29999972894069915,QQQ,0.00052674463835509,-0.001887825435699288,1,0.014195654946927407,0.011663289712348578,0.010948745120485473,0.01076741042304096,0.009177111551238725,0.010211830643895832
36,79,36M,2016-11-01,0.1,0.3,0.0,0.0025843332118183834,0.008969443330409907,0.013001729558690465,0.299999983160697,QQQ,0.0004381297328088275,-0.0008393595224290957,1,0.01426172843035789,0.012754564227859297,0.011041115190558767,0.01264121328289417,0.009290795093553926,0.011978084989783248
36,80,36M,2016-12-01,0.1,0.3,0.0,0.000425285090608291,0.009137591389240212,0.009046418136259933,0.2999996301652945,QQQ,0.0004266746294255611,0.0009366811944610333,1,0.014507538012420808,0.012511001124617047,0.01124783035857355,0.009708511936222372,0.009465157887933048,0.008026629955762145
36,81,36M,2017-01-03,0.1,0.3,0.0,0.00014233721106066073,0.009191181191963702,0.003890667910708939,0.29999882679870943,VNQ,0.00044888799588676094,0.0008823200833324229,1,0.014515340725967232,0.006675384911625722,0.01129303869005556,0.006376514955948148,0.009494995048957356,0.005050895766411684
36,82,36M,2017-02-01,0.1,0.3,0.0,0.0005350973238419524,0.014933675709839821,0.0033302273831918245,0.2999994298982153,QQQ,0.00045557327286989223,0.0016242550333506794,1,0.017734525208901567,0.007239388771241567,0.014213788767170414,0.004784872286480266,0.012019661288262103,0.0038683604413234465
36,83,36M,2017-03-01,0.1,0.3,0.0,0.0005092627080559464,0.014724919235354534,0.007863039047221746,0.29999998979684445,QQQ,0.00043671268934044715,-5.6149519416775874e-05,1,0.01754054977818138,0.010510143848820677,0.014069691550502857,0.009317116049679051,0.01190929075349708,0.008554543123908765
36,84,36M,2017-04-03,0.1,0.3,0.0,0.0001571343496175474,0.01463756009516538,0.004353940928234213,0.29999917987811137,QQQ,0.0004297963637152852,0.0007473883010865996,1,0.01756802005532926,0.006390888220349487,0.014071150560040619,0.00583052699025749,0.011886636837037523,0.005383713550137802
36,85,36M,2017-05-01,0.1,0.3,0.0,0.0006372808126687119,0.01432547864864334,0.005643337965303861,0.29999988375120684,QQQ,0.00046324252577849495,0.000258399312541993,1,0.01735416115065238,0.009897925709957508,0.013824685780666243,0.00787477571246272,0.011657624305362421,0.0067795676615467065
36,86,36M,2017-06-01,0.1,0.3,0.0,0.0005174029764336908,0.01425109050941399,0.008479023376982964,0.2999999880788158,QQQ,0.0004355412858896725,0.0005007866343099785,1,0.017370283867680518,0.011538763734262637,0.013872224400951394,0.009425057212247685,0.011690944709408818,0.008070132761148329
36,87,36M,2017-07-03,0.1,0.3,0.0,0.0006115910486640596,0.014364792676465683,0.006071905248817739,0.2999999337749853,QQQ,0.0004072328379821445,0.0008989284226792783,1,0.017370253290171164,0.013081558628875124,0.013953971053206629,0.00850431047500128,0.01177614445294066,0.006448299797017437
36,88,36M,2017-08-01,0.1,0.3,0.0,0.00028567630831574545,0.014272364362655478,0.009002014920872084,0.29999998366688513,QQQ,0.0004552888654793563,0.00024362933218802829,1,0.01724943481147884,0.01296025109816636,0.013888109556650336,0.010352715873890521,0.011716710842303002,0.00865955778546007
36,89,36M,2017-09-01,0.1,0.3,0.0,0.0002470354661716738,0.01436547086738009,0.002172961025729128,0.2999999856573269,QQQ,0.0004049945963192008,0.0007564117678403811,1,0.01727618458117311,0.004806427260458135,0.014006007764582171,0.0037912433312847103,0.011826561866402487,0.003304263325499853
36,90,36M,2017-10-02,0.1,0.3,0.0,0.000673955625388736,0.01489172028972453,0.0035116102466343693,0.29999998263611394,QQQ,0.0004906115200723984,0.0006086535301492416,4,0.01766733897843221,0.004619352400062643,0.014236717288682822,0.004146598676651192,0.01199958642288934,0.0037326245377851948
36,91,36M,2017-11-01,0.1,0.3,1.5231908160377727e-05,0.0003780606482608421,0.01418658347123432,0.003907120577741685,0.299999788101145,QQQ,0.00041910924312712474,0.0010777927372966427,10,0.017631347468233683,0.004890434821109062,0.014059344352977723,0.004251450731088654,0.011783571281173674,0.0038749823615525387
36,92,36M,2017-12-01,0.1,0.3,1.7420793819895863e-05,0.0007151937792683476,0.01424966753085025,0.005742474904526494,0.299999894955703,QQQ,0.000419880105422435,0.00014718565077097181,10,0.017681373189146466,0.010827246806146681,0.014098086365488786,0.008431478742286065,0.011807806778605033,0.007172950215498051
36,93,36M,2018-01-02,0.1,0.3,2.4674711342802073e-05,0.0005233308206325175,0.013733332150148776,0.007591220000324792,0.29999993341504816,QQQ,0.0004319653105434945,0.0021051015540888424,8,0.017680455853947417,0.007874177303496366,0.013807611821824994,0.0067835313037723265,0.011508567268275772,0.005974886498095654
36,94,36M,2018-02-01,0.1,0.3,0.0007142187975704476,0.0006391026471253818,0.02115750874186706,0.07979650658808454,0.299999960570533,QQQ,0.0005726330554576302,-0.0018716957357295051,7,0.022060197648362468,0.03812692323095621,0.017113121682181393,0.03626009477434425,0.014256664037284456,0.03131455966929399
36,95,36M,2018-03-01,0.1,0.3,4.054984473935569e-05,0.0,0.013869761885435277,0.03246608492083497,0.29999997176295945,QQQ,0.000408721428160459,-0.0002232954001322377,4,0.017931608370131247,0.020540934232591533,0.014019946621159548,0.01877080845539592,0.011756224729536434,0.016772831171168207
36,96,36M,2018-04-02,0.1,0.3,3.267353927371812e-05,0.0003899862972214004,0.014159198383107738,0.019046694365052602,0.2999999486472237,QQQ,0.0004076637180601001,-7.113487430900088e-05,4,0.018076569807575094,0.016253522572838533,0.014094890167059396,0.014261688388791804,0.011892511351982061,0.012654121458231072
36,97,36M,2018-05-01,0.1,0.3,3.119616226101652e-05,0.0,0.014895247948359884,0.006729746923722042,0.29999997115912275,QQQ,0.0003988995201843073,0.0012590161912657465,8,0.018724651676494296,0.008113202962060554,0.014491966931735437,0.0065740080677278885,0.012139160684250238,0.0055623297476808005
36,98,36M,2018-06-01,0.1,0.3,1.7288702836307235e-05,0.0006167007803321726,0.014944586162341622,0.009163270000652155,0.2999999859487505,QQQ,0.00042655432502806777,-0.00013891214612605225,15,0.018789997713030467,0.013281053581679737,0.014510378957449901,0.011343832421142971,0.012188072258852024,0.010026077780526027
36,99,36M,2018-07-02,0.1,0.3,3.989925002924333e-06,0.0012577458198533382,0.014792134491210572,0.009415167556242065,0.2999999082243252,QQQ,0.000464873800392454,0.0007039217352488592,4,0.018435331849021148,0.00947907049073104,0.014622448193394047,0.008021574084475791,0.01218584874739227,0.0072494067471612494
36,100,36M,2018-08-01,0.1,0.3,2.7543544582378857e-05,0.000846684117552377,0.014524088803798667,0.009298307017880208,0.29999997311448473,QQQ,0.00047018089157687705,0.0008865920729344544,8,0.018317731585873145,0.011596807251080483,0.014270397664316366,0.010100115494234436,0.011963435099499797,0.009172292314794278
36,101,36M,2018-09-04,0.1,0.3,0.0003941911499838616,0.001379195796246049,0.01717968162972102,0.006608078027699174,0.29999990695792095,QQQ,0.0006305809154557063,-0.0007943345342129983,15,0.019664899542475987,0.00845169164649979,0.015509609005755038,0.008247124342862955,0.013044313708031212,0.00762356868430326
36,102,36M,2018-10-01,0.1,0.3,0.00011819065351010346,0.0003418162733493241,0.013371054934660452,0.04360256741427096,0.2999999282522129,QQQ,0.0006035522433730336,-0.0032948732079452554,7,0.01767087826543722,0.028894474210451805,0.013486246080542705,0.02491871073154862,0.011171099395996392,0.022205123785238395
36,103,36M,2018-11-01,0.1,0.3,4.507629811717224e-05,0.0006270215413296419,0.013531433493160092,0.033521240961109394,0.2999994051177368,QQQ,0.00041184786081029036,0.000447414113215646,4,0.01837969576043794,0.018149526143824653,0.014007876108948394,0.016842502174675093,0.011559701928921053,0.01616616820162031
36,104,36M,2018-12-03,0.1,0.3,4.649995469681659e-05,0.0,0.013446168225727128,0.05186580722122968,0.2999995760476991,QQQ,0.00043255763906373777,-0.002994766515005114,4,0.017821861874230998,0.026346425141624743,0.013874686973671497,0.02280248404460944,0.01158120050514899,0.021129622169919243
36,105,36M,2019-01-02,0.1,0.3,2.8475236535027704e-09,9.852007432660861e-05,0.013398591686996022,0.019870060253543022,0.2999999733803734,QQQ,0.0003919863835270026,0.0036385238756026263,4,0.017252171943137173,0.013003793030982402,0.013843195161400462,0.010750927521485825,0.011703861771824605,0.009428209327674367
36,106,36M,2019-02-01,0.1,0.3,0.0005046731826968296,0.0009432285696378767,0.01948234622904299,0.008157646983848271,0.29999970759514466,QQQ,0.0006028872651438542,0.001031576157054156,8,0.02138207383919972,0.009383205688071643,0.016615907841098666,0.0077338275675809896,0.013775260438429937,0.007123464870011825
36,107,36M,2019-03-01,0.1,0.3,0.0005920624590733353,0.0007671602281207742,0.019917367237303887,0.021006835710060828,0.2999999919242122,QQQ,0.0006456503560012621,0.00048608131199885066,14,0.021738952369843488,0.019439043418883847,0.01668437748127409,0.016158584865875483,0.013806026943795298,0.013752082226826633
36,108,36M,2019-04-01,0.1,0.3,1.5003381039572702e-05,0.0004929603644662846,0.013620756934914517,0.004129143386400469,0.2999999266772141,QQQ,0.0005156891352818137,0.0015041808039414576,4,0.018549628629250015,0.004437802360756332,0.01387000102378955,0.0036849369525261614,0.011349409649156874,0.0031901967969429636
36,109,36M,2019-05-01,0.1,0.3,3.64946954730873e-05,3.951341778802436e-05,0.013583069737025374,0.020557474284025174,0.29999983468774566,QQQ,0.0005511392073713845,-0.0028347050080593274,5,0.01863809340627543,0.020770455231964757,0.013848750204958234,0.018355116919528958,0.011285989729024415,0.01646877834662353
36,110,36M,2019-06-03,0.1,0.3,2.4872785679765606e-05,0.0006020034042813753,0.013897905493755183,0.011717767091893372,0.2999999677112187,QQQ,0.0004381713445774864,0.0029169910817279836,4,0.019062856751366236,0.009279649695581885,0.014258151180857489,0.007245293076884011,0.011604102271621116,0.006270887513970653
36,111,36M,2019-07-01,0.1,0.3,3.2813857267802345e-05,0.0004249258707444085,0.0134846398635325,0.006350064090002459,0.2999997933721309,QQQ,0.0005205181413982513,0.0002710784480926456,7,0.018661973124105505,0.008448737123269387,0.013874083263962389,0.007786187529982227,0.011301179393935618,0.007049038270592362
36,112,36M,2019-08-01,0.1,0.3,5.968797892368354e-05,0.0003116004200552462,0.01350486931707344,0.03835695229521948,0.2999998407333303,QQQ,0.00046468819520386527,-0.0009775230911760577,10,0.018604695051149325,0.0251608784309139,0.013883317224644557,0.024037112337351035,0.011312214749604664,0.020457128299553436
36,113,36M,2019-09-03,0.1,0.3,8.445408168544083e-05,0.0002761660426872075,0.01454249496032841,0.006819054963743027,0.2999999553412158,QQQ,0.0004147097060002121,0.000701881782086196,4,0.019061883305261918,0.008378756196453403,0.014715654081336734,0.00803662385868558,0.012079954280836807,0.00709335179691199
36,114,36M,2019-10-01,0.1,0.3,9.348154743017006e-05,0.0,0.01413094473693227,0.00873734775109469,0.29999998812149825,QQQ,0.0004359004880408354,0.0010984853887394598,4,0.018613747163722893,0.011164395972613721,0.014326544836549304,0.010499123001130912,0.011798704629040513,0.008543623143826616
36,115,36M,2019-11-01,0.1,0.3,5.8628571581805997e-05,0.0008977495216878047,0.014444300152819084,0.00522898750946481,0.2999999772049077,QQQ,0.0005222008472945894,0.0010359980357255722,3,0.018896377655139417,0.006757981920987311,0.014454486216576003,0.006001049849485353,0.011826958914097258,0.005713947394798272
36,116,36M,2019-12-02,0.1,0.3,4.474917335928891e-05,2.391846211529131e-05,0.013984077024395752,0.00469115135666487,0.2999999567366198,QQQ,0.0005412637883642255,0.0015305668067835349,4,0.018713400705347376,0.00677263550659642,0.014255095259179203,0.005488083970676583,0.011750113626452948,0.004790594683881689
36,117,36M,2020-01-02,0.1,0.3,3.53092855779058e-05,0.000497887733029511,0.013545558721214202,0.014935049221591286,0.2999999787894713,QQQ,0.0005563928450141734,-0.00029328988487575217,3,0.017757787823240084,0.016285912225895358,0.014005414386585069,0.013901681926497614,0.011635596741557072,0.012486253180853422
36,118,36M,2020-02-03,0.1,0.3,5.302412889105629e-05,0.0,0.006572939247877769,0.019206717950855094,0.2999999835652955,QQQ,0.000514526747793076,-0.0010433316800448158,1,0.0116942949799818,0.027712942897007035,0.009457168568890114,0.022093001659917302,0.007998191772181886,0.018158532975646128
36,119,36M,2020-03-02,0.1,0.3,0.0,0.0,0.004762671188537422,0.10544234499109477,0.299999957704925,QQQ,0.000471268125958304,0.0002725593271150236,1,0.009307127811357707,0.039707505718635044,0.007702546030414227,0.035958811537350664,0.006660998527622384,0.032309814953041534
